id_municipio,IN_AGUA_POTAVEL,IN_ESGOTO_REDE_PUBLICA,IN_ENERGIA_REDE_PUBLICA,IN_LIXO_SERVICO_COLETA,IN_INTERNET,IN_INTERNET_ALUNOS,IN_COMPUTADOR,IN_DESKTOP_ALUNO,IN_BIBLIOTECA,IN_BIBLIOTECA_SALA_LEITURA,IN_SALA_LEITURA,IN_LABORATORIO_INFORMATICA,mat_2ano_total,n_escolas_2ano,infra_saneamento,infra_conectividade,infra_pedagogico
1100015,1.0,0.0,0.9848484848484849,0.6787878787878788,0.9848484848484849,0.19090909090909092,0.8636363636363636,0.2606060606060606,0.10303030303030303,0.3393939393939394,0.23636363636363636,0.0,330,16,0.6659,0.575,0.1697
1100023,0.980422866092404,0.0,1.0,1.0,1.0,0.5395458104933438,1.0,0.9647611589663273,0.7220046985121378,0.7744714173844949,0.1816758026624902,0.9882537196554424,1277,22,0.7451,0.8761,0.6666
1100031,1.0,0.0,1.0,1.0,1.0,0.0,1.0,0.7948717948717948,0.10256410256410256,0.10256410256410256,0.0,0.10256410256410256,78,3,0.75,0.6987,0.0769
1100049,1.0,0.696969696969697,1.0,0.922077922077922,1.0,0.6515151515151515,0.9859307359307359,0.7878787878787878,0.6525974025974026,0.6525974025974026,0.21212121212121213,0.3906926406926407,924,30,0.9048,0.8563,0.477
1100056,1.0,1.0,1.0,1.0,1.0,0.28936170212765955,1.0,0.28936170212765955,0.0,0.7106382978723405,0.7106382978723405,0.0,235,4,1.0,0.6447,0.3553
1100064,1.0,0.0,1.0,0.8465909090909091,1.0,0.6477272727272727,1.0,0.6477272727272727,0.8011363636363636,0.8011363636363636,0.045454545454545456,0.5568181818181818,176,8,0.7116,0.8239,0.5511
1100072,1.0,0.0,1.0,1.0,1.0,0.0,1.0,0.0,0.5966386554621849,0.5966386554621849,0.0,0.5966386554621849,119,3,0.75,0.5,0.4475
1100080,1.0,0.0,1.0,1.0,1.0,0.0,1.0,0.4611872146118721,0.7853881278538812,0.7853881278538812,0.3242009132420091,0.0,219,4,0.75,0.6153,0.4737
1100098,1.0,0.0,1.0,0.925531914893617,0.9872340425531915,0.9872340425531915,0.9957446808510638,0.4574468085106383,0.7297872340425532,0.7297872340425532,0.0,0.251063829787234,470,13,0.7314,0.8569,0.4277
1100106,0.9537750385208013,0.07550077041602465,0.8813559322033898,0.7688751926040062,0.8043143297380585,0.4406779661016949,0.8089368258859785,0.6964560862865947,0.2665639445300462,0.7303543913713405,0.539291217257319,0.4530046224961479,649,36,0.6699,0.6876,0.4973
1100114,1.0,0.0,1.0,1.0,1.0,0.883551673944687,1.0,0.5735080058224163,0.13973799126637554,0.6506550218340611,0.5109170305676856,0.13973799126637554,687,14,0.75,0.8643,0.3603
1100122,1.0,0.05900430239704978,0.9981561155500922,0.9323909035033805,0.9821757836508912,0.8942839582052858,0.9913952059004303,0.9274738783036263,0.5273509526736324,0.8555623847572219,0.5906576521204672,0.7959434542102028,1627,45,0.7474,0.9488,0.6924
1100130,1.0,0.0,1.0,0.8114406779661016,0.9258474576271186,0.15889830508474576,0.9830508474576272,0.4194915254237288,0.1419491525423729,0.4110169491525424,0.2690677966101695,0.0,472,14,0.7029,0.6218,0.2055
1100148,1.0,0.0,1.0,0.8597285067873304,1.0,0.9411764705882353,1.0,0.918552036199095,0.918552036199095,1.0,0.8371040723981901,0.918552036199095,221,4,0.7149,0.9649,0.9186
1100155,1.0,0.0,1.0,0.9806763285024155,1.0,0.785024154589372,1.0,0.6690821256038647,0.7270531400966184,1.0,0.6086956521739131,0.5458937198067633,414,9,0.7452,0.8635,0.7204
1100189,1.0,0.24511930585683298,1.0,0.9674620390455532,1.0,0.30585683297180044,1.0,0.2928416485900217,0.05856832971800434,0.26898047722342733,0.26898047722342733,0.0,461,11,0.8031,0.6497,0.1491
1100205,0.9872417982989065,0.3090826245443499,0.9990886998784934,0.9454738760631834,0.9835965978128797,0.34614216281895505,0.9943803159173754,0.5751822600243013,0.44866342648845686,0.6852976913730255,0.5402490886998785,0.29845078979343864,6584,126,0.8102,0.7248,0.4932
1100254,1.0,0.0,1.0,0.9585062240663901,1.0,0.6099585062240664,1.0,0.9585062240663901,0.9336099585062241,0.9336099585062241,0.27800829875518673,0.946058091286307,241,11,0.7396,0.8921,0.7728
1100262,1.0,0.0,1.0,1.0,1.0,0.0,1.0,0.0,1.0,1.0,0.0,0.0,54,1,0.75,0.5,0.5
1100288,1.0,0.0,1.0,1.0,1.0,0.40431654676258993,1.0,0.5942446043165468,0.45755395683453237,0.45755395683453237,0.04028776978417266,0.460431654676259,695,10,0.75,0.7496,0.354
1100296,1.0,0.0,1.0,1.0,1.0,0.0,1.0,0.0,1.0,1.0,0.0,0.0,88,1,0.75,0.5,0.5
1100304,0.9982638888888888,0.0,1.0,0.9982638888888888,0.9982638888888888,0.12152777777777778,0.9982638888888888,0.2230902777777778,0.006944444444444444,0.22916666666666666,0.2222222222222222,0.006944444444444444,1152,19,0.7491,0.5853,0.1163
1100320,1.0,0.0,1.0,0.7415730337078652,0.9925093632958801,0.19101123595505617,0.9925093632958801,0.1198501872659176,0.10486891385767791,0.10486891385767791,0.0599250936329588,0.0,267,10,0.6854,0.574,0.0674
1100338,0.9881422924901185,0.0,0.9881422924901185,0.5474308300395256,0.8932806324110671,0.09288537549407115,0.8557312252964426,0.07312252964426877,0.5909090909090909,0.6027667984189723,0.1541501976284585,0.3142292490118577,506,39,0.6309,0.4788,0.4155
1100346,1.0,0.6445783132530121,1.0,0.8554216867469879,1.0,0.4578313253012048,1.0,1.0,0.7530120481927711,0.7530120481927711,0.10843373493975904,0.43373493975903615,166,8,0.875,0.8645,0.512
1100379,1.0,0.0,0.9832402234636871,0.9329608938547486,1.0,0.39106145251396646,0.9832402234636871,0.6871508379888268,0.6368715083798883,0.6368715083798883,0.0,0.1787709497206704,179,7,0.7291,0.7654,0.3631
1100403,1.0,0.0,1.0,0.5789473684210527,1.0,0.6578947368421053,1.0,0.8618421052631579,0.34210526315789475,0.34210526315789475,0.0,0.21710526315789475,152,6,0.6447,0.8799,0.2253
1100452,1.0,0.0,1.0,0.9002169197396963,1.0,0.0,1.0,0.19956616052060738,0.14316702819956617,0.14316702819956617,0.0,0.0,461,10,0.7251,0.5499,0.0716
1100502,1.0,0.0,1.0,1.0,1.0,1.0,1.0,1.0,1.0,1.0,0.0,1.0,108,2,0.75,1.0,0.75
1100601,0.8690476190476191,0.7976190476190477,1.0,0.7976190476190477,1.0,0.8690476190476191,1.0,0.8690476190476191,0.07142857142857142,0.07142857142857142,0.0,0.7976190476190477,84,3,0.8661,0.9345,0.2351
1100700,1.0,0.0,1.0,0.9936305732484076,1.0,0.6687898089171974,1.0,0.19745222929936307,0.006369426751592357,0.006369426751592357,0.0,0.0,157,5,0.7484,0.7166,0.0032
1100809,1.0,0.0,0.9972222222222222,0.9805555555555555,1.0,0.1527777777777778,0.9972222222222222,0.4444444444444444,0.0,0.0,0.0,0.1361111111111111,360,8,0.7444,0.6486,0.034
1100908,1.0,0.0,1.0,1.0,1.0,0.4745762711864407,1.0,0.5254237288135594,0.0,0.0,0.0,0.0,59,2,0.75,0.75,0.0
1100924,1.0,0.0,1.0,0.8917525773195877,0.9742268041237113,0.11855670103092783,0.9742268041237113,0.7474226804123711,0.6288659793814433,0.7474226804123711,0.11855670103092783,0.6288659793814433,194,9,0.7229,0.7036,0.5309
1100940,0.842911877394636,0.0,1.0,0.8352490421455939,1.0,0.0,1.0,0.15708812260536398,0.16475095785440613,0.842911877394636,0.6781609195402298,0.0,261,3,0.6695,0.5393,0.4215
1101005,1.0,0.0,1.0,0.7890625,1.0,0.3671875,1.0,0.0,0.421875,0.421875,0.0,0.0,128,5,0.6973,0.5918,0.2109
1101104,1.0,0.0,1.0,0.9241379310344827,1.0,0.9241379310344827,1.0,0.9241379310344827,0.0,0.0,0.0,0.0,145,2,0.731,0.9621,0.0
1101203,1.0,0.0,1.0,0.8555555555555555,1.0,0.03333333333333333,1.0,0.011111111111111112,0.9666666666666667,0.9666666666666667,0.9666666666666667,0.0,90,4,0.7139,0.5111,0.725
1101302,1.0,0.0,1.0,0.845679012345679,1.0,0.35185185185185186,1.0,0.35185185185185186,0.3395061728395062,0.3395061728395062,0.3395061728395062,0.0,162,5,0.7114,0.6759,0.2546
1101401,1.0,0.0,1.0,0.7017543859649122,1.0,0.12719298245614036,1.0,0.3991228070175439,0.7017543859649122,0.7543859649122807,0.6535087719298246,0.21929824561403508,228,5,0.6754,0.6316,0.5822
1101435,1.0,0.0,1.0,1.0,1.0,0.0,1.0,0.7126436781609196,0.0,0.7126436781609196,0.7126436781609196,0.0,87,3,0.75,0.6782,0.3563
1101450,1.0,0.9253731343283582,1.0,0.9253731343283582,1.0,0.04477611940298507,0.9552238805970149,0.0,0.0,0.0,0.0,0.0,67,3,0.9627,0.5,0.0
1101468,1.0,0.0,1.0,1.0,1.0,0.0,1.0,0.0,0.0,1.0,1.0,0.0,33,1,0.75,0.5,0.5
1101476,1.0,0.0,1.0,1.0,1.0,0.0,1.0,1.0,0.0,0.0,0.0,1.0,50,2,0.75,0.75,0.25
1101484,1.0,0.0,1.0,1.0,1.0,1.0,1.0,1.0,1.0,1.0,0.7125,1.0,80,2,0.75,1.0,0.9281
1101492,0.9925093632958801,0.0,0.9925093632958801,0.9925093632958801,0.9662921348314607,0.24719101123595505,0.9925093632958801,0.6067415730337079,0.18352059925093633,0.4681647940074906,0.2846441947565543,0.5655430711610487,267,8,0.7444,0.7032,0.3755
1101500,1.0,0.5531914893617021,1.0,1.0,1.0,0.11702127659574468,1.0,0.11170212765957446,0.0,0.13829787234042554,0.13829787234042554,0.0,188,5,0.8883,0.5572,0.0691
1101559,1.0,0.0,1.0,1.0,1.0,1.0,1.0,0.625,1.0,1.0,0.0,0.625,72,2,0.75,0.9062,0.6562
1101609,1.0,0.0,1.0,1.0,1.0,0.5,1.0,1.0,0.0,0.67,0.67,0.5,100,5,0.75,0.875,0.46
1101708,1.0,0.0,1.0,0.8133333333333334,1.0,0.58,1.0,1.0,0.6266666666666667,0.6866666666666666,0.5466666666666666,0.43333333333333335,150,6,0.7033,0.895,0.5733
1101757,1.0,0.0,1.0,0.8225806451612904,1.0,0.0,1.0,0.0,0.0,0.0,0.0,0.0,124,3,0.7056,0.5,0.0
1101807,1.0,0.0,1.0,1.0,1.0,1.0,1.0,1.0,0.0,0.8117647058823529,0.8117647058823529,0.8117647058823529,85,2,0.75,1.0,0.6088
1200013,0.984375,0.0,1.0,0.87109375,0.984375,0.0,0.984375,0.4296875,0.0,0.44140625,0.44140625,0.0,256,5,0.7139,0.5996,0.2207
1200054,0.5131086142322098,0.0,0.5842696629213483,0.3857677902621723,0.16853932584269662,0.0,0.24719101123595505,0.0,0.00749063670411985,0.39325842696629215,0.3857677902621723,0.0,267,52,0.3708,0.1039,0.1966
1200104,0.8778195488721805,0.4830827067669173,0.9266917293233082,0.8026315789473685,0.8627819548872181,0.0,0.8627819548872181,0.28383458646616544,0.0,0.10902255639097744,0.10902255639097744,0.0,532,31,0.7726,0.5023,0.0545
1200138,0.84375,0.03819444444444445,0.9479166666666666,0.625,0.8645833333333334,0.05555555555555555,0.7638888888888888,0.14930555555555555,0.027777777777777776,0.6076388888888888,0.5798611111111112,0.0,288,21,0.6137,0.4583,0.3038
1200179,0.9813084112149533,0.0,0.9766355140186916,0.9065420560747663,0.9579439252336449,0.014018691588785047,0.9532710280373832,0.16822429906542055,0.0,0.8878504672897196,0.8878504672897196,0.0,214,9,0.7161,0.5234,0.4439
1200203,0.9116424116424117,0.09771309771309772,0.9412681912681913,0.7463617463617463,0.9007276507276507,0.35498960498960497,0.7837837837837838,0.3128898128898129,0.06652806652806653,0.2687110187110187,0.20218295218295218,0.18347193347193347,1924,125,0.6742,0.5881,0.1802
1200252,1.0,0.6351706036745407,0.994750656167979,0.7244094488188977,0.937007874015748,0.08923884514435695,0.8031496062992126,0.0,0.0,0.48031496062992124,0.48031496062992124,0.0,381,12,0.8386,0.4573,0.2402
1200302,0.7208854667949952,0.0009624639076034649,0.5871029836381135,0.3666987487969201,0.480269489894129,0.29355149181905676,0.4821944177093359,0.3782483156881617,0.02213666987487969,0.24254090471607315,0.22040423484119345,0.04619826756496631,1039,123,0.4189,0.4086,0.1328
1200328,0.5777027027027027,0.0,0.43243243243243246,0.39864864864864863,0.35135135135135137,0.21283783783783783,0.35135135135135137,0.22635135135135134,0.0,0.0,0.0,0.0,296,59,0.3522,0.2855,0.0
1200336,0.7064935064935065,0.0,0.8831168831168831,0.7558441558441559,0.8571428571428571,0.03116883116883117,0.7662337662337663,0.2571428571428571,0.0,0.0,0.0,0.0,385,28,0.5864,0.4779,0.0
1200344,0.772189349112426,0.07692307692307693,0.7218934911242604,0.6094674556213018,0.6449704142011834,0.5,0.6094674556213018,0.008875739644970414,0.0,0.07100591715976332,0.07100591715976332,0.008875739644970414,338,31,0.5451,0.4408,0.0377
1200351,0.7563559322033898,0.3135593220338983,0.597457627118644,0.3156779661016949,0.701271186440678,0.19491525423728814,0.5127118644067796,0.09745762711864407,0.0635593220338983,0.0635593220338983,0.0,0.0,472,41,0.4958,0.3766,0.0318
1200385,0.9481268011527377,0.0,1.0,0.899135446685879,0.9855907780979827,0.1786743515850144,0.9798270893371758,0.31988472622478387,0.11239193083573487,0.3256484149855908,0.2132564841498559,0.2219020172910663,347,17,0.7118,0.616,0.2183
1200393,0.7935943060498221,0.0,0.6868327402135231,0.5195729537366548,0.6298932384341637,0.2206405693950178,0.5587188612099644,0.5587188612099644,0.0,0.21708185053380782,0.21708185053380782,0.21708185053380782,281,36,0.5,0.492,0.1628
1200401,0.9561682573347473,0.6429833863556027,0.9954047366560622,0.9772004241781548,0.9660657476139979,0.2613997879109226,0.986744432661718,0.4611170024743726,0.29498055850123717,0.7916224814422057,0.6352067868504772,0.28596677271120535,5658,125,0.8929,0.6688,0.5019
1200427,0.6835016835016835,0.013468013468013467,0.9259259259259259,0.4478114478114478,0.8282828282828283,0.1919191919191919,0.8417508417508418,0.21548821548821548,0.0,0.16835016835016836,0.16835016835016836,0.0,297,28,0.5177,0.5194,0.0842
1200435,0.46153846153846156,0.0,0.46153846153846156,0.46153846153846156,0.46153846153846156,0.0,0.46153846153846156,0.46153846153846156,0.0,0.0,0.0,0.0,234,42,0.3462,0.3462,0.0
1200450,1.0,0.0,1.0,0.8191268191268192,0.9313929313929314,0.3180873180873181,0.9688149688149689,0.3492723492723493,0.0,0.367983367983368,0.367983367983368,0.0,481,21,0.7048,0.6419,0.184
1200500,0.7737306843267108,0.1490066225165563,0.7472406181015453,0.5827814569536424,0.6556291390728477,0.18101545253863136,0.652317880794702,0.23620309050772628,0.10816777041942605,0.423841059602649,0.41280353200883,0.1423841059602649,906,107,0.5632,0.4313,0.2718
1200609,0.5313741064336776,0.0,0.716441620333598,0.5123113582208102,0.5647339158061954,0.21445591739475775,0.6711675933280381,0.4289118347895155,0.02779984114376489,0.26449563145353455,0.2509928514694202,0.13264495631453535,1259,69,0.44,0.4698,0.169
1200708,0.6893732970027248,0.6539509536784741,0.8801089918256131,0.6811989100817438,0.6948228882833788,0.3215258855585831,0.7057220708446866,0.30517711171662126,0.01634877384196185,0.4223433242506812,0.40599455040871935,0.0,367,44,0.7262,0.5068,0.2112
1200807,0.9911504424778761,0.0,1.0,0.6283185840707964,0.911504424778761,0.0,0.911504424778761,0.1415929203539823,0.0,0.17699115044247787,0.17699115044247787,0.0,339,19,0.6549,0.4912,0.0885
1300029,0.9651741293532339,0.009950248756218905,0.8830845771144279,0.5845771144278606,0.34577114427860695,0.06965174129353234,0.6169154228855721,0.39054726368159204,0.07213930348258707,0.44029850746268656,0.3681592039800995,0.0,402,50,0.6107,0.3557,0.2201
1300060,1.0,0.0,0.9617834394904459,0.4713375796178344,0.4554140127388535,0.267515923566879,0.7452229299363057,0.0,0.4713375796178344,0.4713375796178344,0.0,0.0,314,18,0.6083,0.367,0.2357
1300086,1.0,0.07272727272727272,1.0,0.4681818181818182,0.6090909090909091,0.0,0.8863636363636364,0.2545454545454545,0.38181818181818183,0.38181818181818183,0.0,0.031818181818181815,220,22,0.6352,0.4375,0.1989
1300102,1.0,0.0,0.9717314487632509,0.7561837455830389,0.3392226148409894,0.0,0.9681978798586572,0.28975265017667845,0.5865724381625441,0.7561837455830389,0.1696113074204947,0.28975265017667845,283,12,0.682,0.3993,0.4505
1300144,0.9372693726937269,0.0,1.0,0.7232472324723247,1.0,0.36900369003690037,1.0,0.36900369003690037,0.8118081180811808,0.8118081180811808,0.06273062730627306,0.36900369003690037,271,9,0.6651,0.6845,0.5138
1300201,0.7142857142857143,0.0,0.5974025974025974,0.551948051948052,0.18398268398268397,0.0,0.538961038961039,0.20346320346320346,0.012987012987012988,0.012987012987012988,0.0,0.0,462,56,0.4659,0.2316,0.0065
1300300,1.0,0.0,0.9857612267250822,0.5969331872946331,0.5991237677984665,0.18619934282584885,0.9923329682365827,0.5651697699890471,0.3198247535596933,0.37130339539978097,0.07228915662650602,0.3833515881708653,913,46,0.6457,0.5857,0.2867
1300409,0.9577464788732394,0.03755868544600939,0.647887323943662,0.6408450704225352,0.29107981220657275,0.0,0.57981220657277,0.3333333333333333,0.18779342723004694,0.37089201877934275,0.22065727699530516,0.0,426,45,0.571,0.3011,0.1948
1300508,1.0,0.0,0.8319226118500604,0.29866989117291415,0.8065296251511487,0.48125755743651755,0.6372430471584039,0.31559854897218864,0.16203143893591293,0.16203143893591293,0.0,0.19226118500604594,827,86,0.5326,0.5602,0.1291
1300607,1.0,0.0,1.0,0.462671905697446,0.630648330058939,0.0137524557956778,0.9106090373280943,0.25736738703339884,0.3349705304518664,0.43418467583497056,0.25147347740667975,0.15225933202357564,1018,53,0.6157,0.4531,0.2932
1300631,0.8015122873345936,0.0,0.722117202268431,0.5066162570888468,0.5916824196597353,0.14366729678638943,0.6843100189035917,0.4877126654064272,0.32136105860113423,0.332703213610586,0.011342155009451797,0.1266540642722117,529,77,0.5076,0.4768,0.198
1300680,1.0,0.312,0.9813333333333333,0.528,0.7706666666666667,0.2853333333333333,0.7413333333333333,0.3413333333333333,0.0,0.0,0.0,0.3413333333333333,375,35,0.7053,0.5347,0.0853
1300706,0.7745398773006135,0.0,0.8819018404907976,0.5736196319018405,0.7438650306748467,0.03680981595092025,0.5797546012269938,0.1794478527607362,0.14263803680981596,0.14877300613496933,0.006134969325153374,0.04754601226993865,652,86,0.5575,0.385,0.0863
1300805,1.0,0.0,0.9090909090909091,0.587183308494784,0.5976154992548435,0.22950819672131148,0.6184798807749627,0.4873323397913562,0.3651266766020864,0.3651266766020864,0.043219076005961254,0.2816691505216095,671,99,0.6241,0.4832,0.2638
1300839,0.8403361344537815,0.04201680672268908,0.957983193277311,0.5966386554621849,0.9369747899159664,0.1092436974789916,0.5210084033613446,0.07563025210084033,0.06722689075630252,0.23529411764705882,0.16806722689075632,0.18907563025210083,238,30,0.6092,0.4107,0.1649
1300904,1.0,0.0,0.8827586206896552,0.7,0.5517241379310345,0.0,0.7517241379310344,0.14482758620689656,0.27586206896551724,0.27586206896551724,0.0,0.14482758620689656,290,31,0.6457,0.3621,0.1741
1301001,0.8833063209076175,0.1426256077795786,0.8492706645056726,0.7811993517017828,0.47649918962722854,0.0,0.5640194489465153,0.5640194489465153,0.44246353322528365,0.5510534846029174,0.15883306320907617,0.1085899513776337,617,51,0.6641,0.4011,0.3152
1301100,0.9813374805598756,0.0,0.9968895800933126,0.7791601866251944,0.8833592534992224,0.06531881804043546,0.6174183514774495,0.10108864696734059,0.2130637636080871,0.36236391912908245,0.14930015552099535,0.04354587869362364,643,42,0.6893,0.4168,0.1921
1301159,1.0,0.005405405405405406,0.972972972972973,0.27297297297297296,0.7621621621621621,0.17297297297297298,0.6594594594594595,0.4648648648648649,0.7027027027027027,0.7027027027027027,0.005405405405405406,0.26216216216216215,370,48,0.5628,0.5149,0.4182
1301209,1.0,0.31158455392809586,0.8362183754993342,0.6950732356857523,0.784953395472703,0.2663115845539281,0.6118508655126498,0.37083888149134486,0.6205059920106525,0.6657789613848203,0.15446071904127828,0.14580559254327563,1502,102,0.7107,0.5085,0.3966
1301308,1.0,0.48497854077253216,0.9163090128755365,0.7811158798283262,0.9055793991416309,0.006437768240343348,0.7703862660944206,0.5386266094420601,0.24892703862660945,0.6502145922746781,0.4012875536480687,0.6394849785407726,466,45,0.7956,0.5553,0.485
1301407,1.0,0.0,0.7121001390820584,0.6634214186369958,0.5146036161335188,0.0,0.7037552155771906,0.17941585535465926,0.40751043115438107,0.48817802503477054,0.36856745479833103,0.4228094575799722,719,37,0.5939,0.3494,0.4218
1301506,0.9973753280839895,0.0,0.7769028871391076,0.7401574803149606,0.7559055118110236,0.1942257217847769,0.5669291338582677,0.5669291338582677,0.35170603674540685,0.7401574803149606,0.3884514435695538,0.5669291338582677,381,32,0.6286,0.521,0.5118
1301605,0.731023102310231,0.0,0.7343234323432343,0.6485148514851485,0.29372937293729373,0.0165016501650165,0.5742574257425742,0.42244224422442245,0.367986798679868,0.367986798679868,0.0,0.034653465346534656,606,49,0.5285,0.3267,0.1927
1301654,0.7226027397260274,0.0,0.9041095890410958,0.6643835616438356,0.8047945205479452,0.2328767123287671,0.7191780821917808,0.4589041095890411,0.2602739726027397,0.4965753424657534,0.4691780821917808,0.0,292,33,0.5728,0.5539,0.3065
1301704,0.9926470588235294,0.10294117647058823,0.9296218487394958,0.7237394957983193,0.8697478991596639,0.0,0.6712184873949579,0.24054621848739496,0.38760504201680673,0.4369747899159664,0.15441176470588236,0.059873949579831935,952,63,0.6872,0.4454,0.2597
1301803,0.9900249376558603,0.0,0.9052369077306733,0.6259351620947631,0.6309226932668329,0.0,0.5411471321695761,0.17955112219451372,0.5012468827930174,0.5012468827930174,0.11970074812967581,0.0,401,31,0.6303,0.3379,0.2805
1301852,1.0,0.08547794117647059,0.9981617647058824,0.9558823529411765,0.9264705882352942,0.27389705882352944,0.4788602941176471,0.28768382352941174,0.5441176470588235,0.5441176470588235,0.06801470588235294,0.20588235294117646,1088,47,0.7599,0.4917,0.3405
1301902,0.8508914100486223,0.08373851971907077,0.9805510534846029,0.7433819556996218,0.8114532685035116,0.12587790383576444,0.7179902755267423,0.3338735818476499,0.5359265262020529,0.5521339816315505,0.06969205834683954,0.25283630470016205,1851,112,0.6646,0.4973,0.3526
1301951,0.6657060518731989,0.0,0.7175792507204611,0.590778097982709,0.06628242074927954,0.01440922190201729,0.590778097982709,0.2507204610951009,0.07492795389048991,0.07492795389048991,0.0,0.2507204610951009,347,35,0.4935,0.2305,0.1001
1302009,1.0,0.0,0.8714285714285714,0.8095238095238095,0.8809523809523809,0.0,0.580952380952381,0.0,0.0380952380952381,0.5238095238095238,0.4857142857142857,0.0,210,16,0.6702,0.3655,0.2619
1302108,0.9962264150943396,0.0,0.7509433962264151,0.6113207547169811,0.6528301886792452,0.07924528301886792,0.7509433962264151,0.6528301886792452,0.6113207547169811,0.6113207547169811,0.5056603773584906,0.1471698113207547,265,34,0.5896,0.534,0.4689
1302207,1.0,0.0,0.8608695652173913,0.3130434782608696,0.6739130434782609,0.008695652173913044,0.8173913043478261,0.4260869565217391,0.6826086956521739,0.6826086956521739,0.0,0.3695652173913043,230,26,0.5435,0.4815,0.4337
1302306,1.0,0.0,0.8293413173652695,0.6077844311377245,0.6751497005988024,0.0,0.6152694610778443,0.36826347305389223,0.22305389221556887,0.23203592814371257,0.008982035928143712,0.13323353293413173,668,75,0.6093,0.4147,0.1493
1302405,1.0,0.2323699421965318,0.784971098265896,0.6450867052023121,0.6739884393063584,0.47630057803468207,0.6682080924855491,0.5549132947976878,0.41734104046242776,0.49710982658959535,0.29595375722543354,0.33641618497109826,865,115,0.6656,0.5934,0.3867
1302504,1.0,0.047497446373850866,0.992849846782431,0.7471910112359551,0.9116445352400409,0.21654749744637386,0.7170582226762002,0.27374872318692545,0.28294177732379977,0.2844739530132789,0.045454545454545456,0.1710929519918284,1958,119,0.6969,0.5297,0.196
1302553,0.961218836565097,0.008310249307479225,0.9529085872576177,0.4626038781163435,0.6260387811634349,0.07202216066481995,0.6454293628808865,0.45429362880886426,0.6731301939058172,0.6731301939058172,0.01662049861495845,0.0221606648199446,361,30,0.5963,0.4494,0.3463
1302603,0.999781985797932,0.2746356048336863,0.9977264233212907,0.9782920144512272,0.9891927245546281,0.7049333499439392,0.946804534695403,0.7239317304098667,0.6949669864208297,0.7784041360408621,0.1622025663386072,0.6903886881774013,32108,395,0.8126,0.8412,0.5815
1302702,1.0,0.009054325955734407,0.7645875251509054,0.5694164989939637,0.8511066398390342,0.06539235412474849,0.647887323943662,0.21026156941649898,0.31086519114688127,0.3209255533199195,0.01006036217303823,0.2887323943661972,994,122,0.5858,0.4437,0.2326
1302801,0.9921465968586387,0.10471204188481675,0.5497382198952879,0.4816753926701571,0.2643979057591623,0.15968586387434555,0.5,0.23821989528795812,0.5157068062827225,0.5157068062827225,0.10471204188481675,0.21727748691099477,382,68,0.5321,0.2906,0.3384
1302900,0.9778830963665087,0.23064770932069512,0.9581358609794629,0.4707740916271722,0.7266982622432859,0.09004739336492891,0.4510268562401264,0.14454976303317535,0.14454976303317535,0.14454976303317535,0.0,0.017377567140600316,1266,153,0.6594,0.3531,0.0766
1303007,0.9973404255319149,0.0,0.9574468085106383,0.4946808510638298,0.47606382978723405,0.2925531914893617,0.4654255319148936,0.3324468085106383,0.2632978723404255,0.2632978723404255,0.0,0.4148936170212766,376,46,0.6124,0.3916,0.2354
1303106,1.0,0.0,0.9121951219512195,0.5577235772357724,0.7203252032520325,0.12195121951219512,0.5577235772357724,0.06341463414634146,0.05040650406504065,0.05040650406504065,0.0,0.06991869918699187,615,56,0.6175,0.3659,0.0427
1303205,1.0,0.0,0.9271137026239067,0.8833819241982507,0.9708454810495627,0.13119533527696792,0.9446064139941691,0.7201166180758017,0.20699708454810495,0.23615160349854228,0.029154518950437316,0.27696793002915454,343,17,0.7026,0.6917,0.1873
1303304,1.0,0.06345177664974619,0.7639593908629442,0.7690355329949239,0.0583756345177665,0.0583756345177665,0.6345177664974619,0.4543147208121827,0.37817258883248733,0.39847715736040606,0.02284263959390863,0.2233502538071066,394,40,0.6491,0.3014,0.2557
1303403,1.0,0.041935483870967745,0.9930107526881721,0.7010752688172043,0.8333333333333334,0.21827956989247313,0.7688172043010753,0.5231182795698924,0.6897849462365592,0.7720430107526882,0.13709677419354838,0.2763440860215054,1860,126,0.684,0.5859,0.4688
1303502,0.943127962085308,0.0,0.6327014218009479,0.6184834123222749,0.5734597156398105,0.14218009478672985,0.6184834123222749,0.6184834123222749,0.15876777251184834,0.15876777251184834,0.0,0.016587677725118485,422,63,0.5486,0.4882,0.0835
1303536,0.9900426742532006,0.4566145092460882,0.9871977240398293,0.9587482219061166,0.9246088193456614,0.37695590327169276,0.8620199146514936,0.4665718349928876,0.33712660028449504,0.5248933143669986,0.2972972972972973,0.2773826458036984,703,21,0.8482,0.6575,0.3592
1303569,0.8664122137404581,0.013358778625954198,1.0,0.666030534351145,0.9618320610687023,0.14885496183206107,0.6297709923664122,0.14885496183206107,0.35877862595419846,0.5782442748091603,0.21946564885496184,0.0,524,17,0.6365,0.4723,0.2891
1303601,0.9940652818991098,0.19287833827893175,0.47181008902077154,0.47181008902077154,0.6379821958456974,0.4599406528189911,0.6379821958456974,0.4599406528189911,0.4599406528189911,0.4599406528189911,0.0,0.26706231454005935,337,34,0.5326,0.549,0.2967
1303700,1.0,0.0,0.9122807017543859,0.5902255639097744,0.7944862155388471,0.0,0.8872180451127819,0.0,0.21428571428571427,0.40601503759398494,0.19172932330827067,0.0,798,49,0.6256,0.4204,0.203
1303809,0.9394409937888198,0.012422360248447204,0.5108695652173914,0.41847826086956524,0.5007763975155279,0.08307453416149069,0.4138198757763975,0.35093167701863354,0.422360248447205,0.47127329192546585,0.04891304347826087,0.1513975155279503,1288,191,0.4703,0.3372,0.2735
1303908,1.0,0.0,0.9410526315789474,0.40421052631578946,0.7421052631578947,0.10842105263157895,0.9242105263157895,0.2073684210526316,0.17157894736842105,0.17157894736842105,0.0,0.11052631578947368,950,61,0.5863,0.4955,0.1134
1303957,1.0,0.0,0.8497652582159625,0.8262910798122066,0.8685446009389671,0.051643192488262914,0.2863849765258216,0.056338028169014086,0.3333333333333333,0.3333333333333333,0.0,0.0,213,21,0.669,0.3157,0.1667
1304005,1.0,0.43103448275862066,1.0,0.5,0.46120689655172414,0.0,0.5732758620689655,0.5732758620689655,0.3017241379310345,0.3017241379310345,0.0,0.06896551724137931,232,11,0.7328,0.4019,0.1681
1304062,1.0,0.08988095238095238,0.9845238095238096,0.6880952380952381,0.7976190476190477,0.3279761904761905,0.9839285714285714,0.6446428571428572,0.44226190476190474,0.5023809523809524,0.24166666666666667,0.2875,1680,48,0.6906,0.6885,0.3685
1304104,1.0,0.12215320910973085,0.6356107660455487,0.4824016563146998,0.4078674948240166,0.0,0.4078674948240166,0.13457556935817805,0.2567287784679089,0.36438923395445133,0.10766045548654245,0.12215320910973085,483,65,0.56,0.2376,0.2127
1304203,0.9881866509155346,0.10927347903130538,0.9681039574719433,0.7926757235676314,0.941523922031896,0.08269344359125812,0.8227997637330183,0.4199645599527466,0.7655050206733609,0.7655050206733609,0.19787359716479622,0.38511518015357354,1693,84,0.7146,0.5667,0.5285
1304237,1.0,0.013392857142857142,0.9017857142857143,0.6160714285714286,0.7790178571428571,0.109375,0.609375,0.109375,0.12053571428571429,0.12053571428571429,0.0,0.0,448,43,0.6328,0.4018,0.0603
1304260,0.7922848664688428,0.0,0.8664688427299704,0.6201780415430267,0.516320474777448,0.10979228486646884,0.6083086053412463,0.2789317507418398,0.34124629080118696,0.34124629080118696,0.0,0.08605341246290801,337,34,0.5697,0.3783,0.1921
1304302,0.875,0.2668918918918919,0.9966216216216216,0.8175675675675675,0.7972972972972973,0.030405405405405407,0.9324324324324325,0.5574324324324325,0.5067567567567568,0.5067567567567568,0.013513513513513514,0.3918918918918919,296,29,0.739,0.5794,0.3547
1304401,0.967391304347826,0.0,0.970108695652174,0.75,0.8532608695652174,0.043478260869565216,0.34782608695652173,0.06521739130434782,0.21467391304347827,0.22826086956521738,0.01358695652173913,0.03260869565217391,368,24,0.6719,0.3274,0.1223
1400027,0.6442577030812325,0.0,0.6078431372549019,0.3753501400560224,0.5714285714285714,0.16526610644257703,0.28291316526610644,0.022408963585434174,0.42016806722689076,0.42016806722689076,0.0,0.025210084033613446,357,33,0.4069,0.2605,0.2164
1400050,0.9972027972027973,0.0,0.4125874125874126,0.1916083916083916,0.32727272727272727,0.05314685314685315,0.37902097902097903,0.043356643356643354,0.22797202797202798,0.2545454545454545,0.18041958041958042,0.016783216783216783,715,31,0.4003,0.2007,0.1699
1400100,0.9943215780035863,0.43559473998804543,1.0,0.9713090257023311,0.9943215780035863,0.6790197250448297,0.9943215780035863,0.25373580394500894,0.19082486551105798,0.5085176329946205,0.38254632396891813,0.09817692767483563,6692,58,0.8503,0.7303,0.295
1400159,0.8060046189376443,0.0,1.0,0.3510392609699769,0.6166281755196305,0.2678983833718245,0.5080831408775982,0.18937644341801385,0.21939953810623555,0.21939953810623555,0.0,0.03926096997690531,433,27,0.5393,0.3955,0.1195
1400175,1.0,0.0,1.0,0.6815415821501014,0.8194726166328601,0.12778904665314403,0.7525354969574036,0.0,0.1744421906693712,0.2697768762677485,0.09533468559837728,0.0,493,36,0.6704,0.4249,0.1349
1400209,0.9877300613496932,0.4539877300613497,0.820040899795501,0.7116564417177914,0.7955010224948875,0.147239263803681,0.8098159509202454,0.1656441717791411,0.7034764826175869,0.7034764826175869,0.6359918200408998,0.0,489,18,0.7434,0.4796,0.5107
1400233,0.983402489626556,0.0,0.983402489626556,0.7842323651452282,0.991701244813278,0.1037344398340249,0.9585062240663901,0.02074688796680498,0.2074688796680498,0.22406639004149378,0.22406639004149378,0.0,241,10,0.6878,0.5187,0.1639
1400282,0.9883040935672515,0.5847953216374269,0.9883040935672515,0.7719298245614035,0.7426900584795322,0.0,0.9298245614035088,0.5497076023391813,0.30994152046783624,0.5847953216374269,0.5847953216374269,0.0,171,8,0.8333,0.5556,0.3699
1400308,0.7551020408163265,0.0,0.8979591836734694,0.8714285714285714,0.44081632653061226,0.0836734693877551,0.8918367346938776,0.4346938775510204,0.41836734693877553,0.6571428571428571,0.5612244897959183,0.12857142857142856,490,11,0.6311,0.4628,0.4413
1400407,0.18108651911468812,0.006036217303822937,0.7565392354124748,0.2152917505030181,0.5010060362173038,0.2857142857142857,0.43661971830985913,0.060362173038229376,0.28772635814889336,0.28772635814889336,0.15090543259557343,0.030181086519114688,497,69,0.2897,0.3209,0.1891
1400456,0.8401305057096248,0.0,0.8221859706362153,0.5383360522022839,0.6737357259380098,0.10114192495921696,0.7504078303425775,0.09787928221859707,0.03099510603588907,0.03099510603588907,0.0,0.3735725938009788,613,40,0.5502,0.4058,0.1089
1400472,0.9622047244094488,0.03779527559055118,1.0,0.8582677165354331,0.9480314960629921,0.05511811023622047,0.8755905511811024,0.16850393700787403,0.6157480314960629,0.6157480314960629,0.4110236220472441,0.18110236220472442,635,26,0.7146,0.5118,0.4559
1400506,0.9814814814814815,0.0,1.0,0.7962962962962963,1.0,0.16666666666666666,0.9814814814814815,0.0,0.030864197530864196,0.030864197530864196,0.0,0.0,162,6,0.6944,0.537,0.0154
1400605,1.0,0.7114093959731543,1.0,0.8120805369127517,1.0,0.0,0.040268456375838924,0.0,0.7718120805369127,0.7718120805369127,0.06040268456375839,0.0,149,5,0.8809,0.2601,0.401
1400704,0.09712230215827339,0.0,0.32194244604316546,0.11151079136690648,0.5107913669064749,0.39928057553956836,0.42805755395683454,0.17985611510791366,0.03776978417266187,0.13489208633093525,0.09712230215827339,0.11870503597122302,556,80,0.1326,0.3795,0.0971
1500107,0.891533180778032,0.0,0.8064073226544622,0.7098398169336384,0.88558352402746,0.140045766590389,0.8073226544622426,0.18993135011441648,0.05995423340961099,0.6302059496567506,0.594050343249428,0.20594965675057209,2185,151,0.6019,0.5057,0.3725
1500131,1.0,0.0,1.0,0.9147286821705426,0.9612403100775194,0.0,0.875968992248062,0.4418604651162791,0.0,0.4418604651162791,0.4418604651162791,0.4418604651162791,129,5,0.7287,0.5698,0.3314
1500206,0.5193171608265947,0.03504043126684636,0.97214734950584,0.2803234501347709,0.766397124887691,0.12309074573225516,0.5444743935309974,0.16082659478885894,0.11320754716981132,0.39802336028751123,0.3297394429469901,0.09074573225516622,1113,129,0.4517,0.3987,0.2329
1500305,0.9358736059479554,0.0,0.27137546468401486,0.2992565055762082,0.5752788104089219,0.12267657992565056,0.43029739776951675,0.2992565055762082,0.06319702602230483,0.08271375464684015,0.08271375464684015,0.06319702602230483,1076,86,0.3766,0.3569,0.073
1500347,1.0,0.6104868913857678,1.0,0.8838951310861424,1.0,0.06367041198501873,0.9400749063670412,0.27340823970037453,0.36329588014981273,0.9737827715355806,0.8202247191011236,0.27340823970037453,267,6,0.8736,0.5693,0.6077
1500404,0.08576642335766424,0.0036496350364963502,0.843978102189781,0.5173357664233577,0.7837591240875912,0.28102189781021897,0.7271897810218978,0.5337591240875912,0.03832116788321168,0.0885036496350365,0.05018248175182482,0.27645985401459855,1096,87,0.3627,0.5814,0.1134
1500503,0.6695778748180495,0.13682678311499272,0.6783114992721979,0.6433770014556041,0.7059679767103348,0.12954876273653565,0.6928675400291121,0.21397379912663755,0.47161572052401746,0.47161572052401746,0.3304221251819505,0.14992721979621543,687,62,0.532,0.4356,0.3559
1500602,0.9645669291338582,0.5383858267716536,0.8631889763779528,0.7765748031496063,0.8341535433070866,0.2106299212598425,0.702263779527559,0.5226377952755905,0.12844488188976377,0.8174212598425197,0.7401574803149606,0.7524606299212598,2032,111,0.7857,0.5674,0.6096
1500701,0.9770531400966184,0.0,0.3635265700483092,0.3635265700483092,0.5277777777777778,0.026570048309178744,0.5036231884057971,0.15096618357487923,0.016908212560386472,0.1497584541062802,0.13285024154589373,0.0,828,94,0.426,0.3022,0.0749
1500800,0.9904686258935663,0.26290706910246225,1.0,0.9817315329626688,0.9481731532962668,0.3413423351866561,0.8625893566322478,0.32247815726767276,0.210087370929309,0.47795869737887214,0.4410246227164416,0.2414614773629865,5036,89,0.8088,0.6186,0.3426
1500859,1.0,0.0,1.0,0.6125511596180082,0.9154160982264665,0.5184174624829468,0.7053206002728513,0.13506139154160982,0.0,0.36289222373806274,0.36289222373806274,0.22373806275579808,733,46,0.6531,0.5686,0.2374
1500909,0.8190364277320799,0.0,1.0,0.5710928319623971,0.8131609870740305,0.10340775558166862,0.6933019976498237,0.3619271445358402,0.03525264394829612,0.21739130434782608,0.21739130434782608,0.19036427732079905,851,57,0.5975,0.4929,0.1651
1500958,0.06870229007633588,0.0,1.0,0.6106870229007634,0.9745547073791349,0.356234096692112,0.7404580152671756,0.01272264631043257,0.0,0.030534351145038167,0.030534351145038167,0.0,393,59,0.4198,0.521,0.0153
1501006,0.8895705521472392,0.006134969325153374,0.8190184049079755,0.26993865030674846,0.6165644171779141,0.34662576687116564,0.5,0.046012269938650305,0.17177914110429449,0.17177914110429449,0.0,0.0,326,46,0.4962,0.3773,0.0859
1501105,1.0,0.0,0.5771929824561404,0.48771929824561405,0.5631578947368421,0.43859649122807015,0.5578947368421052,0.4666666666666667,0.4087719298245614,0.4982456140350877,0.14035087719298245,0.35789473684210527,570,56,0.5162,0.5066,0.3513
1501204,0.7161716171617162,0.0,0.9851485148514851,0.5742574257425742,0.8564356435643564,0.09405940594059406,0.7491749174917491,0.0,0.09405940594059406,0.2739273927392739,0.22442244224422442,0.0,606,42,0.5689,0.4249,0.1481
1501253,1.0,0.0,1.0,0.6440677966101694,1.0,0.0,0.6440677966101694,0.0,0.0,0.0,0.0,0.0,59,4,0.661,0.411,0.0
1501303,1.0,0.0,0.9664429530201343,0.9163655136809499,0.8471863706763035,0.8306659783169851,0.8776458440887971,0.8280846670108415,0.5400103252452245,0.6850800206504905,0.14506969540526587,0.7361899845121321,1937,77,0.7207,0.8459,0.5266
1501402,0.9778478241835216,0.8228701514753525,1.0,0.9957972156553717,0.9404605551177655,0.6131687242798354,1.0,0.8415200070046406,0.7023903335960073,0.8451098852990105,0.3235268365292006,0.5617721740653183,11421,195,0.9491,0.8488,0.6082
1501451,0.8248730964467005,0.0,1.0,0.7969543147208121,0.8299492385786802,0.027918781725888325,0.23096446700507614,0.16243654822335024,0.07360406091370558,0.46446700507614214,0.39086294416243655,0.0,394,35,0.6555,0.3128,0.2322
1501501,1.0,0.0,1.0,1.0,1.0,0.056640625,1.0,0.2861328125,0.056640625,0.2822265625,0.2255859375,0.056640625,1024,26,0.75,0.5857,0.1553
1501576,1.0,0.01953125,1.0,0.7890625,0.9296875,0.1484375,0.87890625,0.1484375,0.01953125,0.609375,0.58984375,0.0,256,19,0.7021,0.5264,0.3047
1501600,0.8421052631578947,0.0,1.0,0.7368421052631579,0.8708133971291866,0.0,0.7942583732057417,0.0,0.36363636363636365,0.36363636363636365,0.0,0.0,209,25,0.6447,0.4163,0.1818
1501709,0.9290123456790124,0.11162551440329219,0.9989711934156379,0.8096707818930041,0.9511316872427984,0.18930041152263374,0.8307613168724279,0.34156378600823045,0.1383744855967078,0.4835390946502058,0.448559670781893,0.5442386831275721,1944,114,0.7123,0.5782,0.4037
1501725,1.0,0.29276315789473684,1.0,0.743421052631579,0.9539473684210527,0.1513157894736842,0.24013157894736842,0.019736842105263157,0.0,0.39473684210526316,0.39473684210526316,0.29276315789473684,304,20,0.759,0.3413,0.2706
1501758,1.0,0.0,1.0,0.653179190751445,0.9653179190751445,0.9364161849710982,0.4046242774566474,0.0,0.0,0.0,0.0,0.0,173,11,0.6633,0.5766,0.0
1501782,1.0,0.3510928961748634,1.0,0.9480874316939891,1.0,0.12978142076502733,0.9781420765027322,0.1994535519125683,0.0,0.8579234972677595,0.8579234972677595,0.09836065573770492,732,19,0.8248,0.5768,0.4536
1501808,0.8774805867126834,0.02113891285591027,0.44650560828300256,0.42493528904227784,0.5224331320103538,0.07420189818809318,0.5224331320103538,0.19542709232096636,0.1182053494391717,0.4452113891285591,0.3912855910267472,0.1544434857635893,2318,220,0.4425,0.3286,0.2773
1501907,1.0,0.0,1.0,0.36302895322939865,0.6525612472160356,0.46770601336302897,0.7060133630289532,0.6726057906458798,0.0,0.44543429844098,0.44543429844098,0.042316258351893093,449,59,0.5908,0.6247,0.2333
1501956,1.0,0.0,0.9466292134831461,0.5786516853932584,0.848314606741573,0.042134831460674156,0.9466292134831461,0.10955056179775281,0.20224719101123595,0.48314606741573035,0.45224719101123595,0.21629213483146068,356,41,0.6313,0.4867,0.3385
1502004,1.0,0.0,0.95662100456621,0.4337899543378995,0.5547945205479452,0.0867579908675799,0.271689497716895,0.0867579908675799,0.4589041095890411,0.4589041095890411,0.2237442922374429,0.0,438,37,0.5976,0.25,0.2854
1502103,0.847906976744186,0.06325581395348837,0.9576744186046512,0.5195348837209303,0.781860465116279,0.16046511627906976,0.6990697674418604,0.1144186046511628,0.38325581395348834,0.5013953488372093,0.18232558139534882,0.1744186046511628,2150,181,0.5971,0.439,0.3103
1502152,1.0,0.554670528602462,1.0,1.0,1.0,0.5271542360608255,0.9840695148443157,0.8501086169442433,1.0,1.0,0.719044170890659,0.7697320782041999,1381,14,0.8887,0.8403,0.8722
1502202,1.0,0.0,1.0,0.9322974472807991,0.9755826859045506,0.12652608213096558,0.9755826859045506,0.2985571587125416,0.10987791342952276,0.48501664816870144,0.46614872364039955,0.0,901,29,0.7331,0.5941,0.2653
1502301,0.9321074964639321,0.06647807637906648,1.0,0.7241867043847242,0.9504950495049505,0.3125884016973126,0.652050919377652,0.3536067892503536,0.0,0.06082036775106082,0.06082036775106082,0.024045261669024046,707,85,0.6807,0.5672,0.0364
1502400,0.799203187250996,0.13824701195219125,1.0,0.9051792828685259,0.9856573705179282,0.41075697211155376,1.0,0.43227091633466136,0.300796812749004,0.9215139442231076,0.9207171314741036,0.09760956175298804,2510,59,0.7107,0.7072,0.5602
1502509,0.14828209764918626,0.0,0.2549728752260398,0.22965641952983726,0.26763110307414106,0.19349005424954793,0.38517179023508136,0.10849909584086799,0.05244122965641953,0.05244122965641953,0.0,0.0,553,88,0.1582,0.2387,0.0262
1502608,1.0,0.0,1.0,0.6134020618556701,0.7628865979381443,0.05154639175257732,0.4329896907216495,0.0,0.0,0.30927835051546393,0.30927835051546393,0.0,194,22,0.6534,0.3119,0.1546
1502707,1.0,0.0,1.0,0.9620253164556962,1.0,0.7257383966244726,1.0,0.7025316455696202,0.6582278481012658,0.6582278481012658,0.0,0.5316455696202531,474,17,0.7405,0.8571,0.462
1502756,0.2205607476635514,0.0,0.9925233644859813,0.5757009345794393,0.7046728971962617,0.16635514018691588,0.6616822429906543,0.048598130841121495,0.10654205607476636,0.12897196261682242,0.022429906542056073,0.001869158878504673,535,64,0.4472,0.3953,0.065
1502764,1.0,0.0,0.7581967213114754,0.6967213114754098,0.9385245901639344,0.5819672131147541,0.9590163934426229,0.6967213114754098,0.15163934426229508,0.15163934426229508,0.0,0.0778688524590164,244,12,0.6137,0.7941,0.0953
1502772,1.0,0.2893258426966292,1.0,0.952247191011236,1.0,0.550561797752809,0.8876404494382022,0.7612359550561798,0.1544943820224719,0.36797752808988765,0.29213483146067415,0.1544943820224719,356,15,0.8104,0.7999,0.2423
1502806,0.4309327036599764,0.0,0.680047225501771,0.371900826446281,0.6033057851239669,0.15348288075560804,0.8110979929161747,0.7024793388429752,0.4014167650531287,0.4380165289256198,0.2231404958677686,0.17355371900826447,847,39,0.3707,0.5676,0.309
1502855,1.0,0.0,0.7192982456140351,0.5508771929824562,0.7368421052631579,0.14736842105263157,0.6842105263157895,0.4,0.45263157894736844,0.45263157894736844,0.0,0.5894736842105263,285,33,0.5675,0.4921,0.3737
1502905,0.9407265774378585,0.04397705544933078,1.0,0.7954110898661568,0.9847036328871893,0.13766730401529637,0.8260038240917782,0.1835564053537285,0.14340344168260039,0.14722753346080306,0.1147227533460803,0.11089866156787763,523,45,0.695,0.533,0.1291
1502939,1.0,0.0,1.0,0.9365079365079365,0.9911816578483245,0.19223985890652556,0.9717813051146384,0.49206349206349204,0.03350970017636684,0.13403880070546736,0.10052910052910052,0.047619047619047616,567,25,0.7341,0.6618,0.0789
1502954,0.9107142857142857,0.0,1.0,0.6450892857142857,0.9799107142857143,0.35044642857142855,0.9486607142857143,0.04017857142857143,0.25223214285714285,0.3169642857142857,0.07589285714285714,0.04017857142857143,448,30,0.639,0.5798,0.1713
1503002,0.9397590361445783,0.0,0.8012048192771084,0.8012048192771084,0.8012048192771084,0.0,0.8433734939759037,0.0,0.0,0.0,0.0,0.0,166,17,0.6355,0.4111,0.0
1503044,1.0,0.0,1.0,0.6991404011461319,0.9656160458452722,0.4584527220630373,0.7965616045845272,0.04871060171919771,0.0,0.24641833810888253,0.24641833810888253,0.03724928366762178,349,17,0.6748,0.5673,0.1325
1503077,0.4746450304259635,0.0,0.9695740365111561,0.6227180527383367,0.7079107505070994,0.05476673427991886,0.5699797160243407,0.0,0.3265720081135903,0.3265720081135903,0.05476673427991886,0.0,493,42,0.5167,0.3332,0.177
1503093,0.9433106575963719,0.0,0.9931972789115646,0.8140589569160998,0.9863945578231292,0.23129251700680273,0.9002267573696145,0.09523809523809523,0.0,0.6099773242630385,0.6099773242630385,0.0,441,30,0.6876,0.5533,0.305
1503101,0.6516177577125658,0.08201655379984951,0.28592927012791575,0.24379232505643342,0.4198645598194131,0.09556057185854025,0.3694507148231753,0.13167795334838225,0.345372460496614,0.3799849510910459,0.07072987208427389,0.14221218961625282,1329,84,0.3158,0.2541,0.2346
1503200,0.8696428571428572,0.13392857142857142,1.0,0.8946428571428572,0.9303571428571429,0.21785714285714286,0.8089285714285714,0.5446428571428571,0.4625,0.5625,0.42678571428571427,0.09464285714285714,560,48,0.7246,0.6254,0.3866
1503309,0.7022421524663677,0.0,0.8914798206278027,0.4260089686098655,0.7282511210762331,0.06278026905829596,0.7874439461883408,0.029596412556053813,0.12197309417040358,0.3452914798206278,0.26188340807174887,0.0,1115,87,0.5049,0.402,0.1823
1503408,1.0,0.0,1.0,0.8282208588957055,0.9325153374233128,0.0,0.9325153374233128,0.1411042944785276,0.44171779141104295,0.44171779141104295,0.0,0.1411042944785276,163,10,0.7071,0.5015,0.2561
1503457,0.9803030303030303,0.1606060606060606,0.9727272727272728,0.7136363636363636,0.8575757575757575,0.4166666666666667,0.753030303030303,0.3378787878787879,0.004545454545454545,0.5045454545454545,0.5045454545454545,0.22121212121212122,660,62,0.7068,0.5913,0.3087
1503507,0.9481132075471698,0.02122641509433962,0.9834905660377359,0.455188679245283,0.875,0.0,0.5966981132075472,0.11320754716981132,0.04716981132075472,0.46226415094339623,0.42924528301886794,0.1320754716981132,424,81,0.602,0.3962,0.2677
1503606,0.9543434343434344,0.0044444444444444444,0.9462626262626262,0.7971717171717172,0.9741414141414141,0.0602020202020202,0.9628282828282828,0.10262626262626262,0.46424242424242423,0.6937373737373738,0.44363636363636366,0.2549494949494949,2475,96,0.6756,0.5249,0.4641
1503705,0.9713261648745519,0.2078853046594982,0.992831541218638,0.7180406212664278,0.8757467144563919,0.11469534050179211,0.7407407407407407,0.0,0.05854241338112306,0.6057347670250897,0.5686977299880526,0.14097968936678615,837,60,0.7225,0.4328,0.3435
1503754,0.4172461752433936,0.0,0.36995827538247567,0.3616133518776078,0.7260083449235049,0.016689847009735744,0.022253129346314324,0.0,0.0,0.4200278164116829,0.4200278164116829,0.20027816411682892,719,73,0.2872,0.1912,0.2601
1503804,0.9681208053691275,0.087248322147651,1.0,0.9496644295302014,0.9932885906040269,0.0,0.9714765100671141,0.13926174496644295,0.0,0.20302013422818793,0.20302013422818793,0.0,596,21,0.7513,0.526,0.1015
1503903,0.551270815074496,0.0,0.7677475898334793,0.6608238387379491,0.7905346187554777,0.2357581069237511,0.7808939526730938,0.31638913234005256,0.18843120070113936,0.3593339176161262,0.20508326029798424,0.09202453987730061,1141,75,0.495,0.5309,0.2112
1504000,0.6872586872586872,0.0,0.3667953667953668,0.3088803088803089,0.5984555984555985,0.0,0.5366795366795367,0.21235521235521235,0.05791505791505792,0.40733590733590735,0.34942084942084944,0.021235521235521235,518,45,0.3407,0.3369,0.209
1504059,0.9682203389830508,0.0,1.0,0.8792372881355932,0.9258474576271186,0.07838983050847458,0.7690677966101694,0.0635593220338983,0.2097457627118644,0.7055084745762712,0.6652542372881356,0.09745762711864407,472,38,0.7119,0.4592,0.4195
1504109,0.36879432624113473,0.0,1.0,0.9219858156028369,0.9858156028368794,0.0,1.0,0.0,0.0,0.3049645390070922,0.3049645390070922,0.0,141,16,0.5727,0.4965,0.1525
1504208,0.9985279685966634,0.06992149165848871,1.0,0.929342492639843,0.9524043179587831,0.49975466143277725,0.9815996074582924,0.6062315996074583,0.027968596663395486,0.7281648675171737,0.7281648675171737,0.5561825318940138,4076,121,0.7494,0.76,0.5101
1504307,0.9634703196347032,0.0776255707762557,0.9931506849315068,0.365296803652968,0.7351598173515982,0.06164383561643835,0.4520547945205479,0.365296803652968,0.08904109589041095,0.1141552511415525,0.06164383561643835,0.0,438,69,0.5999,0.4035,0.0662
1504406,0.979328165374677,0.0,0.9922480620155039,0.6046511627906976,0.9457364341085271,0.3462532299741602,0.8397932816537468,0.28165374677002586,0.2997416020671835,0.34366925064599485,0.24031007751937986,0.12144702842377261,387,45,0.6441,0.6034,0.2513
1504422,0.9873278236914601,0.031955922865013774,1.0,0.9884297520661157,1.0,0.0,0.9134986225895316,0.13663911845730028,0.5201101928374655,0.7537190082644628,0.6220385674931129,0.37079889807162536,1815,40,0.7519,0.5125,0.5667
1504455,0.9958762886597938,0.0,1.0,0.6824742268041237,0.9835051546391752,0.12783505154639174,0.9030927835051547,0.15463917525773196,0.4144329896907217,0.5793814432989691,0.24329896907216494,0.25773195876288657,485,33,0.6696,0.5423,0.3737
1504505,1.0,0.0,0.28435374149659864,0.18231292517006803,0.5265306122448979,0.18231292517006803,0.5659863945578232,0.48435374149659866,0.0707482993197279,0.38231292517006804,0.35918367346938773,0.46530612244897956,735,52,0.3667,0.4398,0.3194
1504604,0.7944664031620553,0.0,1.0,0.5711462450592886,0.8972332015810277,0.1600790513833992,0.7490118577075099,0.1067193675889328,0.0,0.13438735177865613,0.13438735177865613,0.0,506,42,0.5914,0.4783,0.0672
1504703,0.956,0.0,0.9533333333333334,0.5366666666666666,0.73,0.020666666666666667,0.614,0.08666666666666667,0.126,0.23466666666666666,0.12066666666666667,0.015333333333333332,1500,133,0.6115,0.3628,0.1242
1504752,0.11959287531806616,0.0,0.9541984732824428,0.5216284987277354,0.9796437659033079,0.0,0.7837150127226463,0.0,0.0,0.0,0.0,0.0,393,49,0.3989,0.4408,0.0
1504802,0.709866220735786,0.0,0.9339464882943144,0.5217391304347826,0.8821070234113713,0.030100334448160536,0.81438127090301,0.020066889632107024,0.12876254180602006,0.15133779264214048,0.03595317725752508,0.18729096989966554,1196,101,0.5414,0.4367,0.1258
1504901,0.562874251497006,0.18562874251497005,0.5988023952095808,0.5658682634730539,0.7994011976047904,0.09431137724550898,0.7245508982035929,0.10029940119760479,0.04640718562874251,0.5359281437125748,0.5254491017964071,0.0,668,32,0.4783,0.4296,0.2769
1504950,0.8264705882352941,0.0,0.9911764705882353,0.7764705882352941,0.8382352941176471,0.7441176470588236,0.7941176470588235,0.020588235294117647,0.15588235294117647,0.22647058823529412,0.07058823529411765,0.0,340,29,0.6485,0.5993,0.1132
1504976,1.0,0.0,1.0,0.7820069204152249,0.903114186851211,0.0,0.8650519031141869,0.1314878892733564,0.0,0.15916955017301038,0.15916955017301038,0.01384083044982699,289,18,0.6955,0.4749,0.083
1505007,0.9739583333333334,0.0,0.9947916666666666,0.9166666666666666,0.9479166666666666,0.0,0.8333333333333334,0.0,0.390625,0.6822916666666666,0.578125,0.0,192,17,0.7214,0.4453,0.4128
1505031,0.9984939759036144,0.10391566265060241,0.9984939759036144,0.9442771084337349,0.9984939759036144,0.13704819277108435,0.9984939759036144,0.27259036144578314,0.11596385542168675,0.11596385542168675,0.045180722891566265,0.0783132530120482,664,21,0.7613,0.6017,0.0889
1505064,0.9437751004016064,0.26184738955823295,0.9550200803212852,0.7397590361445783,0.8562248995983935,0.027309236947791166,0.7180722891566265,0.11164658634538152,0.04417670682730924,0.1140562248995984,0.06987951807228916,0.09959839357429719,1245,82,0.7251,0.4283,0.0819
1505106,0.8575949367088608,0.0,0.8212025316455697,0.4810126582278481,0.7911392405063291,0.15981012658227847,0.6914556962025317,0.4762658227848101,0.007911392405063292,0.4699367088607595,0.4699367088607595,0.10443037974683544,632,75,0.54,0.5297,0.2631
1505205,0.8434670116429496,0.0,0.6817593790426908,0.5071151358344114,0.8201811125485123,0.1461836998706339,0.8460543337645536,0.0685640362225097,0.07632600258732213,0.574385510996119,0.49805950840879687,0.016817593790426907,773,40,0.5081,0.4702,0.2914
1505304,0.7017691659646167,0.14237573715248525,0.6916596461668071,0.641112047177759,0.7826453243470936,0.14827295703454085,0.9031171019376579,0.09182813816343724,0.14321819713563605,0.7641112047177759,0.6739679865206403,0.0,1187,69,0.5442,0.4815,0.3953
1505403,0.2721311475409836,0.006557377049180328,1.0,0.9770491803278688,0.9081967213114754,0.07540983606557378,0.8459016393442623,0.3704918032786885,0.10819672131147541,0.42950819672131146,0.32131147540983607,0.15081967213114755,305,31,0.5639,0.55,0.2525
1505437,0.9967373572593801,0.08319738988580751,0.9249592169657422,0.8499184339314845,0.9135399673735726,0.0,0.9135399673735726,0.0,0.5187601957585645,0.6378466557911908,0.11908646003262642,0.0,613,25,0.7137,0.4568,0.3189
1505486,0.6690821256038647,0.0,0.9782608695652174,0.5966183574879227,0.8345410628019324,0.0012077294685990338,0.5096618357487923,0.0,0.21014492753623187,0.4758454106280193,0.26570048309178745,0.09541062801932366,828,98,0.561,0.3364,0.2618
1505494,0.7835820895522388,0.03731343283582089,1.0,0.746268656716418,1.0,0.15671641791044777,0.7910447761194029,0.5373134328358209,0.208955223880597,0.208955223880597,0.0,0.03731343283582089,134,7,0.6418,0.6213,0.1138
1505502,0.981029810298103,0.197289972899729,1.0,0.9073170731707317,0.9533875338753387,0.370189701897019,0.8878048780487805,0.4823848238482385,0.0,0.8216802168021681,0.8216802168021681,0.37994579945799456,1845,54,0.7714,0.6734,0.5058
1505536,1.0,0.16417153006851054,1.0,0.9789393554935295,0.9982238010657194,0.7396599847754377,1.0,0.6445064704389749,0.0,0.7924384673940624,0.7924384673940624,0.6445064704389749,3941,43,0.7858,0.8456,0.5573
1505551,1.0,0.0,1.0,0.7477477477477478,1.0,1.0,0.9369369369369369,0.45045045045045046,0.0,0.0,0.0,0.0,111,7,0.6869,0.8468,0.0
1505601,1.0,0.0,1.0,0.9803921568627451,0.9607843137254902,0.9607843137254902,0.9607843137254902,0.0,0.0,0.28431372549019607,0.28431372549019607,0.0,102,10,0.7451,0.7206,0.1422
1505635,0.9855769230769231,0.0,1.0,0.6778846153846154,1.0,0.10576923076923077,0.9134615384615384,0.0,0.10096153846153846,0.6923076923076923,0.6923076923076923,0.0,208,19,0.6659,0.5048,0.3714
1505650,0.05555555555555555,0.0,0.9777777777777777,0.37222222222222223,0.9625,0.3972222222222222,0.4638888888888889,0.0,0.15694444444444444,0.15694444444444444,0.0,0.125,720,53,0.3514,0.4559,0.1097
1505700,0.6350710900473934,0.16113744075829384,0.6232227488151659,0.5947867298578199,0.590047393364929,0.15639810426540285,0.5781990521327014,0.3033175355450237,0.14928909952606634,0.3459715639810427,0.1966824644549763,0.0,422,46,0.5036,0.407,0.173
1505809,0.9351515151515152,0.03333333333333333,0.509090909090909,0.4587878787878788,0.5909090909090909,0.08181818181818182,0.48848484848484847,0.1496969696969697,0.2739393939393939,0.4260606060606061,0.3521212121212121,0.052121212121212124,1650,145,0.4841,0.3277,0.2761
1505908,0.6434285714285715,0.248,0.5462857142857143,0.49028571428571427,0.5051428571428571,0.3485714285714286,0.6742857142857143,0.5108571428571429,0.2834285714285714,0.5565714285714286,0.4674285714285714,0.22057142857142858,875,92,0.482,0.5097,0.382
1506005,0.9071782178217822,0.007425742574257425,0.8353960396039604,0.5495049504950495,0.7772277227722773,0.1646039603960396,0.43935643564356436,0.0,0.21534653465346534,0.21534653465346534,0.09900990099009901,0.1485148514851485,808,86,0.5749,0.3453,0.1696
1506104,0.9247311827956989,0.0,1.0,0.9193548387096774,1.0,0.0,1.0,0.0,0.8118279569892473,0.8548387096774194,0.043010752688172046,0.34408602150537637,186,6,0.711,0.5,0.5134
1506112,0.9613259668508287,0.0,1.0,1.0,1.0,0.0,1.0,0.0,0.430939226519337,0.7679558011049724,0.3370165745856354,0.0,181,10,0.7403,0.5,0.384
1506138,1.0,0.0,1.0,0.9930822444273636,0.9269792467332821,0.09915449654112221,1.0,0.09992313604919292,0.7832436587240584,0.8470407378939278,0.06379707916986933,0.0,1301,22,0.7483,0.5315,0.4235
1506161,0.7037037037037037,0.17777777777777778,1.0,0.9444444444444444,0.9851851851851852,0.6333333333333333,0.9851851851851852,0.25925925925925924,0.02962962962962963,0.36666666666666664,0.337037037037037,0.2111111111111111,270,10,0.7065,0.7157,0.2361
1506187,0.9813084112149533,0.18317757009345795,0.9869158878504672,0.8074766355140187,0.9813084112149533,0.497196261682243,0.9738317757009346,0.0,0.0,0.25794392523364484,0.25794392523364484,0.0,535,20,0.7397,0.6131,0.129
1506195,0.9103869653767821,0.0,1.0,0.7535641547861507,0.9653767820773931,0.47046843177189407,0.8431771894093686,0.0,0.0,0.10183299389002037,0.10183299389002037,0.0,491,42,0.666,0.5698,0.0509
1506203,0.963963963963964,0.02252252252252252,1.0,0.9594594594594594,1.0,0.23123123123123124,1.0,0.24774774774774774,0.23123123123123124,0.27627627627627627,0.04504504504504504,0.3858858858858859,666,23,0.7365,0.6197,0.2346
1506302,0.9399038461538461,0.0,1.0,0.6995192307692307,0.8173076923076923,0.0,0.9350961538461539,0.016826923076923076,0.4567307692307692,0.46875,0.19230769230769232,0.0673076923076923,416,35,0.6599,0.4423,0.2963
1506351,1.0,0.0471976401179941,1.0,0.9174041297935103,0.8436578171091446,0.27728613569321536,0.9587020648967551,0.40117994100294985,0.0,0.8289085545722714,0.8289085545722714,0.0,339,19,0.7412,0.6202,0.4145
1506401,0.0,0.22627737226277372,0.8540145985401459,0.7956204379562044,0.8321167883211679,0.0,0.7956204379562044,0.0364963503649635,0.0,0.0,0.0,0.0,137,11,0.469,0.4161,0.0
1506500,1.0,0.0,1.0,0.9875846501128668,0.9006772009029346,0.345372460496614,0.8487584650112867,0.345372460496614,0.0,0.46952595936794583,0.46952595936794583,0.17607223476297967,886,35,0.7469,0.61,0.2788
1506559,0.9323076923076923,0.0,0.9692307692307692,0.6953846153846154,0.8584615384615385,0.5169230769230769,0.7076923076923077,0.0,0.5723076923076923,0.6369230769230769,0.06461538461538462,0.5169230769230769,325,26,0.6492,0.5208,0.4477
1506583,1.0,0.0,0.9780564263322884,0.780564263322884,0.9905956112852664,0.14733542319749215,0.8620689655172413,0.6489028213166145,0.5642633228840125,0.5642633228840125,0.0,0.14733542319749215,319,17,0.6897,0.6622,0.319
1506609,1.0,0.0,1.0,0.8562874251497006,0.8473053892215568,0.15868263473053892,0.5389221556886228,0.25149700598802394,0.0,0.39520958083832336,0.39520958083832336,0.0,334,33,0.7141,0.4491,0.1976
1506708,1.0,0.0,1.0,0.9387755102040817,1.0,0.9654631083202512,0.9984301412872841,0.9952904238618524,0.4976452119309262,0.4976452119309262,0.3092621664050236,0.09419152276295134,637,19,0.7347,0.9898,0.3497
1506807,0.9899196992995045,0.0902101486417222,0.9253374337946352,0.7773791218178712,0.8692977960020503,0.46830685118742527,0.8537502135656928,0.7322740474970101,0.3213736545361353,0.41346318127456005,0.16418930463010423,0.6328378609260208,5853,332,0.6957,0.7309,0.383
1506906,0.3902439024390244,0.0,1.0,0.9634146341463414,0.9024390243902439,0.13414634146341464,0.7195121951219512,0.7195121951219512,0.0,0.6707317073170732,0.6707317073170732,0.0,82,11,0.5884,0.6189,0.3354
1507003,0.8657718120805369,0.0,0.9955257270693513,0.8501118568232662,0.9261744966442953,0.03803131991051454,0.5123042505592841,0.42058165548098436,0.02237136465324385,0.24384787472035793,0.2214765100671141,0.0,447,43,0.6779,0.4743,0.1219
1507102,1.0,0.0,0.9887640449438202,0.8352059925093633,0.9550561797752809,0.5842696629213483,0.11610486891385768,0.11610486891385768,0.033707865168539325,0.033707865168539325,0.033707865168539325,0.0,267,30,0.706,0.4429,0.0253
1507151,1.0,0.0,1.0,0.8813056379821959,1.0,0.33827893175074186,0.9198813056379822,0.4540059347181009,0.05637982195845697,0.12166172106824925,0.06528189910979229,0.3827893175074184,337,21,0.7203,0.678,0.1565
1507201,0.8172888015717092,0.005893909626719057,0.9724950884086444,0.2966601178781925,0.8664047151277013,0.4675834970530452,0.5638506876227898,0.48526522593320237,0.12966601178781925,0.15717092337917485,0.14145383104125736,0.03732809430255403,509,68,0.5231,0.5958,0.1164
1507300,0.9550387596899225,0.0015503875968992248,0.889922480620155,0.6953488372093023,0.810077519379845,0.24186046511627907,0.5201550387596899,0.01627906976744186,0.41007751937984493,0.47674418604651164,0.36589147286821705,0.13333333333333333,1290,90,0.6355,0.3971,0.3465
1507409,0.7870370370370371,0.12037037037037036,1.0,0.6574074074074074,0.6203703703703703,0.0,0.5,0.13425925925925927,0.0,0.12037037037037036,0.12037037037037036,0.0,216,28,0.6412,0.3137,0.0602
1507458,0.951271186440678,0.597457627118644,1.0,0.7733050847457628,0.9427966101694916,0.03177966101694915,0.8135593220338984,0.3072033898305085,0.0,0.2542372881355932,0.2542372881355932,0.1843220338983051,472,22,0.8305,0.5238,0.1732
1507466,1.0,0.0,1.0,1.0,0.686046511627907,0.0,1.0,0.18604651162790697,0.0,0.16279069767441862,0.16279069767441862,0.0,86,11,0.75,0.468,0.0814
1507474,0.32326283987915405,0.0,1.0,0.8670694864048338,0.918429003021148,0.8942598187311178,0.8670694864048338,0.045317220543806644,0.0,0.7401812688821753,0.7401812688821753,0.05740181268882175,331,29,0.5476,0.6813,0.3844
1507508,1.0,0.032490974729241874,1.0,0.7545126353790613,1.0,0.3898916967509025,0.6678700361010831,0.0,0.05054151624548736,0.05054151624548736,0.0,0.039711191335740074,277,17,0.6968,0.5144,0.0352
1507607,0.9737742303306728,0.0,1.0,0.6898517673888256,0.8996579247434435,0.10262257696693272,0.5872291904218928,0.11972633979475485,0.3774230330672748,0.5815279361459521,0.5267958950969214,0.28848346636259975,877,59,0.6659,0.4273,0.4436
1507706,0.0,0.0,0.5056603773584906,0.42830188679245285,0.6622641509433962,0.02830188679245283,0.5339622641509434,0.03773584905660377,0.0,0.052830188679245285,0.052830188679245285,0.08490566037735849,530,33,0.2335,0.3156,0.0476
1507755,0.9210526315789473,0.0,1.0,0.9210526315789473,1.0,0.05263157894736842,0.543859649122807,0.0,0.0,0.0,0.0,0.41228070175438597,114,5,0.7105,0.3991,0.1031
1507805,1.0,0.1563573883161512,0.9948453608247423,0.6013745704467354,0.8316151202749141,0.8281786941580757,0.7542955326460481,0.32646048109965636,0.3161512027491409,0.7371134020618557,0.7371134020618557,0.48281786941580757,582,28,0.6881,0.6851,0.5683
1507904,0.9937106918238994,0.0,0.9979035639412998,0.8155136268343816,0.9979035639412998,0.389937106918239,0.9811320754716981,0.6079664570230608,0.039832285115303984,0.9853249475890985,0.9853249475890985,0.3417190775681342,477,16,0.7018,0.7442,0.5881
1507953,0.9957142857142857,0.14357142857142857,1.0,0.8642857142857143,0.8664285714285714,0.6392857142857142,0.9385714285714286,0.6242857142857143,0.0,0.755,0.755,0.48,1400,45,0.7509,0.7671,0.4975
1507961,1.0,0.4774193548387097,1.0,1.0,0.896774193548387,0.08387096774193549,0.9354838709677419,0.0064516129032258064,0.01935483870967742,0.01935483870967742,0.0,0.0,155,12,0.8694,0.4806,0.0097
1507979,1.0,0.06451612903225806,0.9408602150537635,0.9408602150537635,0.9543010752688172,0.20161290322580644,0.9758064516129032,0.20430107526881722,0.1881720430107527,0.3763440860215054,0.1881720430107527,0.026881720430107527,372,17,0.7366,0.584,0.1949
1508001,0.9730639730639731,0.02962962962962963,1.0,0.7521885521885522,0.971043771043771,0.2983164983164983,0.9474747474747475,0.21885521885521886,0.4498316498316498,0.8148148148148148,0.5757575757575758,0.037037037037037035,1485,79,0.6887,0.6089,0.4694
1508035,1.0,0.011185682326621925,0.9910514541387024,0.5055928411633109,0.8210290827740492,0.0,0.6331096196868009,0.3131991051454139,0.10514541387024609,0.5033557046979866,0.4541387024608501,0.0044742729306487695,447,52,0.627,0.4418,0.2668
1508050,1.0,0.0,0.9937106918238994,0.9182389937106918,0.4308176100628931,0.0,0.949685534591195,0.4716981132075472,0.6383647798742138,0.6383647798742138,0.16352201257861634,0.24528301886792453,318,17,0.728,0.4631,0.4214
1508084,1.0,0.0,1.0,0.8813291139240507,1.0,0.22468354430379747,1.0,0.05221518987341772,0.27056962025316456,0.7294303797468354,0.5110759493670886,0.13291139240506328,632,11,0.7203,0.5692,0.411
1508100,0.6736486486486486,0.0804054054054054,0.95,0.9087837837837838,0.9871621621621621,0.24054054054054055,0.9310810810810811,0.31013513513513513,0.722972972972973,0.8114864864864865,0.275,0.375,1480,25,0.6532,0.6172,0.5461
1508126,1.0,0.27593818984547464,1.0,0.8896247240618101,1.0,0.609271523178808,1.0,0.0772626931567329,0.0,0.7660044150110376,0.7660044150110376,0.5033112582781457,453,20,0.7914,0.6716,0.5088
1508159,0.9535398230088495,0.0,0.9845132743362832,0.6216814159292036,0.8550884955752213,0.06305309734513274,0.7400442477876106,0.10730088495575221,0.36836283185840707,0.5641592920353983,0.24778761061946902,0.3495575221238938,904,65,0.6399,0.4414,0.3825
1508209,0.8616352201257862,0.04559748427672956,1.0,0.9339622641509434,0.9748427672955975,0.050314465408805034,0.8962264150943396,0.1761006289308176,0.009433962264150943,0.3742138364779874,0.36477987421383645,0.22169811320754718,636,38,0.7103,0.5244,0.2425
1508308,0.9482001755926251,0.004389815627743635,0.9762949956101844,0.4064969271290606,0.8112379280070237,0.21246707638279191,0.704126426690079,0.2633889376646181,0.19666374012291485,0.5346795434591747,0.5276558384547849,0.237928007023705,1139,101,0.5838,0.4978,0.3742
1508357,1.0,0.0,1.0,0.9418282548476454,1.0,0.6620498614958449,1.0,0.19667590027700832,0.0,0.8836565096952909,0.8836565096952909,0.296398891966759,361,16,0.7355,0.7147,0.5159
1508407,1.0,0.0,1.0,0.9658469945355191,0.994535519125683,0.3401639344262295,0.994535519125683,0.47950819672131145,0.8674863387978142,0.9685792349726776,0.1885245901639344,0.7172131147540983,732,19,0.7415,0.7022,0.6855
1600055,0.5308641975308642,0.4691358024691358,1.0,1.0,0.4444444444444444,0.0,0.9135802469135802,0.0,0.6172839506172839,0.6172839506172839,0.0,0.14814814814814814,81,5,0.75,0.3395,0.3457
1600105,1.0,0.0,0.9938271604938271,0.9197530864197531,0.6481481481481481,0.0,0.9074074074074074,0.20987654320987653,0.0,0.05555555555555555,0.05555555555555555,0.0,162,12,0.7284,0.4414,0.0278
1600154,0.6102150537634409,0.0,0.6102150537634409,0.6129032258064516,0.5967741935483871,0.0,0.5188172043010753,0.32526881720430106,0.10215053763440861,0.10752688172043011,0.005376344086021506,0.10215053763440861,372,22,0.4583,0.3602,0.0793
1600204,1.0,0.0,0.956,0.936,0.936,0.0,0.936,0.08,0.144,0.472,0.472,0.0,250,12,0.723,0.488,0.272
1600212,0.8333333333333334,0.0,0.9772727272727273,0.8939393939393939,0.09848484848484848,0.0,0.8106060606060606,0.06060606060606061,0.03787878787878788,0.7045454545454546,0.7045454545454546,0.0,132,10,0.6761,0.2424,0.3617
1600238,0.9947368421052631,0.0,1.0,0.9578947368421052,0.9631578947368421,0.0,0.9894736842105263,0.005263157894736842,0.08421052631578947,0.9736842105263158,0.9631578947368421,0.0,190,8,0.7382,0.4895,0.5053
1600253,1.0,0.0,0.8549618320610687,0.6183206106870229,0.3053435114503817,0.0,0.6183206106870229,0.0,0.061068702290076333,0.061068702290076333,0.061068702290076333,0.0,131,16,0.6183,0.2309,0.0458
1600279,0.676923076923077,0.0,0.7615384615384615,0.7461538461538462,0.8435897435897436,0.07307692307692308,0.7743589743589744,0.28205128205128205,0.23974358974358975,0.42948717948717946,0.28846153846153844,0.16025641025641027,780,45,0.5462,0.4933,0.2795
1600303,0.9690011481056258,0.15671641791044777,0.993828932261768,0.939150401836969,0.9272388059701493,0.3451492537313433,0.919345579793341,0.3613662456946039,0.4423076923076923,0.7360792192881745,0.6153846153846154,0.21139494833524683,6968,155,0.7647,0.6383,0.5013
1600402,0.9272388059701493,0.11380597014925373,0.7201492537313433,0.6567164179104478,0.13619402985074627,0.0018656716417910447,0.7145522388059702,0.20522388059701493,0.2593283582089552,0.3582089552238806,0.21641791044776118,0.0,536,55,0.6045,0.2645,0.2085
1600501,0.9842022116903634,0.014218009478672985,0.7819905213270142,0.7630331753554502,0.6666666666666666,0.25908372827804105,0.7488151658767772,0.39968404423380727,0.07582938388625593,0.07582938388625593,0.014218009478672985,0.41706161137440756,633,39,0.6359,0.5186,0.1457
1600535,0.989501312335958,0.0,1.0,0.8556430446194225,0.7217847769028871,0.1994750656167979,0.9186351706036745,0.5354330708661418,0.13910761154855644,0.6167979002624672,0.6167979002624672,0.1968503937007874,381,19,0.7113,0.5938,0.3924
1600550,1.0,0.4351851851851852,1.0,0.9814814814814815,0.32407407407407407,0.0,0.48148148148148145,0.0,0.0,0.5555555555555556,0.5555555555555556,0.0,108,8,0.8542,0.2014,0.2778
1600600,0.9772222222222222,0.03333333333333333,0.9955555555555555,0.96,0.9833333333333333,0.06277777777777778,0.9633333333333334,0.1761111111111111,0.09444444444444444,0.365,0.3233333333333333,0.09,1800,38,0.7415,0.5464,0.2182
1600709,0.918429003021148,0.0,1.0,0.7522658610271903,0.9003021148036254,0.0634441087613293,0.8640483383685801,0.4984894259818731,0.0634441087613293,0.23867069486404835,0.21450151057401812,0.03927492447129909,331,26,0.6677,0.5816,0.139
1600808,1.0,0.0,0.8913857677902621,0.8951310861423221,0.4344569288389513,0.0,0.8913857677902621,0.0,0.0,0.5880149812734082,0.5880149812734082,0.0,267,17,0.6966,0.3315,0.294
1700251,1.0,0.0,1.0,0.8648648648648649,1.0,1.0,1.0,0.13513513513513514,0.8648648648648649,0.8648648648648649,0.0,0.0,37,2,0.7162,0.7838,0.4324
1700301,1.0,1.0,1.0,1.0,1.0,0.0,1.0,0.0,0.0,0.0,0.0,0.0,70,1,1.0,0.5,0.0
1700350,1.0,0.0,1.0,1.0,1.0,0.0,1.0,0.5573770491803278,0.5573770491803278,1.0,0.4426229508196721,0.0,61,2,0.75,0.6393,0.5
1700400,1.0,0.0,1.0,0.9690721649484536,0.9690721649484536,0.26804123711340205,0.9690721649484536,0.6494845360824743,0.0,0.4639175257731959,0.4639175257731959,0.0,97,5,0.7423,0.7139,0.232
1700707,1.0,0.0,1.0,1.0,1.0,1.0,1.0,1.0,0.0,0.0,0.0,1.0,133,1,0.75,1.0,0.25
1701002,1.0,0.9333333333333333,1.0,1.0,1.0,0.0,1.0,0.0,0.3090909090909091,0.503030303030303,0.19393939393939394,0.0,165,4,0.9833,0.5,0.2515
1701051,1.0,0.0,1.0,1.0,1.0,0.0,1.0,0.0,0.0,0.0,0.0,0.0,40,1,0.75,0.5,0.0
1701101,1.0,0.0,1.0,1.0,1.0,0.0,1.0,0.0,1.0,1.0,0.0,0.0,74,1,0.75,0.5,0.5
1701309,1.0,0.0,1.0,1.0,1.0,0.0,1.0,0.0,0.41333333333333333,0.41333333333333333,0.0,0.0,75,3,0.75,0.5,0.2067
1701903,1.0,0.0,1.0,0.9629629629629629,1.0,0.39814814814814814,1.0,0.8888888888888888,0.3333333333333333,0.3333333333333333,0.0,0.0,108,5,0.7407,0.8218,0.1667
1702000,1.0,0.0,1.0,1.0,1.0,1.0,1.0,1.0,0.0,0.09278350515463918,0.09278350515463918,0.8556701030927835,97,4,0.75,1.0,0.2603
1702109,1.0,0.24705882352941178,1.0,0.9791855203619909,1.0,0.9714932126696832,1.0,0.5995475113122172,0.2755656108597285,0.29773755656108597,0.022171945701357467,0.09954751131221719,2210,43,0.8066,0.8928,0.1738
1702158,1.0,0.0,1.0,1.0,1.0,0.0,1.0,0.0,0.0,0.0,0.0,0.0,78,3,0.75,0.5,0.0
1702208,0.8621621621621621,0.0,1.0,0.7810810810810811,1.0,0.16756756756756758,0.9405405405405406,0.1945945945945946,0.03513513513513514,0.34054054054054056,0.3054054054054054,0.17297297297297298,370,19,0.6608,0.5757,0.2135
1702307,1.0,0.0,1.0,1.0,1.0,0.0,1.0,0.0,1.0,1.0,0.0,0.0,83,1,0.75,0.5,0.5
1702406,0.9313725490196079,0.0,1.0,0.7745098039215687,1.0,0.6764705882352942,0.803921568627451,0.0392156862745098,0.0,0.0,0.0,0.0,102,8,0.6765,0.6299,0.0
1702554,1.0,0.2627450980392157,1.0,0.9450980392156862,0.9882352941176471,0.0,0.9686274509803922,0.0,0.0,0.0,0.0,0.0,255,12,0.802,0.4892,0.0
1702703,1.0,0.0,1.0,1.0,1.0,0.0,1.0,0.0,0.0,0.0,0.0,0.0,28,1,0.75,0.5,0.0
1702901,1.0,0.7142857142857143,1.0,0.7321428571428571,0.9196428571428571,0.3482142857142857,0.8839285714285714,0.44642857142857145,0.0,0.42857142857142855,0.42857142857142855,0.0,112,15,0.8616,0.6496,0.2143
1703008,1.0,0.0,1.0,0.9099099099099099,1.0,0.0,1.0,0.0,0.40540540540540543,0.40540540540540543,0.0,0.0,111,5,0.7275,0.5,0.2027
1703057,1.0,0.0,1.0,1.0,1.0,0.0,1.0,0.0,0.0,0.0,0.0,0.0,44,1,0.75,0.5,0.0
1703073,1.0,0.0,1.0,0.9425287356321839,1.0,0.0,1.0,1.0,0.0,1.0,1.0,0.0,87,3,0.7356,0.75,0.5
1703107,1.0,0.0,1.0,1.0,1.0,1.0,1.0,0.3076923076923077,0.0,1.0,1.0,0.3076923076923077,65,2,0.75,0.8269,0.5769
1703206,1.0,0.0,1.0,1.0,1.0,0.921875,1.0,0.921875,0.65625,0.890625,0.234375,0.8125,64,4,0.75,0.9609,0.6484
1703305,1.0,0.0,1.0,0.8571428571428571,1.0,0.14285714285714285,1.0,0.0,0.0,0.14285714285714285,0.14285714285714285,0.0,42,2,0.7143,0.5357,0.0714
1703602,1.0,0.0,1.0,1.0,1.0,1.0,1.0,1.0,0.0,1.0,1.0,1.0,39,1,0.75,1.0,0.75
1703701,1.0,0.0,1.0,0.9722222222222222,1.0,1.0,1.0,0.9722222222222222,0.9722222222222222,0.9722222222222222,0.0,0.9722222222222222,72,2,0.7431,0.9931,0.7292
1703800,1.0,0.0,1.0,1.0,1.0,0.0,1.0,0.0,0.0,0.0,0.0,0.0,129,6,0.75,0.5,0.0
1703826,1.0,0.0,1.0,1.0,1.0,1.0,1.0,0.6333333333333333,0.6333333333333333,0.6333333333333333,0.6333333333333333,0.6333333333333333,30,2,0.75,0.9083,0.6333
1703842,0.9595375722543352,0.0,0.9942196531791907,0.8901734104046243,0.9942196531791907,0.0,0.9942196531791907,0.0,0.0,0.0,0.0,0.0,173,6,0.711,0.4971,0.0
1703867,1.0,0.0,1.0,1.0,1.0,1.0,1.0,1.0,1.0,1.0,0.0,1.0,60,1,0.75,1.0,0.75
1703883,1.0,0.0,1.0,1.0,1.0,0.0,1.0,0.0,0.0,1.0,1.0,0.0,37,1,0.75,0.5,0.5
1703891,1.0,0.1875,1.0,1.0,1.0,0.6666666666666666,1.0,0.6666666666666666,0.0,1.0,1.0,0.6666666666666666,48,3,0.7969,0.8333,0.6667
1703909,1.0,0.0,1.0,0.956989247311828,0.956989247311828,0.0,1.0,0.0,0.0,0.0,0.0,0.0,93,2,0.7392,0.4892,0.0
1704105,1.0,0.0,1.0,0.9117647058823529,0.9117647058823529,0.9117647058823529,1.0,0.0,0.9117647058823529,0.9117647058823529,0.0,0.0,34,2,0.7279,0.7059,0.4559
1704600,1.0,0.0,1.0,1.0,1.0,1.0,1.0,1.0,0.0,1.0,1.0,1.0,18,1,0.75,1.0,0.75
1705102,1.0,0.0,1.0,1.0,1.0,1.0,1.0,1.0,1.0,1.0,0.0,1.0,34,1,0.75,1.0,0.75
1705508,1.0,0.8893360160965795,1.0,1.0,1.0,0.5050301810865191,1.0,0.704225352112676,0.36619718309859156,0.6237424547283702,0.4225352112676056,0.704225352112676,497,10,0.9723,0.8023,0.5292
1705557,1.0,0.0,1.0,1.0,1.0,0.0,1.0,0.0,0.0,1.0,1.0,0.0,46,1,0.75,0.5,0.5
1705607,1.0,0.0,1.0,0.9722222222222222,1.0,0.0,0.9722222222222222,0.0,0.0,0.9722222222222222,0.9722222222222222,0.0,36,2,0.7431,0.4931,0.4861
1706001,1.0,0.0,1.0,1.0,1.0,0.3076923076923077,1.0,0.0,0.06593406593406594,0.06593406593406594,0.0,0.0,91,3,0.75,0.5769,0.033
1706100,1.0,1.0,1.0,1.0,1.0,0.0,1.0,0.0,0.0,1.0,1.0,0.0,53,1,1.0,0.5,0.5
1706258,1.0,1.0,1.0,1.0,1.0,0.0,1.0,0.0,0.0,0.0,0.0,0.0,31,1,1.0,0.5,0.0
1706506,1.0,0.8316831683168316,1.0,0.8316831683168316,0.8712871287128713,0.039603960396039604,0.8316831683168316,0.8316831683168316,0.0,0.04950495049504951,0.04950495049504951,0.0,101,4,0.9158,0.6436,0.0248
1707009,1.0,0.0,1.0,0.9409937888198758,1.0,0.12111801242236025,0.9906832298136646,0.2795031055900621,0.5372670807453416,0.7142857142857143,0.17701863354037267,0.062111801242236024,322,10,0.7352,0.5978,0.3727
1707108,1.0,0.0,1.0,1.0,1.0,0.15151515151515152,1.0,0.15151515151515152,0.0,0.15151515151515152,0.15151515151515152,0.15151515151515152,99,2,0.75,0.5758,0.1136
1707207,0.8518518518518519,0.0,1.0,0.8518518518518519,0.9876543209876543,0.1728395061728395,0.9753086419753086,0.13580246913580246,0.13580246913580246,0.13580246913580246,0.0,0.0,81,7,0.6759,0.5679,0.0679
1707306,1.0,0.0,1.0,1.0,1.0,1.0,1.0,1.0,0.0,0.0,0.0,1.0,58,1,0.75,1.0,0.25
1707405,0.6691176470588235,0.5588235294117647,1.0,0.8897058823529411,1.0,0.0,1.0,0.0,0.0,0.0,0.0,0.0,136,10,0.7794,0.5,0.0
1707553,1.0,0.0,1.0,1.0,1.0,0.0,1.0,0.0,1.0,1.0,1.0,0.0,41,1,0.75,0.5,0.75
1707652,1.0,0.0,1.0,1.0,1.0,0.0,1.0,0.0,1.0,1.0,0.0,0.0,83,1,0.75,0.5,0.5
1707702,1.0,0.0,1.0,0.7747747747747747,0.990990990990991,0.5945945945945946,0.8828828828828829,0.0,0.0,0.0,0.0,0.5945945945945946,111,8,0.6937,0.6171,0.1486
1708205,0.9447236180904522,0.0,1.0,0.8844221105527639,0.964824120603015,0.0,0.9949748743718593,0.10552763819095477,0.49246231155778897,0.507537688442211,0.01507537688442211,0.0,199,13,0.7073,0.5163,0.2538
1708254,1.0,0.0,1.0,1.0,1.0,0.0,1.0,0.0,1.0,1.0,0.0,0.0,54,1,0.75,0.5,0.5
1708304,1.0,0.0,1.0,0.8717948717948718,1.0,0.8717948717948718,1.0,0.5470085470085471,0.3504273504273504,0.3504273504273504,0.0,0.0,117,4,0.7179,0.8547,0.1752
1709005,0.8553719008264463,0.0,0.9132231404958677,0.6363636363636364,0.9132231404958677,0.12396694214876033,0.8760330578512396,0.30991735537190085,0.1487603305785124,0.1487603305785124,0.05785123966942149,0.0,242,18,0.6012,0.5558,0.0888
1709302,1.0,0.7808219178082192,1.0,1.0,1.0,1.0,1.0,1.0,0.0136986301369863,0.8310502283105022,0.817351598173516,0.9269406392694064,219,8,0.9452,1.0,0.6473
1709500,1.0,0.19183673469387755,1.0,1.0,1.0,0.8775510204081632,1.0,0.7040816326530612,0.5857142857142857,0.5857142857142857,0.053061224489795916,0.7285714285714285,980,21,0.798,0.8954,0.4883
1709807,1.0,0.0,1.0,1.0,1.0,0.0,1.0,0.0,0.375,0.375,0.375,0.0,16,2,0.75,0.5,0.2812
1710508,0.7807017543859649,0.5263157894736842,1.0,0.7982456140350878,0.9385964912280702,0.0,0.8421052631578947,0.8421052631578947,0.017543859649122806,0.017543859649122806,0.0,0.543859649122807,114,15,0.7763,0.6557,0.1447
1710706,1.0,0.7625,1.0,0.775,0.925,0.0,0.8125,0.625,0.625,0.625,0.0,0.0,80,7,0.8844,0.5906,0.3125
1710904,1.0,0.0,1.0,1.0,1.0,1.0,1.0,1.0,1.0,1.0,0.0,1.0,50,1,0.75,1.0,0.75
1711100,1.0,0.0,1.0,1.0,1.0,1.0,1.0,1.0,1.0,1.0,0.0,0.0,36,1,0.75,1.0,0.5
1711506,1.0,0.0,1.0,1.0,1.0,0.0,1.0,0.14583333333333334,0.6666666666666666,0.6666666666666666,0.0,0.1875,48,3,0.75,0.5365,0.3802
1711803,1.0,0.0,1.0,1.0,1.0,1.0,1.0,0.0,1.0,1.0,0.0,0.0,39,1,0.75,0.75,0.5
1711902,1.0,0.0,1.0,0.7114624505928854,0.9920948616600791,0.25691699604743085,0.9920948616600791,0.06324110671936758,0.015810276679841896,0.015810276679841896,0.0,0.0,253,14,0.6779,0.5761,0.0079
1711951,1.0,0.0,1.0,1.0,1.0,0.0,1.0,0.0,1.0,1.0,0.0,0.0,71,1,0.75,0.5,0.5
1712009,1.0,0.0,1.0,1.0,1.0,1.0,1.0,1.0,0.0,0.7647058823529411,0.7647058823529411,0.0,51,2,0.75,1.0,0.3824
1712157,1.0,0.0,1.0,1.0,1.0,1.0,1.0,0.0,1.0,1.0,0.0,0.0,16,1,0.75,0.75,0.5
1712405,0.8536585365853658,0.0,1.0,0.7073170731707317,1.0,0.0,1.0,0.0,0.0,0.7073170731707317,0.7073170731707317,0.0,41,4,0.6402,0.5,0.3537
1712454,1.0,0.0,1.0,1.0,1.0,0.0,1.0,0.0,0.0,1.0,1.0,0.0,38,1,0.75,0.5,0.5
1712504,1.0,0.0,1.0,0.945054945054945,1.0,0.8021978021978022,1.0,0.8571428571428571,0.0,0.054945054945054944,0.054945054945054944,0.0,91,3,0.7363,0.9148,0.0275
1712702,1.0,0.0,1.0,0.9047619047619048,1.0,0.9047619047619048,0.8571428571428571,0.8571428571428571,0.0,0.0,0.0,0.023809523809523808,42,5,0.7262,0.9048,0.006
1712801,1.0,0.0,1.0,0.9545454545454546,0.9545454545454546,0.0,1.0,0.0,0.0,0.0,0.0,0.0,44,3,0.7386,0.4886,0.0
1713205,0.8936170212765957,0.0,1.0,0.8765957446808511,1.0,0.7361702127659574,0.9872340425531915,0.6510638297872341,0.7659574468085106,0.851063829787234,0.0851063829787234,0.3702127659574468,235,9,0.6926,0.8436,0.5181
1713304,0.9382022471910112,0.08426966292134831,1.0,0.9157303370786517,1.0,1.0,1.0,0.03932584269662921,0.39325842696629215,0.39325842696629215,0.0,0.0,178,6,0.7346,0.7598,0.1966
1713601,1.0,0.0,1.0,0.7926829268292683,1.0,0.7926829268292683,1.0,0.9024390243902439,0.9024390243902439,0.9024390243902439,0.0,0.0,82,5,0.6982,0.9238,0.4512
1713700,1.0,0.0,1.0,0.7954545454545454,1.0,0.4090909090909091,0.8181818181818182,0.0,0.8863636363636364,0.8863636363636364,0.0,0.0,44,5,0.6989,0.5568,0.4432
1713809,1.0,0.0,1.0,0.6818181818181818,1.0,0.0,1.0,0.3181818181818182,0.19696969696969696,0.8787878787878788,0.8787878787878788,0.0,66,3,0.6705,0.5795,0.4886
1713957,1.0,0.0,1.0,0.926829268292683,0.975609756097561,0.0,0.975609756097561,0.0,0.0,0.0,0.0,0.0,41,5,0.7317,0.4878,0.0
1714203,1.0,0.0,1.0,0.9745762711864406,1.0,0.9745762711864406,1.0,0.9745762711864406,0.9491525423728814,0.9745762711864406,0.025423728813559324,0.9491525423728814,118,4,0.7436,0.9873,0.7246
1714302,1.0,0.0,1.0,1.0,1.0,0.19444444444444445,1.0,0.6527777777777778,0.5694444444444444,0.5694444444444444,0.5694444444444444,0.0,72,4,0.75,0.7118,0.4271
1714880,1.0,0.0,1.0,1.0,1.0,0.2885572139303483,1.0,0.0,0.3333333333333333,0.3781094527363184,0.04477611940298507,0.0,201,5,0.75,0.5721,0.1891
1715002,1.0,0.0,1.0,1.0,1.0,1.0,1.0,0.0,0.0,0.0,0.0,0.0,34,2,0.75,0.75,0.0
1715101,1.0,0.0,1.0,0.8679245283018868,1.0,1.0,0.9811320754716981,0.0,0.8679245283018868,0.8679245283018868,0.0,0.0,53,3,0.717,0.7453,0.434
1715150,1.0,0.0,1.0,1.0,1.0,0.0,1.0,1.0,0.0,0.0,0.0,1.0,23,1,0.75,0.75,0.25
1715259,1.0,0.0,1.0,1.0,1.0,0.0,1.0,0.0,0.0,0.0,0.0,0.0,39,2,0.75,0.5,0.0
1715507,1.0,0.0,1.0,1.0,1.0,0.0,1.0,0.0,1.0,1.0,1.0,0.0,17,1,0.75,0.5,0.75
1715705,1.0,0.0,1.0,1.0,1.0,0.5862068965517241,1.0,0.0,0.0,0.603448275862069,0.603448275862069,0.0,58,4,0.75,0.6466,0.3017
1715754,1.0,0.0,1.0,1.0,1.0,0.0,1.0,0.7551020408163265,0.0,0.0,0.0,0.7551020408163265,98,2,0.75,0.6888,0.1888
1716109,1.0,0.28869047619047616,1.0,1.0,1.0,1.0,1.0,1.0,1.0,1.0,0.09523809523809523,1.0,672,12,0.8222,1.0,0.7738
1716208,0.7592592592592593,0.0,0.9691358024691358,0.8024691358024691,0.7654320987654321,0.4444444444444444,0.9135802469135802,0.4567901234567901,0.0,0.0,0.0,0.4444444444444444,162,12,0.6327,0.6451,0.1111
1716307,1.0,0.0,1.0,0.8166666666666667,1.0,0.9166666666666666,1.0,0.8166666666666667,0.0,0.8166666666666667,0.8166666666666667,0.8166666666666667,60,3,0.7042,0.9333,0.6125
1716505,1.0,0.3388888888888889,1.0,0.9611111111111111,1.0,0.9888888888888889,0.9888888888888889,0.9888888888888889,0.9611111111111111,0.9888888888888889,0.37777777777777777,0.9222222222222223,180,6,0.825,0.9917,0.8125
1716604,1.0,0.38016528925619836,1.0,1.0,1.0,0.628099173553719,1.0,0.04132231404958678,0.9586776859504132,0.9586776859504132,0.0,0.2066115702479339,121,7,0.845,0.6674,0.531
1716653,1.0,0.0,1.0,0.7068965517241379,1.0,0.29310344827586204,1.0,0.29310344827586204,0.0,0.603448275862069,0.603448275862069,0.0,58,3,0.6767,0.6466,0.3017
1716703,1.0,0.0,1.0,1.0,1.0,0.9306930693069307,1.0,0.7425742574257426,0.0,0.48514851485148514,0.48514851485148514,0.0,101,5,0.75,0.9183,0.2426
1717008,1.0,0.0,1.0,1.0,1.0,1.0,1.0,1.0,0.0,1.0,1.0,1.0,50,1,0.75,1.0,0.75
1717206,1.0,0.0,1.0,0.8780487804878049,1.0,1.0,0.8780487804878049,0.8780487804878049,0.0,0.0,0.0,0.8780487804878049,41,4,0.7195,0.939,0.2195
1717503,1.0,0.0,1.0,0.8021978021978022,1.0,0.8571428571428571,0.8461538461538461,0.7362637362637363,0.8241758241758241,0.8241758241758241,0.0,0.0,91,5,0.7005,0.8599,0.4121
1717800,1.0,0.0,1.0,0.7619047619047619,0.9761904761904762,0.4523809523809524,0.9761904761904762,0.4523809523809524,0.5476190476190477,0.9761904761904762,0.42857142857142855,0.0,42,5,0.6905,0.7143,0.4881
1717909,1.0,0.0,1.0,0.923728813559322,1.0,0.025423728813559324,1.0,0.025423728813559324,0.3220338983050847,0.923728813559322,0.6016949152542372,0.0,118,5,0.7309,0.5127,0.4619
1718006,1.0,0.0,1.0,0.9705882352941176,1.0,1.0,0.9705882352941176,0.9705882352941176,0.0,0.9705882352941176,0.9705882352941176,0.9705882352941176,34,2,0.7426,0.9853,0.7279
1718204,1.0,0.4059080962800875,1.0,0.973741794310722,1.0,0.46936542669584247,0.9715536105032823,0.7866520787746171,0.9201312910284464,0.9452954048140044,0.9245076586433261,0.3851203501094092,914,23,0.8449,0.8069,0.7938
1718303,1.0,0.15217391304347827,0.9891304347826086,0.6521739130434783,0.9891304347826086,0.15217391304347827,0.9239130434782609,0.2391304347826087,0.0,0.3695652173913043,0.3695652173913043,0.0,92,12,0.6984,0.5761,0.1848
1718402,1.0,0.0,1.0,1.0,1.0,1.0,1.0,0.0,0.0,1.0,1.0,1.0,40,1,0.75,0.75,0.75
1718451,1.0,0.0,1.0,1.0,1.0,1.0,1.0,1.0,1.0,1.0,0.0,1.0,31,1,0.75,1.0,0.75
1718501,1.0,0.0,1.0,0.9019607843137255,1.0,0.9215686274509803,1.0,0.9019607843137255,0.0,0.0,0.0,0.9019607843137255,51,3,0.7255,0.9559,0.2255
1718550,1.0,0.0,1.0,1.0,1.0,1.0,1.0,1.0,0.32142857142857145,1.0,0.6785714285714286,0.0,56,2,0.75,1.0,0.5
1718659,1.0,0.0,1.0,1.0,1.0,0.0,1.0,0.0,0.0,1.0,1.0,0.0,38,1,0.75,0.5,0.5
1718709,1.0,0.0,1.0,0.8108108108108109,1.0,0.0,0.8108108108108109,0.0,0.8108108108108109,0.8108108108108109,0.0,0.0,37,2,0.7027,0.4527,0.4054
1718758,1.0,0.0,1.0,0.7848101265822784,1.0,0.0,1.0,0.0,0.6708860759493671,0.6708860759493671,0.0,0.0,79,5,0.6962,0.5,0.3354
1718808,1.0,0.9367088607594937,1.0,1.0,1.0,1.0,1.0,0.9367088607594937,0.9367088607594937,0.9367088607594937,0.0,0.9367088607594937,79,2,0.9842,0.9842,0.7025
1718840,1.0,0.0,1.0,0.8571428571428571,1.0,0.0,1.0,0.14285714285714285,0.0,0.6964285714285714,0.6964285714285714,0.0,56,4,0.7143,0.5357,0.3482
1718865,0.9324324324324325,0.0,1.0,0.8648648648648649,1.0,0.0,0.7972972972972973,0.013513513513513514,0.7297297297297297,0.7297297297297297,0.0,0.0,74,6,0.6993,0.4527,0.3649
1718881,1.0,0.0,1.0,1.0,1.0,1.0,1.0,1.0,1.0,1.0,0.0,0.0,49,1,0.75,1.0,0.5
1718899,1.0,0.0,1.0,0.56,1.0,0.96,1.0,0.96,0.0,1.0,1.0,0.96,25,3,0.64,0.98,0.74
1718907,1.0,0.0,1.0,0.9850746268656716,1.0,1.0,1.0,1.0,0.0,0.9850746268656716,0.9850746268656716,0.8208955223880597,67,3,0.7463,1.0,0.6978
1719004,1.0,0.0,1.0,1.0,1.0,1.0,1.0,1.0,0.0,0.3548387096774194,0.3548387096774194,0.0,62,2,0.75,1.0,0.1774
1720002,1.0,0.0,1.0,1.0,1.0,0.7692307692307693,1.0,0.0,0.7692307692307693,0.7692307692307693,0.7692307692307693,0.0,26,2,0.75,0.6923,0.5769
1720101,1.0,0.0,1.0,0.8867924528301887,1.0,0.0,0.9622641509433962,0.0,0.0,0.0,0.0,0.0,106,7,0.7217,0.4906,0.0
1720150,1.0,0.0,1.0,0.9393939393939394,1.0,1.0,0.9393939393939394,0.2727272727272727,0.0,0.6666666666666666,0.6666666666666666,0.0,33,3,0.7348,0.803,0.3333
1720200,1.0,0.0,1.0,0.9606741573033708,0.9831460674157303,0.42134831460674155,1.0,0.30337078651685395,0.0,0.03932584269662921,0.03932584269662921,0.0,178,11,0.7402,0.677,0.0197
1720259,1.0,0.0,1.0,1.0,1.0,1.0,1.0,0.0,0.6666666666666666,0.6666666666666666,0.0,0.0,42,2,0.75,0.75,0.3333
1720309,1.0,0.0,1.0,0.819672131147541,0.9180327868852459,0.819672131147541,0.819672131147541,0.819672131147541,0.0,0.13114754098360656,0.13114754098360656,0.0,61,4,0.7049,0.8443,0.0656
1720499,1.0,0.0,1.0,0.9384615384615385,1.0,0.0,1.0,0.0,0.0,0.0,0.0,0.0,65,3,0.7346,0.5,0.0
1720655,1.0,0.0,1.0,0.9753086419753086,1.0,0.0,0.9753086419753086,0.0,0.0,0.0,0.0,0.0,81,2,0.7438,0.4938,0.0
1720804,1.0,0.10650887573964497,1.0,0.9289940828402367,1.0,0.03550295857988166,1.0,0.5325443786982249,0.0,0.03550295857988166,0.03550295857988166,0.0,169,9,0.7589,0.642,0.0178
1720853,1.0,0.0,1.0,1.0,1.0,1.0,1.0,1.0,1.0,1.0,0.0,1.0,35,1,0.75,1.0,0.75
1720903,1.0,0.6720430107526881,1.0,0.9247311827956989,1.0,0.26344086021505375,0.9731182795698925,0.25268817204301075,0.0,0.5268817204301075,0.5268817204301075,0.20967741935483872,186,8,0.8992,0.6223,0.3159
1720937,1.0,0.0,1.0,1.0,1.0,1.0,1.0,1.0,0.0,1.0,1.0,0.0,31,1,0.75,1.0,0.5
1720978,1.0,0.6666666666666666,1.0,0.6666666666666666,1.0,0.0,1.0,0.0,0.0,0.0,0.0,0.022222222222222223,45,3,0.8333,0.5,0.0056
1721000,1.0,0.8081686429512517,1.0,0.9915678524374176,1.0,0.2798418972332016,1.0,0.7370223978919631,0.9820816864295125,0.9994729907773386,0.2603425559947299,0.3104084321475626,3795,35,0.9499,0.7542,0.6381
1721109,0.3682008368200837,0.0,1.0,0.21338912133891214,0.602510460251046,0.18828451882845187,0.7154811715481172,0.5230125523012552,0.0794979079497908,0.0794979079497908,0.0,0.2510460251046025,239,40,0.3954,0.5073,0.1025
1721208,0.994269340974212,0.15472779369627507,1.0,0.9140401146131805,0.9340974212034384,0.0,0.9340974212034384,0.25787965616045844,0.0,0.3954154727793696,0.3954154727793696,0.0,349,18,0.7658,0.5315,0.1977
1721257,1.0,0.0,1.0,1.0,1.0,0.0,1.0,0.0,0.0,0.0,0.0,0.0,9,1,0.75,0.5,0.0
1721307,1.0,0.0,1.0,1.0,1.0,1.0,1.0,0.0,0.0,1.0,1.0,0.0,14,1,0.75,0.75,0.5
1722081,1.0,0.6216216216216216,1.0,0.9662162162162162,1.0,0.02702702702702703,1.0,0.02702702702702703,0.02702702702702703,0.02702702702702703,0.0,0.0,148,7,0.897,0.5135,0.0135
1722107,1.0,0.0,1.0,1.0,1.0,0.0,1.0,0.96,0.664,0.664,0.0,0.0,125,3,0.75,0.74,0.332
2100055,0.9490740740740741,0.16203703703703703,1.0,0.957010582010582,0.9814814814814815,0.5813492063492064,0.9391534391534392,0.4021164021164021,0.037037037037037035,0.8875661375661376,0.8783068783068783,0.15608465608465608,1512,42,0.767,0.726,0.4897
2100105,1.0,0.045112781954887216,1.0,0.5263157894736842,0.8120300751879699,0.0,0.46616541353383456,0.6240601503759399,0.15789473684210525,0.3233082706766917,0.2556390977443609,0.10526315789473684,133,19,0.6429,0.4756,0.2105
2100154,1.0,0.0,1.0,0.6327433628318584,0.7743362831858407,0.0,0.3495575221238938,0.05752212389380531,0.084070796460177,0.11061946902654868,0.02654867256637168,0.11061946902654868,226,20,0.6582,0.2954,0.083
2100204,1.0,0.0,0.9962962962962963,0.35185185185185186,0.9518518518518518,0.337037037037037,0.8481481481481481,0.8925925925925926,0.2074074074074074,0.2814814814814815,0.0962962962962963,0.06666666666666667,270,35,0.587,0.7574,0.163
2100303,1.0,0.0,1.0,0.7044967880085653,0.9957173447537473,0.3961456102783726,0.8843683083511777,0.33832976445396146,0.0,0.5139186295503212,0.5139186295503212,0.0,467,37,0.6761,0.6536,0.257
2100402,0.5925925925925926,0.0,1.0,0.8888888888888888,1.0,0.0,0.9074074074074074,0.0,0.25,0.46296296296296297,0.21296296296296297,0.0,108,11,0.6204,0.4769,0.2315
2100436,1.0,0.24705882352941178,1.0,0.8470588235294118,0.9921568627450981,0.0392156862745098,0.6274509803921569,0.34509803921568627,0.07058823529411765,0.07058823529411765,0.0,0.0,255,18,0.7735,0.501,0.0353
2100477,1.0,0.0,1.0,0.792156862745098,0.996078431372549,0.8176470588235294,0.9450980392156862,0.0,0.0,0.5313725490196078,0.5313725490196078,0.0,510,39,0.698,0.6897,0.2657
2100501,0.9120879120879121,0.43956043956043955,0.9230769230769231,0.8296703296703297,0.8406593406593407,0.17582417582417584,0.8406593406593407,0.5824175824175825,0.0,0.0,0.0,0.0,182,20,0.7761,0.6099,0.0
2100550,1.0,0.0,1.0,0.957983193277311,0.9411764705882353,0.31932773109243695,0.907563025210084,0.03361344537815126,0.2857142857142857,0.6302521008403361,0.6302521008403361,0.3445378151260504,119,9,0.7395,0.5504,0.4727
2100600,0.7780612244897959,0.0,1.0,0.4119897959183674,0.4375,0.06887755102040816,0.49744897959183676,0.04081632653061224,0.01020408163265306,0.039540816326530615,0.029336734693877552,0.04081632653061224,784,90,0.5475,0.2612,0.03
2100709,0.6236559139784946,0.04032258064516129,1.0,0.4489247311827957,0.9166666666666666,0.0,0.23655913978494625,0.0,0.34139784946236557,0.34408602150537637,0.002688172043010753,0.0,372,34,0.5282,0.2883,0.172
2100808,0.9396551724137931,0.21982758620689655,1.0,0.4396551724137931,0.8448275862068966,0.35344827586206895,0.7370689655172413,0.7974137931034483,0.5129310344827587,0.5129310344827587,0.08189655172413793,0.5991379310344828,232,14,0.6498,0.6832,0.4267
2100832,1.0,0.0,1.0,0.4262295081967213,0.930327868852459,0.22131147540983606,0.8360655737704918,0.6598360655737705,0.20491803278688525,0.5204918032786885,0.3155737704918033,0.11065573770491803,244,14,0.6066,0.6619,0.2879
2100873,0.9302325581395349,0.0,0.9302325581395349,0.36046511627906974,0.8178294573643411,0.0,0.5852713178294574,0.0,0.0,0.0,0.0,0.0,258,16,0.5552,0.3508,0.0
2100907,0.9779527559055118,0.031496062992125984,1.0,0.45984251968503936,0.8110236220472441,0.0,0.3889763779527559,0.12440944881889764,0.26456692913385826,0.26456692913385826,0.07716535433070866,0.048818897637795275,635,49,0.6173,0.3311,0.1638
2100956,0.8732673267326733,0.0,0.9900990099009901,0.3207920792079208,0.22574257425742575,0.041584158415841586,0.5188118811881188,0.4534653465346535,0.0297029702970297,0.0297029702970297,0.0,0.01782178217821782,505,83,0.546,0.3099,0.0193
2101004,1.0,0.0,0.9979879275653923,0.6458752515090543,0.9818913480885312,0.323943661971831,0.7847082494969819,0.12474849094567404,0.04627766599597585,0.22535211267605634,0.22535211267605634,0.12474849094567404,497,35,0.661,0.5538,0.1554
2101103,0.927461139896373,0.14507772020725387,1.0,0.36787564766839376,0.9689119170984456,0.10880829015544041,0.2849740932642487,0.5077720207253886,0.0,0.0,0.0,0.0,193,15,0.6101,0.4676,0.0
2101202,0.9861431870669746,0.0800615858352579,1.0,0.8075442648190916,0.9969207082371054,0.302540415704388,0.8945342571208622,0.09699769053117784,0.04080061585835258,0.15704387990762125,0.11624326404926867,0.056197074672825253,1299,72,0.7184,0.5727,0.0926
2101251,1.0,0.03937007874015748,1.0,1.0,0.9015748031496063,0.0,1.0,0.21653543307086615,0.18110236220472442,0.22440944881889763,0.04330708661417323,0.0,254,15,0.7598,0.5295,0.1122
2101301,0.9507389162561576,0.0,1.0,0.6502463054187192,1.0,0.541871921182266,0.0,0.09852216748768473,0.0,0.19704433497536947,0.19704433497536947,0.09852216748768473,203,16,0.6502,0.4101,0.1232
2101350,0.975609756097561,0.0,1.0,0.47560975609756095,1.0,0.3048780487804878,0.3170731707317073,0.6341463414634146,0.0,0.0975609756097561,0.0975609756097561,0.0,82,12,0.6128,0.564,0.0488
2101400,1.0,0.11600587371512482,0.9955947136563876,0.881791483113069,0.9875183553597651,0.5822320117474302,0.9390602055800293,0.5022026431718062,0.3267254038179148,0.6292217327459618,0.48384728340675476,0.3069016152716593,1362,43,0.7483,0.7528,0.4367
2101509,1.0,0.0,1.0,0.6355140186915887,0.7102803738317757,0.40654205607476634,0.6355140186915887,0.40654205607476634,0.14953271028037382,0.5981308411214953,0.4485981308411215,0.6355140186915887,214,20,0.6589,0.5397,0.4579
2101608,0.8821376281112738,0.16617862371888725,0.9670571010248902,0.6112737920937042,0.8513909224011713,0.3784773060029283,0.7554904831625183,0.6222547584187409,0.4333821376281113,0.5571010248901903,0.2247437774524158,0.5241581259150805,1366,123,0.6567,0.6519,0.4348
2101707,0.9477351916376306,0.1297909407665505,0.9912891986062717,0.578397212543554,0.8954703832752613,0.19773519163763068,0.6280487804878049,0.41289198606271776,0.4729965156794425,0.4729965156794425,0.05139372822299652,0.0,1148,118,0.6618,0.5335,0.2493
2101731,0.9282700421940928,0.0,1.0,0.4219409282700422,0.7215189873417721,0.22784810126582278,0.5189873417721519,0.3080168776371308,0.0,0.0,0.0,0.0,237,35,0.5876,0.4441,0.0
2101772,0.8771331058020477,0.0,1.0,0.5221843003412969,0.9658703071672355,0.0,0.3515358361774744,0.7474402730375427,0.06484641638225255,0.06484641638225255,0.0,0.0,293,14,0.5998,0.5162,0.0324
2101806,1.0,0.673469387755102,1.0,0.673469387755102,0.7142857142857143,0.0,0.9591836734693877,0.9591836734693877,0.2857142857142857,0.2857142857142857,0.0,0.0,98,5,0.8367,0.6582,0.1429
2101905,0.8755364806866953,0.0,1.0,0.37339055793991416,0.6266094420600858,0.27896995708154504,0.47639484978540775,0.2703862660944206,0.26609442060085836,0.296137339055794,0.11587982832618025,0.18025751072961374,233,22,0.5622,0.4131,0.2146
2101939,1.0,0.0,1.0,0.6166666666666667,1.0,0.48333333333333334,0.5166666666666667,0.6833333333333333,0.11666666666666667,0.11666666666666667,0.0,0.0,60,11,0.6542,0.6708,0.0583
2101970,0.9864864864864865,0.0,1.0,0.8445945945945946,1.0,0.5878378378378378,0.5878378378378378,0.19594594594594594,0.10135135135135136,0.8851351351351351,0.7837837837837838,0.0,148,11,0.7078,0.5929,0.4426
2102002,0.9863013698630136,0.031506849315068496,0.9972602739726028,0.6301369863013698,0.9123287671232877,0.42876712328767125,0.6041095890410959,0.14794520547945206,0.050684931506849315,0.050684931506849315,0.01643835616438356,0.049315068493150684,730,71,0.6613,0.5233,0.0418
2102036,0.9982456140350877,0.0,1.0,0.7631578947368421,0.9982456140350877,0.1649122807017544,0.9456140350877194,0.07719298245614035,0.28421052631578947,0.5824561403508772,0.2982456140350877,0.02456140350877193,570,37,0.6904,0.5465,0.2974
2102077,1.0,0.0,1.0,0.4788732394366197,0.9577464788732394,0.0,0.6408450704225352,0.07042253521126761,0.0,0.0,0.0,0.0,142,14,0.6197,0.4173,0.0
2102101,0.9676674364896074,0.0,1.0,0.45265588914549654,0.9699769053117783,0.11778290993071594,0.8429561200923787,0.45496535796766746,0.22401847575057737,0.22401847575057737,0.0,0.2586605080831409,433,48,0.6051,0.5964,0.1767
2102150,0.967948717948718,0.0,1.0,0.47435897435897434,0.8653846153846154,0.0,0.6217948717948718,0.0,0.10897435897435898,0.10897435897435898,0.0,0.0,156,22,0.6106,0.3718,0.0545
2102200,1.0,0.0,1.0,0.36787564766839376,0.8946459412780656,0.18307426597582038,0.687392055267703,0.30569948186528495,0.031088082901554404,0.031088082901554404,0.0,0.06044905008635579,579,55,0.592,0.5177,0.0307
2102309,1.0,0.0,1.0,0.7872340425531915,0.9422492401215805,0.23404255319148937,0.8267477203647416,0.6322188449848024,0.4072948328267477,0.48936170212765956,0.22796352583586627,0.8085106382978723,329,28,0.6968,0.6588,0.4833
2102325,0.9839400428265525,0.0010706638115631692,1.0,0.7376873661670236,0.961456102783726,0.41755888650963596,0.9282655246252677,0.15631691648822268,0.22698072805139186,0.6316916488222698,0.43683083511777304,0.06531049250535331,934,60,0.6807,0.6159,0.3402
2102358,0.9820627802690582,0.0,1.0,0.9237668161434978,0.9596412556053812,0.695067264573991,0.8475336322869955,0.7040358744394619,0.0,0.04035874439461883,0.04035874439461883,0.5919282511210763,223,19,0.7265,0.8016,0.1682
2102374,1.0,0.0,1.0,0.47770700636942676,0.20382165605095542,0.12738853503184713,0.4840764331210191,0.0,0.0,0.01910828025477707,0.01910828025477707,0.0,157,19,0.6194,0.2038,0.0096
2102408,1.0,0.2945205479452055,1.0,0.5547945205479452,0.9794520547945206,0.0,0.2465753424657534,0.1643835616438356,0.2876712328767123,0.2876712328767123,0.0,0.0,146,21,0.7123,0.3476,0.1438
2102507,0.9855491329479769,0.0,0.9942196531791907,0.27167630057803466,0.7283236994219653,0.6011560693641619,0.5549132947976878,0.40173410404624277,0.005780346820809248,0.005780346820809248,0.0,0.0,346,50,0.5629,0.5715,0.0029
2102556,1.0,0.0,1.0,0.9903846153846154,0.9903846153846154,0.0,0.9903846153846154,0.23557692307692307,0.0,0.0,0.0,0.3605769230769231,208,9,0.7476,0.5541,0.0901
2102606,0.9161290322580645,0.0,0.9903225806451613,0.5741935483870968,0.6258064516129033,0.02903225806451613,0.7193548387096774,0.03225806451612903,0.0935483870967742,0.12258064516129032,0.1064516129032258,0.01935483870967742,310,28,0.6202,0.3516,0.0855
2102705,0.9690721649484536,0.0,1.0,0.6838487972508591,0.9896907216494846,0.20962199312714777,0.5429553264604811,0.4261168384879725,0.0,0.030927835051546393,0.030927835051546393,0.0,291,24,0.6632,0.5421,0.0155
2102754,0.9571428571428572,0.2,1.0,0.7928571428571428,0.8428571428571429,0.0,0.7357142857142858,0.0,0.0,0.2714285714285714,0.2714285714285714,0.0,140,16,0.7375,0.3946,0.1357
2102804,0.9808219178082191,0.3835616438356164,0.9863013698630136,0.6328767123287671,0.9232876712328767,0.23013698630136986,0.8986301369863013,0.0,0.3232876712328767,0.3232876712328767,0.0,0.0,365,32,0.7459,0.513,0.1616
2102903,0.8831460674157303,0.0,0.9955056179775281,0.7056179775280899,0.9932584269662922,0.3056179775280899,0.903370786516854,0.42696629213483145,0.3258426966292135,0.35280898876404493,0.16853932584269662,0.550561797752809,445,28,0.6461,0.6573,0.3494
2103000,0.9872321021431828,0.19425444596443228,0.9990880072959416,0.7751937984496124,0.920656634746922,0.523483812129503,0.8554491564067488,0.6922024623803009,0.06520747834017328,0.6114911080711354,0.5549475604195167,0.5959872321021432,2193,153,0.7389,0.7479,0.4569
2103109,1.0,0.0,1.0,0.46788990825688076,0.9174311926605505,0.22935779816513763,0.9174311926605505,0.0,0.23853211009174313,0.6972477064220184,0.45871559633027525,0.0,109,8,0.617,0.5161,0.3486
2103125,1.0,0.0,1.0,0.6039603960396039,0.48514851485148514,0.09900990099009901,0.16831683168316833,0.0,0.0,0.46534653465346537,0.46534653465346537,0.09900990099009901,101,11,0.651,0.1881,0.2574
2103158,0.6334405144694534,0.0,1.0,0.4212218649517685,0.909967845659164,0.4630225080385852,0.5176848874598071,0.26366559485530544,0.15755627009646303,0.15755627009646303,0.0,0.4662379421221865,311,22,0.5137,0.5386,0.1953
2103174,0.9407407407407408,0.0,0.8765432098765432,0.7135802469135802,0.8074074074074075,0.0,0.4,0.362962962962963,0.20493827160493827,0.21975308641975308,0.02962962962962963,0.0,405,29,0.6327,0.3926,0.1136
2103208,1.0,0.04918032786885246,1.0,0.7049180327868853,0.9266609145815358,0.44348576358930114,0.7213114754098361,0.3899913718723037,0.057808455565142365,0.18636755823986195,0.1285591026747196,0.08455565142364108,1159,101,0.6885,0.6204,0.1143
2103257,1.0,0.0,1.0,0.7900552486187845,1.0,0.8232044198895028,0.9779005524861878,0.6740331491712708,0.0,0.143646408839779,0.143646408839779,0.0,181,16,0.6975,0.8688,0.0718
2103307,0.9076452599388379,0.23914373088685015,0.9963302752293578,0.7651376146788991,0.9021406727828746,0.0801223241590214,0.9712538226299694,0.9694189602446484,0.08318042813455657,0.13883792048929663,0.05565749235474006,0.09541284403669725,1635,103,0.7271,0.7307,0.0933
2103406,0.979933110367893,0.14381270903010032,1.0,0.8076923076923077,0.9448160535117057,0.40635451505016723,0.9163879598662207,0.6070234113712375,0.22408026755852842,0.5334448160535117,0.3093645484949833,0.10033444816053512,598,28,0.7329,0.7186,0.2918
2103505,0.9328493647912885,0.0,1.0,0.6842105263157895,0.956442831215971,0.35208711433756806,0.8802177858439202,0.6987295825771325,0.15789473684210525,0.4101633393829401,0.4101633393829401,0.49183303085299457,551,46,0.6543,0.7219,0.3675
2103554,0.45018450184501846,0.0,1.0,0.4612546125461255,0.940959409594096,0.0,0.8413284132841329,0.0,0.0,0.0,0.0,0.0,271,30,0.4779,0.4456,0.0
2103604,1.0,0.22776280323450135,1.0,0.660377358490566,0.8921832884097035,0.11320754716981132,0.8032345013477089,0.1495956873315364,0.2722371967654987,0.3584905660377358,0.3032345013477089,0.0,742,43,0.722,0.4896,0.2335
2103703,0.9976190476190476,0.09523809523809523,0.9023809523809524,0.7047619047619048,0.9523809523809523,0.2714285714285714,0.8809523809523809,0.40476190476190477,0.21666666666666667,0.3357142857142857,0.3142857142857143,0.0,420,32,0.675,0.6274,0.2167
2103752,0.8242677824267782,0.0,1.0,0.9330543933054394,1.0,1.0,1.0,0.008368200836820083,0.0,0.0,0.0,0.0,239,10,0.6893,0.7521,0.0
2103802,1.0,0.0,1.0,0.7777777777777778,1.0,0.0,0.685823754789272,0.6628352490421456,0.2681992337164751,0.3371647509578544,0.06896551724137931,0.0,261,21,0.6944,0.5872,0.1686
2103901,0.6666666666666666,0.06862745098039216,1.0,0.4411764705882353,0.9215686274509803,0.0,0.0,0.0,0.0,0.06372549019607843,0.06372549019607843,0.0,204,18,0.5441,0.2304,0.0319
2104008,1.0,0.12307692307692308,1.0,0.7461538461538462,0.9346153846153846,0.3076923076923077,0.8692307692307693,0.4307692307692308,0.21923076923076923,0.21923076923076923,0.21923076923076923,0.0,260,29,0.7173,0.6356,0.1644
2104057,1.0,0.163003663003663,1.0,0.8223443223443223,1.0,0.04212454212454213,1.0,0.4816849816849817,0.1391941391941392,0.3516483516483517,0.3131868131868132,0.020146520146520148,546,24,0.7463,0.631,0.206
2104073,1.0,0.0,1.0,0.8866666666666667,1.0,0.6266666666666667,1.0,0.11333333333333333,0.14666666666666667,0.14666666666666667,0.0,0.08666666666666667,150,5,0.7217,0.685,0.095
2104081,0.6940639269406392,0.0,1.0,0.3424657534246575,0.4748858447488584,0.0365296803652968,0.5799086757990868,0.3561643835616438,0.0,0.0410958904109589,0.0410958904109589,0.0,219,21,0.5091,0.3619,0.0205
2104099,0.9536423841059603,0.0,1.0,0.5066225165562914,0.9900662251655629,0.11589403973509933,0.7781456953642384,0.1456953642384106,0.09933774834437085,0.5066225165562914,0.5066225165562914,0.046357615894039736,302,23,0.6151,0.5075,0.2897
2104107,0.03333333333333333,0.0,1.0,0.7095238095238096,0.9904761904761905,0.2714285714285714,0.6904761904761905,0.4857142857142857,0.08095238095238096,0.10476190476190476,0.023809523809523808,0.0,210,15,0.4357,0.6095,0.0524
2104206,1.0,0.0,1.0,0.41901408450704225,0.9366197183098591,0.3732394366197183,0.5492957746478874,0.21830985915492956,0.03169014084507042,0.03169014084507042,0.03169014084507042,0.0,284,20,0.6048,0.5194,0.0238
2104305,0.9836065573770492,0.0,0.994535519125683,0.912568306010929,0.8087431693989071,0.0,0.29508196721311475,0.0,0.0,0.0,0.0,0.0,183,10,0.7227,0.276,0.0
2104404,0.995,0.0,1.0,0.465,0.825,0.69,0.7,0.62,0.0,0.19,0.19,0.12,200,29,0.615,0.7088,0.125
2104503,0.8968253968253969,0.0,1.0,0.753968253968254,0.7380952380952381,0.0,0.8095238095238095,0.0,0.0,0.0,0.0,0.0,126,14,0.6627,0.3869,0.0
2104552,1.0,0.0,1.0,0.9065934065934066,0.9423076923076923,0.3241758241758242,1.0,0.07142857142857142,0.057692307692307696,0.3598901098901099,0.3021978021978022,0.057692307692307696,364,6,0.7266,0.5845,0.1944
2104602,1.0,0.0,1.0,0.6748768472906403,0.9113300492610837,0.2955665024630542,0.9113300492610837,0.4039408866995074,0.1625615763546798,0.1625615763546798,0.0,0.0,203,19,0.6687,0.6305,0.0813
2104628,1.0,0.0,1.0,0.7016129032258065,0.9838709677419355,0.0,0.9516129032258065,0.06451612903225806,0.0,0.0,0.0,0.29838709677419356,124,10,0.6754,0.5,0.0746
2104651,1.0,0.21951219512195122,1.0,0.5792682926829268,0.8597560975609756,0.3597560975609756,0.25,0.21951219512195122,0.2682926829268293,0.2682926829268293,0.0,0.21951219512195122,164,24,0.6997,0.4223,0.189
2104677,1.0,0.0,1.0,0.8661971830985915,0.9741784037558685,0.5305164319248826,0.4671361502347418,0.04929577464788732,0.0,0.1643192488262911,0.1643192488262911,0.0,426,22,0.7165,0.5053,0.0822
2104701,1.0,0.0,1.0,0.4888888888888889,1.0,0.0,0.6333333333333333,0.0,0.14444444444444443,0.14444444444444443,0.14444444444444443,0.0,90,6,0.6222,0.4083,0.1083
2104800,0.9705248023005032,0.08267433501078361,0.9949676491732566,0.6879942487419123,0.8590941768511862,0.599568655643422,0.6693026599568656,0.13156002875629044,0.0,0.04816678648454349,0.04816678648454349,0.0,1391,115,0.684,0.5649,0.0241
2104909,1.0,0.0,1.0,0.5533333333333333,1.0,0.26,1.0,0.58,0.26,0.7333333333333333,0.47333333333333333,0.0,150,6,0.6383,0.71,0.3667
2105005,0.8330058939096268,0.0,0.9803536345776032,0.5088408644400786,0.5618860510805501,0.2318271119842829,0.8015717092337917,0.2220039292730845,0.11591355599214145,0.11591355599214145,0.0,0.10805500982318271,509,49,0.5806,0.4543,0.085
2105104,1.0,0.07563025210084033,1.0,0.4369747899159664,0.6722689075630253,0.028011204481792718,0.6918767507002801,0.1484593837535014,0.025210084033613446,0.0392156862745098,0.0392156862745098,0.09523809523809523,357,42,0.6282,0.3852,0.0497
2105153,0.5731225296442688,0.003952569169960474,1.0,0.5177865612648221,0.9920948616600791,0.9920948616600791,1.0,0.07905138339920949,0.0,0.0,0.0,0.1541501976284585,253,26,0.5237,0.7658,0.0385
2105203,0.7933333333333333,0.0,1.0,0.8733333333333333,0.86,0.06,0.43333333333333335,0.06,0.0,0.0,0.0,0.0,150,11,0.6667,0.3533,0.0
2105302,0.9925925925925926,0.6003086419753086,0.9731481481481481,0.9867283950617284,0.9824074074074074,0.35185185185185186,0.9083333333333333,0.3512345679012346,0.649074074074074,0.7438271604938271,0.31419753086419755,0.27037037037037037,3240,78,0.8882,0.6485,0.4944
2105351,0.925531914893617,0.04609929078014184,0.9680851063829787,0.5780141843971631,0.7411347517730497,0.23404255319148937,0.7411347517730497,0.16666666666666666,0.024822695035460994,0.024822695035460994,0.0,0.10283687943262411,282,28,0.6294,0.4707,0.0381
2105401,1.0,0.06831683168316832,1.0,0.6574257425742575,0.9257425742574258,0.15346534653465346,0.38712871287128714,0.16732673267326734,0.14356435643564355,0.25346534653465347,0.1099009900990099,0.18217821782178217,1010,59,0.6814,0.4084,0.1723
2105427,1.0,0.0,1.0,0.8426966292134831,0.949438202247191,0.6713483146067416,0.9044943820224719,0.31741573033707865,0.019662921348314606,0.3707865168539326,0.351123595505618,0.11797752808988764,356,25,0.7107,0.7107,0.2149
2105450,1.0,0.0,1.0,0.2611464968152866,1.0,0.46496815286624205,0.5796178343949044,0.0,0.0,0.34394904458598724,0.34394904458598724,0.20382165605095542,157,13,0.5653,0.5111,0.2229
2105476,0.5506849315068493,0.0136986301369863,0.8821917808219178,0.1506849315068493,0.5150684931506849,0.07945205479452055,0.08767123287671233,0.038356164383561646,0.0,0.1095890410958904,0.1095890410958904,0.010958904109589041,365,63,0.3993,0.1801,0.0575
2105500,1.0,0.0,1.0,0.7297297297297297,0.9901719901719902,0.3955773955773956,0.9287469287469288,0.8452088452088452,0.26044226044226043,0.26044226044226043,0.03931203931203931,0.0,407,34,0.6824,0.7899,0.14
2105609,0.9082969432314411,0.17467248908296942,1.0,0.7248908296943232,0.9781659388646288,0.3318777292576419,0.8209606986899564,0.13100436681222707,0.5283842794759825,0.5283842794759825,0.17903930131004367,0.0,229,18,0.702,0.5655,0.309
2105658,1.0,0.0,1.0,0.8545454545454545,1.0,0.0,0.6636363636363637,0.0,0.3090909090909091,0.3090909090909091,0.0,0.11818181818181818,110,8,0.7136,0.4159,0.1841
2105708,0.9855072463768116,0.11272141706924316,1.0,0.8599033816425121,0.9967793880837359,0.6151368760064412,0.8035426731078905,0.44605475040257647,0.15619967793880837,0.26570048309178745,0.1111111111111111,0.061191626409017714,621,44,0.7395,0.7154,0.1486
2105807,1.0,0.23255813953488372,1.0,0.4573643410852713,0.8527131782945736,0.8372093023255814,0.5581395348837209,0.5581395348837209,0.6511627906976745,0.7054263565891473,0.17829457364341086,0.0,129,22,0.6725,0.7016,0.3837
2105906,0.7115384615384616,0.06538461538461539,1.0,0.4807692307692308,0.8692307692307693,0.7538461538461538,0.11538461538461539,0.16153846153846155,0.0038461538461538464,0.11923076923076924,0.11538461538461539,0.0,260,28,0.5644,0.475,0.0596
2105922,1.0,0.45454545454545453,1.0,0.5272727272727272,0.9090909090909091,0.9090909090909091,0.8121212121212121,0.7636363636363637,0.15757575757575756,0.15757575757575756,0.0,0.47878787878787876,165,13,0.7455,0.8485,0.1985
2105948,0.9722222222222222,0.0,1.0,0.7314814814814815,0.9074074074074074,0.28703703703703703,0.7870370370370371,0.14814814814814814,0.07407407407407407,0.07407407407407407,0.07407407407407407,0.07407407407407407,108,12,0.6759,0.5324,0.0741
2105963,0.9705882352941176,0.0,1.0,0.6568627450980392,0.9411764705882353,0.9117647058823529,0.6764705882352942,0.43137254901960786,0.1323529411764706,0.1323529411764706,0.0,0.0,204,22,0.6569,0.7402,0.0662
2105989,0.9259259259259259,0.0,1.0,0.7962962962962963,0.9537037037037037,0.4537037037037037,0.8333333333333334,0.2962962962962963,0.0,0.0,0.0,0.0,108,10,0.6806,0.6343,0.0
2106003,0.975,0.35,1.0,0.68125,0.975,0.9125,0.68125,0.425,0.075,0.075,0.0,0.0,160,16,0.7516,0.7484,0.0375
2106102,1.0,0.0,1.0,0.9230769230769231,0.9807692307692307,0.9230769230769231,0.7564102564102564,0.17307692307692307,0.42948717948717946,0.6025641025641025,0.17307692307692307,0.3333333333333333,156,12,0.7308,0.7083,0.3846
2106201,1.0,0.0,0.9922480620155039,0.9302325581395349,0.9922480620155039,0.0,0.9302325581395349,0.0,0.0,0.0,0.0,0.0,129,5,0.7306,0.4806,0.0
2106300,1.0,0.0,1.0,0.642023346303502,0.9494163424124513,0.0,0.8988326848249028,0.0933852140077821,0.2529182879377432,0.2529182879377432,0.0,0.5214007782101168,257,15,0.6605,0.4854,0.2568
2106326,1.0,0.0,1.0,0.8877284595300261,0.7101827676240209,0.1227154046997389,0.6710182767624021,0.22193211488250653,0.06788511749347259,0.13054830287206268,0.06266318537859007,0.005221932114882507,383,16,0.7219,0.4315,0.0666
2106359,1.0,0.0,0.9895833333333334,0.2604166666666667,0.4322916666666667,0.125,0.2708333333333333,0.041666666666666664,0.17708333333333334,0.3020833333333333,0.125,0.17708333333333334,192,35,0.5625,0.2174,0.1953
2106375,1.0,0.0,0.978448275862069,0.6379310344827587,0.8146551724137931,0.021551724137931036,0.49137931034482757,0.05603448275862069,0.1853448275862069,0.22844827586206898,0.06465517241379311,0.0,232,19,0.6541,0.3459,0.1196
2106409,0.9648562300319489,0.26198083067092653,1.0,0.6773162939297125,1.0,0.006389776357827476,0.9073482428115016,0.28753993610223644,0.16932907348242812,0.2364217252396166,0.09584664536741214,0.0670926517571885,313,16,0.726,0.5503,0.1422
2106508,1.0,0.0,1.0,0.4155495978552279,0.9463806970509383,0.04289544235924933,0.6407506702412868,0.5013404825737265,0.0,0.06702412868632708,0.06702412868632708,0.0,373,36,0.6039,0.5328,0.0335
2106607,0.9802631578947368,0.20175438596491227,1.0,0.4517543859649123,0.5153508771929824,0.15789473684210525,0.7214912280701754,0.4956140350877193,0.2982456140350877,0.34210526315789475,0.2631578947368421,0.09868421052631579,456,42,0.6584,0.4726,0.2505
2106631,0.9337748344370861,0.0,1.0,0.4966887417218543,0.8410596026490066,0.0728476821192053,0.5629139072847682,0.09933774834437085,0.0,0.0,0.0,0.026490066225165563,151,28,0.6076,0.394,0.0066
2106672,1.0,0.0,1.0,0.37,0.89,0.35,0.72,0.72,0.0,0.0,0.0,0.57,100,10,0.5925,0.67,0.1425
2106706,0.8339350180505415,0.4548736462093863,1.0,0.6101083032490975,0.8880866425992779,0.2743682310469314,0.6498194945848376,0.4657039711191336,0.032490974729241874,0.30685920577617326,0.2743682310469314,0.07220216606498195,277,25,0.7247,0.5695,0.1715
2106755,1.0,0.0784313725490196,1.0,0.9379084967320261,0.7352941176470589,0.23202614379084968,0.7516339869281046,0.10784313725490197,0.0,0.0,0.0,0.22875816993464052,306,10,0.7541,0.4567,0.0572
2106805,1.0,0.050955414012738856,1.0,0.6560509554140127,0.8598726114649682,0.1337579617834395,0.2484076433121019,0.18471337579617833,0.25477707006369427,0.267515923566879,0.1592356687898089,0.0,157,15,0.6768,0.3567,0.1704
2106904,0.48148148148148145,0.0,1.0,0.45740740740740743,0.8296296296296296,0.26481481481481484,0.5537037037037037,0.4222222222222222,0.001851851851851852,0.09444444444444444,0.09259259259259259,0.0,540,63,0.4847,0.5176,0.0472
2107001,0.9939759036144579,0.0,1.0,0.8132530120481928,0.9397590361445783,0.14457831325301204,0.9397590361445783,0.14457831325301204,0.0963855421686747,0.24096385542168675,0.14457831325301204,0.14457831325301204,166,12,0.7018,0.5422,0.1566
2107100,1.0,0.0,1.0,0.4402730375426621,0.856655290102389,0.006825938566552901,0.4061433447098976,0.2935153583617747,0.07167235494880546,0.07167235494880546,0.0,0.0,293,31,0.6101,0.3908,0.0358
2107209,0.958904109589041,0.0,1.0,0.4931506849315068,0.91324200913242,0.4200913242009132,0.6894977168949772,0.7579908675799086,0.319634703196347,0.6529680365296804,0.3561643835616438,0.1187214611872146,219,22,0.613,0.6952,0.3619
2107258,1.0,0.0,1.0,0.9166666666666666,0.9791666666666666,0.0,0.9791666666666666,0.0,0.8958333333333334,0.8958333333333334,0.8958333333333334,0.8958333333333334,96,4,0.7292,0.4896,0.8958
2107308,1.0,0.8260869565217391,1.0,0.8260869565217391,1.0,0.8260869565217391,0.8260869565217391,0.8260869565217391,0.17391304347826086,1.0,0.8260869565217391,0.0,69,2,0.913,0.8696,0.5
2107357,1.0,0.08741258741258741,0.993006993006993,0.6223776223776224,0.7937062937062938,0.36713286713286714,0.8181818181818182,0.36713286713286714,0.08041958041958042,0.08041958041958042,0.08041958041958042,0.11188811188811189,286,28,0.6757,0.5865,0.0883
2107407,1.0,0.0,1.0,0.852017937219731,0.9775784753363229,0.7533632286995515,0.6860986547085202,0.39461883408071746,0.0,0.0,0.0,0.0,223,22,0.713,0.7029,0.0
2107456,1.0,0.0,1.0,0.5879120879120879,0.34065934065934067,0.07142857142857142,0.6153846153846154,0.3956043956043956,0.02197802197802198,0.02197802197802198,0.0,0.07142857142857142,182,22,0.647,0.3558,0.0288
2107506,1.0,0.40160857908847186,1.0,0.8638069705093834,0.6798927613941019,0.2847184986595174,0.6611260053619303,0.43753351206434316,0.0193029490616622,0.47989276139410186,0.4605898123324397,0.014477211796246649,1865,48,0.8164,0.5158,0.2436
2107605,1.0,0.0,1.0,0.23890784982935154,0.7815699658703071,0.22866894197952217,0.6040955631399317,0.31399317406143346,0.0,0.017064846416382253,0.017064846416382253,0.0,293,44,0.5597,0.4821,0.0085
2107704,1.0,0.8252427184466019,1.0,0.8220064724919094,0.919093851132686,0.15857605177993528,0.9288025889967637,0.35275080906148865,0.0,0.08737864077669903,0.08737864077669903,0.18770226537216828,309,17,0.9118,0.5898,0.0906
2107803,0.6478102189781022,0.09854014598540146,1.0,0.3795620437956204,0.7992700729927007,0.5583941605839416,0.8029197080291971,0.4854014598540146,0.09671532846715329,0.3521897810218978,0.25547445255474455,0.1478102189781022,548,36,0.5315,0.6615,0.213
2107902,1.0,0.0,1.0,0.6643109540636042,0.7031802120141343,0.0,0.6607773851590106,0.6607773851590106,0.0,0.2049469964664311,0.2049469964664311,0.26501766784452296,283,18,0.6661,0.5062,0.1687
2108009,1.0,0.0,1.0,0.8571428571428571,0.9963369963369964,0.9926739926739927,0.967032967032967,0.9084249084249084,0.4835164835164835,0.717948717948718,0.26373626373626374,0.6886446886446886,273,17,0.7143,0.9661,0.5385
2108058,0.9381107491856677,0.0,1.0,0.3941368078175896,0.9511400651465798,0.6840390879478827,0.7166123778501629,0.30618892508143325,0.0,0.02280130293159609,0.02280130293159609,0.06840390879478828,307,41,0.5831,0.6645,0.0285
2108108,1.0,0.0,1.0,0.579250720461095,0.7521613832853026,0.3170028818443804,0.659942363112392,0.5043227665706052,0.23919308357348704,0.23919308357348704,0.0,0.6282420749279539,347,30,0.6448,0.5584,0.2767
2108207,1.0,0.5645161290322581,1.0,0.9381720430107527,1.0,0.5618279569892473,0.9865591397849462,0.489247311827957,0.024193548387096774,0.0967741935483871,0.07258064516129033,0.0,372,22,0.8757,0.7594,0.0484
2108256,0.9840909090909091,0.42954545454545456,1.0,0.38636363636363635,0.9113636363636364,0.3431818181818182,0.47954545454545455,0.045454545454545456,0.025,0.056818181818181816,0.031818181818181815,0.0,440,67,0.7,0.4449,0.0284
2108306,0.990228013029316,0.0,1.0,0.5390879478827362,0.8908794788273615,0.44625407166123776,0.744299674267101,0.22312703583061888,0.0781758957654723,0.2182410423452769,0.14006514657980457,0.13680781758957655,614,63,0.6323,0.5761,0.1433
2108405,0.8055555555555556,0.0,1.0,0.3819444444444444,0.8125,0.0,0.3333333333333333,0.3125,0.0,0.0,0.0,0.0,144,27,0.5469,0.3646,0.0
2108454,0.9593023255813954,0.0,1.0,0.6046511627906976,0.8546511627906976,0.436046511627907,0.6715116279069767,0.06686046511627906,0.0,0.1744186046511628,0.1744186046511628,0.0,344,30,0.641,0.5073,0.0872
2108504,0.9932203389830508,0.15423728813559323,1.0,0.7152542372881356,0.9966101694915255,0.04576271186440678,0.3711864406779661,0.3813559322033898,0.0,0.04576271186440678,0.04576271186440678,0.04576271186440678,590,32,0.7157,0.4487,0.0343
2108603,0.5552536231884058,0.0,1.0,0.5960144927536232,0.8306159420289855,0.3442028985507246,0.6204710144927537,0.022644927536231884,0.2210144927536232,0.348731884057971,0.18659420289855072,0.0661231884057971,1104,111,0.5378,0.4545,0.2056
2108702,0.9869791666666666,0.3515625,1.0,0.5520833333333334,0.953125,0.046875,0.59375,0.3125,0.09895833333333333,0.140625,0.057291666666666664,0.08072916666666667,384,32,0.7227,0.4766,0.0944
2108801,1.0,0.0,1.0,0.6038461538461538,0.8884615384615384,0.0,0.09230769230769231,0.0,0.0,0.0,0.0,0.0,260,32,0.651,0.2452,0.0
2108900,1.0,0.35096153846153844,1.0,0.5721153846153846,0.9471153846153846,0.5913461538461539,0.7115384615384616,0.5528846153846154,0.014423076923076924,0.03365384615384615,0.019230769230769232,0.03365384615384615,208,35,0.7308,0.7007,0.0252
2109007,0.9024390243902439,0.0,1.0,0.8482384823848238,0.981029810298103,0.07588075880758807,0.975609756097561,0.31978319783197834,0.0,0.16802168021680217,0.16802168021680217,0.05962059620596206,369,24,0.6877,0.5881,0.0989
2109056,1.0,0.0,1.0,0.6559139784946236,0.9247311827956989,0.11827956989247312,0.8064516129032258,0.0,0.11827956989247312,0.11827956989247312,0.0,0.0,93,6,0.664,0.4624,0.0591
2109106,0.8913934426229508,0.22336065573770492,1.0,0.9569672131147541,0.9713114754098361,0.12090163934426229,0.8524590163934426,0.3319672131147541,0.10655737704918032,0.1864754098360656,0.1864754098360656,0.0,488,21,0.7679,0.5692,0.1199
2109205,0.7802197802197802,0.0,1.0,0.4230769230769231,0.8901098901098901,0.01098901098901099,0.7857142857142857,0.06043956043956044,0.0,0.0,0.0,0.0,182,20,0.5508,0.4368,0.0
2109239,0.8631578947368421,0.0,1.0,0.5894736842105263,0.8842105263157894,0.6421052631578947,0.7684210526315789,0.7052631578947368,0.06315789473684211,0.06315789473684211,0.0,0.0,95,12,0.6132,0.75,0.0316
2109270,0.6014492753623188,0.0,1.0,0.5217391304347826,0.9420289855072463,0.0893719806763285,0.6570048309178744,0.20772946859903382,0.0,0.0,0.0,0.0,414,36,0.5308,0.474,0.0
2109304,0.6919831223628692,0.004219409282700422,1.0,0.459915611814346,0.3291139240506329,0.004219409282700422,0.15611814345991562,0.02531645569620253,0.0,0.0,0.0,0.0,237,32,0.539,0.1287,0.0
2109403,1.0,0.0,1.0,0.2511013215859031,0.23348017621145375,0.0,0.27312775330396477,0.14537444933920704,0.14537444933920704,0.21145374449339208,0.06607929515418502,0.0,227,37,0.5628,0.163,0.1057
2109452,1.0,0.13425925925925927,1.0,0.9861111111111112,1.0,0.0,0.9583333333333334,0.16203703703703703,0.046296296296296294,0.26157407407407407,0.2152777777777778,0.0,432,13,0.7801,0.5301,0.1308
2109502,0.9848866498740554,0.0,1.0,0.836272040302267,0.9748110831234257,0.05037783375314862,0.8614609571788413,0.7481108312342569,0.11083123425692695,0.11083123425692695,0.05037783375314862,0.08816120906801007,397,16,0.7053,0.6587,0.0901
2109551,1.0,0.0,1.0,0.78125,0.9609375,0.84375,0.75,0.0234375,0.0,0.0,0.0,0.03125,128,15,0.6953,0.6445,0.0078
2109601,0.933115823817292,0.05546492659053834,1.0,0.7716150081566069,0.9869494290375204,0.8450244698205547,0.5872756933115824,0.06035889070146819,0.05057096247960848,0.1598694942903752,0.10929853181076672,0.09135399673735727,613,43,0.69,0.6199,0.1028
2109700,1.0,0.0,1.0,0.7526881720430108,0.9032258064516129,0.26881720430107525,1.0,0.8064516129032258,0.0,0.6236559139784946,0.6236559139784946,0.26881720430107525,93,8,0.6882,0.7446,0.379
2109759,1.0,0.3761467889908257,1.0,0.3761467889908257,0.9908256880733946,0.30275229357798167,0.6513761467889908,0.3761467889908257,0.0,0.0,0.0,0.0,109,14,0.6881,0.5803,0.0
2109809,0.9529190207156308,0.09227871939736347,1.0,0.480225988700565,0.8832391713747646,0.01694915254237288,0.5743879472693032,0.352165725047081,0.10357815442561205,0.23163841807909605,0.128060263653484,0.007532956685499058,531,74,0.6314,0.4567,0.1177
2109908,1.0,0.057091882247992866,1.0,0.8840321141837645,0.9910793933987511,0.27386262265834077,0.8296164139161463,0.5807314897413024,0.09812667261373774,0.863514719000892,0.8117752007136485,0.0463871543264942,1121,44,0.7353,0.6688,0.455
2110005,0.8900900900900901,0.0,0.9990990990990991,0.6990990990990991,0.8567567567567568,0.4207207207207207,0.8369369369369369,0.5738738738738739,0.0009009009009009009,0.22072072072072071,0.21981981981981982,0.05855855855855856,1110,108,0.6471,0.6721,0.125
2110039,0.9792284866468842,0.0,1.0,0.8397626112759644,0.9169139465875371,0.2166172106824926,0.5727002967359051,0.002967359050445104,0.2522255192878338,0.32047477744807124,0.32047477744807124,0.1513353115727003,337,27,0.7047,0.4273,0.2611
2110104,1.0,0.042316258351893093,1.0,0.4298440979955457,0.8997772828507795,0.12026726057906459,0.44988864142538976,0.12249443207126949,0.08908685968819599,0.21603563474387527,0.12694877505567928,0.0,449,60,0.618,0.3981,0.108
2110203,0.9594356261022927,0.0,1.0,0.6772486772486772,0.9294532627865961,0.2980599647266314,0.5573192239858906,0.6119929453262787,0.2804232804232804,0.3386243386243386,0.14814814814814814,0.1164021164021164,567,46,0.6592,0.5992,0.2209
2110237,0.36496350364963503,0.0,1.0,0.31386861313868614,1.0,0.49635036496350365,0.6496350364963503,0.145985401459854,0.0,0.0,0.0,0.0,137,15,0.4197,0.573,0.0
2110278,0.10504201680672269,0.0,0.9663865546218487,0.3697478991596639,0.634453781512605,0.03361344537815126,0.2857142857142857,0.058823529411764705,0.1092436974789916,0.1092436974789916,0.0,0.0,238,34,0.3603,0.2532,0.0546
2110302,1.0,0.0,1.0,0.7047619047619048,0.5666666666666667,0.0,0.7619047619047619,0.5619047619047619,0.0,0.1,0.1,0.0,210,31,0.6762,0.4726,0.05
2110401,1.0,0.12745098039215685,1.0,0.4444444444444444,0.6045751633986928,0.08169934640522876,0.6797385620915033,0.6339869281045751,0.2908496732026144,0.3790849673202614,0.20915032679738563,0.3137254901960784,306,40,0.643,0.5,0.2982
2110500,0.9667221297836939,0.11480865224625623,0.9950083194675541,0.5357737104825291,0.800332778702163,0.028286189683860232,0.6089850249584027,0.0016638935108153079,0.09650582362728785,0.09650582362728785,0.0,0.0,601,63,0.6531,0.3598,0.0483
2110609,1.0,0.3333333333333333,1.0,0.6165413533834586,0.6791979949874687,0.14035087719298245,0.7919799498746867,0.40350877192982454,0.047619047619047616,0.2606516290726817,0.21303258145363407,0.0,399,25,0.7375,0.5038,0.1303
2110658,1.0,0.0,1.0,0.9375,1.0,0.044642857142857144,0.9553571428571429,0.0,0.0,0.7946428571428571,0.7946428571428571,0.0,112,5,0.7344,0.5,0.3973
2110708,1.0,0.0,1.0,0.5359848484848485,1.0,0.2859848484848485,0.8125,0.49242424242424243,0.4090909090909091,0.4375,0.10416666666666667,0.07575757575757576,528,44,0.634,0.6477,0.2566
2110807,0.7941176470588235,0.0,1.0,0.6470588235294118,0.9852941176470589,0.6617647058823529,0.8823529411764706,0.6764705882352942,0.5588235294117647,0.5588235294117647,0.0,0.6470588235294118,68,9,0.6103,0.8015,0.4412
2110856,1.0,0.0,1.0,0.875,1.0,0.0,1.0,0.08333333333333333,0.5714285714285714,1.0,0.42857142857142855,0.625,168,7,0.7188,0.5208,0.6562
2110906,1.0,0.4563106796116505,1.0,0.4563106796116505,0.8300970873786407,0.4368932038834951,0.6213592233009708,0.5679611650485437,0.46601941747572817,0.5533980582524272,0.15048543689320387,0.0,206,17,0.7282,0.6141,0.2925
2111003,0.915129151291513,0.025830258302583026,1.0,0.3874538745387454,0.6974169741697417,0.0,0.0959409594095941,0.2693726937269373,0.01107011070110701,0.01107011070110701,0.0,0.0,271,44,0.5821,0.2657,0.0055
2111029,1.0,0.0,1.0,0.5388349514563107,0.9029126213592233,0.0,0.9029126213592233,0.5970873786407767,0.0,0.0,0.0,0.16990291262135923,206,25,0.6347,0.6007,0.0425
2111052,1.0,0.16875,1.0,0.7125,0.88125,0.35625,1.0,0.5875,0.0,0.0,0.0,0.54375,160,15,0.7203,0.7062,0.1359
2111078,0.9686520376175548,0.15047021943573669,1.0,0.47335423197492166,0.7460815047021944,0.3385579937304075,0.7711598746081505,0.11912225705329153,0.04075235109717868,0.42946708463949845,0.3887147335423197,0.11598746081504702,319,47,0.6481,0.4937,0.2437
2111102,1.0,0.0967741935483871,1.0,0.8387096774193549,0.9970674486803519,0.3313782991202346,0.9354838709677419,0.39589442815249265,0.0,0.0,0.0,0.11143695014662756,341,18,0.7339,0.665,0.0279
2111201,1.0,0.03647798742138365,1.0,0.9966457023060796,0.9727463312368972,0.10314465408805032,0.8142557651991614,0.36855345911949683,0.2721174004192872,0.31740041928721174,0.15178197064989518,0.09769392033542977,2385,63,0.7583,0.5647,0.2097
2111250,1.0,0.15384615384615385,1.0,0.6923076923076923,0.8571428571428571,0.8571428571428571,0.6923076923076923,0.6923076923076923,0.054945054945054944,0.10989010989010989,0.10989010989010989,0.0,91,10,0.7115,0.7747,0.0687
2111300,0.9786811440677966,0.4135328389830508,1.0,0.984375,0.8670550847457628,0.1481726694915254,0.9445180084745762,0.3599046610169492,0.7571504237288136,0.8163400423728814,0.133739406779661,0.2562235169491525,7552,109,0.8441,0.5799,0.4909
2111409,0.9912280701754386,0.0,1.0,0.38011695906432746,0.07894736842105263,0.02631578947368421,0.1023391812865497,0.014619883040935672,0.005847953216374269,0.005847953216374269,0.0,0.005847953216374269,342,58,0.5928,0.0556,0.0044
2111508,0.745928338762215,0.0,1.0,0.7312703583061889,0.9641693811074918,0.08143322475570032,0.6400651465798045,0.30944625407166126,0.07003257328990228,0.07003257328990228,0.0,0.0,614,38,0.6193,0.4988,0.035
2111532,0.9692307692307692,0.2923076923076923,1.0,0.958974358974359,0.958974358974359,0.4358974358974359,0.958974358974359,0.958974358974359,0.4358974358974359,0.7282051282051282,0.7282051282051282,0.2923076923076923,195,5,0.8051,0.8282,0.5462
2111573,1.0,0.0,1.0,0.719626168224299,1.0,0.5420560747663551,1.0,0.2616822429906542,0.0,0.45794392523364486,0.45794392523364486,0.2616822429906542,107,4,0.6799,0.7009,0.2944
2111607,0.7447552447552448,0.0,1.0,0.9370629370629371,0.993006993006993,0.0,0.8496503496503497,0.458041958041958,0.0,0.2727272727272727,0.2727272727272727,0.16083916083916083,286,16,0.6705,0.5752,0.1766
2111631,0.9761904761904762,0.20238095238095238,1.0,0.5238095238095238,0.7976190476190477,0.32142857142857145,0.5238095238095238,0.20238095238095238,0.047619047619047616,0.047619047619047616,0.0,0.20238095238095238,84,10,0.6756,0.4613,0.0744
2111672,0.1,0.1111111111111111,1.0,0.6888888888888889,0.8444444444444444,0.0,0.5666666666666667,0.0,0.45555555555555555,0.45555555555555555,0.07777777777777778,0.0,90,11,0.475,0.3528,0.2472
2111706,1.0,0.0,1.0,0.4275618374558304,0.1625441696113074,0.007067137809187279,0.0706713780918728,0.0,0.0,0.0,0.0,0.0,283,35,0.6069,0.0601,0.0
2111722,0.44,0.016,1.0,0.432,0.976,0.0,0.664,0.024,0.0,0.016,0.016,0.024,125,23,0.472,0.416,0.014
2111748,1.0,0.04591836734693878,1.0,0.5561224489795918,0.39285714285714285,0.0,0.3673469387755102,0.09693877551020408,0.0,0.0,0.0,0.0,196,20,0.6505,0.2143,0.0
2111763,1.0,0.0,1.0,0.9366515837104072,1.0,0.20361990950226244,0.9773755656108597,0.13574660633484162,0.0,0.0,0.0,0.12217194570135746,221,14,0.7342,0.5792,0.0305
2111789,0.7734806629834254,0.0,0.994475138121547,0.4198895027624309,0.8784530386740331,0.0,0.35359116022099446,0.049723756906077346,0.03314917127071823,0.03314917127071823,0.0,0.0,181,16,0.547,0.3204,0.0166
2111805,0.9597701149425287,0.0,1.0,0.4511494252873563,0.8879310344827587,0.3275862068965517,0.6695402298850575,0.5517241379310345,0.0,0.14655172413793102,0.14655172413793102,0.5229885057471264,348,24,0.6027,0.6092,0.204
2111904,0.9627329192546584,0.0,1.0,0.6645962732919255,0.9751552795031055,0.84472049689441,1.0,0.055900621118012424,0.10559006211180125,0.10559006211180125,0.0,0.0,161,10,0.6568,0.7189,0.0528
2111953,1.0,0.0,1.0,0.52,1.0,0.29333333333333333,0.48,0.0,0.29333333333333333,0.29333333333333333,0.0,0.0,75,9,0.63,0.4433,0.1467
2112001,0.8625,0.0,1.0,0.85,0.98125,0.0,0.8875,0.6875,0.0,0.0,0.0,0.0,160,9,0.6781,0.6391,0.0
2112100,1.0,0.0,1.0,0.7767441860465116,0.9558139534883721,0.17906976744186046,0.8883720930232558,0.10232558139534884,0.0,0.011627906976744186,0.011627906976744186,0.0,430,36,0.6942,0.5314,0.0058
2112209,1.0,0.1462140992167102,1.0,0.8481288076588338,0.9852045256744996,0.24369016536118362,0.918189730200174,0.40992167101827676,0.05004351610095736,0.557006092254134,0.557006092254134,0.13054830287206268,2298,54,0.7486,0.6393,0.3237
2112233,1.0,0.07530120481927711,1.0,0.9337349397590361,1.0,1.0,0.8614457831325302,0.3463855421686747,0.0,0.39156626506024095,0.39156626506024095,0.0,332,14,0.7523,0.802,0.1958
2112274,1.0,0.0,1.0,0.0,0.9666666666666667,0.10833333333333334,0.9333333333333333,0.03333333333333333,0.0,0.0,0.0,0.0,120,12,0.5,0.5104,0.0
2112308,1.0,0.16024340770791076,0.9837728194726166,0.6673427991886409,0.9310344827586207,0.31237322515212984,0.7890466531440162,0.3894523326572008,0.38336713995943206,0.5476673427991886,0.20081135902636918,0.1643002028397566,493,43,0.7028,0.6055,0.324
2112407,0.9727891156462585,0.0,0.9897959183673469,0.40816326530612246,0.9727891156462585,0.2925170068027211,0.6666666666666666,0.003401360544217687,0.034013605442176874,0.08503401360544217,0.05102040816326531,0.0,294,64,0.5927,0.4838,0.0425
2112456,1.0,0.0,1.0,0.6217494089834515,0.9858156028368794,0.789598108747045,0.75177304964539,0.4373522458628842,0.29550827423167847,0.29550827423167847,0.06382978723404255,0.0,423,43,0.6554,0.7411,0.1637
2112506,0.9107551487414187,0.013729977116704805,1.0,0.7082379862700229,0.9633867276887872,0.2334096109839817,0.8718535469107551,0.5743707093821511,0.28604118993135014,0.43478260869565216,0.20137299771167047,0.15217391304347827,874,59,0.6582,0.6608,0.2686
2112605,0.9964850615114236,0.0,1.0,0.5764499121265377,0.7205623901581723,0.30579964850615116,0.945518453427065,0.27240773286467485,0.054481546572934976,0.2759226713532513,0.22144112478031636,0.29876977152899825,569,53,0.6432,0.5611,0.2127
2112704,0.9407665505226481,0.22067363530778164,1.0,0.6991869918699187,0.9094076655052264,0.025551684088269456,0.8164924506387921,0.49477351916376305,0.1672473867595819,0.37398373983739835,0.2346109175377468,0.11614401858304298,861,46,0.7152,0.5616,0.223
2112803,0.978494623655914,0.0,1.0,0.6,0.946236559139785,0.34301075268817205,0.6258064516129033,0.3827956989247312,0.16129032258064516,0.16129032258064516,0.0,0.05806451612903226,930,77,0.6446,0.5745,0.0952
2112852,0.0,0.0,1.0,1.0,1.0,0.0,1.0,0.2328042328042328,0.10052910052910052,0.8677248677248677,0.7671957671957672,0.10052910052910052,189,3,0.5,0.5582,0.459
2112902,1.0,0.0,1.0,0.6601123595505618,0.898876404494382,0.0056179775280898875,0.3707865168539326,0.12078651685393259,0.03089887640449438,0.23314606741573032,0.20224719101123595,0.0,356,36,0.665,0.349,0.1166
2113009,0.975609756097561,0.0,1.0,0.8048780487804879,1.0,0.1662971175166297,0.8758314855875832,0.2394678492239468,0.057649667405764965,0.057649667405764965,0.0,0.06651884700665188,451,27,0.6951,0.5704,0.0455
2114007,0.9857594936708861,0.04588607594936709,1.0,0.7136075949367089,0.9430379746835443,0.060126582278481014,0.7563291139240507,0.30537974683544306,0.0,0.0,0.0,0.0,632,55,0.6863,0.5162,0.0
2200053,1.0,0.0,1.0,0.6625,1.0,0.375,1.0,0.0,0.0,0.7,0.7,0.0,80,6,0.6656,0.5938,0.35
2200103,1.0,1.0,1.0,1.0,1.0,0.0,1.0,0.0,0.0,0.0,0.0,0.0,88,1,1.0,0.5,0.0
2200202,1.0,0.33783783783783783,1.0,1.0,1.0,0.7117117117117117,1.0,0.7117117117117117,0.0,0.6531531531531531,0.6531531531531531,0.8963963963963963,222,6,0.8345,0.8559,0.5507
2200251,1.0,0.0,1.0,0.864406779661017,0.7796610169491526,0.288135593220339,0.423728813559322,0.423728813559322,0.3559322033898305,0.6949152542372882,0.3389830508474576,0.0,59,5,0.7161,0.4788,0.3475
2200277,1.0,0.12307692307692308,1.0,0.27692307692307694,1.0,0.8769230769230769,1.0,0.0,0.12307692307692308,0.12307692307692308,0.0,0.0,65,3,0.6,0.7192,0.0615
2200301,1.0,0.32666666666666666,1.0,0.6466666666666666,0.8533333333333334,0.44666666666666666,0.72,0.25333333333333335,0.29333333333333333,0.5266666666666666,0.32,0.08666666666666667,150,14,0.7433,0.5683,0.3067
2200400,1.0,0.17124394184168013,1.0,0.9095315024232633,0.9822294022617124,0.11631663974151858,0.789983844911147,0.6865912762520194,0.08562197092084006,0.08562197092084006,0.0,0.18739903069466882,619,16,0.7702,0.6438,0.0897
2200459,1.0,0.6153846153846154,1.0,0.5128205128205128,0.9743589743589743,0.10256410256410256,1.0,0.8589743589743589,0.7564102564102564,0.7564102564102564,0.5128205128205128,0.8846153846153846,78,5,0.7821,0.734,0.7276
2200509,0.8273092369477911,0.0,1.0,0.5461847389558233,0.8835341365461847,0.15261044176706828,0.5582329317269076,0.5220883534136547,0.17269076305220885,0.17269076305220885,0.0,0.24899598393574296,249,16,0.5934,0.5291,0.1486
2200608,1.0,0.0,1.0,1.0,1.0,0.6938775510204082,0.8673469387755102,0.6224489795918368,0.6224489795918368,0.8673469387755102,0.8673469387755102,0.6224489795918368,98,4,0.75,0.7959,0.7449
2200707,1.0,0.0,1.0,0.868421052631579,1.0,0.4649122807017544,0.8771929824561403,0.7456140350877193,0.2982456140350877,0.45614035087719296,0.15789473684210525,0.17543859649122806,114,7,0.7171,0.7719,0.2719
2200806,1.0,1.0,1.0,1.0,1.0,0.0,1.0,1.0,0.0,0.0,0.0,1.0,57,1,1.0,0.75,0.25
2200905,1.0,0.0,1.0,0.6164383561643836,1.0,0.6164383561643836,1.0,0.6164383561643836,0.7123287671232876,0.7123287671232876,0.0,0.0,73,5,0.6541,0.8082,0.3562
2200954,1.0,0.37142857142857144,1.0,0.9714285714285714,1.0,1.0,1.0,0.9714285714285714,0.6,0.6,0.6,0.0,35,3,0.8357,0.9929,0.45
2201002,1.0,0.0,1.0,0.7258064516129032,1.0,0.9193548387096774,0.9193548387096774,0.06451612903225806,0.0,0.0,0.0,0.06451612903225806,62,5,0.6815,0.7258,0.0161
2201051,1.0,0.0,1.0,0.5454545454545454,0.972027972027972,0.0,0.972027972027972,0.0,0.0,0.18181818181818182,0.18181818181818182,0.0,143,9,0.6364,0.486,0.0909
2201101,1.0,0.0,0.9492753623188406,0.8478260869565217,0.8913043478260869,0.0,0.8913043478260869,0.6014492753623188,0.2898550724637681,0.2898550724637681,0.0,0.0,138,5,0.6993,0.596,0.1449
2201150,1.0,0.0,1.0,0.7758007117437722,1.0,0.09608540925266904,0.9572953736654805,0.4092526690391459,0.0,0.21352313167259787,0.21352313167259787,0.0,281,9,0.694,0.6157,0.1068
2201176,1.0,0.0,1.0,1.0,1.0,0.0,1.0,1.0,0.0,0.0,0.0,0.0,65,1,0.75,0.75,0.0
2201200,1.0,0.352112676056338,1.0,0.48169014084507045,1.0,0.9014084507042254,0.9098591549295775,0.45492957746478874,0.16056338028169015,0.16056338028169015,0.12253521126760564,0.03943661971830986,710,35,0.7085,0.8165,0.1208
2201309,1.0,0.0,0.9591836734693877,0.7346938775510204,0.8571428571428571,0.0,0.7346938775510204,0.7346938775510204,0.0,0.0,0.0,0.0,49,8,0.6735,0.5816,0.0
2201408,1.0,0.0,1.0,1.0,1.0,0.4,1.0,1.0,1.0,1.0,0.4,1.0,60,2,0.75,0.85,0.85
2201507,1.0,0.020477815699658702,1.0,0.5870307167235495,0.9965870307167235,0.030716723549488054,0.7849829351535836,0.28668941979522183,0.06143344709897611,0.06143344709897611,0.0,0.017064846416382253,293,20,0.6519,0.5247,0.035
2201556,1.0,1.0,1.0,1.0,1.0,1.0,0.7627118644067796,0.0,0.0,0.7627118644067796,0.7627118644067796,0.0,59,3,1.0,0.6907,0.3814
2201572,1.0,0.0,1.0,0.8979591836734694,1.0,0.8979591836734694,1.0,1.0,0.0,1.0,1.0,1.0,49,3,0.7245,0.9745,0.75
2201606,1.0,0.4968944099378882,1.0,0.7763975155279503,0.9751552795031055,0.2919254658385093,1.0,0.8633540372670807,0.38509316770186336,0.39751552795031053,0.30434782608695654,0.2919254658385093,161,9,0.8183,0.7826,0.3447
2201705,0.8732394366197183,0.0,1.0,0.704225352112676,0.704225352112676,0.28169014084507044,0.647887323943662,0.647887323943662,0.28169014084507044,0.28169014084507044,0.0,0.0,71,5,0.6444,0.5704,0.1408
2201739,1.0,0.0,1.0,0.6666666666666666,1.0,0.6929824561403509,1.0,0.0,0.0,0.5701754385964912,0.5701754385964912,0.0,114,5,0.6667,0.6732,0.2851
2201770,1.0,0.6195652173913043,1.0,0.6630434782608695,0.8478260869565217,0.0,0.2391304347826087,0.5108695652173914,0.0,0.0,0.0,0.0,92,9,0.8207,0.3995,0.0
2201804,1.0,0.0,1.0,0.7391304347826086,0.8695652173913043,0.1956521739130435,0.5652173913043478,0.5652173913043478,0.0,0.10869565217391304,0.10869565217391304,0.0,46,7,0.6848,0.5489,0.0543
2201903,1.0,0.5714285714285714,0.9927360774818402,0.9757869249394673,1.0,0.42857142857142855,0.9661016949152542,0.6779661016949152,0.0,0.04116222760290557,0.04116222760290557,0.4963680387409201,413,12,0.885,0.7682,0.1447
2201919,1.0,0.04,1.0,0.6,0.97,0.12,0.93,0.83,0.34,0.46,0.46,0.34,100,13,0.66,0.7125,0.4
2201929,1.0,0.0,1.0,0.8375,1.0,0.0,1.0,1.0,0.0,0.0,0.0,0.0,80,3,0.7094,0.75,0.0
2201945,1.0,0.0,1.0,0.9099099099099099,1.0,0.26126126126126126,0.5495495495495496,0.26126126126126126,0.0,0.0,0.0,0.09009009009009009,111,6,0.7275,0.518,0.0225
2201960,1.0,0.2440944881889764,1.0,0.9133858267716536,1.0,0.6771653543307087,1.0,0.08661417322834646,0.0,0.0,0.0,0.15748031496062992,127,4,0.7894,0.6909,0.0394
2201988,0.9571428571428572,0.0,1.0,0.8285714285714286,0.8285714285714286,0.0,0.8285714285714286,0.8285714285714286,0.0,0.0,0.0,0.0,70,4,0.6964,0.6214,0.0
2202000,1.0,0.0,1.0,0.8246753246753247,1.0,0.12012987012987013,0.6428571428571429,0.39935064935064934,0.18181818181818182,0.4642857142857143,0.2824675324675325,0.0,308,15,0.7062,0.5406,0.2321
2202026,1.0,0.0,1.0,0.9603960396039604,1.0,0.0,1.0,0.45544554455445546,0.15841584158415842,0.6633663366336634,0.6633663366336634,0.45544554455445546,101,8,0.7401,0.6139,0.4851
2202059,1.0,0.0,1.0,0.4728682170542636,1.0,1.0,0.2248062015503876,0.5968992248062015,0.0,0.06201550387596899,0.06201550387596899,0.0,129,9,0.6182,0.7054,0.031
2202075,1.0,0.0,1.0,0.43243243243243246,0.972972972972973,0.6756756756756757,0.43243243243243246,0.43243243243243246,0.0,0.6756756756756757,0.6756756756756757,0.0,37,6,0.6081,0.6284,0.3378
2202083,0.0,0.0,1.0,1.0,1.0,0.0,1.0,0.0,0.112,0.112,0.112,0.0,125,4,0.5,0.5,0.084
2202091,1.0,0.0,1.0,0.5205479452054794,0.8356164383561644,0.1506849315068493,0.958904109589041,0.7945205479452054,0.1506849315068493,0.273972602739726,0.1232876712328767,0.1506849315068493,73,5,0.6301,0.6849,0.1747
2202109,1.0,0.0,1.0,0.6307692307692307,1.0,0.1076923076923077,0.8461538461538461,0.12307692307692308,0.7076923076923077,0.7076923076923077,0.0,0.0,65,10,0.6577,0.5192,0.3538
2202117,1.0,0.0,1.0,0.3728813559322034,1.0,0.3220338983050847,0.8135593220338984,1.0,0.0,0.0,0.0,0.0,59,8,0.5932,0.7839,0.0
2202133,1.0,0.0,1.0,0.44565217391304346,1.0,0.15217391304347827,1.0,0.18478260869565216,0.0,0.8913043478260869,0.8913043478260869,0.0,92,4,0.6114,0.5842,0.4457
2202174,0.9347826086956522,0.0,1.0,0.38405797101449274,0.855072463768116,0.0,0.8333333333333334,0.2246376811594203,0.0,0.0,0.0,0.0,138,8,0.5797,0.4783,0.0
2202208,0.9798387096774194,0.1350806451612903,1.0,0.8971774193548387,1.0,0.17137096774193547,0.9798387096774194,0.8548387096774194,0.42943548387096775,0.5705645161290323,0.42943548387096775,0.40725806451612906,496,16,0.753,0.7515,0.4592
2202251,1.0,0.5777777777777777,1.0,0.9111111111111111,1.0,0.0,0.9111111111111111,0.9111111111111111,0.0,0.3333333333333333,0.3333333333333333,0.0,45,3,0.8722,0.7056,0.1667
2202307,1.0,0.3151750972762646,1.0,0.8443579766536965,1.0,0.08560311284046693,0.8054474708171206,0.33852140077821014,0.0,0.19455252918287938,0.19455252918287938,0.19455252918287938,257,10,0.7899,0.5574,0.1459
2202406,1.0,0.03676470588235294,1.0,1.0,1.0,0.18382352941176472,0.9705882352941176,0.03676470588235294,0.5147058823529411,0.9191176470588235,0.5514705882352942,0.0,136,7,0.7592,0.5478,0.4963
2202455,1.0,0.0,1.0,0.8235294117647058,1.0,0.9607843137254902,1.0,1.0,0.8235294117647058,0.8235294117647058,0.0,0.8235294117647058,51,4,0.7059,0.9902,0.6176
2202505,1.0,0.11764705882352941,1.0,0.39215686274509803,0.3137254901960784,0.0,0.6143790849673203,0.6143790849673203,0.0,0.026143790849673203,0.026143790849673203,0.0,153,13,0.6275,0.3856,0.0131
2202539,1.0,0.0,1.0,0.8,1.0,0.0,0.9529411764705882,0.0,0.5529411764705883,0.5529411764705883,0.0,0.0,85,5,0.7,0.4882,0.2765
2202554,1.0,0.0,1.0,0.1282051282051282,1.0,0.7307692307692307,0.9487179487179487,0.8205128205128205,0.08974358974358974,0.8205128205128205,0.8205128205128205,0.0,78,4,0.5321,0.875,0.4327
2202604,1.0,0.0,1.0,0.7725490196078432,0.9647058823529412,0.34509803921568627,0.8352941176470589,0.23137254901960785,0.0,0.22745098039215686,0.22745098039215686,0.0,255,19,0.6931,0.5941,0.1137
2202653,1.0,0.0449438202247191,1.0,0.5842696629213483,0.8764044943820225,0.14606741573033707,0.7528089887640449,0.5393258426966292,0.43820224719101125,0.43820224719101125,0.39325842696629215,0.0,89,6,0.6573,0.5787,0.3174
2202703,1.0,0.0,1.0,0.5217391304347826,0.907608695652174,0.6413043478260869,0.8125,0.6983695652173914,0.3179347826086957,0.37228260869565216,0.05434782608695652,0.6195652173913043,368,16,0.6304,0.7649,0.341
2202711,1.0,0.7297297297297297,1.0,0.7972972972972973,0.972972972972973,0.0,0.7972972972972973,0.8243243243243243,0.7297297297297297,0.7297297297297297,0.7297297297297297,0.0,74,4,0.8818,0.6486,0.5473
2202729,0.75,0.0,1.0,0.7727272727272727,1.0,0.0,1.0,0.0,0.0,0.0,0.0,0.0,88,5,0.6307,0.5,0.0
2202737,1.0,0.0,1.0,0.8289473684210527,1.0,0.7368421052631579,1.0,0.0,0.0,0.0,0.0,0.0,76,3,0.7072,0.6842,0.0
2202752,0.5974025974025974,0.0,1.0,0.974025974025974,1.0,0.974025974025974,1.0,1.0,0.0,0.24675324675324675,0.24675324675324675,0.19480519480519481,77,5,0.6429,0.9935,0.1721
2202778,1.0,0.0,1.0,0.8604651162790697,1.0,0.8604651162790697,1.0,0.7325581395348837,0.0,0.0,0.0,0.0,86,4,0.7151,0.8983,0.0
2202802,1.0,0.0,1.0,0.7586206896551724,1.0,0.0,0.7586206896551724,0.7586206896551724,0.0,0.9827586206896551,0.9827586206896551,0.0,58,3,0.6897,0.6293,0.4914
2202851,1.0,0.0,1.0,0.5483870967741935,1.0,0.0,1.0,1.0,0.0,1.0,1.0,0.0,62,4,0.6371,0.75,0.5
2202901,0.9560117302052786,0.25806451612903225,1.0,0.5777126099706745,0.9384164222873901,0.09090909090909091,0.46920821114369504,0.04398826979472141,0.49560117302052786,0.49560117302052786,0.0,0.0,341,18,0.6979,0.3856,0.2478
2203008,0.04918032786885246,0.0,1.0,0.7704918032786885,1.0,0.0,0.8442622950819673,0.0,0.0,0.0,0.0,0.0,122,5,0.4549,0.4611,0.0
2203107,1.0,0.3391812865497076,1.0,0.8654970760233918,1.0,0.0,0.9649122807017544,0.6374269005847953,0.3742690058479532,0.3742690058479532,0.0,0.3391812865497076,171,6,0.8012,0.6506,0.2719
2203206,1.0,0.0,1.0,0.8081395348837209,0.5348837209302325,0.01744186046511628,0.4186046511627907,0.3023255813953488,0.0,0.0,0.0,0.0,172,8,0.702,0.3183,0.0
2203230,1.0,0.0,0.9647058823529412,0.6352941176470588,0.9647058823529412,0.8235294117647058,0.9647058823529412,0.8235294117647058,0.0,0.0,0.0,0.7764705882352941,85,9,0.65,0.8941,0.1941
2203255,1.0,0.0,1.0,0.9166666666666666,1.0,0.0,0.2361111111111111,0.0,0.0,0.0,0.0,0.0,72,3,0.7292,0.309,0.0
2203271,1.0,0.47619047619047616,1.0,0.47619047619047616,0.9166666666666666,0.47619047619047616,0.47619047619047616,0.0,0.0,0.0,0.0,0.0,84,9,0.7381,0.4673,0.0
2203305,1.0,1.0,1.0,0.9343629343629344,1.0,0.0,1.0,0.9034749034749034,0.06563706563706563,0.06563706563706563,0.06563706563706563,0.0,259,6,0.9836,0.7259,0.0492
2203354,1.0,0.0,0.92,0.78,0.9,0.13,1.0,0.12,0.65,0.65,0.0,0.0,100,5,0.675,0.5375,0.325
2203404,1.0,0.0,1.0,1.0,1.0,0.0,0.8311688311688312,0.7272727272727273,0.7272727272727273,0.7272727272727273,0.0,0.4935064935064935,77,4,0.75,0.6396,0.487
2203420,1.0,0.0,1.0,0.573170731707317,1.0,1.0,1.0,0.9512195121951219,0.32926829268292684,0.5609756097560976,0.23170731707317074,0.32926829268292684,82,6,0.6433,0.9878,0.3628
2203453,1.0,0.0,0.9777777777777777,0.4777777777777778,0.9777777777777777,0.0,0.4777777777777778,0.4777777777777778,0.4777777777777778,0.4777777777777778,0.0,0.0,90,11,0.6139,0.4833,0.2389
2203503,1.0,0.4830508474576271,1.0,0.788135593220339,0.9745762711864406,0.1694915254237288,0.8813559322033898,0.4830508474576271,0.5,0.7966101694915254,0.2966101694915254,0.01694915254237288,118,13,0.8178,0.6271,0.4025
2203602,1.0,0.0,1.0,0.9777777777777777,0.9777777777777777,0.0,0.9777777777777777,0.022222222222222223,0.0,0.9555555555555556,0.9555555555555556,0.0,45,3,0.7444,0.4944,0.4778
2203701,1.0,0.19874476987447698,1.0,0.700836820083682,0.9225941422594143,0.0,0.9372384937238494,0.043933054393305436,0.1087866108786611,0.1694560669456067,0.100418410041841,0.0,478,22,0.7249,0.4759,0.0947
2203750,1.0,0.0,1.0,0.4533333333333333,0.8,0.0,0.8,0.4533333333333333,0.4533333333333333,0.4533333333333333,0.0,0.0,75,7,0.6133,0.5133,0.2267
2203800,1.0,0.0,1.0,0.8307692307692308,0.9538461538461539,0.0,0.9538461538461539,0.12307692307692308,0.0,0.0,0.0,0.0,65,4,0.7077,0.5077,0.0
2203859,1.0,0.0,1.0,0.84,1.0,0.0,1.0,1.0,0.0,0.84,0.84,0.0,25,2,0.71,0.75,0.42
2203909,1.0,0.2696456086286595,1.0,0.8798151001540832,0.847457627118644,0.3713405238828968,0.7334360554699538,0.5716486902927581,0.12788906009244994,0.20184899845916796,0.07395993836671803,0.5731895223420647,649,31,0.7874,0.631,0.2442
2204006,1.0,0.0,1.0,1.0,1.0,0.0,1.0,0.0,0.0,1.0,1.0,0.0,61,1,0.75,0.5,0.5
2204105,1.0,0.0,1.0,0.7377049180327869,1.0,0.0,1.0,0.7377049180327869,0.7377049180327869,0.7377049180327869,0.0,0.0,61,2,0.6844,0.6844,0.3689
2204154,1.0,0.8857142857142857,1.0,0.8857142857142857,1.0,0.0,1.0,0.8857142857142857,0.0,0.8857142857142857,0.8857142857142857,0.0,35,2,0.9429,0.7214,0.4429
2204204,1.0,0.0,1.0,0.9431818181818182,0.9431818181818182,0.0,1.0,0.5,0.9431818181818182,0.9431818181818182,0.9431818181818182,0.0,88,3,0.7358,0.6108,0.7074
2204303,1.0,0.8181818181818182,1.0,1.0,1.0,0.8181818181818182,0.8181818181818182,0.8181818181818182,0.2,0.38181818181818183,0.38181818181818183,0.8181818181818182,110,3,0.9545,0.8636,0.4455
2204352,0.4155844155844156,0.0,1.0,0.5844155844155844,0.5844155844155844,0.0,0.5844155844155844,0.0,0.0,0.6493506493506493,0.6493506493506493,0.0,77,6,0.5,0.2922,0.3247
2204402,1.0,0.0,0.9190751445086706,0.7109826589595376,0.8554913294797688,0.023121387283236993,0.7976878612716763,0.7341040462427746,0.0,0.0,0.0,0.0,173,20,0.6575,0.6026,0.0
2204501,1.0,0.8623188405797102,1.0,0.9130434782608695,1.0,0.0,1.0,0.6956521739130435,0.47101449275362317,0.6594202898550725,0.4420289855072464,0.2536231884057971,138,6,0.9438,0.6739,0.4565
2204550,1.0,0.0,1.0,0.6103896103896104,1.0,1.0,1.0,1.0,0.35064935064935066,0.35064935064935066,0.0,0.8441558441558441,77,7,0.6526,1.0,0.3864
2204600,1.0,0.0,1.0,1.0,1.0,0.5686274509803921,0.43137254901960786,0.43137254901960786,0.0,0.0,0.0,0.43137254901960786,51,2,0.75,0.6078,0.1078
2204659,0.8543046357615894,0.0,1.0,1.0,0.7483443708609272,0.1456953642384106,0.9205298013245033,0.7483443708609272,0.0,0.0,0.0,0.0,151,5,0.7136,0.6407,0.0
2204709,1.0,0.0,1.0,1.0,0.8947368421052632,0.0,0.8947368421052632,0.5380116959064327,0.7017543859649122,0.8654970760233918,0.7660818713450293,0.13450292397660818,171,6,0.75,0.5819,0.617
2204808,0.7232142857142857,0.0,1.0,0.7232142857142857,1.0,0.0,1.0,0.08035714285714286,0.17857142857142858,0.17857142857142858,0.17857142857142858,0.0,112,6,0.6116,0.5201,0.1339
2204907,1.0,0.0,1.0,0.7536231884057971,1.0,0.11594202898550725,1.0,0.11594202898550725,0.6739130434782609,0.6739130434782609,0.0,0.0,138,6,0.6884,0.558,0.337
2205003,1.0,0.6363636363636364,1.0,0.7768595041322314,1.0,0.1487603305785124,0.7603305785123967,0.7355371900826446,0.0,0.7355371900826446,0.7355371900826446,0.1487603305785124,121,5,0.8533,0.6612,0.405
2205102,1.0,0.0,1.0,0.7053571428571429,0.875,0.05357142857142857,0.7321428571428571,0.4017857142857143,0.0,0.0,0.0,0.0,112,18,0.6763,0.5156,0.0
2205151,1.0,0.0,1.0,0.8735632183908046,1.0,1.0,1.0,0.0,0.0,0.0,0.0,0.0,87,5,0.7184,0.75,0.0
2205201,1.0,0.0,1.0,0.5625,0.7932692307692307,0.10096153846153846,0.5336538461538461,0.4326923076923077,0.10096153846153846,0.10096153846153846,0.10096153846153846,0.25961538461538464,208,11,0.6406,0.4651,0.1406
2205250,1.0,0.0,1.0,0.3409090909090909,0.9545454545454546,0.9545454545454546,0.5454545454545454,0.2727272727272727,0.0,0.0,0.0,0.0,44,7,0.5852,0.6818,0.0
2205276,1.0,0.7017543859649122,1.0,0.6140350877192983,0.9649122807017544,0.3333333333333333,0.631578947368421,0.6842105263157895,0.0,0.3333333333333333,0.3333333333333333,0.3333333333333333,57,9,0.8289,0.6535,0.25
2205300,1.0,0.75,1.0,1.0,1.0,0.0,0.75,0.75,0.75,0.75,0.0,0.0,36,2,0.9375,0.625,0.375
2205359,1.0,0.0,1.0,1.0,0.7317073170731707,0.0,0.0,0.0,0.0,0.0,0.0,0.0,41,2,0.75,0.1829,0.0
2205409,1.0,0.3956043956043956,1.0,0.6648351648351648,0.9835164835164835,0.5659340659340659,0.9835164835164835,0.3956043956043956,0.0,0.5659340659340659,0.5659340659340659,0.3956043956043956,182,9,0.7651,0.7321,0.3819
2205458,1.0,0.0,1.0,0.627906976744186,0.9302325581395349,0.0,0.5348837209302325,0.0,0.0,0.0,0.0,0.0,86,10,0.657,0.3663,0.0
2205508,1.0,0.1310592459605027,1.0,0.6840215439856373,0.992818671454219,0.12567324955116696,0.9838420107719928,0.28186714542190305,0.13824057450628366,0.6355475763016158,0.49730700179533216,0.24416517055655296,557,22,0.7038,0.5961,0.3788
2205516,1.0,0.0,1.0,1.0,1.0,0.32727272727272727,0.9454545454545454,0.0,0.5454545454545454,0.5454545454545454,0.0,0.0,55,6,0.75,0.5682,0.2727
2205524,1.0,0.0,1.0,1.0,1.0,1.0,1.0,0.15294117647058825,0.0,0.0,0.0,0.0,85,4,0.75,0.7882,0.0
2205532,1.0,0.0,1.0,0.9285714285714286,0.8857142857142857,0.8857142857142857,0.8857142857142857,0.5285714285714286,0.0,0.0,0.0,0.21428571428571427,70,5,0.7321,0.7964,0.0536
2205540,1.0,0.0,1.0,1.0,1.0,0.0,1.0,1.0,0.0,0.38461538461538464,0.38461538461538464,0.0,52,3,0.75,0.75,0.1923
2205557,1.0,0.0,1.0,0.6917293233082706,0.8571428571428571,0.16541353383458646,1.0,0.6917293233082706,0.0,0.0,0.0,0.0,133,4,0.6729,0.6786,0.0
2205565,1.0,0.0,1.0,0.8823529411764706,1.0,0.0,1.0,0.11764705882352941,0.7294117647058823,0.7294117647058823,0.0,0.0,85,3,0.7206,0.5294,0.3647
2205573,1.0,0.0,1.0,0.9705882352941176,1.0,0.8308823529411765,0.19852941176470587,0.16911764705882354,0.5955882352941176,0.5955882352941176,0.5955882352941176,0.0,136,7,0.7426,0.5496,0.4467
2205581,1.0,0.0,1.0,0.9824561403508771,0.9824561403508771,0.0,1.0,0.9824561403508771,0.0,0.9824561403508771,0.9824561403508771,0.0,57,3,0.7456,0.7412,0.4912
2205599,1.0,0.3548387096774194,1.0,0.6290322580645161,1.0,0.6451612903225806,0.967741935483871,0.7096774193548387,0.27419354838709675,0.6290322580645161,0.532258064516129,0.6290322580645161,62,9,0.746,0.8306,0.5161
2205607,1.0,0.0,1.0,1.0,1.0,0.0,1.0,0.0,0.0,0.0,0.0,0.0,60,3,0.75,0.5,0.0
2205706,0.9868667917448405,0.0,1.0,0.5647279549718575,0.9849906191369606,0.9305816135084428,0.6285178236397748,0.3433395872420263,0.19136960600375236,0.20075046904315197,0.06941838649155722,0.0,533,38,0.6379,0.7219,0.1154
2205805,0.9940476190476191,0.39285714285714285,1.0,0.7083333333333334,1.0,0.2113095238095238,0.8095238095238095,0.1636904761904762,0.0,0.18452380952380953,0.18452380952380953,0.023809523809523808,336,33,0.7738,0.5461,0.0982
2205854,1.0,0.0,1.0,0.6086956521739131,1.0,0.9420289855072463,0.9637681159420289,0.9420289855072463,0.0,0.0,0.0,0.0,138,7,0.6522,0.962,0.0
2205904,1.0,0.0,1.0,0.9324324324324325,1.0,0.2972972972972973,0.9594594594594594,0.6891891891891891,0.0,0.0,0.0,0.0,74,5,0.7331,0.7365,0.0
2205953,1.0,0.0,1.0,1.0,1.0,0.0,1.0,0.8776595744680851,0.8776595744680851,0.8776595744680851,0.8776595744680851,0.8776595744680851,188,3,0.75,0.7194,0.8777
2206001,1.0,0.0,1.0,1.0,1.0,0.0,1.0,1.0,0.0,0.0,0.0,0.0,72,1,0.75,0.75,0.0
2206050,1.0,0.0,1.0,0.4411764705882353,1.0,1.0,1.0,0.0,0.08823529411764706,0.6470588235294118,0.6470588235294118,0.0,68,5,0.6103,0.75,0.3456
2206100,0.6532663316582915,0.21608040201005024,1.0,0.5376884422110553,0.9346733668341709,0.0,0.4221105527638191,0.40703517587939697,0.0,0.08542713567839195,0.08542713567839195,0.0,199,16,0.6018,0.441,0.0427
2206209,1.0,0.0,1.0,0.3502722323049002,0.6678765880217786,0.039927404718693285,0.6950998185117967,0.3684210526315789,0.27404718693284935,0.3121597096188748,0.038112522686025406,0.02722323049001815,551,32,0.5876,0.4428,0.1629
2206308,1.0,1.0,1.0,1.0,1.0,0.0,0.0,1.0,1.0,1.0,0.0,0.0,27,1,1.0,0.5,0.5
2206357,1.0,0.0,1.0,0.5375,0.725,0.0,0.8875,0.575,0.0,0.0875,0.0875,0.0,80,17,0.6344,0.5469,0.0438
2206407,0.831081081081081,0.19594594594594594,1.0,0.7432432432432432,0.8040540540540541,0.0,0.8581081081081081,0.8581081081081081,0.0,0.060810810810810814,0.060810810810810814,0.0,148,14,0.6926,0.6301,0.0304
2206506,1.0,0.42574257425742573,1.0,1.0,1.0,1.0,1.0,1.0,0.0,0.42574257425742573,0.42574257425742573,0.42574257425742573,101,4,0.8564,1.0,0.3193
2206605,1.0,0.0,1.0,0.4557823129251701,1.0,1.0,0.8707482993197279,0.4897959183673469,0.3945578231292517,0.3945578231292517,0.06802721088435375,0.0,147,11,0.6139,0.8401,0.2143
2206654,0.9361702127659575,0.0,1.0,0.5106382978723404,1.0,0.0,1.0,1.0,0.0,0.0,0.0,0.0,47,5,0.6117,0.75,0.0
2206670,1.0,0.056338028169014086,1.0,0.5985915492957746,1.0,0.28169014084507044,0.8450704225352113,0.18309859154929578,0.2746478873239437,0.45774647887323944,0.18309859154929578,0.45774647887323944,142,10,0.6637,0.5775,0.3433
2206696,1.0,0.0,1.0,0.6814159292035398,0.9203539823008849,0.0,0.6194690265486725,0.0,0.0,0.0,0.0,0.0,113,9,0.6704,0.385,0.0
2206704,1.0,0.22330097087378642,0.9902912621359223,0.0,0.3592233009708738,0.13592233009708737,1.0,0.009708737864077669,0.0,0.0,0.0,0.0,103,5,0.5534,0.3762,0.0
2206720,1.0,0.384180790960452,1.0,1.0,1.0,0.0,0.4406779661016949,0.0,0.0,0.0,0.0,0.0,177,8,0.846,0.3602,0.0
2206753,1.0,0.0,1.0,0.9538461538461539,1.0,0.0,0.7384615384615385,0.49230769230769234,0.0,0.5230769230769231,0.5230769230769231,0.0,65,12,0.7385,0.5577,0.2615
2206803,0.86875,0.0,1.0,0.4375,1.0,1.0,1.0,1.0,0.075,0.43125,0.43125,1.0,160,8,0.5766,1.0,0.4844
2206902,1.0,0.0,1.0,1.0,1.0,0.0,0.18421052631578946,0.18421052631578946,0.0,0.0,0.0,0.0,76,2,0.75,0.3421,0.0
2206951,1.0,0.0,1.0,0.717948717948718,1.0,0.0,1.0,0.0,0.0,0.0,0.0,0.0,39,2,0.6795,0.5,0.0
2207009,0.9913232104121475,0.648590021691974,0.9522776572668112,0.9783080260303688,1.0,0.5206073752711496,1.0,0.9913232104121475,0.09761388286334056,0.351409978308026,0.279826464208243,0.8308026030368764,461,23,0.8926,0.878,0.3899
2207108,1.0,0.0,1.0,0.8125,0.875,0.0625,0.75,0.0,0.0,0.75,0.75,0.0,32,6,0.7031,0.4219,0.375
2207207,1.0,0.0,1.0,0.7741935483870968,1.0,0.7741935483870968,1.0,0.8870967741935484,0.0,1.0,1.0,0.7741935483870968,62,4,0.6935,0.9153,0.6935
2207306,1.0,0.9473684210526315,1.0,0.9473684210526315,1.0,0.0,1.0,1.0,0.0,0.0,0.0,0.0,57,2,0.9737,0.75,0.0
2207355,1.0,0.0,1.0,0.8974358974358975,1.0,0.0,0.0,0.0,0.0,0.0,0.0,0.0,39,2,0.7244,0.25,0.0
2207405,1.0,0.0,1.0,0.5465116279069767,1.0,0.26744186046511625,1.0,1.0,0.0,0.0,0.0,0.6744186046511628,86,5,0.6366,0.8169,0.1686
2207504,0.9621621621621622,0.0,1.0,0.6810810810810811,0.9783783783783784,0.2810810810810811,0.9405405405405406,0.4,0.07027027027027027,0.07027027027027027,0.0,0.0,185,12,0.6608,0.65,0.0351
2207553,1.0,0.0,1.0,0.6756756756756757,1.0,0.3783783783783784,0.972972972972973,0.972972972972973,0.0,0.2972972972972973,0.2972972972972973,0.0,37,4,0.6689,0.8311,0.1486
2207603,0.23404255319148937,0.0,1.0,0.6524822695035462,0.9787234042553191,0.19858156028368795,0.9078014184397163,0.3475177304964539,0.0,0.0,0.0,0.0,141,11,0.4716,0.6082,0.0
2207702,0.9877175025588536,0.8178096212896623,1.0,0.9877175025588536,0.9969293756397134,0.010747185261003071,0.9877175025588536,0.31985670419651996,0.13408393039918118,0.4646878198567042,0.3710337768679631,0.1253838280450358,1954,58,0.9483,0.5788,0.2738
2207751,1.0,0.39344262295081966,1.0,0.5737704918032787,1.0,0.06557377049180328,0.5737704918032787,0.0,0.0,0.5737704918032787,0.5737704918032787,0.0,61,7,0.7418,0.4098,0.2869
2207777,1.0,0.0,1.0,1.0,1.0,0.44680851063829785,1.0,0.0,0.0,0.0,0.0,0.0,47,2,0.75,0.6117,0.0
2207793,1.0,0.0,1.0,0.6976744186046512,1.0,0.0,0.6976744186046512,0.0,0.0,0.0,0.0,0.0,43,3,0.6744,0.4244,0.0
2207801,1.0,0.0,1.0,0.7509025270758123,1.0,0.3574007220216607,0.9602888086642599,0.16967509025270758,0.0,0.7653429602888087,0.7653429602888087,0.0,277,17,0.6877,0.6218,0.3827
2207850,1.0,0.0,1.0,0.75,1.0,0.25,0.75,0.0,0.0,0.75,0.75,0.0,44,3,0.6875,0.5,0.375
2207900,1.0,0.15208333333333332,1.0,0.7354166666666667,0.9145833333333333,0.6770833333333334,0.86875,0.825,0.22916666666666666,0.3958333333333333,0.22083333333333333,0.30416666666666664,480,27,0.7219,0.8214,0.2875
2207934,1.0,0.0,1.0,0.8461538461538461,1.0,0.0,1.0,0.0,0.8461538461538461,0.8461538461538461,0.0,0.0,39,2,0.7115,0.5,0.4231
2207959,1.0,0.0,1.0,1.0,1.0,0.6607142857142857,1.0,0.0,0.0,0.0,0.0,0.0,56,2,0.75,0.6652,0.0
2208007,1.0,0.5572842998585573,1.0,1.0,0.9717114568599717,0.173974540311174,0.7949080622347949,0.18387553041018387,0.0,0.2842998585572843,0.2842998585572843,0.11315417256011315,707,42,0.8893,0.5311,0.1704
2208106,1.0,0.0,1.0,0.46956521739130436,0.9391304347826087,0.3826086956521739,0.9652173913043478,0.6782608695652174,0.3217391304347826,0.3217391304347826,0.26956521739130435,0.6173913043478261,115,17,0.6174,0.7413,0.3826
2208205,1.0,0.3875,1.0,0.6791666666666667,1.0,0.0,1.0,0.075,0.25,0.25,0.09583333333333334,0.09583333333333334,240,8,0.7667,0.5188,0.1729
2208304,1.0,0.17223650385604114,1.0,0.8483290488431876,1.0,0.14910025706940874,1.0,0.7300771208226221,0.11568123393316196,0.4524421593830334,0.4524421593830334,0.2544987146529563,389,11,0.7551,0.7198,0.3188
2208403,0.9607142857142857,0.03333333333333333,1.0,0.9261904761904762,0.9976190476190476,0.11190476190476191,0.8738095238095238,0.24166666666666667,0.26785714285714285,0.40476190476190477,0.13690476190476192,0.03333333333333333,840,36,0.7301,0.5562,0.2107
2208502,1.0,0.43386243386243384,1.0,0.582010582010582,0.8941798941798942,0.13756613756613756,0.6666666666666666,0.15873015873015872,0.0,0.21164021164021163,0.21164021164021163,0.17989417989417988,189,14,0.754,0.4643,0.1508
2208551,1.0,1.0,1.0,1.0,1.0,1.0,0.0,0.0,0.0,1.0,1.0,0.0,32,1,1.0,0.5,0.5
2208601,1.0,0.0,1.0,0.96,1.0,0.04,1.0,0.0,0.0,0.96,0.96,0.0,50,2,0.74,0.51,0.48
2208650,0.7345132743362832,0.0,1.0,0.911504424778761,0.35398230088495575,0.35398230088495575,1.0,0.17699115044247787,0.0,0.0,0.0,0.0,113,4,0.6615,0.4712,0.0
2208700,1.0,0.0,1.0,0.7711864406779662,0.9322033898305084,0.0,0.9830508474576272,0.9152542372881356,0.0,0.8220338983050848,0.8220338983050848,0.1016949152542373,118,6,0.6928,0.7076,0.4364
2208809,1.0,0.5625,1.0,0.9711538461538461,1.0,0.5336538461538461,1.0,0.36538461538461536,0.11538461538461539,0.6346153846153846,0.5192307692307693,0.4375,208,9,0.8834,0.7248,0.4267
2208858,1.0,0.0,1.0,0.9142857142857143,1.0,0.0,1.0,0.0,0.9142857142857143,0.9142857142857143,0.9142857142857143,0.0,70,2,0.7286,0.5,0.6857
2208874,1.0,0.0,1.0,0.9259259259259259,1.0,0.0,1.0,0.2222222222222222,0.25925925925925924,0.25925925925925924,0.0,0.0,54,6,0.7315,0.5556,0.1296
2208908,0.5533980582524272,0.7766990291262136,0.8737864077669902,0.7766990291262136,0.9320388349514563,0.6407766990291263,0.9320388349514563,0.8446601941747572,0.0,0.0,0.0,0.5922330097087378,103,7,0.7451,0.8374,0.1481
2209005,1.0,0.0,1.0,0.9873417721518988,0.9746835443037974,0.0,0.9746835443037974,0.4810126582278481,0.0,0.0,0.0,0.0,79,4,0.7468,0.6076,0.0
2209104,1.0,0.0,1.0,1.0,1.0,0.0,1.0,1.0,0.0,0.14545454545454545,0.14545454545454545,0.0,55,2,0.75,0.75,0.0727
2209153,1.0,0.0,1.0,0.8333333333333334,0.9444444444444444,0.8333333333333334,0.9444444444444444,0.8333333333333334,0.0,0.0,0.0,0.8333333333333334,54,4,0.7083,0.8889,0.2083
2209203,1.0,0.0,0.9323308270676691,0.8345864661654135,0.8947368421052632,0.0,0.8796992481203008,0.0,0.7368421052631579,0.7368421052631579,0.6165413533834586,0.0,133,9,0.6917,0.4436,0.5226
2209302,0.9358974358974359,0.19230769230769232,1.0,0.9230769230769231,0.9871794871794872,0.19230769230769232,0.9871794871794872,0.0,0.0,0.0,0.0,0.0,78,5,0.7628,0.5417,0.0
2209351,1.0,0.0,1.0,1.0,1.0,0.25,1.0,0.0,0.0,0.0,0.0,0.0,48,5,0.75,0.5625,0.0
2209377,1.0,0.0,1.0,1.0,1.0,0.20689655172413793,1.0,1.0,0.0,0.20689655172413793,0.20689655172413793,0.0,58,2,0.75,0.8017,0.1034
2209401,1.0,0.0,1.0,1.0,1.0,0.41333333333333333,1.0,0.92,0.0,0.64,0.64,0.41333333333333333,75,5,0.75,0.8333,0.4233
2209450,1.0,0.0,1.0,1.0,1.0,0.0,1.0,0.06896551724137931,0.0,0.0,0.0,0.0,29,3,0.75,0.5172,0.0
2209500,1.0,0.0,1.0,1.0,1.0,0.0,1.0,0.0,0.0,0.0,0.0,0.0,44,1,0.75,0.5,0.0
2209559,1.0,0.0,1.0,1.0,1.0,1.0,1.0,1.0,0.0,0.0,0.0,0.0,79,2,0.75,1.0,0.0
2209609,1.0,0.3870967741935484,1.0,0.9354838709677419,0.9354838709677419,0.3870967741935484,0.9354838709677419,0.9354838709677419,0.0,0.45161290322580644,0.45161290322580644,0.3870967741935484,31,3,0.8306,0.7984,0.3226
2209658,1.0,0.0,1.0,0.4714285714285714,1.0,0.42857142857142855,1.0,0.08571428571428572,0.0,0.12857142857142856,0.12857142857142856,0.0,70,6,0.6179,0.6286,0.0643
2209708,1.0,0.24193548387096775,1.0,0.7258064516129032,1.0,0.0,0.5161290322580645,0.24193548387096775,0.0,0.0,0.0,0.0,62,4,0.7419,0.4395,0.0
2209757,1.0,0.0,1.0,0.8048780487804879,1.0,0.04878048780487805,0.8780487804878049,0.04878048780487805,0.8048780487804879,0.8048780487804879,0.0,0.0,41,5,0.7012,0.4939,0.4024
2209807,1.0,0.4528301886792453,1.0,1.0,1.0,0.0,1.0,0.5471698113207547,1.0,1.0,1.0,0.0,53,3,0.8632,0.6368,0.75
2209856,1.0,0.0,1.0,1.0,1.0,1.0,1.0,1.0,1.0,1.0,1.0,1.0,59,3,0.75,1.0,1.0
2209872,0.29523809523809524,0.0,1.0,0.9619047619047619,0.9619047619047619,0.0,0.9619047619047619,0.0,0.7047619047619048,0.7047619047619048,0.7047619047619048,0.0,105,4,0.5643,0.481,0.5286
2209906,1.0,0.0,1.0,0.9857142857142858,1.0,0.08571428571428572,0.9142857142857143,0.4857142857142857,0.0,0.0,0.0,0.0,70,6,0.7464,0.6214,0.0
2209955,1.0,0.0,1.0,0.847457627118644,1.0,0.0,1.0,0.0,0.5084745762711864,0.5084745762711864,0.5084745762711864,0.0,59,4,0.7119,0.5,0.3814
2209971,1.0,0.0,1.0,1.0,1.0,0.5703703703703704,1.0,0.3111111111111111,0.0,0.28888888888888886,0.28888888888888886,0.0,135,5,0.75,0.7204,0.1444
2210003,1.0,0.7546583850931677,1.0,1.0,1.0,0.10248447204968944,1.0,0.7546583850931677,0.8012422360248447,0.9440993788819876,0.14285714285714285,0.7546583850931677,322,5,0.9387,0.7143,0.6607
2210052,0.0,0.0,1.0,0.8266666666666667,1.0,0.0,1.0,0.0,0.0,0.0,0.0,0.0,75,3,0.4567,0.5,0.0
2210102,0.7142857142857143,0.0,1.0,1.0,1.0,0.0,1.0,0.0,0.0,0.0,0.0,0.0,35,2,0.6786,0.5,0.0
2210201,1.0,0.0,1.0,0.826530612244898,1.0,0.35714285714285715,0.8367346938775511,0.46938775510204084,0.2857142857142857,0.2857142857142857,0.0,0.46938775510204084,98,10,0.7066,0.6658,0.2602
2210300,0.6538461538461539,0.0,1.0,1.0,1.0,0.19230769230769232,0.4230769230769231,0.23076923076923078,0.6538461538461539,1.0,1.0,0.4230769230769231,52,4,0.6635,0.4615,0.7692
2210359,1.0,0.0,1.0,0.5686274509803921,0.9607843137254902,0.0,0.8627450980392157,0.6470588235294118,0.0784313725490196,0.0784313725490196,0.0,0.0784313725490196,51,7,0.6422,0.6176,0.0588
2210375,1.0,0.0,1.0,0.6666666666666666,1.0,0.0,1.0,0.0,0.0,0.0,0.0,0.0,33,2,0.6667,0.5,0.0
2210383,1.0,0.0,1.0,0.717948717948718,1.0,0.0,1.0,0.0,0.0,0.0,0.0,0.0,39,2,0.6795,0.5,0.0
2210391,1.0,0.0,1.0,1.0,1.0,0.0,0.9705882352941176,0.08823529411764706,0.0,0.0,0.0,0.0,34,4,0.75,0.5147,0.0
2210409,0.9073170731707317,0.0,0.9951219512195122,0.7707317073170732,0.9951219512195122,0.2975609756097561,0.9951219512195122,0.09268292682926829,0.0,0.0,0.0,0.424390243902439,205,17,0.6683,0.5951,0.1061
2210508,0.7783251231527094,0.0,1.0,0.9014778325123153,1.0,0.6354679802955665,1.0,0.3399014778325123,0.0,0.5369458128078818,0.5369458128078818,0.6354679802955665,203,6,0.67,0.7438,0.4273
2210607,1.0,0.3433583959899749,1.0,0.8822055137844611,1.0,0.03007518796992481,1.0,0.06015037593984962,0.09273182957393483,0.17794486215538846,0.08521303258145363,0.06015037593984962,399,10,0.8064,0.5226,0.104
2210623,0.68,0.0,0.7866666666666666,0.7866666666666666,0.4666666666666667,0.0,0.4666666666666667,0.4666666666666667,0.0,0.12,0.12,0.0,75,5,0.5633,0.35,0.06
2210631,1.0,0.0,1.0,0.6666666666666666,0.9615384615384616,0.2948717948717949,0.9615384615384616,0.02564102564102564,0.0,0.6666666666666666,0.6666666666666666,0.0,78,7,0.6667,0.5609,0.3333
2210656,1.0,0.0,1.0,0.7627118644067796,0.9830508474576272,0.1016949152542373,0.9322033898305084,0.0,0.0,0.06779661016949153,0.06779661016949153,0.0,118,11,0.6907,0.5042,0.0339
2210706,0.6126126126126126,0.45045045045045046,1.0,0.8603603603603603,1.0,0.6756756756756757,1.0,0.8423423423423423,0.25675675675675674,0.7297297297297297,0.7297297297297297,0.4594594594594595,222,7,0.7309,0.8795,0.5439
2210805,1.0,0.0,1.0,1.0,1.0,0.0,1.0,0.17415730337078653,0.8876404494382022,0.8876404494382022,0.46629213483146065,0.0,178,7,0.75,0.5435,0.5604
2210904,1.0,0.0,1.0,0.8695652173913043,1.0,0.3695652173913043,0.0,0.0,0.0,0.0,0.0,0.0,46,4,0.7174,0.3424,0.0
2210938,1.0,0.0,1.0,1.0,1.0,0.7162162162162162,1.0,1.0,0.7162162162162162,0.7162162162162162,0.0,0.0,74,4,0.75,0.9291,0.3581
2210953,1.0,0.0,1.0,0.8421052631578947,1.0,0.15789473684210525,0.8421052631578947,0.0,0.0,0.0,0.0,0.0,38,2,0.7105,0.5,0.0
2210979,1.0,0.0,1.0,1.0,1.0,0.0,1.0,0.8048780487804879,0.0,0.5853658536585366,0.5853658536585366,0.0,41,3,0.75,0.7012,0.2927
2211001,1.0,0.2293937538273117,0.9633802816901409,0.9882424984690753,1.0,0.45376607470912433,0.8968769136558481,0.27875076546233923,0.11990202082057563,0.5780771586037967,0.5248009797917943,0.07250459277403552,8165,135,0.7953,0.6573,0.3238
2211100,0.9463722397476341,0.32965299684542587,1.0,0.6356466876971609,0.9952681388012619,0.1892744479495268,0.5410094637223974,0.5488958990536278,0.11514195583596215,0.3501577287066246,0.23501577287066247,0.12302839116719243,634,22,0.7279,0.5686,0.2058
2211209,1.0,0.023809523809523808,1.0,0.7642857142857142,0.9857142857142858,0.0,0.4119047619047619,0.09285714285714286,0.0,0.36428571428571427,0.36428571428571427,0.02142857142857143,420,17,0.697,0.3726,0.1875
2211308,1.0,0.0,1.0,0.8906882591093117,1.0,0.4048582995951417,0.9554655870445344,0.9473684210526315,0.2591093117408907,0.4939271255060729,0.4939271255060729,0.47368421052631576,247,14,0.7227,0.8269,0.4302
2211357,1.0,0.0,1.0,0.6166666666666667,1.0,0.0,0.9666666666666667,0.8,0.6166666666666667,0.6166666666666667,0.6166666666666667,0.0,60,5,0.6542,0.6917,0.4625
2211407,1.0,1.0,1.0,1.0,1.0,0.0,1.0,0.0,0.0,0.0,0.0,0.0,54,1,1.0,0.5,0.0
2211506,0.9069767441860465,0.0,1.0,0.9069767441860465,1.0,0.0,0.9069767441860465,0.0,0.0,0.0,0.0,0.0,43,3,0.7035,0.4767,0.0
2211605,1.0,0.6875,1.0,1.0,1.0,1.0,1.0,1.0,0.6875,1.0,1.0,0.6875,32,2,0.9219,1.0,0.8438
2211704,1.0,1.0,1.0,0.825,1.0,0.0,1.0,1.0,0.0,0.825,0.825,0.0,40,2,0.9562,0.75,0.4125
2300101,1.0,0.0,1.0,0.9272727272727272,1.0,1.0,1.0,1.0,0.5909090909090909,1.0,1.0,0.5909090909090909,110,3,0.7318,1.0,0.7955
2300150,1.0,0.6778846153846154,1.0,0.9326923076923077,1.0,0.10576923076923077,0.8269230769230769,0.5192307692307693,0.19230769230769232,0.4423076923076923,0.25,0.0,208,7,0.9026,0.613,0.2212
2300200,0.9809523809523809,0.2253968253968254,1.0,0.9947089947089947,1.0,0.06984126984126984,0.6984126984126984,0.0835978835978836,0.23703703703703705,0.46455026455026455,0.2783068783068783,0.005291005291005291,945,32,0.8003,0.463,0.2463
2300309,1.0,0.4197292069632495,1.0,0.8858800773694391,1.0,0.23597678916827852,0.8104448742746615,0.2804642166344294,0.3520309477756286,0.3771760154738878,0.025145067698259187,0.0735009671179884,517,30,0.8264,0.5817,0.207
2300408,1.0,0.34615384615384615,1.0,0.967948717948718,1.0,0.0,0.9871794871794872,0.4551282051282051,0.0,0.0,0.0,0.0,156,10,0.8285,0.6106,0.0
2300507,1.0,0.06790123456790123,1.0,1.0,1.0,0.0,0.7592592592592593,0.0,0.0,0.41975308641975306,0.41975308641975306,0.0,162,10,0.767,0.4398,0.2099
2300606,1.0,1.0,1.0,1.0,1.0,1.0,1.0,1.0,0.0,1.0,1.0,0.0,106,1,1.0,1.0,0.5
2300705,1.0,0.725,1.0,0.98,1.0,0.58,1.0,0.415,0.625,0.7,0.185,0.11,200,11,0.9262,0.7488,0.405
2300754,1.0,0.0,1.0,0.7865771812080536,1.0,0.21476510067114093,0.9919463087248322,0.5812080536912752,0.11946308724832215,0.4966442953020134,0.4,0.2214765100671141,745,36,0.6966,0.697,0.3094
2300804,1.0,1.0,1.0,0.7368421052631579,1.0,1.0,1.0,1.0,0.0,1.0,1.0,1.0,76,3,0.9342,1.0,0.75
2300903,1.0,0.0,1.0,0.9506172839506173,1.0,0.24691358024691357,1.0,0.9259259259259259,0.0,0.35802469135802467,0.35802469135802467,0.07407407407407407,162,7,0.7377,0.7932,0.1975
2301000,0.9587955625990491,0.11410459587955626,1.0,1.0,1.0,0.6687797147385103,1.0,0.36450079239302696,0.13232963549920762,0.5935023771790808,0.5,0.16323296354992076,1262,36,0.7682,0.7583,0.3473
2301109,1.0,0.22866894197952217,1.0,1.0,1.0,0.8532423208191127,0.9726962457337884,0.459613196814562,0.3378839590443686,0.7861205915813424,0.6655290102389079,0.515358361774744,879,26,0.8072,0.8214,0.5762
2301208,1.0,0.0,1.0,1.0,1.0,0.8580060422960725,1.0,0.8277945619335347,0.7945619335347432,0.7945619335347432,0.045317220543806644,0.07854984894259819,331,11,0.75,0.9215,0.4282
2301257,1.0,0.0,1.0,0.6912751677852349,1.0,0.9798657718120806,1.0,0.14093959731543623,0.9798657718120806,1.0,0.020134228187919462,0.14093959731543623,149,7,0.6728,0.7802,0.5352
2301307,1.0,0.36147757255936674,1.0,0.7730870712401056,1.0,0.45646437994722955,0.9445910290237467,0.5567282321899736,0.3403693931398417,0.7335092348284961,0.5224274406332454,0.36147757255936674,379,14,0.7836,0.7394,0.4894
2301406,1.0,0.34054054054054056,1.0,0.8378378378378378,1.0,0.8486486486486486,1.0,0.5081081081081081,0.9135135135135135,1.0,0.572972972972973,0.4864864864864865,185,9,0.7946,0.8392,0.7432
2301505,1.0,0.5473684210526316,1.0,0.8736842105263158,1.0,0.7578947368421053,1.0,0.7263157894736842,0.5473684210526316,0.5473684210526316,0.0,0.5473684210526316,95,7,0.8553,0.8711,0.4105
2301604,1.0,0.0,1.0,1.0,1.0,0.8321678321678322,1.0,0.7727272727272727,0.0,0.8321678321678322,0.8321678321678322,0.23076923076923078,286,7,0.75,0.9012,0.4738
2301703,1.0,0.3272058823529412,1.0,0.6948529411764706,1.0,0.40808823529411764,1.0,0.6727941176470589,0.5330882352941176,0.7426470588235294,0.6838235294117647,0.0,272,12,0.7555,0.7702,0.4899
2301802,0.8545454545454545,0.6181818181818182,1.0,0.8545454545454545,1.0,0.14545454545454545,1.0,0.23636363636363636,0.0,0.6181818181818182,0.6181818181818182,0.0,55,3,0.8318,0.5955,0.3091
2301851,1.0,0.2947761194029851,1.0,0.6343283582089553,1.0,0.40671641791044777,0.914179104477612,0.26119402985074625,0.48880597014925375,0.9589552238805971,0.7686567164179104,0.373134328358209,268,12,0.7323,0.6455,0.6474
2301901,1.0,0.42248062015503873,1.0,0.958656330749354,1.0,0.0917312661498708,0.9935400516795866,0.42764857881136953,0.7493540051679587,0.838501291989664,0.48578811369509045,0.1111111111111111,774,22,0.8453,0.6282,0.5462
2301950,1.0,0.49393939393939396,1.0,1.0,0.8454545454545455,0.2636363636363636,0.6363636363636364,0.43333333333333335,0.30303030303030304,0.896969696969697,0.803030303030303,0.07575757575757576,330,8,0.8735,0.5447,0.5197
2302008,1.0,0.0,1.0,0.8317307692307693,1.0,0.6298076923076923,1.0,0.8509615384615384,0.3173076923076923,0.6105769230769231,0.2932692307692308,0.4519230769230769,208,12,0.7079,0.8702,0.4183
2302057,1.0,0.5842696629213483,1.0,0.951310861423221,1.0,0.04868913857677903,1.0,0.0,0.5842696629213483,0.5842696629213483,0.21348314606741572,0.0,267,8,0.8839,0.5122,0.3455
2302107,1.0,0.6913875598086124,1.0,0.9593301435406698,0.9712918660287081,0.645933014354067,0.9832535885167464,0.35406698564593303,0.2799043062200957,0.4473684210526316,0.1674641148325359,0.0,418,18,0.9127,0.7386,0.2237
2302206,1.0,0.20416124837451236,1.0,0.976592977893368,1.0,0.435630689206762,0.9544863459037711,0.3550065019505852,0.1716514954486346,0.7659297789336801,0.659297789336801,0.1859557867360208,769,29,0.7952,0.6863,0.4457
2302305,1.0,0.32107843137254904,1.0,0.8897058823529411,1.0,0.25,0.9313725490196079,0.08333333333333333,0.06862745098039216,0.6053921568627451,0.6053921568627451,0.19117647058823528,408,18,0.8027,0.5662,0.3676
2302404,1.0,0.49324324324324326,1.0,0.6976351351351351,0.9594594594594594,0.6114864864864865,0.9459459459459459,0.4797297297297297,0.006756756756756757,0.910472972972973,0.9037162162162162,0.3614864864864865,592,46,0.7977,0.7492,0.5456
2302503,1.0,0.66721044045677,1.0,1.0,1.0,0.8303425774877651,1.0,0.9053833605220228,0.21859706362153344,0.8531810766721044,0.8172920065252854,0.8205546492659054,613,14,0.9168,0.9339,0.6774
2302602,1.0,0.6170483460559797,1.0,0.7811704834605598,1.0,0.0,0.9478371501272265,0.12468193384223919,0.3944020356234097,0.7442748091603053,0.5852417302798982,0.05343511450381679,786,21,0.8496,0.5181,0.4443
2302701,0.9583333333333334,0.4791666666666667,1.0,0.9340277777777778,0.9965277777777778,0.24305555555555555,0.9722222222222222,0.3506944444444444,0.2951388888888889,0.6666666666666666,0.6215277777777778,0.027777777777777776,288,17,0.8429,0.6406,0.4028
2302800,1.0,0.41565040650406504,1.0,0.8099593495934959,0.9979674796747967,0.4766260162601626,0.9786585365853658,0.5782520325203252,0.532520325203252,0.6432926829268293,0.39227642276422764,0.3475609756097561,984,31,0.8064,0.7579,0.4789
2302909,1.0,0.5245098039215687,1.0,0.8431372549019608,1.0,0.29901960784313725,0.8725490196078431,0.23039215686274508,0.6078431372549019,0.8431372549019608,0.24509803921568626,0.0,204,8,0.8419,0.6005,0.424
2303006,1.0,0.0,1.0,0.9733333333333334,1.0,0.20444444444444446,0.7377777777777778,0.6844444444444444,0.08444444444444445,0.5911111111111111,0.5911111111111111,0.25333333333333335,225,13,0.7433,0.6567,0.38
2303105,1.0,0.0,1.0,0.9845559845559846,1.0,0.2277992277992278,1.0,0.16988416988416988,0.44015444015444016,0.9575289575289575,0.8957528957528957,0.07335907335907337,259,15,0.7461,0.5994,0.5917
2303204,1.0,0.0,1.0,0.7295774647887324,1.0,0.27605633802816903,1.0,0.7690140845070422,0.18309859154929578,0.923943661971831,0.923943661971831,0.0,355,15,0.6824,0.7613,0.5077
2303303,1.0,0.015151515151515152,1.0,1.0,1.0,0.4797979797979798,1.0,0.5202020202020202,0.46464646464646464,0.46464646464646464,0.25757575757575757,0.0,198,5,0.7538,0.75,0.2967
2303402,1.0,0.0,1.0,0.8971631205673759,1.0,0.18085106382978725,1.0,0.6595744680851063,0.0,0.4787234042553192,0.4787234042553192,0.5177304964539007,282,11,0.7243,0.7101,0.3688
2303501,0.9686847599164927,0.1022964509394572,1.0,1.0,1.0,0.906054279749478,1.0,0.36221294363256784,0.09290187891440502,0.6680584551148225,0.6033402922755741,0.028183716075156576,958,32,0.7677,0.8171,0.3481
2303600,1.0,0.4444444444444444,1.0,0.8296296296296296,0.5407407407407407,0.0,0.6,0.4444444444444444,0.0,0.5703703703703704,0.5703703703703704,0.0,135,11,0.8185,0.3963,0.2852
2303659,1.0,0.0,1.0,0.8111888111888111,1.0,0.2517482517482518,0.8041958041958042,0.5244755244755245,0.0,0.0,0.0,0.0,143,7,0.7028,0.6451,0.0
2303709,1.0,0.5611494252873563,1.0,0.9754022988505747,1.0,0.31333333333333335,0.9954022988505747,0.16229885057471263,0.8386206896551724,0.9181609195402299,0.1335632183908046,0.2103448275862069,4350,107,0.8841,0.6178,0.5252
2303808,1.0,0.2420091324200913,1.0,0.7579908675799086,1.0,0.1872146118721461,1.0,0.6894977168949772,0.3059360730593607,0.6073059360730594,0.3013698630136986,0.2785388127853881,219,14,0.75,0.7192,0.3733
2303907,1.0,0.0,1.0,0.8440860215053764,1.0,0.0,0.9354838709677419,0.0,0.0,0.0,0.0,0.0,186,7,0.711,0.4839,0.0
2303931,1.0,0.1111111111111111,1.0,0.4393939393939394,1.0,0.41919191919191917,0.9696969696969697,0.20707070707070707,0.30303030303030304,0.4797979797979798,0.35858585858585856,0.4090909090909091,198,9,0.6376,0.649,0.3876
2303956,1.0,0.0,1.0,0.9084967320261438,1.0,0.8169934640522876,1.0,0.8627450980392157,0.7712418300653595,0.7712418300653595,0.0,0.8627450980392157,306,7,0.7271,0.9199,0.6013
2304004,1.0,0.2936170212765957,1.0,0.8042553191489362,1.0,0.48936170212765956,1.0,0.40425531914893614,0.0,0.8,0.8,0.08936170212765958,235,9,0.7745,0.7234,0.4223
2304103,1.0,0.5812154696132596,1.0,0.9845303867403314,0.9535911602209944,0.27845303867403315,0.8651933701657458,0.8243093922651934,0.5038674033149171,0.63646408839779,0.32265193370165746,0.40552486187845305,905,36,0.8914,0.7304,0.4671
2304202,1.0,0.598310291858679,1.0,1.0,1.0,0.6758832565284179,1.0,0.9539170506912442,0.015360983102918587,0.8341013824884793,0.8341013824884793,0.684331797235023,1302,34,0.8996,0.9075,0.592
2304236,1.0,0.15808823529411764,1.0,0.9963235294117647,1.0,0.5588235294117647,0.9117647058823529,0.2977941176470588,0.0,0.5367647058823529,0.5367647058823529,0.0,272,12,0.7886,0.6921,0.2684
2304251,1.0,0.0,1.0,1.0,1.0,0.03213610586011342,1.0,0.0,0.043478260869565216,0.6143667296786389,0.5708884688090737,0.0,529,19,0.75,0.508,0.3072
2304269,1.0,0.0,1.0,1.0,1.0,1.0,1.0,0.9375,0.0,0.9375,0.9375,0.9375,80,4,0.75,0.9844,0.7031
2304277,1.0,0.09345794392523364,1.0,0.8317757009345794,1.0,0.7850467289719626,1.0,1.0,0.7476635514018691,0.7476635514018691,0.0,0.0,107,7,0.7313,0.9463,0.3738
2304285,1.0,0.2333931777378815,1.0,1.0,1.0,0.13464991023339318,1.0,0.40574506283662476,0.0,0.6714542190305206,0.6714542190305206,0.0,1114,20,0.8083,0.6351,0.3357
2304301,0.916030534351145,0.0,1.0,1.0,1.0,0.6259541984732825,1.0,1.0,0.0,1.0,1.0,0.7099236641221374,262,10,0.729,0.9065,0.6775
2304350,1.0,0.6434426229508197,1.0,1.0,1.0,0.0,1.0,0.06147540983606557,0.0,0.9344262295081968,0.9344262295081968,0.0,244,7,0.9109,0.5154,0.4672
2304400,0.9975204050005165,0.8730240727347867,1.0,1.0,1.0,0.4430209732410373,1.0,0.49736543031304886,0.9314495299101146,0.9847608223990082,0.815476805455109,0.5369872920756277,19358,216,0.9676,0.7351,0.8172
2304459,1.0,0.0,1.0,1.0,1.0,0.17446808510638298,0.9361702127659575,0.2851063829787234,0.4297872340425532,0.7319148936170212,0.5872340425531914,0.4297872340425532,235,7,0.75,0.5989,0.5447
2304509,1.0,0.753731343283582,1.0,0.9067164179104478,1.0,0.0,0.6977611940298507,0.6977611940298507,0.27611940298507465,0.7388059701492538,0.4626865671641791,0.4216417910447761,268,7,0.9151,0.5989,0.4748
2304608,1.0,0.0,1.0,0.91,1.0,0.3,0.95,0.14,0.16,1.0,1.0,0.05,100,6,0.7275,0.5975,0.5525
2304657,1.0,0.0,1.0,0.645933014354067,1.0,0.0,1.0,0.7416267942583732,0.9330143540669856,0.9330143540669856,0.14354066985645933,0.0,209,11,0.6615,0.6854,0.5024
2304707,1.0,0.0,1.0,0.772104607721046,0.987546699875467,0.25653798256537985,0.8742216687422167,0.36239103362391034,0.37484433374844334,0.45828144458281445,0.2901618929016189,0.06102117061021171,803,36,0.693,0.6202,0.2961
2304806,1.0,0.5833333333333334,1.0,1.0,1.0,1.0,1.0,1.0,0.8472222222222222,0.8472222222222222,0.2638888888888889,0.8472222222222222,72,3,0.8958,1.0,0.7014
2304905,1.0,0.8166666666666667,1.0,1.0,1.0,0.9083333333333333,1.0,0.425,1.0,1.0,0.09166666666666666,0.425,120,4,0.9542,0.8333,0.6292
2304954,1.0,0.6111111111111112,1.0,0.9777777777777777,1.0,0.46296296296296297,0.9592592592592593,0.0962962962962963,0.5925925925925926,0.7962962962962963,0.4185185185185185,0.13703703703703704,270,13,0.8972,0.6296,0.4861
2305001,1.0,0.3190789473684211,1.0,0.993421052631579,1.0,0.26151315789473684,1.0,0.4621710526315789,0.1118421052631579,0.7763157894736842,0.7335526315789473,0.0,608,20,0.8281,0.6809,0.4054
2305100,0.6056338028169014,0.36619718309859156,1.0,1.0,1.0,0.7605633802816901,1.0,0.36619718309859156,0.0,0.7605633802816901,0.7605633802816901,0.39436619718309857,71,3,0.743,0.7817,0.4789
2305209,1.0,0.5410628019323671,1.0,0.8599033816425121,0.9806763285024155,0.6231884057971014,0.927536231884058,0.22705314009661837,0.9033816425120773,0.927536231884058,0.10628019323671498,0.30917874396135264,207,10,0.8502,0.6896,0.5616
2305233,0.9313052011776252,0.24828263002944062,1.0,0.9067713444553483,1.0,0.5407262021589794,0.9676153091265947,0.3601570166830226,0.0,0.9411187438665358,0.9411187438665358,0.16584887144259078,1019,26,0.7716,0.7171,0.512
2305266,1.0,0.0,1.0,0.8959537572254336,1.0,0.6936416184971098,0.861271676300578,0.4913294797687861,0.0,0.8323699421965318,0.8323699421965318,0.0,173,8,0.724,0.7616,0.4162
2305308,1.0,0.0,1.0,1.0,1.0,0.4171779141104294,0.8496932515337423,0.24233128834355827,0.2361963190184049,0.450920245398773,0.24539877300613497,0.0,326,12,0.75,0.6273,0.2331
2305332,1.0,0.5027932960893855,1.0,0.9050279329608939,1.0,0.3016759776536313,1.0,0.659217877094972,0.03910614525139665,1.0,1.0,0.7262569832402235,179,10,0.852,0.7402,0.6913
2305357,1.0,0.0,1.0,1.0,1.0,0.8372093023255814,1.0,0.7142857142857143,0.7940199335548173,1.0,0.8438538205980066,0.6810631229235881,301,7,0.75,0.8879,0.8297
2305407,0.9436619718309859,0.36932707355242567,1.0,0.8309859154929577,1.0,0.09389671361502347,0.9280125195618153,0.513302034428795,0.36619718309859156,0.40375586854460094,0.3302034428794992,0.054773082942097026,639,27,0.786,0.6338,0.2887
2305506,1.0,0.2860548271752086,1.0,0.9487485101311085,1.0,0.20500595947556616,1.0,0.7473182359952324,0.1466030989272944,0.768772348033373,0.698450536352801,0.5172824791418356,839,28,0.8087,0.7381,0.5328
2305605,1.0,0.4883720930232558,1.0,0.5674418604651162,0.9953488372093023,0.046511627906976744,0.8651162790697674,0.33488372093023255,0.5348837209302325,0.5348837209302325,0.0,0.21395348837209302,215,26,0.764,0.5605,0.3209
2305654,1.0,0.0,1.0,1.0,1.0,1.0,1.0,1.0,0.6467065868263473,0.8502994011976048,0.20359281437125748,0.9700598802395209,167,7,0.75,1.0,0.6677
2305704,1.0,1.0,1.0,1.0,1.0,0.44029850746268656,1.0,0.44029850746268656,0.11194029850746269,1.0,1.0,0.11194029850746269,134,4,1.0,0.7201,0.556
2305803,0.9564315352697096,0.2925311203319502,1.0,0.9336099585062241,1.0,0.16182572614107885,0.8858921161825726,0.36929460580912865,0.06224066390041494,0.24481327800829875,0.1825726141078838,0.18464730290456433,482,15,0.7956,0.6043,0.1686
2305902,1.0,0.4140127388535032,1.0,0.8386411889596603,1.0,0.33121019108280253,0.9957537154989384,0.6263269639065817,0.22505307855626328,0.7983014861995754,0.7430997876857749,0.0,471,27,0.8132,0.7383,0.4416
2306009,1.0,0.6887417218543046,1.0,1.0,1.0,0.9867549668874173,1.0,0.9867549668874173,0.0,0.6556291390728477,0.6556291390728477,0.32450331125827814,151,5,0.9222,0.9934,0.4089
2306108,1.0,0.75,1.0,0.9516129032258065,1.0,0.13709677419354838,0.9946236559139785,0.5,0.9059139784946236,0.9139784946236559,0.25806451612903225,0.3870967741935484,372,16,0.9254,0.6579,0.6163
2306207,1.0,0.0,1.0,1.0,1.0,0.6019417475728155,1.0,0.6019417475728155,0.6019417475728155,0.6019417475728155,0.6019417475728155,0.6019417475728155,103,3,0.75,0.801,0.6019
2306256,1.0,0.03254067584480601,1.0,1.0,1.0,0.22528160200250313,0.9486858573216521,0.5494367959949937,0.03504380475594493,0.6846057571964956,0.6846057571964956,0.12891113892365458,799,14,0.7581,0.6809,0.3833
2306306,1.0,0.4107142857142857,1.0,0.8766233766233766,1.0,0.4837662337662338,0.9512987012987013,0.487012987012987,0.5373376623376623,0.9545454545454546,0.5373376623376623,0.2159090909090909,616,27,0.8218,0.7305,0.5613
2306405,1.0,0.4597014925373134,1.0,0.835820895522388,1.0,0.31164179104477613,0.9552238805970149,0.2191044776119403,0.04119402985074627,0.8907462686567165,0.8656716417910447,0.30268656716417913,1675,63,0.8239,0.6215,0.5251
2306504,1.0,0.21495327102803738,1.0,0.8598130841121495,1.0,0.0794392523364486,0.8925233644859814,0.7710280373831776,0.6261682242990654,0.9158878504672897,0.8878504672897196,0.0,214,10,0.7687,0.6857,0.6075
2306553,0.9813374805598756,0.12441679626749612,1.0,0.8055987558320373,1.0,0.12286158631415241,1.0,0.22706065318818042,0.07620528771384137,0.4681181959564541,0.416796267496112,0.07931570762052877,643,39,0.7278,0.5875,0.2601
2306603,0.8295081967213115,0.022950819672131147,1.0,0.8,0.9147540983606557,0.5508196721311476,0.9704918032786886,0.5540983606557377,0.7704918032786885,0.9344262295081968,0.28524590163934427,0.08852459016393442,305,18,0.6631,0.7475,0.5197
2306702,1.0,0.0,1.0,0.7841409691629956,1.0,0.2026431718061674,1.0,0.5286343612334802,0.28634361233480177,0.3876651982378855,0.2643171806167401,0.12334801762114538,227,10,0.696,0.6828,0.2654
2306801,1.0,0.5986394557823129,1.0,0.8503401360544217,1.0,1.0,1.0,1.0,0.04081632653061224,0.1836734693877551,0.14285714285714285,0.7074829931972789,147,7,0.8622,1.0,0.2687
2306900,1.0,0.6467889908256881,1.0,0.8509174311926605,0.9908256880733946,0.5091743119266054,0.9701834862385321,0.6536697247706422,0.5160550458715596,0.805045871559633,0.49770642201834864,0.41743119266055045,436,18,0.8744,0.781,0.5591
2307007,1.0,0.0,1.0,1.0,1.0,0.07272727272727272,0.9242424242424242,0.2696969696969697,0.37575757575757573,0.7666666666666667,0.4666666666666667,0.18484848484848485,330,11,0.75,0.5667,0.4485
2307106,1.0,0.2538860103626943,1.0,0.6787564766839378,1.0,0.8549222797927462,1.0,0.46632124352331605,0.5129533678756477,0.8082901554404145,0.29533678756476683,0.2538860103626943,386,16,0.7332,0.8303,0.4676
2307205,1.0,0.5254237288135594,1.0,1.0,1.0,0.3898305084745763,0.7627118644067796,0.8983050847457628,0.0,0.7966101694915254,0.7966101694915254,0.423728813559322,118,6,0.8814,0.7627,0.5042
2307254,1.0,0.5701357466063348,1.0,1.0,1.0,0.10633484162895927,0.916289592760181,0.083710407239819,0.0,0.7239819004524887,0.7239819004524887,0.0,442,8,0.8925,0.5266,0.362
2307304,1.0,0.5889235569422777,1.0,0.9820592823712948,0.9703588143525741,0.41458658346333854,1.0,0.5588923556942278,0.9407176287051482,0.9957098283931357,0.22074882995319814,0.5015600624024961,2564,43,0.8927,0.736,0.6647
2307403,1.0,0.0,1.0,0.9571428571428572,1.0,0.7678571428571429,0.9571428571428572,0.4785714285714286,0.8785714285714286,1.0,0.12142857142857143,0.1,280,10,0.7393,0.8009,0.525
2307502,1.0,0.1875,1.0,0.871875,1.0,0.946875,0.99375,0.928125,0.49375,0.971875,0.55,0.703125,320,16,0.7648,0.9672,0.6797
2307601,1.0,0.5824175824175825,1.0,1.0,1.0,0.6640502354788069,1.0,0.5054945054945055,0.22291993720565148,0.39089481946624804,0.16797488226059654,0.3139717425431711,637,16,0.8956,0.7924,0.2739
2307635,0.6944444444444444,0.0,1.0,0.8293650793650794,1.0,0.5515873015873016,1.0,0.8293650793650794,0.0,0.8253968253968254,0.8253968253968254,0.5634920634920635,252,10,0.631,0.8452,0.5536
2307650,1.0,0.5916640551551238,1.0,1.0,1.0,0.6772171732999059,0.9630209965528047,0.6120338451895957,0.07803196490128486,0.8053901598245065,0.7693513005327484,0.6233155750548417,3191,53,0.8979,0.8131,0.569
2307700,1.0,0.2495921696574225,1.0,0.9730831973898858,1.0,0.6606851549755302,0.9967373572593801,0.6859706362153344,0.05057096247960848,0.6443719412724307,0.5938009787928222,0.6402936378466558,1226,43,0.8057,0.8358,0.4823
2307809,1.0,0.0,1.0,0.9284253578732107,1.0,0.13496932515337423,1.0,0.3231083844580777,0.0,0.8711656441717791,0.8711656441717791,0.0,489,14,0.7321,0.6145,0.4356
2307908,1.0,0.2235294117647059,1.0,0.7647058823529411,1.0,0.0,0.9411764705882353,0.3058823529411765,0.49411764705882355,0.8235294117647058,0.5529411764705883,0.0,170,12,0.7471,0.5618,0.4676
2308005,1.0,0.720703125,1.0,1.0,1.0,0.06640625,0.9609375,0.232421875,0.421875,0.638671875,0.216796875,0.06640625,512,19,0.9302,0.5649,0.3359
2308104,1.0,0.31690140845070425,1.0,0.9102112676056338,1.0,0.23415492957746478,1.0,0.5176056338028169,0.18309859154929578,0.42077464788732394,0.3204225352112676,0.25528169014084506,568,19,0.8068,0.6879,0.2949
2308203,1.0,0.0642570281124498,1.0,1.0,1.0,0.6506024096385542,0.9678714859437751,0.4899598393574297,0.0,0.0642570281124498,0.0642570281124498,0.0,249,9,0.7661,0.7771,0.0321
2308302,1.0,0.36101083032490977,1.0,0.924187725631769,1.0,0.20216606498194944,1.0,0.48375451263537905,0.26353790613718414,0.4223826714801444,0.35379061371841153,0.06859205776173286,277,12,0.8213,0.6715,0.2771
2308351,1.0,0.5,1.0,0.9518072289156626,1.0,0.7650602409638554,1.0,0.30120481927710846,0.5,0.9518072289156626,0.9518072289156626,0.6746987951807228,166,6,0.863,0.7666,0.7696
2308377,1.0,0.0,1.0,1.0,1.0,0.49261083743842365,1.0,0.46798029556650245,0.41379310344827586,0.5221674876847291,0.5073891625615764,0.3399014778325123,203,10,0.75,0.7401,0.4458
2308401,1.0,0.21476510067114093,1.0,0.9261744966442953,0.9440715883668904,0.44742729306487694,1.0,0.5749440715883669,0.5570469798657718,0.6510067114093959,0.45861297539149887,0.20134228187919462,447,18,0.7852,0.7416,0.467
2308500,1.0,0.6026871401151631,1.0,0.6852207293666027,0.9616122840690979,0.564299424184261,0.9232245681381958,0.5355086372360844,0.2380038387715931,0.5508637236084453,0.39731285988483683,0.6775431861804223,521,30,0.822,0.7462,0.4659
2308609,1.0,0.41363636363636364,1.0,0.6409090909090909,1.0,0.7318181818181818,0.9681818181818181,0.8590909090909091,0.4090909090909091,0.9681818181818181,0.6181818181818182,0.7545454545454545,220,12,0.7636,0.8898,0.6875
2308708,1.0,0.16339869281045752,1.0,0.9820261437908496,0.9558823529411765,0.3366013071895425,1.0,0.5392156862745098,0.8398692810457516,0.8758169934640523,0.21241830065359477,0.46568627450980393,612,17,0.7864,0.7079,0.5984
2308807,1.0,0.09259259259259259,1.0,0.6851851851851852,1.0,0.0,1.0,0.0,0.0,1.0,1.0,0.0,108,6,0.6944,0.5,0.5
2308906,1.0,0.4479166666666667,1.0,0.7743055555555556,1.0,0.25,1.0,0.1111111111111111,0.0,0.7361111111111112,0.7361111111111112,0.0,288,9,0.8056,0.5903,0.3681
2309003,1.0,0.6542553191489362,1.0,1.0,1.0,0.7446808510638298,1.0,0.34574468085106386,0.7446808510638298,0.7446808510638298,0.0,0.0,188,4,0.9136,0.7726,0.3723
2309102,1.0,0.5563380281690141,1.0,0.971830985915493,1.0,0.5563380281690141,1.0,0.8661971830985915,0.9084507042253521,0.9084507042253521,0.5985915492957746,0.0,142,5,0.882,0.8556,0.6039
2309201,1.0,0.7892376681614349,1.0,1.0,1.0,0.8878923766816144,1.0,0.336322869955157,0.8878923766816144,0.968609865470852,0.968609865470852,0.12556053811659193,223,5,0.9473,0.8061,0.7377
2309300,1.0,0.6543909348441926,1.0,0.8243626062322946,1.0,0.22096317280453256,1.0,0.7903682719546742,0.7025495750708215,0.773371104815864,0.0708215297450425,0.43342776203966005,353,15,0.8697,0.7528,0.495
2309409,1.0,0.43884892086330934,1.0,0.9712230215827338,1.0,0.4556354916067146,1.0,0.6019184652278178,0.6426858513189448,0.7266187050359713,0.08393285371702638,0.14148681055155876,417,14,0.8525,0.7644,0.3987
2309458,1.0,0.0,1.0,1.0,1.0,0.688135593220339,0.9220338983050848,0.752542372881356,0.8135593220338984,1.0,0.36271186440677966,0.4067796610169492,295,11,0.75,0.8407,0.6458
2309508,1.0,0.7416666666666667,1.0,0.9791666666666666,1.0,0.26666666666666666,1.0,0.07083333333333333,0.0,0.9791666666666666,0.9791666666666666,0.0,240,8,0.9302,0.5844,0.4896
2309607,0.9903147699757869,0.0,1.0,1.0,1.0,0.024213075060532687,1.0,0.4346246973365617,0.021791767554479417,0.1682808716707022,0.14648910411622276,0.0,826,20,0.7476,0.6147,0.0841
2309706,1.0,0.7474226804123711,1.0,0.9969072164948454,1.0,0.21649484536082475,0.9185567010309278,0.2536082474226804,0.16082474226804125,0.9247422680412372,0.7639175257731958,0.01958762886597938,970,19,0.9361,0.5972,0.4673
2309805,1.0,0.49606299212598426,1.0,1.0,1.0,0.6141732283464567,1.0,0.5669291338582677,0.0,1.0,1.0,0.0,127,6,0.874,0.7953,0.5
2309904,1.0,0.9361702127659575,1.0,1.0,1.0,0.6808510638297872,1.0,0.5957446808510638,0.2765957446808511,1.0,0.723404255319149,0.40425531914893614,94,4,0.984,0.8191,0.6011
2310001,1.0,0.0,1.0,0.8380952380952381,1.0,0.0,1.0,0.8666666666666667,0.8380952380952381,0.8380952380952381,0.13333333333333333,0.0,105,3,0.7095,0.7167,0.4524
2310100,1.0,0.6524822695035462,1.0,1.0,0.9645390070921985,0.06382978723404255,0.9645390070921985,0.1347517730496454,0.7163120567375887,0.9645390070921985,0.3120567375886525,0.0,141,6,0.9131,0.5319,0.4982
2310209,0.9077757685352622,0.42857142857142855,1.0,0.9638336347197106,0.4430379746835443,0.0,1.0,0.7920433996383364,0.08860759493670886,0.4141048824593128,0.4141048824593128,0.03616636528028933,553,15,0.825,0.5588,0.2382
2310258,0.9627192982456141,0.3048245614035088,1.0,1.0,1.0,0.2741228070175439,1.0,0.3355263157894737,0.07894736842105263,0.8267543859649122,0.7478070175438597,0.0,456,16,0.8169,0.6524,0.4134
2310308,1.0,0.423728813559322,1.0,0.5423728813559322,0.9903147699757869,0.3099273607748184,0.9249394673123487,0.6997578692493946,0.20823244552058112,0.9079903147699758,0.7917675544794189,0.3946731234866828,413,41,0.7415,0.7312,0.5757
2310407,1.0,0.40336134453781514,1.0,0.8067226890756303,0.9495798319327731,0.0,0.7815126050420168,0.03361344537815126,0.05042016806722689,0.05042016806722689,0.0,0.40336134453781514,119,9,0.8025,0.4412,0.1261
2310506,1.0,0.5241935483870968,1.0,0.7446236559139785,1.0,0.23655913978494625,1.0,0.5188172043010753,0.3844086021505376,0.4838709677419355,0.16666666666666666,0.3844086021505376,372,18,0.8172,0.6888,0.3548
2310605,1.0,0.7846153846153846,1.0,0.9230769230769231,1.0,1.0,1.0,1.0,0.9230769230769231,0.9230769230769231,0.47692307692307695,1.0,130,5,0.9269,1.0,0.8308
2310704,1.0,0.49780701754385964,1.0,0.7609649122807017,1.0,0.9605263157894737,1.0,1.0,0.14473684210526316,0.7521929824561403,0.6995614035087719,0.35964912280701755,456,21,0.8147,0.9901,0.489
2310803,1.0,0.4860557768924303,1.0,0.8685258964143426,1.0,0.8685258964143426,1.0,0.9442231075697212,0.0,0.896414342629482,0.896414342629482,0.9243027888446215,251,7,0.8386,0.9532,0.6793
2310852,0.9153605015673981,0.0,1.0,1.0,1.0,0.0,1.0,0.0,0.0,1.0,1.0,0.0,319,7,0.7288,0.5,0.5
2310902,1.0,0.0,1.0,1.0,1.0,0.13142857142857142,1.0,0.22857142857142856,0.0,0.37142857142857144,0.37142857142857144,0.05714285714285714,175,5,0.75,0.59,0.2
2310951,1.0,0.31896551724137934,1.0,1.0,1.0,0.8706896551724138,1.0,0.39655172413793105,0.4482758620689655,0.4482758620689655,0.1206896551724138,0.25,116,11,0.8297,0.8168,0.3168
2311009,0.9659090909090909,0.4034090909090909,1.0,0.7386363636363636,1.0,0.32954545454545453,1.0,0.6988636363636364,0.5284090909090909,0.6193181818181818,0.09090909090909091,0.6988636363636364,176,8,0.777,0.7571,0.4844
2311108,1.0,0.3446808510638298,1.0,0.902127659574468,1.0,0.0425531914893617,0.8893617021276595,0.8595744680851064,0.0,0.8893617021276595,0.8893617021276595,0.0,235,7,0.8117,0.6979,0.4447
2311207,1.0,0.0,1.0,0.9043478260869565,1.0,0.9043478260869565,1.0,0.9043478260869565,0.5478260869565217,1.0,1.0,0.9043478260869565,115,3,0.7261,0.9522,0.863
2311231,1.0,0.0,1.0,1.0,1.0,0.896551724137931,1.0,1.0,0.05172413793103448,0.5689655172413793,0.5689655172413793,0.8103448275862069,58,5,0.75,0.9741,0.5
2311264,0.9128630705394191,0.4066390041493776,1.0,0.5394190871369294,0.975103734439834,0.04564315352697095,0.975103734439834,0.07053941908713693,0.9294605809128631,0.9543568464730291,0.16597510373443983,0.6804979253112033,241,15,0.7147,0.5166,0.6826
2311306,0.580110497237569,0.5922651933701657,1.0,0.9756906077348066,1.0,0.23756906077348067,0.4839779005524862,0.5248618784530387,0.020994475138121547,0.2839779005524862,0.2839779005524862,0.3138121546961326,905,29,0.787,0.5616,0.2257
2311355,1.0,0.48325358851674644,1.0,0.69377990430622,1.0,0.10047846889952153,1.0,0.5167464114832536,0.0,0.5311004784688995,0.5311004784688995,0.0,209,10,0.7943,0.6543,0.2656
2311405,1.0,0.5566914498141264,1.0,0.7964684014869888,1.0,0.9953531598513011,0.9869888475836431,0.7723048327137546,0.020446096654275093,0.9191449814126395,0.9191449814126395,0.6328996282527881,1076,47,0.8383,0.9387,0.6229
2311504,1.0,0.0,1.0,1.0,1.0,1.0,1.0,0.0,0.0,0.9414225941422594,0.9414225941422594,0.0,239,9,0.75,0.75,0.4707
2311603,1.0,0.0,1.0,0.9735576923076923,0.9783653846153846,0.31009615384615385,0.9783653846153846,0.5745192307692307,0.028846153846153848,1.0,1.0,0.0,416,16,0.7434,0.7103,0.5072
2311702,1.0,0.1596244131455399,1.0,0.8873239436619719,1.0,0.48826291079812206,1.0,0.5774647887323944,0.49295774647887325,0.49295774647887325,0.0,0.0,213,9,0.7617,0.7664,0.2465
2311801,1.0,0.2016376663254862,1.0,1.0,1.0,0.9293756397134084,1.0,0.4677584442169908,0.13203684749232344,0.7860798362333674,0.654042988741044,0.09211873080859775,977,27,0.8004,0.8493,0.4161
2311900,1.0,0.09743589743589744,1.0,0.8307692307692308,0.8153846153846154,0.0,0.9846153846153847,0.3128205128205128,0.6410256410256411,0.8205128205128205,0.1794871794871795,0.7692307692307693,195,11,0.7321,0.5282,0.6026
2311959,1.0,0.0945945945945946,1.0,0.46959459459459457,0.9695945945945946,0.3918918918918919,1.0,0.4155405405405405,0.3344594594594595,0.3344594594594595,0.13513513513513514,0.0,296,17,0.641,0.6943,0.201
2312007,1.0,0.4065040650406504,1.0,0.5067750677506775,1.0,0.02710027100271003,0.8997289972899729,0.8211382113821138,0.08672086720867209,0.7073170731707317,0.7073170731707317,0.0,369,17,0.7283,0.687,0.3753
2312106,1.0,0.3247232472324723,1.0,1.0,1.0,0.5904059040590406,1.0,0.4095940959409594,0.8856088560885609,0.933579335793358,0.15498154981549817,0.04059040590405904,271,10,0.8312,0.75,0.5037
2312205,1.0,0.431924882629108,1.0,0.8356807511737089,1.0,0.2605633802816901,1.0,0.3028169014084507,0.7112676056338029,0.7206572769953051,0.15258215962441316,0.0,426,25,0.8169,0.6408,0.3961
2312304,1.0,0.4759535655058043,1.0,0.8175787728026535,0.9021558872305141,0.7280265339966833,0.9386401326699834,0.1691542288557214,0.5456053067993366,0.6600331674958541,0.3034825870646766,0.09286898839137644,603,21,0.8234,0.6845,0.4005
2312403,0.4763779527559055,0.5265748031496063,1.0,1.0,1.0,0.8001968503937008,1.0,0.2529527559055118,0.0,0.7549212598425197,0.7549212598425197,0.2204724409448819,1016,18,0.7507,0.7633,0.4326
2312502,1.0,0.5967741935483871,1.0,0.7903225806451613,1.0,1.0,1.0,0.8064516129032258,0.6612903225806451,1.0,1.0,1.0,62,4,0.8468,0.9516,0.9153
2312601,1.0,0.4573643410852713,1.0,0.8682170542635659,1.0,0.14728682170542637,0.5271317829457365,0.3953488372093023,0.13178294573643412,0.5116279069767442,0.5116279069767442,0.0,129,7,0.8314,0.5174,0.2888
2312700,1.0,0.688034188034188,1.0,0.8717948717948718,1.0,0.8162393162393162,0.9572649572649573,0.4829059829059829,0.1752136752136752,0.1752136752136752,0.0,0.0,234,12,0.89,0.8141,0.0876
2312809,1.0,0.7946428571428571,1.0,1.0,1.0,0.0,1.0,0.20535714285714285,1.0,1.0,0.7946428571428571,0.0,112,2,0.9487,0.5513,0.6987
2312908,1.0,0.8935185185185185,1.0,0.9880401234567902,1.0,0.2820216049382716,0.7731481481481481,0.12114197530864197,0.7183641975308642,0.8858024691358025,0.33487654320987653,0.18557098765432098,2592,36,0.9704,0.5441,0.5312
2313005,1.0,0.0,1.0,1.0,1.0,1.0,1.0,0.0,0.0,0.9302325581395349,0.9302325581395349,0.0,215,4,0.75,0.75,0.4651
2313104,1.0,0.3961661341853035,1.0,0.8913738019169329,1.0,0.21405750798722045,1.0,0.11182108626198083,0.6837060702875399,0.7955271565495208,0.6900958466453674,0.22044728434504793,313,9,0.8219,0.5815,0.5974
2313203,1.0,0.0,1.0,0.8542372881355932,1.0,0.28135593220338984,1.0,0.37966101694915255,0.020338983050847456,0.7864406779661017,0.7661016949152543,0.020338983050847456,295,19,0.7136,0.6653,0.3983
2313252,0.36046511627906974,0.0,1.0,1.0,1.0,0.12790697674418605,1.0,0.0,0.0,0.872093023255814,0.872093023255814,0.0,86,4,0.5901,0.532,0.436
2313302,1.0,0.6233974358974359,1.0,0.8878205128205128,1.0,0.5801282051282052,1.0,0.4823717948717949,0.016025641025641024,0.9310897435897436,0.9310897435897436,0.9711538461538461,624,22,0.8778,0.7656,0.7123
2313351,1.0,0.0,1.0,0.953405017921147,1.0,0.6810035842293907,1.0,0.7526881720430108,0.07885304659498207,0.45161290322580644,0.3727598566308244,0.7060931899641577,279,15,0.7384,0.8584,0.4023
2313401,1.0,0.5904347826086956,1.0,0.9834782608695652,1.0,0.4026086956521739,1.0,0.8017391304347826,0.3234782608695652,0.44869565217391305,0.24782608695652175,0.56,1150,35,0.8935,0.8011,0.395
2313500,0.959866220735786,0.10590858416945373,1.0,0.9810479375696767,0.9665551839464883,0.463768115942029,0.9453734671125975,0.2887402452619844,0.1326644370122631,0.5039018952062431,0.3712374581939799,0.13600891861761427,897,28,0.7617,0.6661,0.286
2313559,1.0,0.0,1.0,0.8262910798122066,1.0,0.4835680751173709,0.9953051643192489,0.051643192488262914,0.0,0.6713615023474179,0.6713615023474179,0.14084507042253522,213,16,0.7066,0.6326,0.3709
2313609,0.9555084745762712,0.11016949152542373,1.0,1.0,1.0,0.23940677966101695,0.8559322033898306,0.5614406779661016,0.3644067796610169,0.5084745762711864,0.3580508474576271,0.2330508474576271,472,18,0.7664,0.6642,0.366
2313708,1.0,0.0,1.0,1.0,1.0,0.19696969696969696,1.0,0.21212121212121213,0.0,0.5909090909090909,0.5909090909090909,0.0,66,3,0.75,0.6023,0.2955
2313757,1.0,0.20306513409961685,1.0,0.9042145593869731,1.0,0.09578544061302682,0.9578544061302682,0.20306513409961685,0.0,0.5862068965517241,0.5862068965517241,0.0,261,10,0.7768,0.5642,0.2931
2313807,1.0,0.6915584415584416,1.0,0.961038961038961,1.0,0.17532467532467533,0.9935064935064936,0.16233766233766234,0.0,0.7272727272727273,0.7272727272727273,0.16233766233766234,308,17,0.9131,0.5828,0.4042
2313906,1.0,0.8248847926267281,1.0,0.9124423963133641,1.0,1.0,1.0,0.576036866359447,0.576036866359447,0.576036866359447,0.0,0.48847926267281105,217,4,0.9343,0.894,0.4101
2313955,1.0,0.07692307692307693,1.0,1.0,1.0,0.0,1.0,0.34065934065934067,0.5567765567765568,0.5567765567765568,0.0,0.0,273,11,0.7692,0.5852,0.2784
2314003,0.9100642398286938,0.43683083511777304,1.0,0.8586723768736617,0.9550321199143469,0.5974304068522484,1.0,0.9250535331905781,0.36616702355460384,0.42398286937901497,0.057815845824411134,0.7623126338329764,467,12,0.8014,0.8694,0.4026
2314102,1.0,0.08517350157728706,1.0,0.8948475289169295,0.9768664563617245,0.08937960042060988,0.825446898002103,0.31440588853838064,0.14616193480546794,0.508937960042061,0.4458464773922187,0.26603575184016826,951,39,0.745,0.5515,0.3417
2400109,1.0,1.0,1.0,1.0,1.0,0.4188034188034188,1.0,0.8376068376068376,0.0,1.0,1.0,0.17094017094017094,117,4,1.0,0.8141,0.5427
2400208,1.0,0.2331511839708561,1.0,0.9562841530054644,1.0,0.5938069216757741,0.9836065573770492,0.6138433515482696,0.4207650273224044,0.8214936247723132,0.6375227686703097,0.4772313296903461,549,27,0.7974,0.7978,0.5893
2400307,1.0,0.6287878787878788,1.0,0.8257575757575758,1.0,0.7424242424242424,1.0,0.3409090909090909,0.4393939393939394,0.6287878787878788,0.6287878787878788,0.1893939393939394,132,9,0.8636,0.7708,0.4716
2400406,1.0,1.0,1.0,1.0,1.0,1.0,1.0,1.0,1.0,1.0,0.0,1.0,40,1,1.0,1.0,0.75
2400505,1.0,0.9391891891891891,1.0,0.9391891891891891,0.9864864864864865,0.6554054054054054,1.0,0.7905405405405406,0.41216216216216217,0.8040540540540541,0.8040540540540541,0.20270270270270271,148,8,0.9696,0.8581,0.5557
2400604,1.0,0.16981132075471697,1.0,1.0,1.0,0.0,0.8679245283018868,0.8679245283018868,0.3584905660377358,0.3584905660377358,0.0,0.0,53,5,0.7925,0.684,0.1792
2400703,1.0,0.7624309392265194,1.0,1.0,1.0,0.23756906077348067,1.0,0.17679558011049723,0.0,0.9392265193370166,0.9392265193370166,0.09392265193370165,181,4,0.9406,0.6036,0.4931
2400802,1.0,0.0,1.0,0.9538461538461539,1.0,1.0,1.0,0.9692307692307692,0.0,0.6692307692307692,0.6692307692307692,0.4230769230769231,130,6,0.7385,0.9923,0.4404
2400901,1.0,0.5930232558139535,1.0,0.7093023255813954,1.0,0.4883720930232558,0.7209302325581395,0.45348837209302323,0.5930232558139535,0.5930232558139535,0.0,0.45348837209302323,86,12,0.8256,0.6657,0.4099
2401008,0.9464285714285714,0.25595238095238093,1.0,0.7708333333333334,0.9940476190476191,0.6279761904761905,0.8809523809523809,0.8303571428571429,0.2767857142857143,0.7291666666666666,0.4523809523809524,0.19047619047619047,336,21,0.7433,0.8333,0.4122
2401107,1.0,0.28413284132841327,1.0,1.0,1.0,0.15498154981549817,0.8487084870848709,0.2140221402214022,0.07749077490774908,0.7011070110701108,0.6236162361623616,0.15867158671586715,271,13,0.821,0.5544,0.3902
2401206,1.0,0.0,1.0,1.0,1.0,0.9417989417989417,0.8783068783068783,0.6243386243386243,0.0,0.7566137566137566,0.7566137566137566,0.0,189,6,0.75,0.8611,0.3783
2401305,1.0,0.0,1.0,0.8706896551724138,0.9224137931034483,0.3017241379310345,0.9137931034482759,0.23275862068965517,0.8706896551724138,0.8706896551724138,0.0,0.23275862068965517,116,11,0.7177,0.5927,0.4935
2401404,1.0,0.0,1.0,1.0,1.0,0.31958762886597936,0.7319587628865979,0.0,0.0,0.0,0.0,0.0,97,3,0.75,0.5129,0.0
2401453,1.0,0.0,1.0,0.6932515337423313,1.0,0.3159509202453988,0.7760736196319018,0.3159509202453988,0.34355828220858897,0.38650306748466257,0.0705521472392638,0.41411042944785276,326,22,0.6733,0.602,0.3037
2401503,1.0,0.5897435897435898,1.0,1.0,1.0,0.5897435897435898,1.0,0.5897435897435898,0.5897435897435898,0.5897435897435898,0.0,0.8974358974358975,39,3,0.8974,0.7949,0.5192
2401602,1.0,0.7413793103448276,1.0,1.0,1.0,0.7413793103448276,1.0,0.7413793103448276,0.25862068965517243,1.0,0.7413793103448276,0.0,58,2,0.9353,0.8707,0.5
2401651,1.0,0.0,1.0,1.0,1.0,0.6976744186046512,0.7441860465116279,0.5581395348837209,0.11627906976744186,0.11627906976744186,0.0,0.11627906976744186,43,5,0.75,0.75,0.0872
2401701,1.0,0.0,1.0,1.0,1.0,0.248,1.0,0.68,0.288,0.864,0.576,0.576,125,6,0.75,0.732,0.576
2401800,1.0,0.7516339869281046,1.0,1.0,1.0,0.6078431372549019,0.9673202614379085,0.39215686274509803,0.0,0.8954248366013072,0.8954248366013072,0.0,153,8,0.9379,0.7418,0.4477
2401859,1.0,0.0,1.0,0.956989247311828,0.956989247311828,0.5053763440860215,0.956989247311828,0.5053763440860215,0.0,0.45161290322580644,0.45161290322580644,0.0,93,3,0.7392,0.7312,0.2258
2401909,1.0,0.9014084507042254,1.0,1.0,1.0,0.9014084507042254,1.0,0.5070422535211268,0.5070422535211268,0.5070422535211268,0.5070422535211268,0.5070422535211268,71,3,0.9754,0.8521,0.507
2402006,1.0,0.9290617848970252,1.0,0.988558352402746,1.0,0.7780320366132724,0.9954233409610984,0.8215102974828375,0.3135011441647597,0.8604118993135011,0.5537757437070938,0.6132723112128147,437,25,0.9794,0.8987,0.5852
2402105,1.0,0.5765765765765766,1.0,0.9009009009009009,1.0,0.32432432432432434,1.0,0.7027027027027027,0.43243243243243246,0.5675675675675675,0.13513513513513514,0.23423423423423423,111,9,0.8694,0.7568,0.3423
2402204,1.0,0.026143790849673203,1.0,0.9891067538126361,1.0,0.3877995642701525,0.9084967320261438,0.27233115468409586,0.2788671023965142,0.664488017429194,0.5294117647058824,0.2679738562091503,459,20,0.7538,0.6422,0.4352
2402303,0.9874476987447699,0.16317991631799164,1.0,0.8493723849372385,0.8535564853556485,0.5146443514644351,0.9623430962343096,0.6401673640167364,0.7112970711297071,0.7112970711297071,0.012552301255230125,0.26778242677824265,239,20,0.75,0.7427,0.4257
2402402,1.0,0.37373737373737376,1.0,1.0,1.0,0.696969696969697,1.0,1.0,1.0,1.0,0.30303030303030304,0.0707070707070707,99,3,0.8434,0.9242,0.5934
2402501,1.0,0.1958041958041958,1.0,0.9440559440559441,1.0,0.5874125874125874,0.916083916083916,0.27972027972027974,0.21678321678321677,0.5454545454545454,0.5454545454545454,0.27972027972027974,143,7,0.785,0.6958,0.3969
2402600,1.0,0.3477038425492034,1.0,0.8472352389878163,0.8847235238987816,0.3458294283036551,0.8631677600749765,0.27835051546391754,0.5276476101218369,0.6616682286785379,0.4854732895970009,0.12652296157450796,1067,37,0.7987,0.593,0.4503
2402709,1.0,0.3333333333333333,1.0,1.0,1.0,1.0,1.0,0.19298245614035087,0.7894736842105263,0.7894736842105263,0.3333333333333333,0.2631578947368421,114,4,0.8333,0.7982,0.5439
2402808,1.0,0.5875,1.0,0.7375,0.875,0.025,0.875,0.0,0.8625,0.8625,0.0,0.1125,80,5,0.8312,0.4438,0.4594
2402907,1.0,0.42592592592592593,1.0,0.5925925925925926,1.0,0.7592592592592593,0.9629629629629629,0.42592592592592593,0.7222222222222222,0.7592592592592593,0.7592592592592593,0.0,54,5,0.7546,0.787,0.5602
2403004,1.0,1.0,1.0,1.0,1.0,1.0,1.0,1.0,0.0,1.0,1.0,1.0,89,2,1.0,1.0,0.75
2403103,1.0,0.8646408839779005,1.0,0.93646408839779,0.994475138121547,0.9088397790055248,0.93646408839779,0.643646408839779,0.4198895027624309,0.5966850828729282,0.4116022099447514,0.6519337016574586,362,23,0.9503,0.8709,0.52
2403202,1.0,0.64,1.0,0.64,1.0,1.0,1.0,0.0,0.0,0.92,0.92,0.0,100,5,0.82,0.75,0.46
2403251,1.0,0.023255813953488372,1.0,1.0,1.0,0.6201550387596899,1.0,0.6118863049095608,0.8888888888888888,1.0,0.6795865633074936,0.5953488372093023,1935,38,0.7558,0.808,0.791
2403301,1.0,0.7162162162162162,1.0,0.9054054054054054,1.0,0.0,1.0,0.7972972972972973,0.0,0.0,0.0,0.0,74,4,0.9054,0.6993,0.0
2403400,1.0,0.759493670886076,1.0,1.0,1.0,0.759493670886076,1.0,0.0,1.0,1.0,0.0,0.0,79,2,0.9399,0.6899,0.5
2403509,1.0,0.746268656716418,1.0,1.0,1.0,0.23880597014925373,1.0,0.6417910447761194,0.6417910447761194,0.6417910447761194,0.0,0.40298507462686567,134,7,0.9366,0.7201,0.4216
2403608,1.0,0.0,1.0,1.0,1.0,0.07712418300653595,1.0,0.3843137254901961,0.4,0.5398692810457516,0.35555555555555557,0.0,765,20,0.75,0.6154,0.3239
2403707,1.0,0.0,1.0,0.6571428571428571,1.0,0.6428571428571429,0.7571428571428571,0.6571428571428571,0.7428571428571429,0.8,0.15714285714285714,0.014285714285714285,70,7,0.6643,0.7643,0.4286
2403756,1.0,0.0,1.0,1.0,1.0,1.0,1.0,1.0,0.0,1.0,1.0,1.0,45,1,0.75,1.0,0.75
2403806,1.0,0.6753246753246753,1.0,0.8311688311688312,1.0,0.8571428571428571,0.935064935064935,0.6233766233766234,0.935064935064935,0.935064935064935,0.15584415584415584,0.0,77,6,0.8766,0.8539,0.5065
2403905,1.0,0.0,1.0,0.84,1.0,0.0,1.0,0.84,0.84,0.84,0.84,0.0,25,2,0.71,0.71,0.63
2404002,1.0,0.0,1.0,0.9565217391304348,1.0,0.717391304347826,1.0,0.717391304347826,0.8043478260869565,0.8043478260869565,0.0,0.21739130434782608,46,7,0.7391,0.8587,0.4565
2404101,1.0,0.0,1.0,1.0,1.0,0.6296296296296297,1.0,0.18518518518518517,1.0,1.0,0.0,0.6296296296296297,54,3,0.75,0.7037,0.6574
2404200,0.8249027237354085,0.46303501945525294,1.0,1.0,1.0,0.22568093385214008,1.0,0.42996108949416345,0.6556420233463035,0.8093385214007782,0.15369649805447472,0.30544747081712065,514,14,0.822,0.6639,0.481
2404309,1.0,0.17006802721088435,1.0,0.8639455782312925,1.0,0.782312925170068,0.9523809523809523,0.3129251700680272,0.0,0.7959183673469388,0.7959183673469388,0.17006802721088435,147,8,0.7585,0.7619,0.4405
2404408,1.0,0.0,1.0,1.0,1.0,0.8278688524590164,0.8934426229508197,0.4426229508196721,0.8278688524590164,0.8278688524590164,0.3770491803278688,0.3770491803278688,122,7,0.75,0.791,0.6025
2404507,1.0,0.3143939393939394,1.0,1.0,1.0,1.0,0.9507575757575758,0.6893939393939394,0.0,0.5189393939393939,0.5189393939393939,0.6893939393939394,264,7,0.8286,0.91,0.4318
2404606,0.9598214285714286,0.0,1.0,1.0,1.0,0.16964285714285715,0.8883928571428571,0.21875,0.22767857142857142,0.26785714285714285,0.09821428571428571,0.0,224,12,0.74,0.5692,0.1484
2404705,1.0,0.2087912087912088,1.0,1.0,1.0,0.5604395604395604,1.0,0.7032967032967034,0.44505494505494503,0.6758241758241759,0.6758241758241759,0.5989010989010989,182,10,0.8022,0.8159,0.5989
2404804,1.0,0.0,1.0,1.0,1.0,1.0,1.0,1.0,1.0,1.0,0.0,1.0,23,1,0.75,1.0,0.75
2404853,1.0,0.0,1.0,0.8962264150943396,1.0,0.9716981132075472,1.0,0.7735849056603774,0.6698113207547169,0.6698113207547169,0.0,0.7264150943396226,106,5,0.7241,0.9363,0.5165
2404903,1.0,0.5862068965517241,1.0,0.9310344827586207,1.0,0.9310344827586207,1.0,1.0,0.5862068965517241,0.9310344827586207,0.3448275862068966,0.3448275862068966,58,3,0.8793,0.9828,0.5517
2405009,1.0,0.0,1.0,1.0,1.0,0.7606837606837606,1.0,1.0,1.0,1.0,0.5213675213675214,0.5213675213675214,117,3,0.75,0.9402,0.7607
2405108,1.0,0.0,1.0,1.0,1.0,0.0,0.84375,0.6666666666666666,0.4479166666666667,0.4479166666666667,0.0,0.0,96,4,0.75,0.6276,0.224
2405207,1.0,0.0,1.0,1.0,1.0,1.0,1.0,0.24193548387096775,0.0,0.7419354838709677,0.7419354838709677,0.5,62,3,0.75,0.8105,0.496
2405306,1.0,0.29292929292929293,1.0,0.898989898989899,1.0,0.13131313131313133,0.898989898989899,0.23232323232323232,0.13131313131313133,0.898989898989899,0.7676767676767676,0.0,99,7,0.798,0.5657,0.4495
2405405,1.0,0.7837837837837838,1.0,0.7837837837837838,0.918918918918919,0.2072072072072072,0.7837837837837838,0.2072072072072072,0.2072072072072072,0.2072072072072072,0.2072072072072072,0.0,111,9,0.8919,0.5293,0.1554
2405504,1.0,0.0,1.0,0.45714285714285713,1.0,1.0,1.0,0.0,1.0,1.0,0.5428571428571428,0.0,35,2,0.6143,0.75,0.6357
2405603,1.0,0.11888111888111888,1.0,0.9020979020979021,1.0,0.7832167832167832,0.951048951048951,0.5804195804195804,0.5454545454545454,0.7762237762237763,0.5384615384615384,0.4405594405594406,143,12,0.7552,0.8287,0.5752
2405702,1.0,0.9753086419753086,1.0,1.0,1.0,0.7777777777777778,1.0,0.7901234567901234,0.9753086419753086,0.9753086419753086,0.18518518518518517,0.2222222222222222,81,6,0.9938,0.892,0.5895
2405801,0.9619565217391305,0.6711956521739131,1.0,0.8641304347826086,0.8206521739130435,0.04619565217391304,0.8831521739130435,0.3070652173913043,0.27717391304347827,0.720108695652174,0.6766304347826086,0.358695652173913,368,25,0.8743,0.5143,0.5082
2405900,1.0,0.9615384615384616,1.0,1.0,1.0,0.6538461538461539,0.6538461538461539,0.6538461538461539,0.6538461538461539,0.6538461538461539,0.0,0.0,26,4,0.9904,0.7404,0.3269
2406007,1.0,0.0,1.0,0.875,1.0,0.140625,1.0,0.734375,0.734375,0.734375,0.0,0.59375,64,7,0.7188,0.7188,0.5156
2406106,1.0,0.7029702970297029,1.0,0.7920792079207921,0.7920792079207921,0.04455445544554455,0.995049504950495,0.3415841584158416,0.13861386138613863,0.8514851485148515,0.806930693069307,0.16336633663366337,202,17,0.8738,0.5433,0.4901
2406155,1.0,0.0,1.0,1.0,1.0,0.75,1.0,1.0,0.16666666666666666,0.16666666666666666,0.0,0.0,36,5,0.75,0.9375,0.0833
2406205,1.0,0.0,1.0,0.8666666666666667,1.0,0.9555555555555556,0.8666666666666667,0.8666666666666667,0.2777777777777778,0.6777777777777778,0.6777777777777778,0.18888888888888888,90,5,0.7167,0.9222,0.4556
2406304,1.0,0.0,1.0,0.9,1.0,0.9,1.0,0.5142857142857142,0.0,0.1,0.1,0.5142857142857142,70,4,0.725,0.8536,0.1786
2406403,1.0,0.0,1.0,1.0,1.0,1.0,1.0,0.0,0.0,0.0,0.0,0.0,39,2,0.75,0.75,0.0
2406502,1.0,0.24583333333333332,1.0,1.0,1.0,0.8666666666666667,0.8916666666666667,0.3625,0.9,1.0,1.0,0.0,240,9,0.8115,0.7802,0.725
2406601,1.0,0.0,1.0,0.8473282442748091,1.0,0.3816793893129771,0.9694656488549618,0.0,0.2595419847328244,0.40458015267175573,0.33587786259541985,0.0,131,7,0.7118,0.5878,0.25
2406700,1.0,0.9172413793103448,1.0,1.0,1.0,0.696551724137931,1.0,0.6344827586206897,0.8206896551724138,1.0,0.6758620689655173,0.5793103448275863,145,5,0.9793,0.8328,0.769
2406809,1.0,0.6133333333333333,1.0,0.7066666666666667,1.0,0.8533333333333334,1.0,0.76,0.0,0.0,0.0,0.0,75,5,0.83,0.9033,0.0
2406908,1.0,0.8076923076923077,1.0,1.0,1.0,1.0,1.0,0.6730769230769231,0.3269230769230769,0.9038461538461539,0.5769230769230769,0.09615384615384616,52,4,0.9519,0.9183,0.476
2407005,1.0,0.34615384615384615,1.0,0.8307692307692308,1.0,0.9307692307692308,0.7461538461538462,0.5538461538461539,0.2076923076923077,0.2076923076923077,0.0,0.2076923076923077,130,8,0.7942,0.8077,0.1558
2407104,1.0,0.2996057818659658,1.0,0.9934296977660972,1.0,0.16557161629434955,0.9250985545335085,0.354796320630749,0.4454664914586071,0.5676741130091985,0.3469119579500657,0.10643889618922471,761,33,0.8233,0.6114,0.3666
2407203,0.6122448979591837,0.6122448979591837,1.0,0.9755102040816327,1.0,0.4816326530612245,1.0,0.39591836734693875,0.5183673469387755,0.7591836734693878,0.6285714285714286,0.1306122448979592,245,10,0.8,0.7194,0.5092
2407252,1.0,0.0,1.0,1.0,1.0,1.0,1.0,1.0,0.0,1.0,1.0,0.0,61,1,0.75,1.0,0.5
2407302,1.0,0.0,1.0,0.7662337662337663,0.922077922077922,0.4935064935064935,0.922077922077922,0.7922077922077922,0.7662337662337663,0.7662337662337663,0.0,0.36363636363636365,77,8,0.6916,0.7825,0.474
2407401,1.0,0.24444444444444444,1.0,0.9666666666666667,1.0,0.2777777777777778,0.7333333333333333,0.7333333333333333,1.0,1.0,0.3111111111111111,0.4888888888888889,90,6,0.8028,0.6861,0.7
2407500,1.0,0.0,1.0,1.0,1.0,0.4407894736842105,0.8157894736842105,0.6644736842105263,0.14473684210526316,0.4934210526315789,0.4934210526315789,0.6644736842105263,152,7,0.75,0.7303,0.449
2407609,1.0,1.0,1.0,0.875,1.0,0.0,0.9583333333333334,0.9583333333333334,0.0,0.9583333333333334,0.9583333333333334,0.0,48,3,0.9688,0.7292,0.4792
2407708,1.0,0.0,1.0,1.0,1.0,0.6855345911949685,0.5660377358490566,0.0,0.0,0.0,0.0,0.0,159,8,0.75,0.5629,0.0
2407807,1.0,0.14930555555555555,1.0,1.0,1.0,0.0,1.0,0.08680555555555555,0.013888888888888888,0.3368055555555556,0.3229166666666667,0.0,288,17,0.7873,0.5217,0.1684
2407906,1.0,0.0,1.0,1.0,1.0,1.0,0.6595744680851063,0.0,0.0,0.0,0.0,0.0,47,2,0.75,0.6649,0.0
2408003,0.9624558303886925,0.6086572438162544,1.0,0.9465547703180212,0.9986749116607774,0.5278268551236749,0.9699646643109541,0.6179328621908127,0.8228798586572438,0.9372791519434629,0.3842756183745583,0.5229681978798587,2264,83,0.8794,0.7786,0.6669
2408102,0.985494106980961,0.5606527651858567,1.0,0.9951042611060743,0.9934723481414325,0.3343608340888486,0.5485040797824116,0.7805983680870353,0.6757932910244787,0.9827742520398912,0.5089755213055304,0.6781504986400725,5515,103,0.8853,0.6642,0.7114
2408201,0.996039603960396,0.11485148514851486,1.0,0.9683168316831683,0.1900990099009901,0.11485148514851486,0.7128712871287128,0.041584158415841586,0.1801980198019802,0.35445544554455444,0.32673267326732675,0.5069306930693069,505,24,0.7698,0.2649,0.3421
2408300,0.9779005524861878,0.11602209944751381,1.0,0.9640883977900553,0.9861878453038674,0.34806629834254144,0.7596685082872928,0.3287292817679558,0.3867403314917127,0.4972375690607735,0.2596685082872928,0.027624309392265192,362,19,0.7645,0.6057,0.2928
2408409,1.0,0.0,1.0,1.0,1.0,0.0,0.8809523809523809,0.0,0.0,0.0,0.0,0.8809523809523809,42,2,0.75,0.4702,0.2202
2408508,1.0,1.0,1.0,1.0,1.0,0.0,1.0,1.0,1.0,1.0,1.0,1.0,46,1,1.0,0.75,1.0
2408607,1.0,0.0,1.0,0.984375,0.96875,0.0,0.953125,0.953125,0.0,0.859375,0.859375,0.1875,64,6,0.7461,0.7188,0.4766
2408706,1.0,0.0,1.0,1.0,1.0,1.0,1.0,1.0,1.0,1.0,0.0,1.0,23,1,0.75,1.0,0.75
2408805,1.0,1.0,1.0,1.0,1.0,0.0,1.0,0.0,0.0,0.0,0.0,1.0,69,1,1.0,0.5,0.25
2408904,1.0,0.7802197802197802,1.0,0.9816849816849816,1.0,0.315018315018315,0.9816849816849816,0.6263736263736264,0.9633699633699634,0.9633699633699634,0.26373626373626374,0.2967032967032967,273,13,0.9405,0.7308,0.6218
2408953,1.0,0.057692307692307696,1.0,1.0,1.0,0.358974358974359,0.9551282051282052,0.2564102564102564,0.20512820512820512,0.42948717948717946,0.22435897435897437,0.0,156,8,0.7644,0.6426,0.2147
2409100,1.0,0.7294117647058823,1.0,1.0,1.0,0.8764705882352941,0.9294117647058824,0.5294117647058824,0.2823529411764706,0.3235294117647059,0.16470588235294117,0.40588235294117647,170,9,0.9324,0.8338,0.2941
2409209,1.0,0.30434782608695654,1.0,1.0,1.0,0.5652173913043478,0.5652173913043478,0.0,0.6956521739130435,0.6956521739130435,0.5652173913043478,0.0,46,4,0.8261,0.5326,0.4891
2409308,1.0,0.09259259259259259,1.0,0.9537037037037037,0.9907407407407407,0.8240740740740741,0.9814814814814815,0.5277777777777778,0.1388888888888889,0.8611111111111112,0.8611111111111112,0.1388888888888889,108,8,0.7616,0.831,0.5
2409332,1.0,0.0,1.0,0.8289473684210527,0.9868421052631579,0.0,0.7763157894736842,0.7763157894736842,0.7763157894736842,0.8947368421052632,0.8947368421052632,0.0,76,5,0.7072,0.6349,0.6414
2409407,1.0,0.4426229508196721,1.0,0.9737704918032787,1.0,0.6721311475409836,0.9770491803278688,0.5540983606557377,0.8360655737704918,0.8360655737704918,0.07213114754098361,0.5180327868852459,305,13,0.8541,0.8008,0.5656
2409506,1.0,0.0,1.0,1.0,1.0,0.43103448275862066,1.0,0.6379310344827587,0.5689655172413793,0.9310344827586207,0.9310344827586207,0.0,58,3,0.75,0.7672,0.6078
2409605,1.0,0.0,1.0,0.6176470588235294,0.7058823529411765,0.0,0.8235294117647058,0.8235294117647058,0.6176470588235294,0.6176470588235294,0.0,0.0,34,5,0.6544,0.5882,0.3088
2409704,1.0,0.36283185840707965,1.0,0.7433628318584071,1.0,0.7964601769911505,0.6548672566371682,0.36283185840707965,0.0,0.39823008849557523,0.39823008849557523,0.5663716814159292,113,11,0.7765,0.7035,0.3407
2409803,0.9520958083832335,0.5329341317365269,1.0,0.8323353293413174,0.7005988023952096,0.41317365269461076,0.7005988023952096,0.41317365269461076,0.41317365269461076,0.41317365269461076,0.41317365269461076,0.41317365269461076,167,13,0.8293,0.5569,0.4132
2409902,1.0,0.6341463414634146,1.0,0.9817073170731707,1.0,0.5487804878048781,0.8170731707317073,0.2073170731707317,0.6402439024390244,0.7317073170731707,0.09146341463414634,0.2073170731707317,164,7,0.904,0.6433,0.4177
2410009,1.0,0.4864864864864865,1.0,1.0,1.0,1.0,1.0,0.5135135135135135,0.5135135135135135,1.0,0.4864864864864865,0.5135135135135135,37,2,0.8716,0.8784,0.6284
2410108,1.0,0.3643410852713178,1.0,0.7674418604651163,1.0,0.0,0.9069767441860465,0.3643410852713178,0.3643410852713178,0.3643410852713178,0.0,0.3643410852713178,129,8,0.7829,0.5678,0.2733
2410207,1.0,0.0,1.0,0.7450980392156863,1.0,0.8333333333333334,1.0,0.8333333333333334,0.7843137254901961,1.0,0.8431372549019608,0.16666666666666666,102,5,0.6863,0.9167,0.6985
2410256,1.0,0.0,1.0,1.0,1.0,1.0,1.0,0.0,0.8823529411764706,1.0,0.11764705882352941,0.0,85,4,0.75,0.75,0.5
2410306,0.9565217391304348,0.7701863354037267,1.0,1.0,1.0,0.546583850931677,1.0,0.22981366459627328,0.018633540372670808,0.5217391304347826,0.5217391304347826,0.031055900621118012,161,9,0.9317,0.6941,0.2733
2410405,1.0,0.0,1.0,0.8970588235294118,1.0,0.16911764705882354,1.0,0.6544117647058824,0.7794117647058824,0.9485294117647058,0.2867647058823529,0.0,136,7,0.7243,0.7059,0.5037
2410504,1.0,0.0,1.0,1.0,1.0,0.6097560975609756,1.0,0.6097560975609756,1.0,1.0,1.0,0.6097560975609756,41,3,0.75,0.8049,0.9024
2410603,1.0,0.0,1.0,0.78125,0.96875,0.03125,0.78125,0.0,0.78125,0.8125,0.03125,0.0,32,6,0.6953,0.4453,0.4062
2410702,1.0,1.0,1.0,1.0,1.0,1.0,1.0,1.0,0.6216216216216216,1.0,0.3783783783783784,0.3783783783783784,37,2,1.0,1.0,0.5946
2410801,1.0,0.0,1.0,0.5660377358490566,1.0,1.0,0.5094339622641509,0.5094339622641509,0.5094339622641509,0.5094339622641509,0.0,0.5094339622641509,53,5,0.6415,0.7547,0.3821
2410900,1.0,0.8526315789473684,1.0,0.9157894736842105,1.0,1.0,0.7052631578947368,0.6526315789473685,0.7052631578947368,0.7052631578947368,0.4105263157894737,0.010526315789473684,95,6,0.9421,0.8395,0.4579
2411007,1.0,0.7142857142857143,1.0,1.0,1.0,0.7142857142857143,1.0,0.7142857142857143,0.0,1.0,1.0,0.0,70,2,0.9286,0.8571,0.5
2411056,1.0,0.0,1.0,1.0,1.0,0.4827586206896552,1.0,0.4827586206896552,0.4827586206896552,0.4827586206896552,0.0,0.0,58,4,0.75,0.7414,0.2414
2411106,1.0,0.9696969696969697,1.0,0.9696969696969697,1.0,0.9696969696969697,1.0,0.9696969696969697,0.0,0.0,0.0,0.9696969696969697,33,2,0.9848,0.9848,0.2424
2411205,1.0,0.8747300215982722,1.0,0.8747300215982722,1.0,1.0,1.0,0.980561555075594,0.5485961123110151,0.6241900647948164,0.20086393088552915,0.9762419006479481,463,17,0.9374,0.9951,0.5875
2411403,1.0,0.6029411764705882,1.0,0.8455882352941176,0.9852941176470589,0.19117647058823528,0.9411764705882353,0.6470588235294118,0.5661764705882353,0.8235294117647058,0.7573529411764706,0.34558823529411764,136,12,0.8621,0.6912,0.6232
2411429,1.0,0.8611111111111112,1.0,1.0,1.0,1.0,1.0,1.0,0.1388888888888889,1.0,0.8611111111111112,1.0,36,2,0.9653,1.0,0.75
2411502,1.0,0.2441860465116279,1.0,0.9341085271317829,1.0,0.6782945736434108,0.9263565891472868,0.41472868217054265,0.313953488372093,0.7558139534883721,0.7558139534883721,0.05813953488372093,258,14,0.7946,0.7548,0.4709
2411601,1.0,0.08,1.0,1.0,1.0,0.0,1.0,0.08,0.0,0.0,0.0,0.17333333333333334,75,3,0.77,0.52,0.0433
2411700,1.0,1.0,1.0,1.0,1.0,1.0,1.0,0.0,1.0,1.0,1.0,1.0,51,1,1.0,0.75,1.0
2411809,1.0,0.967741935483871,1.0,1.0,1.0,1.0,0.967741935483871,0.967741935483871,0.967741935483871,0.967741935483871,0.0,0.0,31,2,0.9919,0.9839,0.4839
2411908,1.0,0.9230769230769231,1.0,0.9807692307692307,1.0,0.9807692307692307,1.0,0.9230769230769231,0.0,0.9230769230769231,0.9230769230769231,0.9230769230769231,52,3,0.976,0.976,0.6923
2412005,0.9900090826521344,0.3224341507720254,1.0,0.9872842870118075,0.896457765667575,0.4841053587647593,0.7257039055404177,0.5149863760217984,0.4259763851044505,0.6148955495004541,0.3151680290644868,0.5849227974568574,1101,36,0.8249,0.6553,0.4852
2412104,1.0,0.7727272727272727,1.0,1.0,1.0,1.0,1.0,0.7727272727272727,0.7727272727272727,1.0,0.22727272727272727,0.7727272727272727,66,2,0.9432,0.9432,0.6932
2412203,1.0,0.27448275862068966,1.0,1.0,0.9889655172413793,0.29379310344827586,0.9820689655172414,0.22758620689655173,0.3062068965517241,0.8482758620689655,0.64,0.04,725,21,0.8186,0.6231,0.4586
2412302,0.9932432432432432,0.6554054054054054,1.0,0.9527027027027027,1.0,1.0,0.9662162162162162,0.6013513513513513,0.3918918918918919,0.7567567567567568,0.36486486486486486,0.20270270270270271,148,9,0.9003,0.8919,0.4291
2412401,1.0,0.9615384615384616,1.0,1.0,1.0,1.0,1.0,0.038461538461538464,0.9615384615384616,0.9615384615384616,0.0,0.038461538461538464,52,2,0.9904,0.7596,0.4904
2412500,1.0,0.05862068965517241,1.0,0.9586206896551724,1.0,0.24482758620689654,0.8448275862068966,0.08275862068965517,0.23793103448275862,0.6310344827586207,0.47586206896551725,0.4241379310344828,290,10,0.7543,0.5431,0.4422
2412559,1.0,0.29411764705882354,1.0,0.6411764705882353,0.9764705882352941,0.3941176470588235,0.8941176470588236,0.058823529411764705,0.0,0.7,0.7,0.07058823529411765,170,14,0.7338,0.5809,0.3676
2412609,1.0,0.9463087248322147,1.0,1.0,1.0,0.8322147651006712,1.0,0.46308724832214765,0.12751677852348994,0.7046979865771812,0.7046979865771812,0.0,149,6,0.9866,0.8238,0.3842
2412708,1.0,0.0,1.0,1.0,0.95,0.2375,1.0,0.5875,0.2875,0.7625,0.7625,0.0,80,7,0.75,0.6938,0.4531
2412807,1.0,0.7142857142857143,1.0,0.9591836734693877,1.0,0.4489795918367347,1.0,1.0,0.7142857142857143,0.7142857142857143,0.3469387755102041,0.7142857142857143,49,5,0.9184,0.8622,0.6224
2412906,1.0,0.1509433962264151,1.0,0.8018867924528302,1.0,0.29245283018867924,1.0,0.3490566037735849,0.8018867924528302,0.8018867924528302,0.29245283018867924,0.14150943396226415,106,8,0.7382,0.6604,0.5094
2413003,1.0,0.9508196721311475,1.0,0.9508196721311475,1.0,0.5409836065573771,1.0,0.0,0.45901639344262296,0.9508196721311475,0.4918032786885246,0.45901639344262296,61,3,0.9754,0.6352,0.5902
2413102,1.0,0.43373493975903615,1.0,1.0,1.0,0.43373493975903615,1.0,0.7349397590361446,0.7349397590361446,0.7349397590361446,0.43373493975903615,0.30120481927710846,83,3,0.8584,0.7922,0.5512
2413201,1.0,0.0,1.0,1.0,1.0,1.0,1.0,1.0,1.0,1.0,0.0,1.0,63,2,0.75,1.0,0.75
2413300,1.0,0.0,1.0,0.9493670886075949,1.0,0.0,0.8227848101265823,0.0,0.16455696202531644,0.16455696202531644,0.0,0.0,79,6,0.7373,0.4557,0.0823
2413359,1.0,0.0,1.0,0.9356435643564357,1.0,0.7574257425742574,1.0,0.9504950495049505,0.42574257425742573,0.6386138613861386,0.21287128712871287,0.16831683168316833,202,14,0.7339,0.927,0.3614
2413409,1.0,0.7169811320754716,1.0,0.7547169811320755,1.0,0.8867924528301887,0.9245283018867925,0.4716981132075472,0.5283018867924528,0.5660377358490566,0.03773584905660377,0.8490566037735849,53,6,0.8679,0.8208,0.4953
2413508,1.0,0.0,1.0,1.0,1.0,0.8352941176470589,1.0,0.8352941176470589,0.36470588235294116,0.36470588235294116,0.36470588235294116,0.0,85,5,0.75,0.9176,0.2735
2413557,1.0,0.0,1.0,0.9807692307692307,1.0,0.9807692307692307,0.9807692307692307,0.9807692307692307,0.6730769230769231,0.6730769230769231,0.0,0.7884615384615384,52,4,0.7452,0.9856,0.5337
2413607,1.0,0.0,1.0,1.0,1.0,0.0,1.0,0.918918918918919,0.20270270270270271,0.6891891891891891,0.4864864864864865,0.0,74,5,0.75,0.7297,0.3446
2413706,1.0,0.5522388059701493,1.0,0.9253731343283582,1.0,1.0,0.9253731343283582,0.373134328358209,0.9253731343283582,0.9253731343283582,0.373134328358209,0.9253731343283582,67,3,0.8694,0.8246,0.7873
2413805,1.0,0.0,1.0,1.0,1.0,0.0,1.0,0.0,1.0,1.0,0.0,0.0,22,1,0.75,0.5,0.5
2413904,1.0,0.0,1.0,0.6296296296296297,0.9691358024691358,0.030864197530864196,0.7716049382716049,0.2037037037037037,0.1728395061728395,0.6790123456790124,0.6790123456790124,0.7407407407407407,162,11,0.6574,0.4938,0.5679
2414001,0.7790055248618785,0.8342541436464088,1.0,1.0,1.0,0.22099447513812154,0.8397790055248618,0.574585635359116,0.4861878453038674,0.4861878453038674,0.0,0.585635359116022,181,8,0.9033,0.6588,0.3895
2414100,1.0,0.9307692307692308,1.0,0.9307692307692308,1.0,1.0,1.0,0.8153846153846154,0.3076923076923077,0.3076923076923077,0.12307692307692308,1.0,130,10,0.9654,0.9538,0.4346
2414159,1.0,0.7142857142857143,1.0,1.0,1.0,1.0,1.0,0.0,0.8571428571428571,1.0,0.14285714285714285,0.0,77,3,0.9286,0.75,0.5
2414209,1.0,0.4828897338403042,1.0,1.0,1.0,0.16730038022813687,1.0,0.6501901140684411,0.4068441064638783,0.6501901140684411,0.3193916349809886,0.07604562737642585,263,7,0.8707,0.7044,0.3631
2414308,1.0,1.0,1.0,1.0,1.0,1.0,1.0,0.0,1.0,1.0,1.0,0.0,25,1,1.0,0.75,0.75
2414407,0.9207920792079208,0.14653465346534653,1.0,0.7603960396039604,1.0,0.3465346534653465,0.899009900990099,0.47128712871287126,0.19405940594059407,0.42574257425742573,0.29306930693069305,0.031683168316831684,505,27,0.7069,0.6792,0.2361
2414456,1.0,0.6065573770491803,1.0,0.7540983606557377,1.0,0.0,1.0,0.2459016393442623,0.639344262295082,1.0,0.6065573770491803,0.2459016393442623,61,3,0.8402,0.5615,0.623
2414506,1.0,0.0,1.0,0.8977272727272727,1.0,0.8181818181818182,0.7727272727272727,0.3181818181818182,0.8977272727272727,0.8977272727272727,0.0,0.25,88,11,0.7244,0.7273,0.5114
2414605,1.0,0.4430379746835443,1.0,0.6392405063291139,1.0,0.7341772151898734,1.0,0.5569620253164557,0.6392405063291139,0.7784810126582279,0.5822784810126582,0.24050632911392406,158,9,0.7706,0.8228,0.5601
2414704,1.0,0.0,1.0,1.0,1.0,0.0,1.0,0.0,0.0,1.0,1.0,0.0,36,1,0.75,0.5,0.5
2414753,1.0,0.0,1.0,0.9428571428571428,1.0,0.7428571428571429,1.0,0.8,0.0,0.5428571428571428,0.5428571428571428,1.0,35,8,0.7357,0.8857,0.5214
2414803,1.0,0.0,1.0,1.0,1.0,0.868421052631579,1.0,1.0,0.42105263157894735,0.868421052631579,0.7736842105263158,0.6052631578947368,190,5,0.75,0.9671,0.6671
2414902,1.0,1.0,1.0,1.0,1.0,1.0,1.0,1.0,1.0,1.0,1.0,1.0,35,1,1.0,1.0,1.0
2415008,1.0,0.0,1.0,1.0,0.0,0.0,1.0,0.0,0.0,1.0,1.0,0.0,53,1,0.75,0.25,0.5
2500106,1.0,0.5804195804195804,1.0,0.8461538461538461,1.0,0.32867132867132864,0.9370629370629371,0.9370629370629371,0.0,0.0,0.0,0.8811188811188811,143,10,0.8566,0.8007,0.2203
2500205,1.0,0.7761194029850746,1.0,0.7761194029850746,1.0,0.0,1.0,0.7761194029850746,0.22388059701492538,0.22388059701492538,0.22388059701492538,1.0,67,3,0.8881,0.694,0.4179
2500304,1.0,0.6885644768856448,1.0,0.7956204379562044,1.0,0.45985401459854014,0.8978102189781022,0.656934306569343,0.29683698296836986,0.43552311435523117,0.3236009732360097,0.1070559610705596,411,24,0.871,0.7536,0.2908
2500403,1.0,0.5817610062893082,1.0,0.7075471698113207,0.9811320754716981,0.12578616352201258,0.6698113207547169,0.6698113207547169,0.1320754716981132,0.27044025157232704,0.13836477987421383,0.0,318,31,0.8223,0.6116,0.1352
2500502,0.9457831325301205,0.29518072289156627,1.0,0.8734939759036144,0.9518072289156626,0.0,0.927710843373494,0.6867469879518072,0.891566265060241,0.927710843373494,0.3132530120481928,0.1927710843373494,166,9,0.7786,0.6416,0.5813
2500536,1.0,0.0,1.0,0.9782608695652174,0.9891304347826086,0.21739130434782608,0.9891304347826086,0.9891304347826086,0.7065217391304348,0.9130434782608695,0.9130434782608695,0.9891304347826086,92,6,0.7446,0.7962,0.8804
2500577,1.0,0.7916666666666666,1.0,0.7916666666666666,0.9166666666666666,0.0,0.0,0.0,0.7916666666666666,0.7916666666666666,0.0,0.0,48,3,0.8958,0.2292,0.3958
2500601,1.0,0.035842293906810034,1.0,0.8602150537634409,1.0,0.30824372759856633,1.0,0.05734767025089606,0.4731182795698925,0.4731182795698925,0.4551971326164875,0.0,279,15,0.724,0.5914,0.3504
2500700,1.0,0.5766871165644172,1.0,0.9141104294478528,0.9815950920245399,0.4601226993865031,0.9815950920245399,0.803680981595092,0.5153374233128835,0.656441717791411,0.1411042944785276,0.26380368098159507,163,11,0.8727,0.8067,0.3942
2500734,1.0,0.5652173913043478,1.0,0.5652173913043478,1.0,0.0,1.0,1.0,0.5652173913043478,0.5652173913043478,0.5652173913043478,0.5652173913043478,46,2,0.7826,0.75,0.5652
2500775,1.0,0.0,1.0,0.7731958762886598,1.0,0.010309278350515464,1.0,1.0,0.0,0.010309278350515464,0.010309278350515464,0.4020618556701031,97,10,0.6933,0.7526,0.1057
2500809,1.0,0.0,1.0,0.7621359223300971,1.0,0.3106796116504854,0.9029126213592233,0.9320388349514563,0.470873786407767,0.470873786407767,0.05825242718446602,0.0,206,18,0.6905,0.7864,0.25
2500908,1.0,0.8252427184466019,1.0,0.8252427184466019,1.0,0.0,1.0,0.8737864077669902,0.24271844660194175,0.24271844660194175,0.24271844660194175,0.6310679611650486,103,10,0.9126,0.7184,0.3398
2501005,1.0,0.6305418719211823,1.0,0.9359605911330049,1.0,1.0,0.8472906403940886,0.4433497536945813,0.0,0.1625615763546798,0.1625615763546798,0.0,203,14,0.8916,0.8227,0.0813
2501104,1.0,0.5823754789272031,1.0,0.8620689655172413,1.0,0.210727969348659,0.9348659003831418,0.7509578544061303,0.0,0.46360153256704983,0.46360153256704983,0.3486590038314176,261,11,0.8611,0.7241,0.319
2501153,1.0,0.6521739130434783,1.0,0.8260869565217391,1.0,1.0,1.0,0.6521739130434783,0.0,0.0,0.0,0.0,23,3,0.8696,0.913,0.0
2501203,1.0,0.7815126050420168,1.0,0.8823529411764706,1.0,0.0,1.0,0.11764705882352941,0.7815126050420168,0.7815126050420168,0.0,0.0,119,3,0.916,0.5294,0.3908
2501302,1.0,0.43951612903225806,1.0,0.6088709677419355,1.0,0.9314516129032258,1.0,0.4112903225806452,0.21370967741935484,0.31048387096774194,0.0967741935483871,0.25,248,16,0.7621,0.8357,0.2177
2501351,1.0,0.0,1.0,0.8947368421052632,1.0,1.0,1.0,1.0,0.0,0.0,0.0,1.0,76,3,0.7237,1.0,0.25
2501401,1.0,0.0,1.0,0.5714285714285714,1.0,0.8979591836734694,0.8571428571428571,0.0,0.04081632653061224,0.5306122448979592,0.4897959183673469,0.0,147,10,0.6429,0.6888,0.2653
2501500,1.0,0.0947867298578199,1.0,0.6872037914691943,0.8625592417061612,0.0947867298578199,0.7203791469194313,0.4549763033175355,0.24170616113744076,0.27488151658767773,0.03317535545023697,0.15639810426540285,211,25,0.6955,0.5332,0.1765
2501534,1.0,0.9636363636363636,1.0,1.0,1.0,0.0,0.9636363636363636,0.9636363636363636,0.9636363636363636,1.0,0.03636363636363636,0.0,55,2,0.9909,0.7318,0.5
2501575,1.0,0.0,1.0,0.6344086021505376,0.967741935483871,0.21505376344086022,0.8387096774193549,0.7419354838709677,0.3655913978494624,0.7526881720430108,0.4731182795698925,0.3655913978494624,93,14,0.6586,0.6909,0.4892
2501609,1.0,0.7796610169491526,1.0,0.847457627118644,1.0,0.1864406779661017,1.0,0.2542372881355932,0.01694915254237288,0.01694915254237288,0.0,0.0,118,8,0.9068,0.6102,0.0085
2501708,1.0,0.5714285714285714,1.0,0.8928571428571429,1.0,0.8928571428571429,1.0,0.6904761904761905,0.20238095238095238,0.7738095238095238,0.5714285714285714,0.7738095238095238,84,4,0.8661,0.8958,0.5804
2501807,1.0,0.2393048128342246,1.0,1.0,1.0,0.20588235294117646,0.9759358288770054,0.49866310160427807,0.0481283422459893,0.6176470588235294,0.6002673796791443,0.1443850267379679,748,24,0.8098,0.6701,0.3526
2501906,1.0,0.8,1.0,0.8666666666666667,0.8333333333333334,0.0,0.8333333333333334,0.6777777777777778,0.35,0.4166666666666667,0.4166666666666667,0.35,180,11,0.9167,0.5861,0.3833
2502003,1.0,0.8873239436619719,1.0,0.8873239436619719,0.971830985915493,0.6056338028169014,0.5492957746478874,0.5492957746478874,0.28169014084507044,0.28169014084507044,0.0,0.0,71,5,0.9437,0.669,0.1408
2502052,1.0,0.6615384615384615,1.0,1.0,1.0,1.0,1.0,0.18461538461538463,0.0,0.9384615384615385,0.9384615384615385,0.0,65,4,0.9154,0.7962,0.4692
2502102,1.0,0.7391304347826086,1.0,0.7391304347826086,0.8260869565217391,0.8260869565217391,1.0,1.0,0.391304347826087,0.391304347826087,0.391304347826087,0.34782608695652173,46,6,0.8696,0.913,0.3804
2502151,1.0,0.39814814814814814,1.0,0.39814814814814814,0.9537037037037037,0.9537037037037037,1.0,0.5925925925925926,0.6666666666666666,0.7129629629629629,0.4444444444444444,0.8240740740740741,108,8,0.6991,0.875,0.662
2502201,1.0,0.5675675675675675,1.0,0.918918918918919,1.0,0.0,0.918918918918919,0.5675675675675675,0.0,0.5675675675675675,0.5675675675675675,0.5675675675675675,37,3,0.8716,0.6216,0.4257
2502300,1.0,0.574468085106383,1.0,1.0,1.0,0.425531914893617,1.0,1.0,1.0,1.0,0.0,1.0,47,2,0.8936,0.8564,0.75
2502409,1.0,0.6893939393939394,1.0,0.7954545454545454,0.7575757575757576,0.5227272727272727,0.7575757575757576,0.6893939393939394,0.16666666666666666,0.16666666666666666,0.0,0.6893939393939394,132,13,0.8712,0.6818,0.2557
2502508,1.0,0.7763157894736842,1.0,0.8508771929824561,0.8947368421052632,0.2543859649122807,0.9166666666666666,0.7324561403508771,0.4166666666666667,0.4342105263157895,0.2149122807017544,0.44298245614035087,228,15,0.9068,0.6996,0.3772
2502607,1.0,0.9259259259259259,1.0,0.9259259259259259,1.0,0.9259259259259259,0.9629629629629629,0.9876543209876543,0.9259259259259259,0.9629629629629629,0.9629629629629629,0.9259259259259259,81,4,0.963,0.9691,0.9444
2502706,1.0,0.8035714285714286,1.0,0.8035714285714286,1.0,0.0,1.0,0.7857142857142857,0.0,0.0,0.0,0.0,56,5,0.9018,0.6964,0.0
2502805,1.0,0.8609271523178808,1.0,0.8609271523178808,1.0,0.8079470198675497,0.9470198675496688,0.8609271523178808,0.0,0.3443708609271523,0.3443708609271523,0.8609271523178808,151,8,0.9305,0.904,0.3874
2502904,1.0,0.2054794520547945,1.0,1.0,1.0,0.0,1.0,1.0,0.0,0.3287671232876712,0.3287671232876712,0.0,73,5,0.8014,0.75,0.1644
2503001,1.0,0.0,1.0,1.0,1.0,0.6426592797783933,0.9695290858725761,0.997229916897507,0.12465373961218837,0.7645429362880887,0.7645429362880887,0.7174515235457064,361,15,0.75,0.9024,0.5928
2503100,1.0,0.5945945945945946,1.0,0.5945945945945946,1.0,1.0,1.0,0.7837837837837838,1.0,1.0,0.0,0.7837837837837838,74,3,0.7973,0.9459,0.6959
2503209,1.0,0.09076923076923077,0.9246153846153846,1.0,1.0,0.0,0.9661538461538461,0.2553846153846154,0.2076923076923077,0.6353846153846154,0.54,0.11846153846153847,650,16,0.7538,0.5554,0.3754
2503308,1.0,0.7184466019417476,1.0,1.0,1.0,0.7184466019417476,1.0,1.0,0.06796116504854369,0.7864077669902912,0.7184466019417476,0.7864077669902912,103,4,0.9296,0.9296,0.5898
2503407,1.0,0.7608695652173914,1.0,0.7608695652173914,0.7608695652173914,0.7608695652173914,0.9130434782608695,0.15217391304347827,0.7608695652173914,0.7608695652173914,0.0,0.0,46,4,0.8804,0.6467,0.3804
2503506,1.0,0.05699481865284974,1.0,0.8963730569948186,0.8911917098445595,0.0,0.11917098445595854,0.11917098445595854,0.15544041450777202,0.19170984455958548,0.03626943005181347,0.6839378238341969,193,13,0.7383,0.2824,0.2668
2503555,1.0,0.2867647058823529,1.0,0.6323529411764706,0.8088235294117647,0.0,1.0,0.5220588235294118,0.2426470588235294,0.6323529411764706,0.3897058823529412,0.11029411764705882,136,9,0.7298,0.5827,0.3438
2503605,1.0,0.7792207792207793,1.0,0.8961038961038961,0.8831168831168831,0.06493506493506493,0.8961038961038961,0.6753246753246753,0.0,0.22077922077922077,0.22077922077922077,0.5584415584415584,77,5,0.9188,0.6299,0.25
2503704,1.0,0.8778877887788779,1.0,0.9504950495049505,1.0,0.6947194719471947,1.0,1.0,0.5297029702970297,0.6798679867986799,0.46534653465346537,0.8415841584158416,606,23,0.9571,0.9237,0.6291
2503753,1.0,0.7941176470588235,1.0,0.7941176470588235,0.8235294117647058,0.7941176470588235,1.0,1.0,0.0,0.9411764705882353,0.9411764705882353,0.8235294117647058,34,4,0.8971,0.9044,0.6765
2503803,1.0,0.0,1.0,0.7727272727272727,1.0,0.0,1.0,0.7840909090909091,0.7727272727272727,0.7727272727272727,0.0,0.7727272727272727,88,5,0.6932,0.696,0.5795
2503902,1.0,0.0,1.0,0.7289719626168224,1.0,0.7850467289719626,1.0,0.37383177570093457,0.0,0.6261682242990654,0.6261682242990654,0.2897196261682243,107,5,0.6822,0.7897,0.3855
2504009,1.0,0.8802024746906637,1.0,0.9938132733408324,0.999156355455568,0.500281214848144,1.0,0.5523059617547806,0.1439820022497188,0.6529808773903262,0.6439820022497188,0.21175478065241846,3556,97,0.9685,0.7629,0.4132
2504033,1.0,0.0,1.0,1.0,1.0,0.0,1.0,0.2696629213483146,0.20224719101123595,0.20224719101123595,0.0,0.2696629213483146,89,3,0.75,0.5674,0.1685
2504074,1.0,0.796875,1.0,0.859375,1.0,1.0,0.828125,0.5625,0.796875,0.796875,0.53125,0.5625,64,5,0.9141,0.8477,0.6719
2504108,1.0,0.0,1.0,1.0,1.0,0.0,1.0,0.0,1.0,1.0,0.0,0.0,27,1,0.75,0.5,0.5
2504157,1.0,0.6626506024096386,1.0,0.7951807228915663,1.0,0.6626506024096386,1.0,0.20481927710843373,0.7951807228915663,1.0,0.3373493975903614,0.0,83,3,0.8645,0.7169,0.5331
2504207,1.0,0.9661016949152542,1.0,0.9661016949152542,1.0,0.9661016949152542,1.0,1.0,1.0,1.0,1.0,1.0,59,2,0.9831,0.9915,1.0
2504306,1.0,0.8472727272727273,1.0,0.9527272727272728,1.0,1.0,0.9963636363636363,0.8545454545454545,0.7490909090909091,0.8145454545454546,0.33090909090909093,0.3709090909090909,275,11,0.95,0.9627,0.5664
2504355,1.0,0.375,1.0,1.0,0.8409090909090909,0.375,1.0,0.75,0.1590909090909091,0.1590909090909091,0.0,0.375,88,5,0.8438,0.7415,0.1733
2504405,1.0,0.6448598130841121,1.0,0.8411214953271028,0.8504672897196262,0.11214953271028037,0.7850467289719626,0.2523364485981308,0.14018691588785046,0.14018691588785046,0.07476635514018691,0.0,214,24,0.8715,0.5,0.0888
2504504,1.0,0.9016393442622951,1.0,0.9016393442622951,0.0,0.0,0.9344262295081968,0.9016393442622951,0.9016393442622951,0.9016393442622951,0.0,0.9016393442622951,61,5,0.9508,0.459,0.6762
2504603,1.0,0.0,1.0,1.0,0.9823182711198428,0.5540275049115914,1.0,0.2337917485265226,0.0,0.10216110019646366,0.10216110019646366,0.11394891944990176,509,17,0.75,0.6925,0.0796
2504702,1.0,0.9375,1.0,0.96875,0.96875,0.96875,0.9375,0.9375,0.9375,0.9375,0.9375,0.9375,32,3,0.9766,0.9531,0.9375
2504801,1.0,0.5859872611464968,1.0,0.9044585987261147,0.9490445859872612,0.0,0.9044585987261147,0.0,0.28662420382165604,0.28662420382165604,0.28662420382165604,0.0,157,13,0.8726,0.4634,0.215
2504850,1.0,0.68,1.0,0.68,1.0,0.68,1.0,1.0,0.0,0.0,0.0,0.68,25,3,0.84,0.92,0.17
2504900,0.896797153024911,0.15658362989323843,1.0,0.4234875444839858,0.9893238434163701,0.20284697508896798,0.8505338078291815,0.5622775800711743,0.2846975088967972,0.5088967971530249,0.22419928825622776,0.0,281,18,0.6192,0.6512,0.2544
2505006,1.0,0.0,1.0,0.8529411764705882,1.0,0.0,0.8529411764705882,0.5588235294117647,0.0,0.18627450980392157,0.18627450980392157,0.0,102,6,0.7132,0.6029,0.0931
2505105,1.0,0.0,1.0,0.7850877192982456,1.0,0.42105263157894735,0.9429824561403509,0.5570175438596491,0.21929824561403508,0.21929824561403508,0.21929824561403508,0.21929824561403508,228,11,0.6963,0.7303,0.2193
2505204,1.0,0.5425531914893617,1.0,0.9574468085106383,1.0,0.2127659574468085,1.0,0.13829787234042554,0.0,0.1276595744680851,0.1276595744680851,0.0,94,7,0.875,0.5878,0.0638
2505238,1.0,0.0,1.0,0.6419753086419753,0.9506172839506173,0.0,0.48148148148148145,0.09876543209876543,0.3950617283950617,0.3950617283950617,0.3950617283950617,0.09876543209876543,81,9,0.6605,0.3827,0.321
2505279,1.0,0.0,1.0,0.47692307692307695,1.0,0.3384615384615385,0.4307692307692308,0.0,0.2,0.2,0.2,0.0,65,11,0.6192,0.4423,0.15
2505303,1.0,0.7666666666666667,1.0,0.7666666666666667,1.0,0.7666666666666667,1.0,1.0,1.0,1.0,0.7666666666666667,0.0,30,2,0.8833,0.9417,0.6917
2505352,1.0,0.7605633802816901,1.0,0.7605633802816901,1.0,1.0,0.9154929577464789,0.0,0.0,0.7605633802816901,0.7605633802816901,0.0,71,6,0.8803,0.7289,0.3803
2505402,1.0,0.22429906542056074,1.0,0.8785046728971962,0.9719626168224299,0.0,1.0,0.6355140186915887,0.5420560747663551,0.5420560747663551,0.0,0.7570093457943925,107,9,0.7757,0.6519,0.4603
2505501,1.0,0.6078431372549019,1.0,1.0,1.0,0.0,1.0,0.39215686274509803,0.0,0.803921568627451,0.803921568627451,0.0,51,3,0.902,0.598,0.402
2505600,1.0,0.2459016393442623,1.0,0.819672131147541,0.9672131147540983,0.03278688524590164,0.9508196721311475,0.4098360655737705,0.2786885245901639,0.2786885245901639,0.0,0.0,61,8,0.7664,0.5902,0.1393
2505709,1.0,0.2777777777777778,1.0,0.9791666666666666,1.0,0.6875,0.9791666666666666,0.4444444444444444,0.4236111111111111,0.7013888888888888,0.5972222222222222,0.0625,144,12,0.8142,0.7778,0.4462
2505808,1.0,0.8,1.0,0.8,0.88,0.0,0.88,0.08,0.0,0.0,0.0,0.0,50,3,0.9,0.46,0.0
2505907,1.0,0.725,1.0,1.0,1.0,0.725,1.0,1.0,0.0,0.0,0.0,0.275,40,2,0.9312,0.9312,0.0688
2506004,1.0,0.6989247311827957,1.0,0.8306451612903226,0.9973118279569892,0.2849462365591398,0.967741935483871,0.2661290322580645,0.41935483870967744,0.4381720430107527,0.3790322580645161,0.010752688172043012,372,21,0.8824,0.629,0.3118
2506103,1.0,0.42028985507246375,1.0,0.4782608695652174,0.7753623188405797,0.08695652173913043,0.8623188405797102,0.8333333333333334,0.42028985507246375,0.4420289855072464,0.4420289855072464,0.7753623188405797,138,22,0.7246,0.6395,0.5199
2506202,1.0,0.7647058823529411,1.0,1.0,1.0,0.7647058823529411,1.0,0.7647058823529411,0.0,1.0,1.0,0.7647058823529411,34,2,0.9412,0.8824,0.6912
2506251,1.0,0.0,1.0,0.39552238805970147,0.5373134328358209,0.0,0.373134328358209,0.373134328358209,0.291044776119403,0.291044776119403,0.0,0.0,134,24,0.5989,0.3209,0.1455
2506301,1.0,0.5149253731343284,1.0,0.9458955223880597,0.9832089552238806,0.7257462686567164,0.5914179104477612,0.5914179104477612,0.11007462686567164,0.29850746268656714,0.24067164179104478,0.1865671641791045,536,26,0.8652,0.7229,0.209
2506400,0.7853107344632768,0.3220338983050847,1.0,0.6666666666666666,0.943502824858757,0.0,0.943502824858757,0.0,0.11864406779661017,0.1977401129943503,0.07909604519774012,0.0,177,13,0.6935,0.4718,0.0989
2506509,1.0,0.8431372549019608,1.0,0.8431372549019608,1.0,0.8431372549019608,1.0,0.9411764705882353,0.8431372549019608,0.8431372549019608,0.0,0.8431372549019608,51,3,0.9216,0.9461,0.6324
2506608,1.0,0.8545454545454545,1.0,0.8545454545454545,1.0,0.9090909090909091,0.9454545454545454,0.9454545454545454,0.2,0.2,0.0,0.9454545454545454,55,4,0.9273,0.95,0.3364
2506707,1.0,0.6949152542372882,1.0,0.8220338983050848,1.0,0.559322033898305,0.4745762711864407,0.4406779661016949,0.3135593220338983,0.3135593220338983,0.0,0.0,118,10,0.8792,0.6186,0.1568
2506806,1.0,0.12234042553191489,1.0,0.8882978723404256,0.9787234042553191,0.6436170212765957,0.9893617021276596,0.898936170212766,0.3723404255319149,0.3723404255319149,0.05319148936170213,0.3723404255319149,188,16,0.7527,0.8777,0.2926
2506905,1.0,0.6410256410256411,1.0,0.9128205128205128,1.0,0.2512820512820513,0.9846153846153847,0.5487179487179488,0.2358974358974359,0.2358974358974359,0.0,0.09743589743589744,195,13,0.8885,0.6962,0.1423
2507002,1.0,0.6848484848484848,1.0,0.896969696969697,1.0,0.5212121212121212,0.9696969696969697,0.5151515151515151,0.21212121212121213,0.21212121212121213,0.0,0.48484848484848486,165,6,0.8955,0.7515,0.2273
2507101,1.0,0.0,1.0,0.7198067632850241,1.0,0.45410628019323673,0.9033816425120773,0.7246376811594203,0.45410628019323673,0.7536231884057971,0.5362318840579711,0.07246376811594203,207,10,0.68,0.7705,0.4541
2507200,1.0,0.35664335664335667,1.0,0.8811188811188811,0.9090909090909091,0.3006993006993007,0.8041958041958042,0.8111888111888111,0.4405594405594406,0.5314685314685315,0.5314685314685315,0.3006993006993007,143,11,0.8094,0.7063,0.451
2507309,1.0,0.0,1.0,0.9166666666666666,1.0,0.4270833333333333,0.75,0.08854166666666667,0.3958333333333333,0.4479166666666667,0.3958333333333333,0.08854166666666667,192,14,0.7292,0.5664,0.332
2507408,1.0,0.7121212121212122,1.0,0.7575757575757576,1.0,0.0,0.9545454545454546,0.9545454545454546,0.0,0.2727272727272727,0.2727272727272727,0.5,66,8,0.8674,0.7273,0.2614
2507507,1.0,0.8227223678125481,1.0,1.0,0.9963002928934792,0.6226298751348851,0.9926005857869585,0.4957607522737783,0.8543240326807461,0.9351009711731154,0.4228456913827655,0.5554185293664251,6487,111,0.9557,0.7768,0.6919
2507606,0.9625,0.4125,1.0,0.725,1.0,0.4125,0.975,0.975,0.5875,0.625,0.0375,0.6625,80,6,0.775,0.8406,0.4781
2507705,1.0,0.5905797101449275,1.0,0.7463768115942029,0.8768115942028986,0.0,0.9601449275362319,0.7789855072463768,0.2210144927536232,0.2210144927536232,0.0,0.4528985507246377,276,14,0.8342,0.654,0.2237
2507804,1.0,0.8795180722891566,1.0,0.8795180722891566,1.0,0.7590361445783133,1.0,1.0,0.5662650602409639,0.5662650602409639,0.5662650602409639,0.7590361445783133,83,4,0.9398,0.9398,0.6145
2507903,1.0,0.0,1.0,0.9818181818181818,1.0,0.7333333333333333,0.9818181818181818,0.9393939393939394,0.0,0.7333333333333333,0.7333333333333333,0.7333333333333333,165,6,0.7455,0.9136,0.55
2508000,1.0,0.6141732283464567,1.0,0.8267716535433071,1.0,0.8818897637795275,1.0,0.8818897637795275,0.0,0.7637795275590551,0.7637795275590551,0.11811023622047244,127,6,0.8602,0.9409,0.4114
2508109,1.0,0.8,1.0,0.8,0.9692307692307692,0.8,0.8,0.0,0.8,0.8,0.0,0.0,65,5,0.9,0.6423,0.4
2508208,1.0,0.0,1.0,0.7326732673267327,0.9603960396039604,0.0,1.0,0.3465346534653465,0.3069306930693069,0.46534653465346537,0.15841584158415842,0.22772277227722773,101,10,0.6832,0.5767,0.2896
2508307,1.0,0.41033434650455924,1.0,0.9300911854103343,0.9848024316109423,0.3708206686930091,0.5987841945288754,0.17325227963525835,0.3617021276595745,0.5653495440729484,0.47112462006079026,0.18541033434650456,329,22,0.8351,0.5319,0.3959
2508406,1.0,0.6071428571428571,1.0,0.8928571428571429,0.8392857142857143,0.6071428571428571,0.8928571428571429,0.7678571428571429,0.6071428571428571,0.7321428571428571,0.125,0.6071428571428571,56,4,0.875,0.7768,0.5179
2508505,1.0,0.28125,1.0,0.65625,0.9270833333333334,0.0,0.28125,0.28125,0.65625,0.65625,0.375,0.65625,96,10,0.7344,0.3724,0.5859
2508554,0.7301587301587301,0.5396825396825397,1.0,1.0,1.0,0.5396825396825397,1.0,1.0,0.8095238095238095,1.0,0.19047619047619047,0.0,63,3,0.8175,0.8849,0.5
2508604,1.0,0.0,1.0,1.0,1.0,0.0,1.0,0.07391304347826087,0.0,0.16956521739130434,0.16956521739130434,0.0,230,10,0.75,0.5185,0.0848
2508703,1.0,0.75,1.0,0.75,1.0,0.2,1.0,0.0,0.0,0.2,0.2,0.0,20,4,0.875,0.55,0.1
2508802,1.0,1.0,1.0,1.0,1.0,0.0,1.0,1.0,1.0,1.0,1.0,0.0,81,1,1.0,0.75,0.75
2508901,1.0,0.3701657458563536,1.0,0.9171270718232044,0.9871086556169429,0.0,0.9171270718232044,0.5948434622467772,0.35543278084714547,0.7716390423572744,0.6869244935543278,0.0,543,18,0.8218,0.6248,0.4535
2509008,1.0,0.5116279069767442,1.0,0.813953488372093,0.9593023255813954,0.1569767441860465,0.9941860465116279,0.48255813953488375,0.813953488372093,0.813953488372093,0.46511627906976744,0.05232558139534884,172,14,0.8314,0.6483,0.5363
2509057,0.946524064171123,0.0,1.0,0.6042780748663101,0.6898395721925134,0.29411764705882354,1.0,0.41711229946524064,0.2994652406417112,0.2994652406417112,0.0,0.10160427807486631,187,13,0.6377,0.6003,0.1751
2509107,1.0,0.11790393013100436,1.0,0.9475982532751092,1.0,0.0,0.7074235807860262,0.3056768558951965,0.05240174672489083,0.1703056768558952,0.11790393013100436,0.05240174672489083,229,11,0.7664,0.5033,0.0983
2509156,1.0,0.0,1.0,1.0,1.0,1.0,1.0,1.0,1.0,1.0,1.0,1.0,77,3,0.75,1.0,1.0
2509206,1.0,0.7718120805369127,1.0,0.8187919463087249,0.6711409395973155,0.0,0.697986577181208,0.22818791946308725,0.9798657718120806,0.9798657718120806,0.4899328859060403,0.0,149,9,0.8977,0.3993,0.6124
2509305,1.0,0.0,1.0,1.0,1.0,0.0,1.0,0.18681318681318682,0.0,0.8791208791208791,0.8791208791208791,0.0,182,3,0.75,0.5467,0.4396
2509339,1.0,0.0,1.0,0.4024390243902439,0.45121951219512196,0.0,0.4024390243902439,0.0,0.4024390243902439,0.45121951219512196,0.04878048780487805,0.0,82,11,0.6006,0.2134,0.2256
2509370,1.0,0.5806451612903226,1.0,0.5806451612903226,1.0,0.9354838709677419,1.0,1.0,0.0,0.6451612903225806,0.6451612903225806,0.5806451612903226,31,4,0.7903,0.9839,0.4677
2509396,1.0,0.0,1.0,0.9056603773584906,1.0,0.02830188679245283,1.0,0.02830188679245283,0.0,0.9056603773584906,0.9056603773584906,0.0,106,3,0.7264,0.5142,0.4528
2509404,1.0,0.09278350515463918,1.0,0.7989690721649485,0.9639175257731959,0.5618556701030928,0.9226804123711341,0.9123711340206185,0.0,0.13402061855670103,0.13402061855670103,0.7731958762886598,194,18,0.7229,0.8402,0.2603
2509503,1.0,0.8108108108108109,1.0,1.0,1.0,0.8108108108108109,1.0,0.8108108108108109,0.0,0.12162162162162163,0.12162162162162163,0.0,74,4,0.9527,0.9054,0.0608
2509602,1.0,0.782608695652174,1.0,0.782608695652174,1.0,0.8260869565217391,1.0,0.9565217391304348,0.8840579710144928,0.9565217391304348,0.07246376811594203,0.782608695652174,69,4,0.8913,0.9457,0.6739
2509701,1.0,0.8200514138817481,1.0,0.8508997429305912,1.0,0.2570694087403599,1.0,0.38303341902313626,0.061696658097686374,0.7249357326478149,0.6632390745501285,0.1953727506426735,389,11,0.9177,0.66,0.4113
2509800,1.0,0.0,1.0,0.7232142857142857,0.5625,0.13392857142857142,0.7767857142857143,0.13392857142857142,0.22321428571428573,0.875,0.8125,0.16071428571428573,112,12,0.6808,0.4018,0.5179
2509909,1.0,0.0,1.0,0.6287878787878788,1.0,0.06818181818181818,0.30303030303030304,0.08333333333333333,0.0,0.6060606060606061,0.6060606060606061,0.09848484848484848,132,15,0.6572,0.3636,0.3277
2510006,1.0,0.6444444444444445,1.0,0.6444444444444445,0.8111111111111111,0.0,0.9111111111111111,0.0,0.0,0.0,0.0,0.0,90,7,0.8222,0.4306,0.0
2510105,1.0,0.0,1.0,1.0,1.0,0.23140495867768596,1.0,0.9008264462809917,0.23140495867768596,0.23140495867768596,0.23140495867768596,0.9008264462809917,121,5,0.75,0.7831,0.3988
2510204,1.0,0.2376237623762376,1.0,0.9504950495049505,1.0,0.0,1.0,0.8514851485148515,0.0,0.2376237623762376,0.2376237623762376,0.0,101,5,0.797,0.7129,0.1188
2510303,1.0,1.0,1.0,1.0,1.0,1.0,1.0,1.0,0.0,0.0,0.0,1.0,46,1,1.0,1.0,0.25
2510402,1.0,0.8169014084507042,1.0,0.8169014084507042,1.0,0.8309859154929577,0.8169014084507042,0.7746478873239436,0.0,0.0,0.0,0.4647887323943662,71,8,0.9085,0.8556,0.1162
2510501,1.0,1.0,1.0,1.0,1.0,1.0,1.0,1.0,1.0,1.0,1.0,1.0,51,1,1.0,1.0,1.0
2510600,1.0,0.0,1.0,0.9032258064516129,1.0,0.0967741935483871,1.0,0.0,0.0,0.9032258064516129,0.9032258064516129,0.0967741935483871,31,2,0.7258,0.5242,0.4758
2510659,1.0,0.6190476190476191,1.0,0.6190476190476191,0.0,0.0,0.0,0.0,0.0,0.7619047619047619,0.7619047619047619,0.0,21,5,0.8095,0.0,0.381
2510709,1.0,0.0,1.0,1.0,1.0,0.0,1.0,0.46875,0.0,0.0,0.0,0.0,32,2,0.75,0.6172,0.0
2510808,0.9968253968253968,0.9873015873015873,1.0,0.9873015873015873,1.0,0.12804232804232804,1.0,0.35343915343915344,0.32592592592592595,0.5693121693121693,0.3502645502645503,0.43703703703703706,945,28,0.9929,0.6204,0.4206
2510907,1.0,0.6736111111111112,1.0,0.8472222222222222,0.9097222222222222,0.7638888888888888,1.0,0.8055555555555556,0.7430555555555556,0.8472222222222222,0.7777777777777778,0.6736111111111112,144,9,0.8802,0.8698,0.7604
2511004,1.0,0.8809523809523809,1.0,0.8809523809523809,1.0,0.11904761904761904,1.0,1.0,0.0,0.0,0.0,0.11904761904761904,42,3,0.9405,0.7798,0.0298
2511103,1.0,0.42857142857142855,1.0,0.42857142857142855,1.0,0.0,1.0,0.2727272727272727,0.0,0.44155844155844154,0.44155844155844154,0.0,77,4,0.7143,0.5682,0.2208
2511202,1.0,0.3210412147505423,1.0,1.0,1.0,0.13882863340563992,0.9848156182212582,0.7049891540130152,0.11279826464208242,0.3210412147505423,0.3210412147505423,0.03470715835140998,461,18,0.8303,0.7072,0.1974
2511301,1.0,0.7647058823529411,1.0,0.7647058823529411,1.0,0.9313725490196079,0.8431372549019608,0.30392156862745096,0.21568627450980393,0.21568627450980393,0.21568627450980393,0.21568627450980393,102,7,0.8824,0.7696,0.2157
2511400,1.0,0.7860262008733624,1.0,0.8471615720524017,1.0,0.40611353711790393,1.0,0.537117903930131,0.1572052401746725,0.6855895196506551,0.5895196506550219,0.26200873362445415,229,9,0.9083,0.7358,0.4236
2511509,1.0,0.0,1.0,0.8235294117647058,1.0,0.13903743315508021,1.0,0.47593582887700536,0.21390374331550802,0.24598930481283424,0.03208556149732621,0.11229946524064172,187,12,0.7059,0.6537,0.1511
2511608,1.0,0.3779527559055118,1.0,0.6141732283464567,0.8582677165354331,0.3779527559055118,0.8661417322834646,0.3779527559055118,0.47244094488188976,0.5748031496062992,0.10236220472440945,0.3779527559055118,127,7,0.748,0.6201,0.3819
2511707,1.0,0.2804878048780488,1.0,0.2804878048780488,0.7195121951219512,0.0,0.7195121951219512,0.5487804878048781,0.0,0.0,0.0,0.0,82,6,0.6402,0.497,0.0
2511806,1.0,0.819047619047619,1.0,0.819047619047619,1.0,0.6190476190476191,0.8857142857142857,0.8857142857142857,0.4,0.8571428571428571,0.8380952380952381,0.44761904761904764,105,10,0.9095,0.8476,0.6357
2511905,1.0,0.36466165413533835,1.0,0.9887218045112782,0.8759398496240601,0.7669172932330827,0.9285714285714286,0.9285714285714286,0.0,0.24060150375939848,0.24060150375939848,0.6466165413533834,266,14,0.8383,0.875,0.282
2512002,1.0,0.6980392156862745,1.0,0.9176470588235294,1.0,0.6627450980392157,0.9490196078431372,0.4470588235294118,0.0784313725490196,0.2549019607843137,0.20392156862745098,0.09019607843137255,255,13,0.9039,0.7647,0.1569
2512036,1.0,0.4268292682926829,1.0,0.8170731707317073,1.0,1.0,1.0,0.4634146341463415,0.6951219512195121,1.0,0.3048780487804878,0.8048780487804879,82,9,0.811,0.8659,0.7012
2512077,1.0,0.8780487804878049,1.0,1.0,1.0,0.04878048780487805,1.0,0.8780487804878049,0.07317073170731707,0.12195121951219512,0.12195121951219512,0.07317073170731707,41,3,0.9695,0.7317,0.0976
2512101,1.0,0.8968481375358166,1.0,0.8882521489971347,0.9455587392550143,0.6131805157593123,0.9598853868194842,0.7736389684813754,0.14040114613180515,0.7822349570200573,0.7736389684813754,0.7478510028653295,349,22,0.9463,0.8231,0.611
2512200,1.0,1.0,1.0,1.0,1.0,0.0,1.0,0.0,0.0,0.0,0.0,0.0,54,1,1.0,0.5,0.0
2512309,1.0,0.6490384615384616,1.0,0.9134615384615384,1.0,0.7259615384615384,0.9615384615384616,0.14903846153846154,0.10096153846153846,0.10096153846153846,0.10096153846153846,0.10096153846153846,208,9,0.8906,0.7091,0.101
2512408,1.0,0.6631578947368421,1.0,0.8947368421052632,1.0,0.0,0.7684210526315789,0.5421052631578948,0.8947368421052632,0.8947368421052632,0.5684210526315789,0.0,190,8,0.8895,0.5776,0.5895
2512507,1.0,0.5709969788519638,1.0,0.9879154078549849,1.0,0.27794561933534745,0.9879154078549849,0.6616314199395771,0.19939577039274925,0.6888217522658611,0.552870090634441,0.1555891238670695,662,18,0.8897,0.7319,0.3992
2512606,1.0,0.0,1.0,1.0,1.0,0.0,0.6086956521739131,0.6086956521739131,0.0,0.391304347826087,0.391304347826087,0.6086956521739131,23,2,0.75,0.5543,0.3478
2512705,1.0,0.859375,1.0,0.9427083333333334,0.3541666666666667,0.0,0.3697916666666667,0.1875,0.08333333333333333,0.08333333333333333,0.0,0.0,192,7,0.9505,0.2279,0.0417
2512721,1.0,0.0,1.0,0.8088235294117647,1.0,0.7205882352941176,0.9117647058823529,0.25,0.35294117647058826,0.35294117647058826,0.0,0.2647058823529412,68,7,0.7022,0.7206,0.2426
2512747,1.0,0.0,1.0,0.75,1.0,0.9230769230769231,1.0,0.9615384615384616,0.75,0.75,0.75,0.0,52,4,0.6875,0.9712,0.5625
2512754,0.6111111111111112,0.0,1.0,0.8888888888888888,1.0,0.20833333333333334,1.0,1.0,0.75,0.75,0.6388888888888888,0.6388888888888888,72,8,0.625,0.8021,0.6944
2512762,1.0,0.0,1.0,0.9625,1.0,0.0,1.0,0.7375,0.4875,0.825,0.3375,0.0,80,7,0.7406,0.6844,0.4125
2512788,1.0,0.8235294117647058,1.0,0.8235294117647058,1.0,1.0,0.9117647058823529,0.9117647058823529,0.8235294117647058,0.8235294117647058,0.8235294117647058,0.9117647058823529,34,3,0.9118,0.9559,0.8456
2512804,1.0,0.6371681415929203,0.9734513274336283,0.6371681415929203,0.9911504424778761,0.0,0.7610619469026548,0.12389380530973451,0.0,0.26548672566371684,0.26548672566371684,0.07079646017699115,113,16,0.8119,0.469,0.1504
2512903,1.0,0.0,1.0,0.8280254777070064,0.9076433121019108,0.44904458598726116,0.5732484076433121,0.3535031847133758,0.30254777070063693,0.3471337579617834,0.044585987261146494,0.11464968152866242,314,23,0.707,0.5709,0.2022
2513000,1.0,0.38235294117647056,1.0,1.0,1.0,0.9705882352941176,1.0,0.23529411764705882,0.0,0.2647058823529412,0.2647058823529412,0.0,34,5,0.8456,0.8015,0.1324
2513109,0.9772727272727273,0.0,1.0,0.5681818181818182,0.9242424242424242,0.15151515151515152,1.0,0.8333333333333334,0.12878787878787878,0.12878787878787878,0.0,0.05303030303030303,132,15,0.6364,0.7273,0.0777
2513158,1.0,0.0,1.0,0.3963963963963964,1.0,0.05405405405405406,1.0,0.16216216216216217,0.34234234234234234,0.34234234234234234,0.0,0.3153153153153153,111,9,0.5991,0.5541,0.25
2513208,1.0,0.8024691358024691,1.0,0.9753086419753086,1.0,0.8148148148148148,1.0,0.9753086419753086,0.6172839506172839,0.6419753086419753,0.024691358024691357,0.6172839506172839,81,4,0.9444,0.9475,0.4753
2513307,1.0,0.6909090909090909,1.0,1.0,1.0,0.8,1.0,0.6909090909090909,0.6727272727272727,0.8909090909090909,0.41818181818181815,0.6909090909090909,55,4,0.9227,0.8727,0.6682
2513356,1.0,0.0,1.0,0.4090909090909091,0.7954545454545454,0.0,0.7954545454545454,0.4090909090909091,0.4090909090909091,0.4090909090909091,0.0,0.0,44,7,0.6023,0.5,0.2045
2513406,1.0,0.9947643979057592,1.0,0.9947643979057592,1.0,0.8219895287958116,1.0,0.8848167539267016,0.4973821989528796,0.5026178010471204,0.005235602094240838,0.4973821989528796,191,6,0.9974,0.9267,0.3757
2513505,1.0,0.711864406779661,1.0,0.711864406779661,1.0,0.0,0.8813559322033898,0.0,0.05084745762711865,0.05084745762711865,0.0,0.0,59,4,0.8559,0.4703,0.0254
2513604,1.0,0.6712328767123288,1.0,0.8082191780821918,0.9041095890410958,0.0,0.9726027397260274,0.7123287671232876,0.6712328767123288,0.6712328767123288,0.0,0.1232876712328767,73,6,0.8699,0.6473,0.3664
2513653,1.0,0.0,1.0,1.0,1.0,0.0,0.0,1.0,0.0,0.0,0.0,0.0,29,1,0.75,0.5,0.0
2513703,0.9613899613899614,0.21544401544401545,1.0,0.9397683397683397,0.9366795366795366,0.33204633204633205,0.8918918918918919,0.6316602316602317,0.25637065637065637,0.5034749034749034,0.37683397683397685,0.2702702702702703,1295,39,0.7792,0.6981,0.3517
2513802,1.0,0.7037037037037037,1.0,0.7037037037037037,0.7037037037037037,0.0,0.7222222222222222,0.018518518518518517,0.7037037037037037,0.7037037037037037,0.7037037037037037,0.0,54,7,0.8519,0.3611,0.5278
2513851,1.0,0.0,1.0,1.0,1.0,0.0,1.0,0.0,1.0,1.0,1.0,0.0,28,1,0.75,0.5,0.75
2513901,1.0,0.8027777777777778,0.8722222222222222,0.9444444444444444,0.9833333333333333,0.28888888888888886,0.975,1.0,0.21944444444444444,0.6638888888888889,0.5333333333333333,0.6083333333333333,360,17,0.9049,0.8118,0.5062
2513927,1.0,0.9344262295081968,1.0,0.9344262295081968,1.0,1.0,0.9344262295081968,0.9344262295081968,0.0,0.9344262295081968,0.9344262295081968,0.9344262295081968,61,2,0.9672,0.9672,0.7008
2513943,1.0,1.0,1.0,1.0,1.0,0.0,1.0,0.0,1.0,1.0,1.0,1.0,46,1,1.0,0.5,1.0
2513968,1.0,0.5428571428571428,1.0,0.7142857142857143,1.0,0.5428571428571428,1.0,0.8,0.5428571428571428,0.5428571428571428,0.5428571428571428,0.0,35,5,0.8143,0.8357,0.4071
2513984,1.0,0.0,1.0,1.0,1.0,0.43137254901960786,1.0,1.0,0.0,0.43137254901960786,0.43137254901960786,1.0,51,2,0.75,0.8578,0.4657
2514008,1.0,0.6111111111111112,1.0,0.9074074074074074,1.0,0.0,1.0,0.2962962962962963,0.9074074074074074,0.9074074074074074,0.6111111111111112,0.0,54,3,0.8796,0.5741,0.6065
2514107,1.0,0.6363636363636364,1.0,0.6363636363636364,1.0,0.0,0.9090909090909091,0.0,0.0,0.9090909090909091,0.9090909090909091,0.0,55,6,0.8182,0.4773,0.4545
2514206,1.0,0.47058823529411764,1.0,0.8602941176470589,1.0,0.0,1.0,0.0,0.0,0.0,0.0,0.0,136,6,0.8327,0.5,0.0
2514305,1.0,0.0,1.0,0.7625,0.875,0.875,0.7625,0.0,0.0,0.7625,0.7625,0.0,80,6,0.6906,0.6281,0.3812
2514404,1.0,0.6888888888888889,1.0,0.6888888888888889,1.0,0.0,1.0,1.0,0.0,0.0,0.0,0.0,45,2,0.8444,0.75,0.0
2514453,1.0,0.35064935064935066,1.0,0.8051948051948052,1.0,0.0,0.6493506493506493,1.0,0.0,0.07792207792207792,0.07792207792207792,0.0,77,6,0.789,0.6623,0.039
2514503,1.0,0.6507177033492823,1.0,0.9090909090909091,1.0,0.5358851674641149,1.0,0.9521531100478469,0.03827751196172249,0.0861244019138756,0.04784688995215311,0.8373205741626795,209,15,0.89,0.872,0.2524
2514552,1.0,0.0,1.0,0.5897435897435898,1.0,0.0,1.0,1.0,0.4358974358974359,0.4358974358974359,0.4358974358974359,0.0,39,5,0.6474,0.75,0.3269
2514602,1.0,0.75,1.0,0.9,0.75,0.75,0.75,0.75,0.75,0.75,0.0,0.75,40,5,0.9125,0.75,0.5625
2514651,1.0,1.0,1.0,1.0,1.0,1.0,1.0,1.0,0.0,1.0,1.0,1.0,25,1,1.0,1.0,0.75
2514701,1.0,0.7916666666666666,1.0,0.8541666666666666,1.0,0.7916666666666666,1.0,0.7916666666666666,0.0,0.9375,0.9375,0.7916666666666666,48,4,0.9115,0.8958,0.6667
2514800,1.0,0.7169811320754716,1.0,0.7169811320754716,1.0,1.0,1.0,1.0,0.0,0.0,0.0,0.8113207547169812,53,7,0.8585,1.0,0.2028
2514909,1.0,0.9901960784313726,1.0,0.9901960784313726,1.0,0.9901960784313726,0.9901960784313726,0.27450980392156865,0.27450980392156865,0.9901960784313726,0.7156862745098039,0.0,102,3,0.9951,0.8137,0.4951
2515005,1.0,0.5,1.0,0.5,0.8020833333333334,0.10416666666666667,0.8020833333333334,0.0,0.0,0.40625,0.40625,0.7083333333333334,96,10,0.75,0.4271,0.3802
2515104,1.0,0.4473684210526316,1.0,0.4473684210526316,0.9078947368421053,0.0,0.4473684210526316,0.4473684210526316,0.0,0.013157894736842105,0.013157894736842105,0.0,152,15,0.7237,0.4507,0.0066
2515203,1.0,1.0,1.0,1.0,1.0,1.0,1.0,1.0,0.0,1.0,1.0,0.0,45,1,1.0,1.0,0.5
2515302,1.0,0.1294820717131474,1.0,0.9302788844621513,0.9422310756972112,0.04780876494023904,0.9422310756972112,0.850597609561753,0.2908366533864542,0.34063745019920316,0.049800796812749,0.05976095617529881,502,28,0.7649,0.6957,0.1853
2515401,1.0,0.5942028985507246,1.0,0.6376811594202898,1.0,0.8913043478260869,1.0,0.2028985507246377,0.0,0.0,0.0,0.0,138,7,0.808,0.7736,0.0
2515500,1.0,0.7132352941176471,1.0,0.8970588235294118,1.0,0.4117647058823529,0.9852941176470589,0.4117647058823529,0.6764705882352942,0.6764705882352942,0.2647058823529412,0.0,136,7,0.9026,0.7022,0.4044
2515609,1.0,0.0,1.0,0.6571428571428571,1.0,0.0,0.6571428571428571,0.0,0.0,0.0,0.0,0.0,35,5,0.6643,0.4143,0.0
2515708,1.0,0.0,1.0,0.9545454545454546,1.0,0.8636363636363636,1.0,1.0,0.0,0.0,0.0,0.8409090909090909,44,4,0.7386,0.9659,0.2102
2515807,1.0,0.26666666666666666,1.0,0.8533333333333334,0.9733333333333334,0.0,0.28,0.013333333333333334,0.0,0.3466666666666667,0.3466666666666667,0.0,75,12,0.78,0.3167,0.1733
2515906,1.0,0.0,1.0,0.8035714285714286,1.0,0.0,0.8928571428571429,0.8035714285714286,0.8928571428571429,0.8928571428571429,0.8928571428571429,0.0,56,4,0.7009,0.6741,0.6696
2515930,1.0,0.8148148148148148,1.0,0.8765432098765432,0.9382716049382716,0.24691358024691357,0.9506172839506173,0.9259259259259259,0.0,0.037037037037037035,0.037037037037037035,0.8148148148148148,81,7,0.9228,0.7654,0.2222
2515971,1.0,0.24324324324324326,1.0,0.9369369369369369,0.9369369369369369,0.05405405405405406,1.0,0.954954954954955,0.6216216216216216,0.6216216216216216,0.11711711711711711,0.5405405405405406,111,12,0.795,0.7365,0.4752
2516003,1.0,0.11743772241992882,1.0,0.9110320284697508,1.0,0.11743772241992882,0.9644128113879004,0.06761565836298933,0.1423487544483986,0.49110320284697506,0.49110320284697506,0.06761565836298933,281,15,0.7571,0.5374,0.298
2516102,1.0,0.8736842105263158,1.0,0.8736842105263158,1.0,0.9052631578947369,0.9789473684210527,0.9368421052631579,0.1736842105263158,0.7210526315789474,0.5473684210526316,0.14210526315789473,190,7,0.9368,0.9553,0.3961
2516151,1.0,0.803921568627451,1.0,0.803921568627451,1.0,0.803921568627451,1.0,0.803921568627451,0.803921568627451,0.9803921568627451,0.17647058823529413,0.803921568627451,51,3,0.902,0.902,0.6912
2516201,1.0,0.9075500770416025,1.0,0.9645608628659477,0.9907550077041603,0.6178736517719569,0.8767334360554699,0.41294298921417566,0.5963020030816641,0.7796610169491526,0.588597842835131,0.5084745762711864,649,27,0.968,0.7246,0.6183
2516300,1.0,0.26627218934911245,1.0,0.9171597633136095,1.0,0.7633136094674556,1.0,0.7869822485207101,0.2958579881656805,0.2958579881656805,0.0,0.7337278106508875,169,6,0.7959,0.8876,0.3314
2516409,1.0,0.0,1.0,0.9583333333333334,1.0,0.5833333333333334,0.7083333333333334,0.06944444444444445,0.4305555555555556,0.5,0.3611111111111111,0.0,72,9,0.7396,0.5903,0.3229
2516508,1.0,0.5660377358490566,1.0,0.6556603773584906,0.9575471698113207,0.3867924528301887,1.0,0.3867924528301887,1.0,1.0,0.3867924528301887,0.0,212,10,0.8054,0.6828,0.5967
2516607,1.0,0.6597222222222222,1.0,0.8333333333333334,1.0,0.9027777777777778,1.0,0.9861111111111112,0.4791666666666667,0.4791666666666667,0.0,0.5138888888888888,144,9,0.8733,0.9722,0.3681
2516706,1.0,0.8677248677248677,1.0,0.8677248677248677,0.8677248677248677,0.0,0.8994708994708994,0.6349206349206349,0.0,0.6031746031746031,0.6031746031746031,0.0,189,11,0.9339,0.6005,0.3016
2516755,1.0,0.0,1.0,1.0,1.0,1.0,1.0,1.0,1.0,1.0,0.0,1.0,35,1,0.75,1.0,0.75
2516805,1.0,0.27835051546391754,1.0,0.8350515463917526,1.0,0.0,0.711340206185567,0.05154639175257732,0.0,0.23711340206185566,0.23711340206185566,0.0,97,10,0.7784,0.4407,0.1186
2516904,1.0,0.8148148148148148,1.0,0.9506172839506173,0.9876543209876543,0.06172839506172839,0.9135802469135802,0.19135802469135801,0.5864197530864198,0.6481481481481481,0.35185185185185186,0.04938271604938271,162,15,0.9414,0.5386,0.409
2517001,1.0,0.4696969696969697,1.0,0.8181818181818182,1.0,0.4015151515151515,0.803030303030303,0.7424242424242424,0.7272727272727273,0.7348484848484849,0.16666666666666666,0.0,132,10,0.822,0.7367,0.4072
2517100,1.0,0.6944444444444444,1.0,0.6944444444444444,0.9166666666666666,0.0,1.0,0.7777777777777778,0.0,0.0,0.0,0.7777777777777778,36,3,0.8472,0.6736,0.1944
2517209,1.0,0.0,1.0,0.8095238095238095,1.0,0.36507936507936506,1.0,0.8095238095238095,0.36507936507936506,0.7936507936507936,0.42857142857142855,0.36507936507936506,63,4,0.7024,0.7937,0.4881
2517407,1.0,1.0,1.0,1.0,1.0,1.0,1.0,1.0,1.0,1.0,1.0,1.0,34,1,1.0,1.0,1.0
2600054,1.0,0.43429844097995546,1.0,0.9565701559020044,0.9966592427616926,0.10690423162583519,0.8608017817371938,0.20044543429844097,0.02338530066815145,0.29175946547884185,0.26837416481069043,0.028953229398663696,898,29,0.8477,0.5412,0.1531
2600104,0.958904109589041,0.7142857142857143,1.0,0.9099804305283757,0.9980430528375733,0.9080234833659491,0.9530332681017613,0.9256360078277887,0.512720156555773,0.9080234833659491,0.7925636007827789,0.8590998043052838,511,23,0.8958,0.9462,0.7681
2600203,1.0,0.4067796610169492,1.0,0.8305084745762712,0.9915254237288136,0.2669491525423729,0.9533898305084746,0.13559322033898305,0.4830508474576271,0.6016949152542372,0.11864406779661017,0.09745762711864407,236,10,0.8093,0.5869,0.3252
2600302,1.0,0.8140495867768595,1.0,1.0,0.9793388429752066,0.38016528925619836,0.8057851239669421,0.6074380165289256,0.8925619834710744,0.8925619834710744,0.2809917355371901,0.0,242,12,0.9535,0.6932,0.5165
2600401,0.9204152249134948,0.5882352941176471,1.0,0.6920415224913494,0.7958477508650519,0.11072664359861592,0.532871972318339,0.10034602076124567,0.47750865051903113,0.47750865051903113,0.0,0.328719723183391,289,30,0.8002,0.3849,0.3209
2600500,0.9850523168908819,0.40358744394618834,1.0,0.8923766816143498,0.828101644245142,0.07473841554559044,0.898355754857997,0.6113602391629297,0.10014947683109118,0.3796711509715994,0.2795216741405082,0.17040358744394618,669,17,0.8203,0.6031,0.2324
2600609,1.0,0.5824175824175825,1.0,0.9725274725274725,1.0,0.0,1.0,0.0,0.27472527472527475,0.27472527472527475,0.0,0.12087912087912088,182,10,0.8887,0.5,0.1676
2600708,1.0,0.43107769423558895,1.0,0.949874686716792,1.0,0.3233082706766917,1.0,1.0,0.5162907268170426,0.8070175438596491,0.5213032581453634,0.6716791979949874,399,15,0.8452,0.8308,0.6291
2600807,1.0,0.7440476190476191,1.0,0.8690476190476191,0.9761904761904762,0.8928571428571429,0.8630952380952381,0.5773809523809523,0.8273809523809523,0.8988095238095238,0.125,0.36904761904761907,168,17,0.9033,0.8274,0.5551
2600906,1.0,0.7547169811320755,1.0,0.8160377358490566,0.8254716981132075,0.0,0.75,0.6886792452830188,0.7924528301886793,0.7924528301886793,0.0,0.0,212,16,0.8927,0.566,0.3962
2601003,1.0,0.784,1.0,0.784,0.952,0.784,0.784,0.784,0.0,0.784,0.784,0.184,125,10,0.892,0.826,0.438
2601052,1.0,0.0,1.0,1.0,1.0,0.2441860465116279,0.8410852713178295,0.2441860465116279,0.9806201550387597,1.0,0.26356589147286824,0.2441860465116279,258,6,0.75,0.5824,0.6221
2601102,0.8929856115107914,0.6267985611510791,1.0,0.8165467625899281,1.0,0.35701438848920863,0.8723021582733813,0.3210431654676259,0.0,0.23471223021582735,0.23471223021582735,0.015287769784172662,1112,28,0.8341,0.6376,0.1212
2601201,1.0,0.9371859296482412,1.0,0.9673366834170855,0.9849246231155779,0.0,0.8630653266331658,0.4120603015075377,0.29773869346733667,0.5489949748743719,0.30778894472361806,0.0,796,19,0.9761,0.565,0.2886
2601300,1.0,0.9483870967741935,1.0,0.9483870967741935,1.0,0.0,0.7290322580645161,0.0967741935483871,0.0967741935483871,0.36774193548387096,0.36774193548387096,0.0,155,6,0.9742,0.4565,0.2081
2601409,1.0,0.5237154150197628,1.0,0.8754940711462451,0.8656126482213439,0.2490118577075099,0.7687747035573123,0.32806324110671936,0.32608695652173914,0.3438735177865613,0.017786561264822136,0.0,506,23,0.8498,0.5529,0.1719
2601508,0.8617886178861789,0.8617886178861789,1.0,0.8617886178861789,1.0,0.0,0.8617886178861789,0.0,0.35772357723577236,0.35772357723577236,0.0,0.35772357723577236,123,5,0.8963,0.4654,0.2683
2601607,0.8952380952380953,0.8761904761904762,1.0,0.8761904761904762,1.0,0.5142857142857142,1.0,0.9666666666666667,0.6142857142857143,0.6142857142857143,0.0,0.6142857142857143,210,9,0.9119,0.8702,0.4607
2601706,1.0,0.8166666666666667,1.0,0.930952380952381,0.9107142857142857,0.1880952380952381,0.9273809523809524,0.44642857142857145,0.48214285714285715,0.5523809523809524,0.07023809523809524,0.09047619047619047,840,36,0.9369,0.6182,0.2988
2601805,1.0,0.5345911949685535,1.0,0.5345911949685535,1.0,0.2578616352201258,0.9119496855345912,0.4591194968553459,0.4339622641509434,0.4339622641509434,0.06289308176100629,0.0,159,15,0.7673,0.6572,0.2327
2601904,1.0,0.7568555758683729,1.0,0.9524680073126143,1.0,0.4076782449725777,1.0,0.5045703839122486,0.6855575868372943,0.8482632541133455,0.21023765996343693,0.029250457038391225,547,21,0.9273,0.7281,0.4433
2602001,1.0,0.3005671077504726,1.0,0.6219281663516069,0.9773156899810964,0.9130434782608695,0.8034026465028355,0.2665406427221172,0.0,0.48582230623818523,0.48582230623818523,0.0,529,39,0.7306,0.7401,0.2429
2602100,0.9893238434163701,0.8096085409252669,1.0,0.9252669039145908,0.8434163701067615,0.2846975088967972,0.8772241992882562,0.398576512455516,0.030249110320284697,0.5516014234875445,0.5516014234875445,0.12455516014234876,562,26,0.931,0.601,0.3145
2602209,1.0,0.4020356234096692,1.0,0.7888040712468194,1.0,0.6844783715012722,1.0,0.5521628498727735,0.6895674300254453,0.6895674300254453,0.035623409669211195,0.19338422391857507,393,15,0.7977,0.8092,0.402
2602308,1.0,0.760914760914761,1.0,0.920997920997921,0.9833679833679834,0.031185031185031187,0.7879417879417879,0.4864864864864865,0.7713097713097713,0.9168399168399168,0.6153846153846154,0.6424116424116424,481,22,0.9205,0.5722,0.7365
2602407,0.0,0.5333333333333333,1.0,0.8555555555555555,1.0,0.0,0.6444444444444445,0.6888888888888889,0.08888888888888889,0.08888888888888889,0.0,0.0,180,12,0.5972,0.5833,0.0444
2602506,1.0,0.5789473684210527,1.0,0.956140350877193,1.0,0.5789473684210527,1.0,0.6228070175438597,0.0,0.956140350877193,0.956140350877193,0.7368421052631579,114,5,0.8838,0.8004,0.6623
2602605,1.0,0.7705223880597015,1.0,0.9328358208955224,0.996268656716418,0.44029850746268656,0.7425373134328358,0.333955223880597,0.43656716417910446,0.4496268656716418,0.013059701492537313,0.005597014925373134,536,31,0.9258,0.6283,0.2262
2602704,0.9183673469387755,0.0,1.0,0.8418367346938775,0.8418367346938775,0.0,0.8418367346938775,0.8418367346938775,0.0,0.0,0.0,0.0,196,9,0.6901,0.6314,0.0
2602803,0.9782903663500678,0.14111261872455902,0.9416553595658074,0.7042062415196744,1.0,0.13432835820895522,0.8141112618724559,0.3405698778833107,0.5590230664857531,0.7069199457259159,0.18588873812754408,0.4260515603799186,737,33,0.6913,0.5723,0.4695
2602902,0.9647251845775225,0.5024610336341263,1.0,0.9696472518457753,0.9474979491386383,0.0922887612797375,0.8855619360131255,0.3613617719442166,0.3888433141919606,0.660377358490566,0.39540607054963084,0.13166529942575883,2438,64,0.8592,0.5717,0.3941
2603009,0.8265765765765766,0.5698198198198198,1.0,0.5765765765765766,0.8851351351351351,0.48873873873873874,0.9504504504504504,0.509009009009009,0.12162162162162163,0.21621621621621623,0.0945945945945946,0.22522522522522523,444,26,0.7432,0.7083,0.1644
2603108,1.0,0.868995633187773,1.0,0.9519650655021834,1.0,0.1703056768558952,1.0,0.2794759825327511,0.5065502183406113,0.6375545851528385,0.13100436681222707,0.0,229,7,0.9552,0.6124,0.3188
2603207,1.0,0.4867021276595745,1.0,1.0,1.0,0.8058510638297872,1.0,0.5771276595744681,0.3484042553191489,0.6382978723404256,0.6382978723404256,0.5771276595744681,376,14,0.8717,0.8457,0.5505
2603306,1.0,0.5166666666666667,1.0,0.7583333333333333,1.0,0.35833333333333334,0.925,0.0,0.6416666666666667,0.6416666666666667,0.5166666666666667,0.0,120,13,0.8188,0.5708,0.45
2603405,1.0,0.4523809523809524,1.0,0.6190476190476191,0.9761904761904762,0.0,0.4523809523809524,0.0,0.0,0.0,0.0,0.0,84,8,0.7679,0.3571,0.0
2603454,1.0,0.5472972972972973,1.0,1.0,0.9429429429429429,0.44144144144144143,1.0,0.25375375375375375,0.4954954954954955,0.7357357357357357,0.48123123123123124,0.0,1332,22,0.8868,0.6595,0.4281
2603504,1.0,0.9141104294478528,1.0,1.0,1.0,0.08588957055214724,1.0,0.7484662576687117,1.0,1.0,0.0,0.0,163,3,0.9785,0.7086,0.5
2603603,1.0,0.32142857142857145,1.0,0.7619047619047619,1.0,0.47619047619047616,0.7619047619047619,0.0,0.0,0.0,0.0,0.0,84,8,0.7708,0.5595,0.0
2603702,1.0,0.7108433734939759,1.0,0.8614457831325302,0.8975903614457831,0.19578313253012047,0.6656626506024096,0.3192771084337349,0.0,0.1686746987951807,0.1686746987951807,0.0,332,18,0.8931,0.5196,0.0843
2603801,1.0,0.49537037037037035,1.0,0.7222222222222222,1.0,0.0,1.0,1.0,0.3472222222222222,0.3611111111111111,0.3611111111111111,0.12037037037037036,216,8,0.8044,0.75,0.2975
2603900,1.0,0.8054607508532423,1.0,0.863481228668942,1.0,0.78839590443686,1.0,0.09556313993174062,0.46757679180887374,0.8668941979522184,0.590443686006826,0.515358361774744,293,8,0.9172,0.721,0.6101
2603926,0.7546468401486989,0.13382899628252787,0.9628252788104089,0.13382899628252787,0.8884758364312267,0.5092936802973977,0.8773234200743495,0.6133828996282528,0.5687732342007435,0.6988847583643123,0.1524163568773234,0.17100371747211895,269,44,0.4963,0.7221,0.3978
2604007,1.0,0.2071097372488408,1.0,0.9922720247295209,1.0,0.18856259659969088,1.0,0.13137557959814528,0.7913446676970634,0.8639876352395672,0.07264296754250386,0.10664605873261206,647,17,0.7998,0.58,0.4587
2604106,1.0,0.7131599684791174,1.0,0.9839768846861046,0.9824008405568689,0.767270816916207,0.9884423430522721,0.8156028368794326,0.8684003152088259,0.8684003152088259,0.0,0.7126346204360389,3807,96,0.9243,0.8884,0.6124
2604155,0.8938547486033519,0.1452513966480447,1.0,0.9162011173184358,1.0,0.0,0.9664804469273743,0.6312849162011173,0.36312849162011174,0.36312849162011174,0.0,0.0670391061452514,179,13,0.7388,0.6494,0.1983
2604205,1.0,0.8828571428571429,1.0,0.8828571428571429,0.9114285714285715,0.2342857142857143,0.8771428571428571,0.06,0.7971428571428572,0.7971428571428572,0.0,0.0,350,18,0.9414,0.5207,0.3986
2604304,1.0,0.7333333333333333,1.0,0.9818181818181818,0.9818181818181818,0.503030303030303,0.9151515151515152,0.44242424242424244,0.3393939393939394,0.8666666666666667,0.8666666666666667,0.45454545454545453,165,10,0.9288,0.7106,0.6318
2604403,1.0,0.0,1.0,1.0,1.0,0.09090909090909091,0.9772727272727273,0.9772727272727273,0.0,0.2897727272727273,0.2897727272727273,0.09090909090909091,176,6,0.75,0.7614,0.1676
2604502,0.9313725490196079,0.477124183006536,1.0,0.9215686274509803,0.9771241830065359,0.3431372549019608,0.9084967320261438,0.7189542483660131,0.5718954248366013,0.5718954248366013,0.09477124183006536,0.029411764705882353,306,10,0.8325,0.7369,0.317
2604601,1.0,0.0,1.0,1.0,1.0,0.7333333333333333,0.9789473684210527,0.7333333333333333,0.24912280701754386,0.9824561403508771,0.9824561403508771,0.7333333333333333,285,8,0.75,0.8614,0.7368
2604700,0.6291079812206573,0.6807511737089202,1.0,0.7652582159624414,0.8169014084507042,0.06103286384976526,0.676056338028169,0.3004694835680751,0.18779342723004694,0.3333333333333333,0.2112676056338028,0.06103286384976526,213,17,0.7688,0.4636,0.1984
2604809,1.0,0.8857142857142857,1.0,0.8857142857142857,0.9071428571428571,0.007142857142857143,0.9571428571428572,0.0,0.07142857142857142,0.4785714285714286,0.40714285714285714,0.0,140,11,0.9429,0.4679,0.2393
2604908,1.0,0.31451612903225806,1.0,0.9193548387096774,1.0,0.3629032258064516,0.6370967741935484,0.0,0.6370967741935484,0.6370967741935484,0.0,0.0,124,13,0.8085,0.5,0.3185
2605004,1.0,0.6183844011142061,1.0,0.9721448467966574,0.9888579387186629,0.8022284122562674,0.9610027855153204,0.8440111420612814,0.6796657381615598,0.6908077994428969,0.04735376044568245,0.8133704735376045,359,14,0.8976,0.899,0.5578
2605103,1.0,0.6594202898550725,1.0,0.6763285024154589,1.0,0.5797101449275363,1.0,0.4178743961352657,0.6352657004830918,0.6618357487922706,0.09903381642512077,0.24879227053140096,414,21,0.8339,0.7494,0.4112
2605152,1.0,1.0,1.0,0.726027397260274,1.0,0.1141552511415525,1.0,0.0502283105022831,0.1278538812785388,0.2465753424657534,0.1187214611872146,0.1232876712328767,219,13,0.9315,0.5411,0.1541
2605202,1.0,0.5547309833024119,1.0,0.935064935064935,0.9183673469387755,0.05194805194805195,0.849721706864564,0.19294990723562153,0.7884972170686456,0.7884972170686456,0.30612244897959184,0.0,539,29,0.8724,0.5032,0.4708
2605301,1.0,0.19506172839506172,1.0,0.8246913580246914,0.9604938271604938,0.18765432098765433,0.8518518518518519,0.6246913580246913,0.0,0.945679012345679,0.945679012345679,0.6148148148148148,405,24,0.7549,0.6562,0.6265
2605400,1.0,0.36363636363636365,1.0,0.961038961038961,1.0,0.23809523809523808,0.961038961038961,0.5584415584415584,0.961038961038961,0.961038961038961,0.2510822510822511,0.06493506493506493,231,8,0.8312,0.6894,0.5595
2605459,1.0,1.0,1.0,1.0,1.0,1.0,1.0,1.0,1.0,1.0,1.0,1.0,48,1,1.0,1.0,1.0
2605509,1.0,0.4144144144144144,1.0,0.8378378378378378,1.0,0.4144144144144144,1.0,0.4144144144144144,0.0,0.4144144144144144,0.4144144144144144,0.4144144144144144,111,4,0.8131,0.7072,0.3108
2605608,1.0,0.6125,1.0,0.7583333333333333,0.9666666666666667,0.26666666666666666,0.8916666666666667,0.575,0.1125,0.37083333333333335,0.325,0.18333333333333332,240,18,0.8427,0.675,0.2479
2605707,1.0,0.6755447941888619,1.0,0.6973365617433414,0.8619854721549637,0.026634382566585957,0.8038740920096852,0.2033898305084746,0.387409200968523,0.387409200968523,0.0,0.009685230024213076,413,35,0.8432,0.474,0.1961
2605806,0.09523809523809523,0.48214285714285715,1.0,1.0,1.0,0.7797619047619048,0.8392857142857143,0.75,0.0,0.5773809523809523,0.5773809523809523,0.0,168,12,0.6443,0.8423,0.2887
2605905,1.0,0.726530612244898,1.0,0.7877551020408163,0.8775510204081632,0.0,0.6938775510204082,0.22857142857142856,0.02040816326530612,0.08163265306122448,0.061224489795918366,0.0,245,19,0.8786,0.45,0.0408
2606002,1.0,0.610917537746806,1.0,0.9483159117305459,1.0,0.4994192799070848,0.9065040650406504,0.20557491289198607,0.11440185830429733,0.8925667828106852,0.8925667828106852,0.06852497096399536,1722,39,0.8898,0.6529,0.492
2606101,1.0,0.7096774193548387,1.0,0.7214076246334311,0.9120234604105572,0.6363636363636364,0.656891495601173,0.1466275659824047,0.5395894428152492,0.592375366568915,0.187683284457478,0.0,341,26,0.8578,0.588,0.3299
2606200,1.0,0.43924191750278707,1.0,1.0,1.0,0.6811594202898551,0.7770345596432553,0.0947603121516165,0.45484949832775917,0.48049052396878483,0.12931995540691194,0.11928651059085842,897,32,0.8598,0.6382,0.296
2606309,1.0,0.4596774193548387,1.0,1.0,1.0,0.4596774193548387,1.0,0.6370967741935484,1.0,1.0,0.0,0.0,124,4,0.8649,0.7742,0.5
2606408,0.9518272425249169,0.7541528239202658,1.0,0.8754152823920266,0.8023255813953488,0.0681063122923588,0.8073089700996677,0.717607973421927,0.6727574750830565,0.717607973421927,0.5431893687707641,0.0033222591362126247,602,38,0.8953,0.5988,0.4842
2606507,0.5575221238938053,0.0,1.0,0.8539823008849557,0.8539823008849557,0.0,0.8539823008849557,0.16371681415929204,0.24336283185840707,0.3938053097345133,0.3805309734513274,0.0,226,11,0.6029,0.4679,0.2544
2606606,1.0,0.6138107416879796,0.9974424552429667,0.8158567774936062,0.989769820971867,0.1585677749360614,0.7672634271099744,0.5166240409207161,0.3836317135549872,0.4194373401534527,0.03580562659846547,0.11508951406649616,391,19,0.8568,0.6081,0.2385
2606705,1.0,0.5542168674698795,1.0,0.7590361445783133,0.963855421686747,0.0,0.7831325301204819,0.2289156626506024,0.0,0.0,0.0,0.0,83,10,0.8283,0.494,0.0
2606804,1.0,0.22906793048973143,1.0,0.995260663507109,1.0,0.19826224328593997,1.0,0.07266982622432859,0.0,0.6090047393364929,0.6090047393364929,0.009478672985781991,1266,38,0.8061,0.5677,0.3069
2606903,1.0,0.7591240875912408,1.0,0.8175182481751825,1.0,0.8467153284671532,0.9197080291970803,0.7591240875912408,0.5693430656934306,0.7226277372262774,0.15328467153284672,0.0364963503649635,137,11,0.8942,0.8814,0.3704
2607000,1.0,0.504424778761062,0.9734513274336283,0.6017699115044248,0.8820058997050148,0.20058997050147492,0.799410029498525,0.11209439528023599,0.35103244837758113,0.35103244837758113,0.0,0.0471976401179941,339,15,0.7699,0.4985,0.1873
2607109,1.0,0.7857142857142857,1.0,0.8,1.0,1.0,1.0,1.0,0.0,0.9714285714285714,0.9714285714285714,0.7428571428571429,70,7,0.8964,1.0,0.6714
2607208,1.0,0.5840821566110398,1.0,0.9582798459563543,0.9839537869062901,0.37676508344030807,0.8465982028241335,0.08472400513478819,0.5943517329910141,0.693196405648267,0.3055198973042362,0.028241335044929396,1558,44,0.8856,0.573,0.4053
2607307,1.0,0.5563636363636364,1.0,0.7709090909090909,1.0,0.3472727272727273,0.730909090909091,0.045454545454545456,0.0,0.0,0.0,0.0,550,29,0.8318,0.5309,0.0
2607406,1.0,0.6521739130434783,1.0,0.7681159420289855,1.0,0.927536231884058,1.0,1.0,0.07246376811594203,0.34782608695652173,0.2753623188405797,0.927536231884058,69,5,0.8551,0.9819,0.4058
2607505,0.8853333333333333,0.376,1.0,0.5653333333333334,1.0,0.09066666666666667,0.5866666666666667,0.12266666666666666,0.408,0.49866666666666665,0.376,0.0,375,24,0.7067,0.45,0.3207
2607604,1.0,0.6793893129770993,1.0,1.0,0.8931297709923665,0.0,0.4083969465648855,0.022900763358778626,0.22900763358778625,0.45038167938931295,0.22137404580152673,0.0,262,12,0.9198,0.3311,0.2252
2607653,1.0,0.2972222222222222,1.0,0.9611111111111111,0.9638888888888889,0.18888888888888888,0.975,0.33055555555555555,0.275,0.48055555555555557,0.3,0.1388888888888889,360,14,0.8146,0.6146,0.2986
2607703,1.0,0.6686746987951807,1.0,0.7409638554216867,1.0,0.0,1.0,0.0,0.0,0.04216867469879518,0.04216867469879518,0.0,166,10,0.8524,0.5,0.0211
2607752,1.0,0.32865168539325845,1.0,1.0,1.0,0.41853932584269665,1.0,0.449438202247191,0.0,0.6741573033707865,0.6741573033707865,0.0,356,9,0.8322,0.717,0.3371
2607802,0.967741935483871,0.10752688172043011,1.0,1.0,1.0,0.1774193548387097,0.967741935483871,0.0,0.0,0.3817204301075269,0.3817204301075269,0.0,186,9,0.7688,0.5363,0.1909
2607901,0.8442945474985947,0.5304478171257261,1.0,0.9986884017238149,0.991755667978265,0.1778152520142402,0.985947161326588,0.3117856473674349,0.42889263631253516,0.6374367622259697,0.2896758478546,0.09087502342139779,5337,95,0.8434,0.6168,0.3617
2607950,1.0,0.022058823529411766,1.0,0.7794117647058824,0.9264705882352942,0.0,0.29411764705882354,0.0,0.29411764705882354,0.29411764705882354,0.0,0.0,136,16,0.7004,0.3051,0.1471
2608008,1.0,0.6624472573839663,1.0,0.6624472573839663,0.8227848101265823,0.05063291139240506,0.7088607594936709,0.16033755274261605,0.08016877637130802,0.08016877637130802,0.0,0.0,237,14,0.8312,0.4357,0.0401
2608057,0.9723756906077348,0.46408839779005523,1.0,0.585635359116022,0.9779005524861878,0.14917127071823205,0.7734806629834254,0.2541436464088398,0.1712707182320442,0.430939226519337,0.2596685082872928,0.06629834254143646,181,19,0.7555,0.5387,0.232
2608107,1.0,0.448559670781893,1.0,0.757201646090535,1.0,0.0823045267489712,1.0,0.0,0.757201646090535,0.757201646090535,0.0,0.0,243,18,0.8014,0.5206,0.3786
2608206,1.0,0.7816901408450704,1.0,0.8309859154929577,0.8309859154929577,0.0,0.7887323943661971,0.08450704225352113,0.4295774647887324,0.5140845070422535,0.16901408450704225,0.08450704225352113,142,10,0.9032,0.4261,0.2993
2608255,1.0,0.6742857142857143,1.0,0.6742857142857143,1.0,0.32571428571428573,0.6742857142857143,0.44,0.2342857142857143,0.6742857142857143,0.44,0.0,175,5,0.8371,0.61,0.3371
2608305,1.0,0.7547169811320755,1.0,0.9433962264150944,1.0,0.7547169811320755,1.0,0.7547169811320755,0.6462264150943396,0.7688679245283019,0.7688679245283019,0.7547169811320755,212,5,0.9245,0.8774,0.7347
2608404,1.0,0.8288770053475936,1.0,0.893048128342246,0.9732620320855615,0.9572192513368984,0.9411764705882353,0.6096256684491979,0.1711229946524064,0.5614973262032086,0.5454545454545454,0.0,187,8,0.9305,0.8703,0.3195
2608453,1.0,0.0,1.0,0.9841269841269841,0.9523809523809523,0.9523809523809523,0.9682539682539683,0.0,0.0,0.6137566137566137,0.6137566137566137,0.0,189,10,0.746,0.7183,0.3069
2608503,1.0,0.0,1.0,0.9444444444444444,1.0,0.0,0.8888888888888888,0.1111111111111111,0.1111111111111111,0.5987654320987654,0.5987654320987654,0.0,162,9,0.7361,0.5,0.3272
2608602,1.0,0.7952755905511811,1.0,0.7952755905511811,1.0,0.2047244094488189,0.968503937007874,0.07874015748031496,0.7401574803149606,0.889763779527559,0.889763779527559,0.06299212598425197,127,10,0.8976,0.563,0.6457
2608701,1.0,0.8538011695906432,1.0,0.8187134502923976,0.9883040935672515,0.30409356725146197,0.7894736842105263,0.24561403508771928,0.7485380116959064,0.7485380116959064,0.0,0.0,171,20,0.9181,0.5819,0.3743
2608750,1.0,0.7506925207756233,1.0,0.9667590027700831,1.0,0.8005540166204986,1.0,0.2548476454293629,0.1523545706371191,0.3518005540166205,0.28254847645429365,0.08310249307479224,361,10,0.9294,0.7639,0.2175
2608800,1.0,0.5805369127516778,1.0,0.9530201342281879,0.9530201342281879,0.2634228187919463,0.9110738255033557,0.09563758389261745,0.4446308724832215,0.6057046979865772,0.3926174496644295,0.0,596,31,0.8834,0.5558,0.3607
2608909,1.0,0.31625835189309576,1.0,0.9688195991091314,1.0,0.1915367483296214,0.9309576837416481,0.20935412026726058,0.8730512249443207,0.8864142538975501,0.07126948775055679,0.14699331848552338,449,16,0.8213,0.583,0.4944
2609006,1.0,0.7162162162162162,1.0,0.8074324324324325,1.0,0.22635135135135134,0.44256756756756754,0.44256756756756754,0.847972972972973,0.847972972972973,0.0,0.22635135135135134,296,16,0.8809,0.5279,0.4806
2609105,1.0,0.0,1.0,0.9527027027027027,0.918918918918919,0.0,0.9662162162162162,0.20270270270270271,0.4189189189189189,0.4189189189189189,0.0,0.1891891891891892,148,9,0.7382,0.522,0.2568
2609154,1.0,0.0,1.0,0.6412213740458015,0.6641221374045801,0.1450381679389313,0.6755725190839694,0.0916030534351145,0.5534351145038168,0.5534351145038168,0.0,0.0,262,19,0.6603,0.3941,0.2767
2609204,0.8695652173913043,0.6594202898550725,1.0,0.8695652173913043,0.9347826086956522,0.0,0.8695652173913043,0.0,0.0,0.5217391304347826,0.5217391304347826,0.0,138,11,0.8496,0.4511,0.2609
2609303,1.0,0.7556390977443609,0.9962406015037594,0.8233082706766918,0.8721804511278195,0.5676691729323309,0.8082706766917294,0.7969924812030075,0.4548872180451128,0.46616541353383456,0.424812030075188,0.34210526315789475,266,20,0.8938,0.7613,0.422
2609402,1.0,0.8095238095238095,1.0,0.9219047619047619,0.9847619047619047,0.10285714285714286,0.6533333333333333,0.16380952380952382,0.8609523809523809,0.8609523809523809,0.0,0.0,525,19,0.9329,0.4762,0.4305
2609501,1.0,0.8819188191881919,1.0,0.8819188191881919,1.0,0.4797047970479705,0.977859778597786,0.8007380073800738,0.7490774907749077,0.7490774907749077,0.11070110701107011,0.7047970479704797,271,10,0.941,0.8146,0.5784
2609600,0.9510714285714286,0.7914285714285715,1.0,1.0,0.9542857142857143,0.20642857142857143,0.9857142857142858,0.4035714285714286,0.5375,0.6964285714285714,0.4092857142857143,0.06785714285714285,2800,56,0.9356,0.6375,0.4278
2609709,1.0,0.3497942386831276,1.0,0.7777777777777778,1.0,0.36213991769547327,0.9135802469135802,0.3168724279835391,0.7366255144032922,0.7366255144032922,0.24279835390946503,0.1646090534979424,243,22,0.7819,0.6481,0.4702
2609808,0.9850746268656716,0.3619402985074627,1.0,0.6902985074626866,0.9850746268656716,0.1044776119402985,0.6977611940298507,0.15671641791044777,0.10820895522388059,0.15298507462686567,0.08582089552238806,0.0,268,20,0.7593,0.486,0.0868
2609907,0.9674698795180723,0.6108433734939759,1.0,0.7807228915662651,1.0,0.4807228915662651,1.0,0.7614457831325301,0.5144578313253012,0.5144578313253012,0.14819277108433734,0.11566265060240964,830,48,0.8398,0.8105,0.3232
2610004,1.0,0.7678207739307535,1.0,0.8105906313645621,0.9877800407331976,0.6558044806517311,0.8818737270875764,0.4460285132382892,0.26476578411405294,0.5417515274949084,0.40325865580448067,0.24643584521384929,491,41,0.8946,0.7429,0.3641
2610103,0.9534883720930233,0.29069767441860467,1.0,0.813953488372093,0.9534883720930233,0.0,0.9883720930232558,0.2441860465116279,0.29069767441860467,0.29069767441860467,0.29069767441860467,0.0,86,11,0.7645,0.5465,0.218
2610202,1.0,0.5423728813559322,1.0,0.6949152542372882,0.7994350282485876,0.15819209039548024,0.7966101694915254,0.7203389830508474,0.4689265536723164,0.4689265536723164,0.1327683615819209,0.12994350282485875,354,30,0.8093,0.6186,0.3001
2610301,1.0,0.4308510638297872,1.0,0.5904255319148937,0.8936170212765957,0.047872340425531915,0.6914893617021277,0.0,0.0,0.23404255319148937,0.23404255319148937,0.0,188,13,0.7553,0.4082,0.117
2610400,1.0,0.632,1.0,0.552,0.928,0.144,0.876,0.7,0.768,0.768,0.62,0.0,250,17,0.796,0.662,0.539
2610509,1.0,0.0,1.0,0.8475177304964538,0.7695035460992907,0.0,0.8936170212765957,0.599290780141844,0.6773049645390071,0.6773049645390071,0.23049645390070922,0.8936170212765957,282,15,0.7119,0.5656,0.6197
2610608,1.0,0.416793893129771,1.0,0.9847328244274809,1.0,0.45190839694656487,0.9969465648854962,0.3099236641221374,0.783206106870229,0.8213740458015267,0.05343511450381679,0.0,655,24,0.8504,0.6897,0.4145
2610707,1.0,0.9535696455317024,1.0,1.0,0.9051422865701447,0.63654518222666,0.9755366949575637,0.31902146779830254,0.3290064902646031,0.5192211682476285,0.2436345481777334,0.17573639540688968,2003,46,0.9884,0.7091,0.3169
2610806,1.0,0.6323529411764706,1.0,0.7598039215686274,0.9362745098039216,0.37254901960784315,0.9313725490196079,0.38235294117647056,0.22058823529411764,0.6862745098039216,0.5588235294117647,0.12254901960784313,204,19,0.848,0.6556,0.3971
2610905,0.94140625,0.35546875,0.9973958333333334,0.8059895833333334,0.96875,0.3372395833333333,0.7877604166666666,0.37109375,0.359375,0.6276041666666666,0.2682291666666667,0.09635416666666667,768,49,0.7751,0.6162,0.3379
2611002,0.994413407821229,0.6350093109869647,1.0,0.8342644320297952,0.9906890130353817,0.048417132216014895,0.8715083798882681,0.1713221601489758,0.4897579143389199,0.4897579143389199,0.035381750465549346,0.035381750465549346,537,35,0.8659,0.5205,0.2626
2611101,0.9837909992372235,0.5617848970251716,1.0,0.9734935163996948,1.0,0.581998474446987,1.0,0.2229214340198322,0.06445461479786423,0.4420289855072464,0.4208619374523265,0.2143401983218917,5244,79,0.8798,0.7012,0.2854
2611200,1.0,0.6666666666666666,1.0,0.8837209302325582,1.0,0.0,0.9922480620155039,0.06201550387596899,0.0,0.8682170542635659,0.8682170542635659,0.0,129,10,0.8876,0.5136,0.4341
2611309,1.0,0.5827067669172933,1.0,0.7255639097744361,0.9285714285714286,0.5789473684210527,0.8308270676691729,0.39473684210526316,0.575187969924812,0.6090225563909775,0.12030075187969924,0.0,266,25,0.8271,0.6833,0.3261
2611408,1.0,0.6124031007751938,1.0,0.751937984496124,1.0,0.7364341085271318,0.751937984496124,0.031007751937984496,0.0,0.16279069767441862,0.16279069767441862,0.031007751937984496,129,10,0.8411,0.6298,0.0891
2611507,1.0,0.8616600790513834,1.0,0.8972332015810277,0.9762845849802372,0.07905138339920949,0.8972332015810277,0.0,0.7549407114624506,0.7549407114624506,0.31620553359683795,0.0,253,13,0.9397,0.4881,0.4565
2611533,1.0,0.34415584415584416,1.0,0.935064935064935,1.0,0.0,1.0,0.34415584415584416,0.525974025974026,0.9545454545454546,0.42857142857142855,0.2012987012987013,154,7,0.8198,0.586,0.5276
2611606,1.0,0.6849377329333697,0.9952731569857286,0.9970911735296791,1.0,0.7242977911098991,0.9937278429233706,0.2504317789291883,0.7012998818289247,0.8777383874193255,0.38696482137987454,0.15225888555585856,11001,198,0.9193,0.7421,0.5296
2611705,1.0,0.467680608365019,1.0,0.9923954372623575,1.0,0.1634980988593156,0.6197718631178707,0.2661596958174905,0.45627376425855515,0.7072243346007605,0.6007604562737643,0.0,263,23,0.865,0.5124,0.4411
2611804,1.0,0.7419354838709677,1.0,0.9096774193548387,0.9161290322580645,0.11612903225806452,0.8193548387096774,0.24516129032258063,0.0,0.10967741935483871,0.10967741935483871,0.0,310,27,0.9129,0.5242,0.0548
2611903,1.0,0.676056338028169,1.0,0.852112676056338,1.0,0.4084507042253521,0.9577464788732394,0.02464788732394366,0.5915492957746479,0.8767605633802817,0.2852112676056338,0.02464788732394366,284,16,0.882,0.5977,0.4445
2612000,1.0,0.0,1.0,1.0,0.25252525252525254,0.0,0.12121212121212122,0.0,0.12121212121212122,0.12121212121212122,0.0,0.0,99,10,0.75,0.0934,0.0606
2612109,1.0,0.0,1.0,0.43373493975903615,1.0,0.5662650602409639,0.8674698795180723,0.8674698795180723,0.0,0.0,0.0,0.37349397590361444,83,7,0.6084,0.8253,0.0934
2612208,1.0,0.8012345679012346,1.0,0.9493827160493827,0.9975308641975309,0.1962962962962963,1.0,0.3469135802469136,0.0345679012345679,0.7493827160493827,0.7148148148148148,0.15555555555555556,810,21,0.9377,0.6352,0.4136
2612307,1.0,0.5803108808290155,1.0,0.6787564766839378,0.11398963730569948,0.0,0.16580310880829016,0.0,0.5803108808290155,0.6528497409326425,0.11398963730569948,0.0,193,11,0.8148,0.0699,0.3368
2612406,1.0,0.56,1.0,0.98,1.0,0.524,1.0,0.14,0.0,0.732,0.732,0.14,250,14,0.885,0.666,0.401
2612455,1.0,0.5730994152046783,1.0,0.7017543859649122,1.0,0.672514619883041,1.0,0.16374269005847952,0.0,0.4678362573099415,0.4678362573099415,0.10526315789473684,171,9,0.8187,0.7091,0.2602
2612471,1.0,0.8461538461538461,1.0,0.8461538461538461,0.5299145299145299,0.37606837606837606,1.0,0.42735042735042733,0.42735042735042733,0.5213675213675214,0.09401709401709402,0.0,117,7,0.9231,0.5833,0.2607
2612505,1.0,0.9924114671163575,1.0,1.0,1.0,0.41652613827993257,1.0,0.3102866779089376,0.2622259696458685,0.6450252951096122,0.4325463743676223,0.05143338954468803,1186,17,0.9981,0.6817,0.3478
2612554,1.0,0.0,1.0,0.8709677419354839,0.946236559139785,0.1935483870967742,0.956989247311828,0.1989247311827957,0.8118279569892473,0.8118279569892473,0.0,0.0,186,13,0.7177,0.5739,0.4059
2612604,0.8121019108280255,0.35987261146496813,1.0,0.5907643312101911,0.9808917197452229,0.33121019108280253,0.8726114649681529,0.445859872611465,0.1449044585987261,0.1449044585987261,0.0,0.10509554140127389,628,37,0.6907,0.6576,0.0987
2612703,1.0,0.31210191082802546,1.0,0.5605095541401274,0.9235668789808917,0.8407643312101911,0.5605095541401274,0.39490445859872614,0.31210191082802546,0.35668789808917195,0.35668789808917195,0.0,157,11,0.7182,0.6799,0.2564
2612802,1.0,0.6644736842105263,1.0,0.8026315789473685,1.0,0.07894736842105263,0.9473684210526315,0.17105263157894737,0.07894736842105263,0.07894736842105263,0.07894736842105263,0.07894736842105263,152,6,0.8668,0.5493,0.0789
2612901,1.0,0.0,1.0,0.7954545454545454,0.8106060606060606,0.1590909090909091,0.7803030303030303,0.7803030303030303,0.3409090909090909,0.8333333333333334,0.49242424242424243,0.6287878787878788,132,13,0.6989,0.6326,0.5739
2613008,1.0,0.7115666178623719,1.0,0.8960468521229868,1.0,0.0,1.0,0.3923865300146413,0.7525622254758418,0.9619326500732065,0.5929721815519766,0.2869692532942899,683,16,0.9019,0.5981,0.6486
2613107,1.0,0.701271186440678,1.0,0.836864406779661,0.9957627118644068,0.6504237288135594,0.777542372881356,0.11228813559322035,0.8072033898305084,0.836864406779661,0.1843220338983051,0.0,472,31,0.8845,0.634,0.4571
2613206,1.0,0.26621160409556316,1.0,0.8122866894197952,1.0,0.03754266211604096,0.8395904436860068,0.16382252559726962,0.0,0.030716723549488054,0.030716723549488054,0.0,293,18,0.7696,0.5102,0.0154
2613305,1.0,0.9885931558935361,1.0,0.9885931558935361,1.0,0.0,0.9695817490494296,0.0,0.20152091254752852,0.8783269961977186,0.8783269961977186,0.0,263,5,0.9943,0.4924,0.4895
2613404,1.0,0.0744336569579288,1.0,0.9514563106796117,0.9611650485436893,0.05501618122977346,0.7605177993527508,0.0970873786407767,0.9514563106796117,0.9514563106796117,0.23948220064724918,0.41423948220064727,309,11,0.7565,0.4684,0.6392
2613503,1.0,0.455743879472693,1.0,0.8926553672316384,1.0,0.2937853107344633,0.8926553672316384,0.295668549905838,0.128060263653484,0.2448210922787194,0.1167608286252354,0.0,531,16,0.8371,0.6205,0.1224
2613602,1.0,0.7648902821316614,1.0,0.9561128526645768,1.0,0.6112852664576802,1.0,0.11285266457680251,0.9216300940438872,0.9216300940438872,0.0,0.14733542319749215,319,12,0.9303,0.681,0.4976
2613701,1.0,0.7704433497536946,1.0,0.954679802955665,0.9793103448275862,0.37438423645320196,0.9793103448275862,0.8384236453201971,0.3458128078817734,0.3733990147783251,0.10049261083743842,0.0,1015,31,0.9313,0.7929,0.2049
2613800,1.0,0.8531073446327684,1.0,0.9265536723163842,1.0,0.9265536723163842,1.0,0.9265536723163842,0.4067796610169492,1.0,0.6666666666666666,0.9265536723163842,177,5,0.9449,0.9633,0.75
2613909,0.8857381150959133,0.6914095079232694,1.0,0.810675562969141,0.9783152627189324,0.08757297748123437,0.9165971643035863,0.46371976647206004,0.2468723936613845,0.4361968306922435,0.31859883236030023,0.53628023352794,1199,50,0.847,0.6116,0.3845
2614006,1.0,0.6542372881355932,1.0,0.8949152542372881,1.0,0.18305084745762712,0.9559322033898305,0.5932203389830508,0.26101694915254237,0.26101694915254237,0.0,0.13898305084745763,295,14,0.8873,0.6831,0.1653
2614105,1.0,0.6285714285714286,1.0,0.8,0.9948051948051948,0.625974025974026,0.9948051948051948,0.9662337662337662,0.44415584415584414,0.8025974025974026,0.6207792207792208,0.8285714285714286,385,23,0.8571,0.8955,0.674
2614204,0.9575757575757575,0.7595959595959596,1.0,0.9515151515151515,0.8828282828282829,0.12727272727272726,0.47474747474747475,0.0,0.4161616161616162,0.5434343434343434,0.3575757575757576,0.0,495,20,0.9172,0.3712,0.3293
2614303,1.0,0.6319444444444444,1.0,0.75,1.0,0.1527777777777778,1.0,0.6319444444444444,0.6319444444444444,0.6319444444444444,0.1527777777777778,0.0,144,7,0.8455,0.6962,0.3542
2614402,1.0,0.4318181818181818,1.0,0.7727272727272727,1.0,0.375,1.0,0.0,0.14772727272727273,1.0,1.0,0.0,88,4,0.8011,0.5938,0.5369
2614501,1.0,0.7787418655097614,1.0,0.9913232104121475,0.9761388286334056,0.6854663774403471,0.9002169197396963,0.6464208242950108,0.4121475054229935,0.4121475054229935,0.0650759219088937,0.2950108459869848,461,28,0.9425,0.8021,0.2961
2614600,1.0,0.8140845070422535,1.0,0.9464788732394366,0.9774647887323944,0.3464788732394366,0.9464788732394366,0.08732394366197183,0.3436619718309859,0.43380281690140843,0.09014084507042254,0.0,355,14,0.9401,0.5894,0.2169
2614709,1.0,0.7099236641221374,1.0,0.9389312977099237,0.9465648854961832,0.20610687022900764,0.4198473282442748,0.0,0.8473282442748091,0.8473282442748091,0.0,0.0,131,7,0.9122,0.3931,0.4237
2614808,0.9879154078549849,0.18126888217522658,1.0,0.6042296072507553,0.9697885196374623,0.36253776435045315,0.9335347432024169,0.41389728096676737,0.6888217522658611,0.7371601208459214,0.04833836858006042,0.03625377643504532,331,24,0.6934,0.6699,0.3776
2614857,0.7842465753424658,0.7328767123287672,1.0,0.7636986301369864,0.8938356164383562,0.5171232876712328,0.7328767123287672,0.0958904109589041,0.339041095890411,0.339041095890411,0.0,0.0,292,19,0.8202,0.5599,0.1695
2615003,1.0,0.7827586206896552,1.0,1.0,1.0,0.0,0.6275862068965518,0.3620689655172414,0.7344827586206897,0.7862068965517242,0.05172413793103448,0.0,290,7,0.9457,0.4974,0.3931
2615102,1.0,0.71900826446281,1.0,0.71900826446281,0.7768595041322314,0.71900826446281,0.9504132231404959,0.9504132231404959,0.0,0.71900826446281,0.71900826446281,0.0,121,11,0.8595,0.8492,0.3595
2615201,1.0,0.8791946308724832,1.0,0.8791946308724832,1.0,0.12080536912751678,1.0,0.0,0.0,0.7583892617449665,0.7583892617449665,0.0,149,4,0.9396,0.5302,0.3792
2615300,0.9640718562874252,0.7005988023952096,1.0,0.9700598802395209,0.9900199600798403,0.42115768463073855,0.9001996007984032,0.626746506986028,0.6706586826347305,0.8902195608782435,0.5289421157684631,0.001996007984031936,501,22,0.9087,0.7345,0.523
2615409,1.0,1.0,1.0,1.0,1.0,0.88,0.9026086956521739,0.10434782608695652,0.31130434782608696,0.3269565217391304,0.12,0.6278260869565218,575,10,1.0,0.7217,0.3465
2615508,1.0,0.7021276595744681,1.0,0.9787234042553191,0.9787234042553191,0.0,0.574468085106383,0.10638297872340426,0.0,0.0,0.0,0.10638297872340426,141,7,0.9202,0.4149,0.0266
2615607,1.0,0.7013274336283186,1.0,0.9424778761061947,0.9579646017699115,0.14823008849557523,0.9535398230088495,0.3141592920353982,0.5973451327433629,0.6592920353982301,0.2942477876106195,0.0,452,16,0.911,0.5935,0.3877
2615706,1.0,0.49101796407185627,1.0,0.8922155688622755,1.0,0.3772455089820359,1.0,1.0,0.0,0.7425149700598802,0.7425149700598802,0.0,167,8,0.8458,0.8443,0.3713
2615805,1.0,0.4918032786885246,1.0,0.6721311475409836,0.9442622950819672,0.0,0.6918032786885245,0.6918032786885245,0.019672131147540985,0.14426229508196722,0.14426229508196722,0.05573770491803279,305,24,0.791,0.582,0.091
2615904,1.0,0.6934306569343066,1.0,1.0,1.0,0.583941605839416,1.0,0.1897810218978102,0.40145985401459855,0.40145985401459855,0.0,0.1897810218978102,137,5,0.9234,0.6934,0.2482
2616001,1.0,0.6359223300970874,1.0,0.7233009708737864,0.9660194174757282,0.6067961165048543,0.8932038834951457,0.8640776699029126,0.3300970873786408,0.5631067961165048,0.23300970873786409,0.7912621359223301,206,15,0.8398,0.8325,0.4794
2616100,1.0,0.6180555555555556,1.0,0.8611111111111112,0.9236111111111112,0.7777777777777778,0.9236111111111112,0.11805555555555555,0.5138888888888888,0.625,0.1111111111111111,0.0,144,9,0.8698,0.6858,0.3125
2616183,1.0,0.4326923076923077,1.0,0.9134615384615384,1.0,0.2692307692307692,0.9134615384615384,0.038461538461538464,0.6538461538461539,0.6538461538461539,0.019230769230769232,0.0,104,9,0.8365,0.5553,0.3317
2616209,1.0,0.996,1.0,0.996,1.0,0.132,0.996,0.932,0.768,0.964,0.36,0.192,250,8,0.998,0.765,0.571
2616308,1.0,0.6920731707317073,1.0,0.9847560975609756,1.0,0.6097560975609756,0.9451219512195121,0.5487804878048781,0.25609756097560976,1.0,1.0,0.3018292682926829,328,12,0.9192,0.7759,0.6395
2616407,1.0,0.8123953098827471,1.0,0.974036850921273,1.0,0.8324958123953099,0.9321608040201005,0.4623115577889447,0.7629815745393634,0.8023450586264657,0.15494137353433834,0.45896147403685095,1194,47,0.9466,0.8067,0.5448
2616506,1.0,0.8349514563106796,1.0,0.8640776699029126,0.9805825242718447,0.0,0.8640776699029126,0.0,0.02912621359223301,0.33495145631067963,0.3058252427184466,0.0,206,14,0.9248,0.4612,0.1675
2700102,1.0,0.5909090909090909,1.0,0.8939393939393939,1.0,0.5484848484848485,1.0,0.34545454545454546,0.0,0.0,0.0,0.0,330,8,0.8712,0.7235,0.0
2700201,1.0,0.4860335195530726,1.0,1.0,1.0,0.39664804469273746,1.0,0.7094972067039106,0.0,0.18435754189944134,0.18435754189944134,0.1005586592178771,179,9,0.8715,0.7765,0.1173
2700300,1.0,0.1476407914764079,1.0,1.0,1.0,0.3984018264840183,1.0,0.5578386605783866,0.4505327245053272,0.7039573820395738,0.4505327245053272,0.4958143074581431,2628,51,0.7869,0.7391,0.5252
2700409,0.994535519125683,0.15300546448087432,1.0,0.9781420765027322,1.0,0.10746812386156648,0.9471766848816029,0.19854280510018216,0.4790528233151184,0.6775956284153005,0.2750455373406193,0.16029143897996356,549,19,0.7814,0.5633,0.398
2700508,1.0,0.0,1.0,0.985781990521327,1.0,0.3459715639810427,0.9620853080568721,0.18009478672985782,0.2132701421800948,0.6350710900473934,0.4218009478672986,0.0,211,6,0.7464,0.622,0.3175
2700607,1.0,0.2222222222222222,1.0,1.0,1.0,0.0,1.0,0.4074074074074074,0.0,0.32407407407407407,0.32407407407407407,0.0,108,4,0.8056,0.6019,0.162
2700706,1.0,0.812206572769953,1.0,0.8779342723004695,0.7652582159624414,0.09859154929577464,1.0,0.5023474178403756,0.0,0.051643192488262914,0.051643192488262914,0.7887323943661971,213,15,0.9225,0.5915,0.223
2700805,0.7833333333333333,0.0,1.0,1.0,1.0,0.21666666666666667,1.0,0.16666666666666666,0.0,0.35,0.35,0.0,60,4,0.6958,0.5958,0.175
2700904,1.0,0.0,1.0,1.0,1.0,0.4793388429752066,0.859504132231405,0.19834710743801653,0.0,0.19834710743801653,0.19834710743801653,0.0,121,7,0.75,0.6343,0.0992
2701001,1.0,0.7846715328467153,1.0,1.0,1.0,0.5766423357664233,1.0,0.5766423357664233,0.5766423357664233,1.0,1.0,0.5766423357664233,274,3,0.9462,0.7883,0.7883
2701100,1.0,0.7375,1.0,0.8,0.99375,0.16875,0.95,0.85625,0.8125,0.8125,0.7375,0.0,160,12,0.8844,0.7422,0.5906
2701209,1.0,0.0,1.0,1.0,1.0,0.189873417721519,1.0,0.189873417721519,0.5443037974683544,0.5443037974683544,0.0,0.0,158,4,0.75,0.5949,0.2722
2701308,1.0,0.0,1.0,1.0,0.9921568627450981,0.13725490196078433,0.9921568627450981,0.41568627450980394,0.0,0.047058823529411764,0.047058823529411764,0.13725490196078433,255,7,0.75,0.6343,0.0578
2701357,1.0,0.0,1.0,0.9651162790697675,1.0,0.03488372093023256,0.9651162790697675,0.9651162790697675,0.9651162790697675,0.9651162790697675,0.0,0.9651162790697675,86,2,0.7413,0.7413,0.7238
2701407,1.0,0.13186813186813187,1.0,1.0,1.0,0.6923076923076923,1.0,0.9010989010989011,0.0,0.9736263736263736,0.9736263736263736,0.9736263736263736,455,9,0.783,0.8984,0.7302
2701506,1.0,0.3333333333333333,1.0,0.34234234234234234,0.35135135135135137,0.0,0.3333333333333333,0.3333333333333333,0.0,0.0,0.0,0.0,111,17,0.6689,0.2545,0.0
2701605,1.0,0.033210332103321034,1.0,0.6900369003690037,0.992619926199262,0.18450184501845018,0.8450184501845018,0.13653136531365315,0.3985239852398524,0.3985239852398524,0.0,0.05166051660516605,271,22,0.6808,0.5397,0.2122
2701704,0.9447236180904522,0.7135678391959799,1.0,0.9597989949748744,0.9547738693467337,0.9547738693467337,0.9949748743718593,0.9949748743718593,0.3316582914572864,0.457286432160804,0.457286432160804,0.9547738693467337,199,11,0.9045,0.9749,0.5503
2701803,1.0,0.0,1.0,1.0,1.0,0.6377551020408163,1.0,0.0,0.0,0.3622448979591837,0.3622448979591837,0.0,196,5,0.75,0.6594,0.1811
2701902,1.0,0.0,1.0,1.0,1.0,0.0,0.9326923076923077,0.9326923076923077,0.9038461538461539,0.9038461538461539,0.8269230769230769,0.0,104,7,0.75,0.7163,0.6587
2702009,1.0,0.0,1.0,1.0,1.0,0.1510791366906475,0.7769784172661871,0.08633093525179857,0.0,0.0,0.0,0.0,139,11,0.75,0.5036,0.0
2702108,1.0,0.8738738738738738,1.0,0.9099099099099099,0.9864864864864865,0.2747747747747748,0.6126126126126126,0.30180180180180183,0.018018018018018018,0.5540540540540541,0.5540540540540541,0.5630630630630631,222,12,0.9459,0.5439,0.4223
2702207,1.0,0.4631578947368421,1.0,1.0,1.0,0.0,1.0,0.0,0.11578947368421053,0.11578947368421053,0.0,0.0,95,4,0.8658,0.5,0.0579
2702306,1.0,0.0,1.0,1.0,1.0,0.5401197604790419,1.0,0.41916167664670656,0.45748502994011975,0.6035928143712574,0.21437125748502994,0.6035928143712574,835,16,0.75,0.7398,0.4698
2702355,1.0,0.0,1.0,0.9628647214854111,1.0,0.38461538461538464,0.8275862068965517,0.44562334217506633,0.0,0.610079575596817,0.610079575596817,0.14058355437665782,377,20,0.7407,0.6645,0.3402
2702405,1.0,0.7967479674796748,1.0,1.0,1.0,0.1978319783197832,1.0,0.23441734417344173,0.2967479674796748,0.6788617886178862,0.6138211382113821,0.06504065040650407,738,21,0.9492,0.6081,0.4136
2702504,0.8478260869565217,0.0,1.0,0.6231884057971014,0.9782608695652174,0.391304347826087,0.4420289855072464,0.12318840579710146,0.050724637681159424,0.050724637681159424,0.0,0.0,138,19,0.6178,0.4837,0.0254
2702553,1.0,0.0,1.0,0.7202072538860104,0.9119170984455959,0.42487046632124353,0.8549222797927462,0.5233160621761658,0.5544041450777202,0.8031088082901554,0.47150259067357514,0.3316062176165803,193,12,0.6801,0.6788,0.5402
2702603,1.0,0.0,1.0,0.8258064516129032,1.0,0.07096774193548387,0.7870967741935484,0.33548387096774196,0.3774193548387097,0.3774193548387097,0.1774193548387097,0.04838709677419355,310,14,0.7065,0.5484,0.2452
2702702,1.0,0.0,1.0,1.0,1.0,0.0,1.0,0.0,0.0,1.0,1.0,0.0,69,2,0.75,0.5,0.5
2702801,1.0,0.7987804878048781,1.0,0.8597560975609756,1.0,0.0,0.7317073170731707,0.1402439024390244,0.0,0.8597560975609756,0.8597560975609756,0.0,164,5,0.9146,0.468,0.4299
2702900,1.0,0.16666666666666666,1.0,0.6790123456790124,0.9238683127572016,0.3271604938271605,0.8827160493827161,0.1111111111111111,0.14609053497942387,0.38065843621399176,0.345679012345679,0.0,486,30,0.7114,0.5612,0.2181
2703007,1.0,0.4233576642335766,1.0,0.7226277372262774,1.0,0.0,0.8029197080291971,0.43795620437956206,0.19708029197080293,0.19708029197080293,0.0,0.19708029197080293,137,11,0.7865,0.5602,0.1478
2703106,1.0,0.24198250728862974,1.0,0.749271137026239,1.0,0.2099125364431487,0.9475218658892128,0.0,0.18950437317784258,0.5889212827988338,0.5889212827988338,0.0,343,16,0.7478,0.5394,0.3418
2703205,0.9520958083832335,0.11077844311377245,1.0,1.0,0.9580838323353293,0.08982035928143713,1.0,0.33532934131736525,0.05089820359281437,0.11077844311377245,0.11077844311377245,0.0,334,20,0.7657,0.5958,0.0681
2703304,1.0,0.1906474820143885,1.0,0.8237410071942446,0.8741007194244604,0.43884892086330934,0.762589928057554,0.2517985611510791,0.12949640287769784,0.1906474820143885,0.06115107913669065,0.2517985611510791,278,17,0.7536,0.5818,0.1583
2703403,0.9010989010989011,0.0,1.0,0.7032967032967034,1.0,0.0,1.0,0.4725274725274725,0.0,0.0,0.0,0.0,91,4,0.6511,0.6181,0.0
2703502,1.0,0.0,1.0,0.9882352941176471,0.9882352941176471,0.0,0.9882352941176471,0.0,0.9882352941176471,0.9882352941176471,0.7176470588235294,0.0,85,3,0.7471,0.4941,0.6735
2703601,1.0,0.0,1.0,0.976878612716763,0.9826589595375722,0.03468208092485549,0.7514450867052023,0.7341040462427746,0.7109826589595376,0.7109826589595376,0.6127167630057804,0.6127167630057804,173,8,0.7442,0.6257,0.6618
2703700,1.0,0.525,1.0,1.0,1.0,0.0,1.0,0.0,0.0,0.7625,0.7625,0.0,80,4,0.8812,0.5,0.3812
2703759,1.0,0.7177914110429447,1.0,1.0,1.0,0.558282208588957,0.8098159509202454,0.294478527607362,0.10429447852760736,0.6196319018404908,0.6196319018404908,0.0,163,8,0.9294,0.6656,0.3359
2703809,1.0,0.25806451612903225,1.0,0.8123167155425219,1.0,0.13196480938416422,0.841642228739003,0.17888563049853373,0.1935483870967742,0.7653958944281525,0.5718475073313783,0.0,341,16,0.7676,0.5381,0.3827
2703908,1.0,0.0,1.0,0.8333333333333334,0.7833333333333333,0.7833333333333333,0.7833333333333333,0.0,0.0,0.85,0.85,0.0,60,5,0.7083,0.5875,0.425
2704005,1.0,0.03514376996805112,1.0,1.0,1.0,0.3993610223642173,0.939297124600639,0.7220447284345048,0.7507987220447284,0.7507987220447284,0.5239616613418531,0.48562300319488816,313,14,0.7588,0.7652,0.6278
2704104,1.0,0.0,1.0,0.9450980392156862,0.9803921568627451,0.0,0.9647058823529412,0.5529411764705883,0.050980392156862744,0.11764705882352941,0.11764705882352941,0.24313725490196078,255,19,0.7363,0.6245,0.1324
2704203,1.0,0.0,1.0,0.9835294117647059,1.0,0.668235294117647,0.9764705882352941,0.28705882352941176,0.16941176470588235,0.16941176470588235,0.0,0.03764705882352941,425,17,0.7459,0.7329,0.0941
2704302,0.9925233644859813,0.41748998664886516,1.0,0.9938584779706275,0.9871829105473965,0.28317757009345795,1.0,0.5865153538050735,0.5468624833110814,0.7352469959946596,0.5522029372496662,0.48958611481975967,7490,119,0.851,0.7142,0.581
2704401,1.0,0.0,1.0,1.0,1.0,0.2597402597402597,1.0,0.24242424242424243,0.0,0.5844155844155844,0.5844155844155844,0.0,231,9,0.75,0.6255,0.2922
2704500,1.0,0.3366733466933868,1.0,0.7955911823647295,0.7715430861723447,0.1903807615230461,0.8677354709418837,0.0,0.17835671342685372,0.17835671342685372,0.0,0.17635270541082165,499,22,0.7831,0.4574,0.1333
2704609,1.0,0.0,1.0,0.9022556390977443,1.0,0.2706766917293233,1.0,0.17293233082706766,0.0,0.6541353383458647,0.6541353383458647,0.0,133,4,0.7256,0.6109,0.3271
2704708,1.0,0.2893289328932893,1.0,1.0,1.0,0.18921892189218922,1.0,0.5511551155115512,0.49724972497249725,0.7909790979097909,0.5313531353135313,0.3333333333333333,909,16,0.8223,0.6851,0.5382
2704807,1.0,0.7357142857142858,1.0,0.9285714285714286,1.0,0.5142857142857142,0.9214285714285714,0.40714285714285714,0.0,0.35714285714285715,0.35714285714285715,0.0,140,9,0.9161,0.7107,0.1786
2704906,1.0,0.0,1.0,1.0,1.0,0.24528301886792453,1.0,0.0,0.0,0.0,0.0,0.0,53,3,0.75,0.5613,0.0
2705002,1.0,0.38489208633093525,1.0,0.539568345323741,1.0,0.11510791366906475,0.539568345323741,0.0,0.26618705035971224,0.6330935251798561,0.3669064748201439,0.0,278,32,0.7311,0.4137,0.3165
2705101,0.7292307692307692,0.0,1.0,0.9446153846153846,0.9753846153846154,0.0,0.9446153846153846,0.9446153846153846,0.0,0.6523076923076923,0.6523076923076923,0.0,325,8,0.6685,0.7162,0.3262
2705200,1.0,0.6378600823045267,1.0,1.0,1.0,0.20164609053497942,0.7983539094650206,0.7119341563786008,0.2757201646090535,0.7983539094650206,0.7983539094650206,0.0,243,5,0.9095,0.678,0.4681
2705309,1.0,0.0,1.0,0.925,1.0,0.0,1.0,0.1375,0.0,0.7875,0.7875,0.0,80,3,0.7312,0.5344,0.3938
2705408,1.0,0.0,1.0,1.0,1.0,0.5083333333333333,1.0,0.38333333333333336,0.0,0.38333333333333336,0.38333333333333336,0.0,120,6,0.75,0.7229,0.1917
2705507,0.9636363636363636,0.9318181818181818,0.990909090909091,0.6522727272727272,0.9659090909090909,0.2772727272727273,0.9477272727272728,0.1431818181818182,0.8090909090909091,0.9727272727272728,0.3181818181818182,0.29772727272727273,440,15,0.8847,0.5835,0.5994
2705606,1.0,0.9020979020979021,1.0,0.8881118881118881,1.0,1.0,0.993006993006993,0.09090909090909091,0.0,0.8881118881118881,0.8881118881118881,0.8881118881118881,143,9,0.9476,0.771,0.6661
2705705,1.0,0.0,1.0,0.9486166007905138,0.9486166007905138,0.0,0.6521739130434783,0.5138339920948617,0.23715415019762845,0.6521739130434783,0.4150197628458498,0.0,253,6,0.7372,0.5287,0.3261
2705804,0.6971830985915493,0.6971830985915493,1.0,0.8169014084507042,1.0,0.0,1.0,0.0,0.0,0.6971830985915493,0.6971830985915493,0.0,142,4,0.8028,0.5,0.3486
2705903,1.0,0.39436619718309857,1.0,1.0,0.8873239436619719,0.5211267605633803,0.6901408450704225,0.38028169014084506,0.0,0.0,0.0,0.0,71,13,0.8486,0.6197,0.0
2706000,1.0,0.0,1.0,1.0,1.0,0.4039408866995074,1.0,0.5960591133004927,0.41379310344827586,0.41379310344827586,0.3103448275862069,0.0,203,6,0.75,0.75,0.2845
2706109,1.0,0.0,1.0,0.6866666666666666,1.0,1.0,0.6866666666666666,0.04,0.0,0.0,0.0,0.0,150,9,0.6717,0.6817,0.0
2706208,1.0,0.0,1.0,1.0,1.0,0.5645161290322581,1.0,0.5645161290322581,0.0,0.43548387096774194,0.43548387096774194,0.0,62,3,0.75,0.7823,0.2177
2706307,1.0,0.3539473684210526,1.0,0.7486842105263158,1.0,0.26973684210526316,0.9960526315789474,0.5144736842105263,0.12368421052631579,0.5026315789473684,0.3894736842105263,0.10526315789473684,760,31,0.7757,0.6951,0.2803
2706406,1.0,0.0,1.0,0.8106312292358804,1.0,0.707641196013289,1.0,0.6179401993355482,0.0,0.46511627906976744,0.46511627906976744,0.3754152823920266,301,17,0.7027,0.8314,0.3264
2706422,1.0,0.0,1.0,1.0,0.967391304347826,0.6195652173913043,0.8260869565217391,0.44021739130434784,0.13043478260869565,0.13043478260869565,0.0,0.08152173913043478,184,14,0.75,0.7133,0.0856
2706448,1.0,0.0,1.0,1.0,1.0,1.0,1.0,0.0,1.0,1.0,0.0,0.0,203,1,0.75,0.75,0.5
2706505,1.0,0.41379310344827586,1.0,1.0,1.0,0.27586206896551724,0.9655172413793104,0.28448275862068967,0.0,0.14224137931034483,0.14224137931034483,0.0,232,12,0.8534,0.6315,0.0711
2706604,1.0,0.8529411764705882,1.0,0.8529411764705882,0.8823529411764706,0.029411764705882353,0.8823529411764706,0.0,0.8529411764705882,0.8529411764705882,0.8529411764705882,0.0,102,3,0.9265,0.4485,0.6397
2706703,1.0,0.16988950276243095,1.0,1.0,1.0,0.8632596685082873,0.893646408839779,0.28314917127071826,0.20441988950276244,0.5,0.4074585635359116,0.2513812154696133,724,25,0.7925,0.76,0.3408
2706802,1.0,0.0,1.0,1.0,1.0,0.6551724137931034,0.9118773946360154,0.7547892720306514,0.210727969348659,0.3793103448275862,0.3448275862068966,0.17624521072796934,261,9,0.75,0.8305,0.2778
2706901,1.0,0.5232142857142857,1.0,0.9928571428571429,1.0,0.9125,1.0,0.06428571428571428,0.0,0.25357142857142856,0.25357142857142856,0.18571428571428572,560,11,0.879,0.7442,0.1732
2707008,1.0,0.0,1.0,1.0,1.0,1.0,1.0,0.0,0.0,0.0,0.0,0.0,33,1,0.75,0.75,0.0
2707107,1.0,0.4906166219839142,1.0,1.0,1.0,0.30294906166219837,0.9195710455764075,0.8605898123324397,0.22788203753351208,0.27882037533512066,0.05093833780160858,0.27882037533512066,373,9,0.8727,0.7708,0.2091
2707206,1.0,0.0,1.0,1.0,1.0,0.44485294117647056,1.0,0.3088235294117647,0.3088235294117647,0.7536764705882353,0.7536764705882353,0.0,272,9,0.75,0.6884,0.454
2707305,1.0,0.0,1.0,1.0,0.4880952380952381,0.0,0.7261904761904762,0.3333333333333333,0.2708333333333333,0.2708333333333333,0.044642857142857144,0.044642857142857144,336,9,0.75,0.3869,0.1577
2707404,1.0,0.0,1.0,0.8333333333333334,0.9876543209876543,0.12345679012345678,0.9567901234567902,0.12345679012345678,0.2839506172839506,0.2839506172839506,0.0,0.12345679012345678,162,9,0.7083,0.5478,0.1728
2707503,0.959349593495935,0.0,1.0,0.8780487804878049,0.9552845528455285,0.44308943089430897,0.7032520325203252,0.052845528455284556,0.0,0.0,0.0,0.0,246,15,0.7093,0.5386,0.0
2707602,1.0,0.0,1.0,0.7609756097560976,1.0,0.0,0.8731707317073171,0.0,0.0,0.0,0.0,0.0,205,3,0.6902,0.4683,0.0
2707701,1.0,0.5937072503419972,1.0,1.0,1.0,0.34199726402188785,0.9165526675786594,0.40287277701778385,0.40902872777017785,0.5718194254445964,0.25102599179206564,0.12038303693570451,1462,22,0.8984,0.6654,0.3381
2707800,1.0,0.9067796610169492,1.0,1.0,1.0,1.0,1.0,1.0,0.0,0.17796610169491525,0.17796610169491525,1.0,118,4,0.9767,1.0,0.339
2707909,1.0,0.0,1.0,1.0,1.0,0.0,1.0,0.0,0.39344262295081966,0.39344262295081966,0.39344262295081966,0.0,122,4,0.75,0.5,0.2951
2708006,1.0,0.31099656357388317,1.0,0.8058419243986255,1.0,0.4948453608247423,1.0,0.2422680412371134,0.15463917525773196,0.4639175257731959,0.30927835051546393,0.04982817869415808,582,20,0.7792,0.6843,0.2444
2708105,1.0,0.6181818181818182,1.0,0.2606060606060606,0.8121212121212121,0.0,0.9515151515151515,0.6242424242424243,0.0,0.41818181818181815,0.41818181818181815,0.3575757575757576,165,21,0.7197,0.597,0.2985
2708204,1.0,0.0,1.0,1.0,1.0,1.0,0.9325842696629213,0.6741573033707865,0.0,0.4044943820224719,0.4044943820224719,0.0,89,7,0.75,0.9017,0.2022
2708303,1.0,0.8365019011406845,1.0,0.8783269961977186,1.0,0.8212927756653993,0.8403041825095057,0.22813688212927757,0.34600760456273766,0.34600760456273766,0.34600760456273766,0.23193916349809887,263,19,0.9287,0.7224,0.3175
2708402,1.0,0.03941908713692946,1.0,0.7717842323651453,1.0,0.9771784232365145,0.9356846473029046,0.8796680497925311,0.043568464730290454,0.043568464730290454,0.0,0.043568464730290454,482,20,0.7028,0.9481,0.0327
2708501,0.5745140388768899,0.42764578833693306,1.0,0.8444924406047516,1.0,0.0,0.8531317494600432,0.20086393088552915,0.12311015118790497,0.23326133909287258,0.1101511879049676,0.0,463,18,0.7117,0.5135,0.1166
2708600,1.0,0.9586776859504132,1.0,1.0,1.0,1.0,1.0,0.0,0.07933884297520662,0.7140495867768595,0.7140495867768595,0.0,605,8,0.9897,0.75,0.3769
2708709,1.0,0.0,1.0,1.0,1.0,0.0,0.5060240963855421,0.6204819277108434,0.0,0.4879518072289157,0.4879518072289157,0.0,166,5,0.75,0.5316,0.244
2708808,1.0,0.0,1.0,0.9895397489539749,0.9916317991631799,0.16736401673640167,0.9916317991631799,0.38702928870292885,0.20711297071129708,0.3598326359832636,0.15271966527196654,0.0,478,30,0.7474,0.6344,0.1799
2708907,1.0,0.705685618729097,1.0,1.0,1.0,0.1806020066889632,1.0,0.8762541806020067,0.27424749163879597,0.5618729096989966,0.28762541806020064,0.7324414715719063,299,6,0.9264,0.7642,0.464
2708956,1.0,0.33014354066985646,1.0,0.8325358851674641,0.9712918660287081,0.5550239234449761,0.9234449760765551,0.7368421052631579,0.18660287081339713,0.41148325358851673,0.41148325358851673,0.18660287081339713,209,10,0.7907,0.7967,0.299
2709004,1.0,0.0,1.0,1.0,0.8260869565217391,0.0,1.0,0.43478260869565216,0.0,0.0,0.0,0.0,69,3,0.75,0.5652,0.0
2709103,1.0,0.0,1.0,1.0,1.0,0.6915254237288135,0.8677966101694915,0.4745762711864407,0.4745762711864407,0.4745762711864407,0.0,0.0,295,9,0.75,0.7585,0.2373
2709152,1.0,0.6553571428571429,1.0,1.0,1.0,0.5214285714285715,0.9982142857142857,0.5839285714285715,0.8964285714285715,0.9535714285714286,0.275,0.20892857142857144,560,25,0.9138,0.7759,0.5835
2709202,1.0,0.03793103448275862,1.0,0.6482758620689655,0.7551724137931034,0.010344827586206896,0.4586206896551724,0.33448275862068966,0.2827586206896552,0.2827586206896552,0.0,0.2827586206896552,290,31,0.6716,0.3897,0.2121
2709301,1.0,0.8602771362586605,1.0,0.9041570438799076,1.0,0.10739030023094688,1.0,0.20554272517321015,0.5323325635103926,0.5404157043879908,0.03117782909930716,0.02424942263279446,866,20,0.9411,0.5782,0.282
2709400,1.0,0.14285714285714285,1.0,0.9512987012987013,0.974025974025974,0.237012987012987,1.0,0.37987012987012986,0.474025974025974,0.7727272727272727,0.6428571428571429,0.21753246753246752,308,13,0.7735,0.6477,0.5268
2800100,1.0,0.0,1.0,1.0,1.0,0.7666666666666667,0.0,0.5333333333333333,0.5333333333333333,0.5333333333333333,0.0,0.0,30,3,0.75,0.575,0.2667
2800209,1.0,0.49246231155778897,1.0,0.9547738693467337,1.0,0.914572864321608,0.8090452261306532,0.5376884422110553,0.03015075376884422,0.03015075376884422,0.0,0.0,199,21,0.8618,0.8153,0.0151
2800308,1.0,0.9401811248808389,1.0,1.0,1.0,0.5765014299332698,1.0,0.5457578646329838,0.6074833174451859,0.8825071496663489,0.4971401334604385,0.43684461391801716,4196,75,0.985,0.7806,0.606
2800407,1.0,0.39705882352941174,1.0,0.9044117647058824,0.9411764705882353,0.25,0.5955882352941176,0.0,0.14705882352941177,0.14705882352941177,0.0,0.0,136,9,0.8254,0.4467,0.0735
2800506,1.0,0.13261648745519714,1.0,1.0,1.0,0.946236559139785,0.8637992831541219,0.16487455197132617,0.0,0.014336917562724014,0.014336917562724014,0.0,279,13,0.7832,0.7437,0.0072
2800605,0.948170731707317,0.6402439024390244,1.0,1.0,1.0,0.054878048780487805,1.0,0.2682926829268293,0.21341463414634146,0.8932926829268293,0.8932926829268293,0.2682926829268293,328,8,0.8971,0.5808,0.5671
2800670,1.0,0.14027149321266968,1.0,0.8009049773755657,0.9547511312217195,0.13122171945701358,0.8461538461538461,0.5429864253393665,0.03167420814479638,0.39819004524886875,0.3665158371040724,0.6108597285067874,221,11,0.7353,0.6188,0.3518
2800704,1.0,0.6074766355140186,1.0,0.9158878504672897,1.0,0.0,0.22429906542056074,0.0,0.0,0.0,0.0,0.0,107,5,0.8808,0.3061,0.0
2801009,1.0,0.23870967741935484,1.0,1.0,1.0,0.23870967741935484,0.5419354838709678,0.23870967741935484,0.0,0.23870967741935484,0.23870967741935484,0.23870967741935484,155,9,0.8097,0.5048,0.179
2801108,1.0,0.0,1.0,1.0,1.0,0.0,0.0,0.0,0.0,0.0,0.0,0.0,50,6,0.75,0.25,0.0
2801207,1.0,0.6356275303643725,1.0,0.9635627530364372,1.0,0.48380566801619435,0.888663967611336,0.5121457489878543,0.39271255060728744,0.39271255060728744,0.0,0.291497975708502,494,15,0.8998,0.7212,0.2692
2801306,1.0,0.0,1.0,0.9398663697104677,1.0,0.6102449888641426,0.955456570155902,0.44988864142538976,0.0,0.0,0.0,0.23608017817371937,449,18,0.735,0.7539,0.059
2801405,1.0,0.19591836734693877,1.0,0.8816326530612245,1.0,0.5877551020408164,0.7714285714285715,0.2571428571428571,0.0,0.0,0.0,0.05714285714285714,245,18,0.7694,0.6541,0.0143
2801504,1.0,0.0,1.0,1.0,1.0,0.7942857142857143,0.45714285714285713,0.25142857142857145,0.14857142857142858,0.6914285714285714,0.6914285714285714,0.0,175,4,0.75,0.6257,0.3829
2801603,1.0,1.0,1.0,1.0,1.0,1.0,1.0,0.0,0.0,1.0,1.0,0.0,42,1,1.0,0.75,0.5
2801702,1.0,0.0,1.0,0.9873417721518988,1.0,0.9873417721518988,0.9367088607594937,0.08438818565400844,0.0,0.0,0.0,0.08438818565400844,237,14,0.7468,0.7521,0.0211
2801900,1.0,0.9,1.0,1.0,1.0,0.9,1.0,0.0,0.0,0.0,0.0,0.0,40,2,0.975,0.725,0.0
2802007,1.0,0.3125,1.0,1.0,1.0,0.46875,1.0,0.0,0.78125,0.78125,0.46875,0.0,64,3,0.8281,0.6172,0.5078
2802106,1.0,0.3790951638065523,1.0,0.9594383775351014,1.0,0.8315132605304212,0.9875195007800313,0.8003120124804992,0.0,0.36505460218408736,0.36505460218408736,0.5210608424336973,641,27,0.8346,0.9048,0.3128
2802205,1.0,0.0,1.0,0.963855421686747,1.0,1.0,0.8795180722891566,0.25301204819277107,0.0,0.25301204819277107,0.25301204819277107,0.25301204819277107,83,6,0.741,0.7831,0.1898
2802304,1.0,0.33793103448275863,1.0,1.0,1.0,0.0,1.0,0.33793103448275863,0.0,0.1310344827586207,0.1310344827586207,0.33793103448275863,145,6,0.8345,0.5845,0.15
2802403,1.0,0.8,1.0,0.832,1.0,0.832,0.664,0.0,0.0,0.0,0.0,0.0,125,7,0.908,0.624,0.0
2802502,1.0,0.0,1.0,1.0,1.0,0.0,1.0,0.0,0.0,0.0,0.0,0.0,18,1,0.75,0.5,0.0
2802601,1.0,0.7142857142857143,1.0,0.8441558441558441,1.0,0.0,0.7142857142857143,0.0,0.025974025974025976,0.07792207792207792,0.05194805194805195,0.0,77,8,0.8896,0.4286,0.039
2802700,1.0,0.15862068965517243,1.0,0.9517241379310345,1.0,0.8413793103448276,1.0,0.33793103448275863,0.0,0.04827586206896552,0.04827586206896552,0.0,145,7,0.7776,0.7948,0.0241
2802809,1.0,0.0,1.0,0.91324200913242,1.0,1.0,1.0,0.0639269406392694,0.0,0.0,0.0,0.0,219,11,0.7283,0.766,0.0
2802908,1.0,0.7053682896379525,1.0,0.951310861423221,0.9875156054931336,0.45942571785268416,0.982521847690387,0.6729088639200999,0.056179775280898875,0.5168539325842697,0.4606741573033708,0.14357053682896379,801,44,0.9142,0.7756,0.2943
2803005,1.0,0.6455938697318008,1.0,0.9137931034482759,1.0,0.8218390804597702,1.0,0.19157088122605365,0.0,0.2567049808429119,0.2567049808429119,0.06321839080459771,522,13,0.8898,0.7534,0.1442
2803104,1.0,0.5681818181818182,1.0,0.8409090909090909,1.0,1.0,0.9318181818181818,0.22727272727272727,0.22727272727272727,0.22727272727272727,0.0,0.0,44,5,0.8523,0.7898,0.1136
2803203,1.0,0.21729490022172948,1.0,0.9334811529933481,1.0,0.7605321507760532,0.6829268292682927,0.4611973392461197,0.0,0.0,0.0,0.0,451,23,0.7877,0.7262,0.0
2803302,0.723404255319149,0.0,1.0,1.0,0.8031914893617021,0.39893617021276595,0.7287234042553191,0.39893617021276595,0.32978723404255317,0.39893617021276595,0.39893617021276595,0.39893617021276595,188,9,0.6809,0.5824,0.3816
2803401,1.0,0.27461139896373055,1.0,0.9792746113989638,1.0,0.9326424870466321,0.9326424870466321,0.8860103626943006,0.02072538860103627,0.42487046632124353,0.42487046632124353,0.23316062176165803,193,7,0.8135,0.9378,0.2759
2803500,1.0,0.3984375,1.0,0.98046875,1.0,0.8203125,0.953125,0.5458984375,0.150390625,0.4111328125,0.2646484375,0.1142578125,1024,57,0.8447,0.8298,0.2351
2803609,1.0,0.5209125475285171,1.0,0.7870722433460076,0.5893536121673004,0.2623574144486692,0.5437262357414449,0.4144486692015209,0.2965779467680608,0.5779467680608364,0.4448669201520912,0.2509505703422053,263,13,0.827,0.4525,0.3926
2803708,1.0,0.0,1.0,1.0,1.0,0.0,0.8144329896907216,0.20618556701030927,0.0,0.3711340206185567,0.3711340206185567,0.0,97,10,0.75,0.5052,0.1856
2803807,1.0,0.0,1.0,1.0,1.0,0.8717948717948718,0.9743589743589743,0.9358974358974359,0.0,0.4358974358974359,0.4358974358974359,0.8717948717948718,78,5,0.75,0.9455,0.4359
2803906,1.0,0.1656441717791411,1.0,1.0,1.0,0.9202453987730062,1.0,0.49693251533742333,0.0,0.8220858895705522,0.8220858895705522,0.3312883435582822,163,7,0.7914,0.8543,0.4939
2804003,1.0,0.8263157894736842,1.0,1.0,0.9157894736842105,0.8631578947368421,1.0,0.5421052631578948,0.41578947368421054,0.8631578947368421,0.4473684210526316,0.9473684210526315,190,7,0.9566,0.8303,0.6684
2804102,1.0,0.5871559633027523,1.0,1.0,1.0,0.6513761467889908,1.0,0.5871559633027523,0.0,0.7706422018348624,0.7706422018348624,0.5871559633027523,109,5,0.8968,0.8096,0.5321
2804201,1.0,0.7959183673469388,1.0,0.923469387755102,1.0,0.2755102040816326,0.9948979591836735,0.9438775510204082,0.0,0.05612244897959184,0.05612244897959184,0.2755102040816326,196,8,0.9298,0.8036,0.0969
2804300,1.0,0.0,1.0,1.0,0.9558823529411765,0.0,1.0,0.0,0.0,0.0,0.0,0.0,68,6,0.75,0.489,0.0
2804409,1.0,0.15503875968992248,1.0,0.8255813953488372,0.9496124031007752,0.4728682170542636,0.8023255813953488,0.09689922480620156,0.2558139534883721,0.40310077519379844,0.26356589147286824,0.13953488372093023,258,14,0.7452,0.5804,0.2655
2804458,1.0,0.6388888888888888,1.0,0.7638888888888888,0.9305555555555556,0.9305555555555556,0.7361111111111112,0.7916666666666666,0.0,0.0,0.0,0.6944444444444444,72,10,0.8507,0.8472,0.1736
2804508,1.0,0.4940239043824701,1.0,1.0,1.0,0.796812749003984,0.9661354581673307,0.5099601593625498,0.24302788844621515,0.24302788844621515,0.0,0.24302788844621515,502,11,0.8735,0.8182,0.1823
2804607,1.0,0.39384615384615385,1.0,0.963076923076923,1.0,0.5846153846153846,0.963076923076923,0.39384615384615385,0.5815384615384616,0.5815384615384616,0.19692307692307692,0.39076923076923076,325,19,0.8392,0.7354,0.4377
2804706,1.0,0.0,1.0,1.0,1.0,0.0,0.9240506329113924,0.0,0.0,0.6835443037974683,0.6835443037974683,0.0,79,5,0.75,0.481,0.3418
2804805,1.0,0.8101204819277108,1.0,1.0,1.0,0.5151807228915662,0.8766265060240964,0.36771084337349397,0.12289156626506025,0.30698795180722893,0.24819277108433735,0.22602409638554216,2075,38,0.9525,0.6899,0.226
2804904,1.0,0.0,1.0,0.7351351351351352,0.7783783783783784,0.07027027027027027,0.6486486486486487,0.41621621621621624,0.08108108108108109,0.08108108108108109,0.0,0.0,185,19,0.6838,0.4784,0.0405
2805000,1.0,0.08695652173913043,1.0,1.0,1.0,0.0,0.5869565217391305,0.0,0.0,0.0,0.0,0.0,46,4,0.7717,0.3967,0.0
2805109,1.0,0.09090909090909091,1.0,1.0,1.0,1.0,1.0,0.5844155844155844,0.05194805194805195,0.05194805194805195,0.05194805194805195,0.38961038961038963,77,5,0.7727,0.8961,0.1364
2805208,1.0,0.1323529411764706,1.0,0.8382352941176471,1.0,0.1323529411764706,0.7205882352941176,0.5882352941176471,0.5882352941176471,0.5882352941176471,0.5882352941176471,0.0,68,5,0.7426,0.6103,0.4412
2805307,1.0,0.0,1.0,1.0,1.0,0.0,1.0,0.2,0.5545454545454546,0.6636363636363637,0.10909090909090909,0.0,110,7,0.75,0.55,0.3318
2805406,1.0,0.6956521739130435,1.0,0.7043478260869566,0.8173913043478261,0.05434782608695652,0.8369565217391305,0.4891304347826087,0.11956521739130435,0.11956521739130435,0.0,0.05434782608695652,460,18,0.85,0.5495,0.0734
2805505,1.0,0.6758241758241759,1.0,0.945054945054945,1.0,0.967032967032967,0.9615384615384616,0.10989010989010989,0.04945054945054945,0.04945054945054945,0.0,0.0,182,10,0.9052,0.7596,0.0247
2805604,1.0,0.8271954674220963,1.0,0.9886685552407932,1.0,0.3937677053824363,0.9660056657223796,0.4192634560906516,0.1048158640226629,0.20679886685552407,0.20113314447592068,0.22662889518413598,353,20,0.954,0.6948,0.1848
2805703,0.9868421052631579,1.0,1.0,1.0,1.0,0.16666666666666666,1.0,0.8464912280701754,0.2850877192982456,0.43859649122807015,0.15350877192982457,0.9780701754385965,228,10,0.9967,0.7533,0.4638
2805802,1.0,0.004201680672268907,1.0,0.9873949579831933,0.8235294117647058,0.7184873949579832,0.6092436974789915,0.20168067226890757,0.1134453781512605,0.13865546218487396,0.13865546218487396,0.1134453781512605,238,24,0.7479,0.5882,0.1261
2805901,1.0,0.9473684210526315,1.0,1.0,1.0,0.15789473684210525,1.0,0.0,0.0,0.0,0.0,0.0,114,5,0.9868,0.5395,0.0
2806008,1.0,0.8972602739726028,1.0,0.9246575342465754,1.0,0.8972602739726028,1.0,0.0,0.4794520547945205,0.5958904109589042,0.3082191780821918,0.0,146,8,0.9555,0.7243,0.3459
2806107,1.0,0.7876106194690266,1.0,1.0,1.0,1.0,1.0,1.0,0.8495575221238938,0.8495575221238938,0.10619469026548672,0.7433628318584071,113,4,0.9469,1.0,0.6372
2806206,1.0,0.0,1.0,0.7729257641921398,0.7729257641921398,0.32751091703056767,0.5720524017467249,0.09170305676855896,0.0611353711790393,0.388646288209607,0.32751091703056767,0.0,229,17,0.6932,0.441,0.1943
2806305,0.9259259259259259,0.0,1.0,0.9947089947089947,1.0,0.6349206349206349,0.8941798941798942,0.582010582010582,0.0,0.1693121693121693,0.1693121693121693,0.0,189,14,0.7302,0.7778,0.0847
2806404,1.0,0.0,1.0,1.0,1.0,0.0,1.0,0.0,0.0,0.0,0.0,0.0,96,3,0.75,0.5,0.0
2806503,1.0,0.0,1.0,1.0,1.0,1.0,1.0,1.0,0.0,0.0,0.0,0.7735849056603774,53,3,0.75,1.0,0.1934
2806602,1.0,0.45121951219512196,1.0,1.0,1.0,0.036585365853658534,0.9634146341463414,0.4146341463414634,0.2926829268292683,0.7073170731707317,0.7073170731707317,0.0,164,5,0.8628,0.6037,0.4268
2806701,1.0,0.5701149425287356,1.0,1.0,1.0,0.9586206896551724,1.0,0.06436781609195402,0.09885057471264368,0.12988505747126436,0.03103448275862069,0.05517241379310345,870,23,0.8925,0.7557,0.0787
2806800,1.0,0.0,1.0,1.0,1.0,0.0,0.0,0.0,0.0,0.0,0.0,0.0,121,7,0.75,0.25,0.0
2806909,1.0,0.0,1.0,1.0,1.0,1.0,1.0,1.0,0.0,0.0,0.0,0.0,42,3,0.75,1.0,0.0
2807006,1.0,1.0,1.0,1.0,1.0,0.0,1.0,1.0,0.0,1.0,1.0,0.0,44,1,1.0,0.75,0.5
2807105,1.0,0.534446764091858,1.0,0.9123173277661796,1.0,0.9749478079331941,0.6492693110647182,0.37160751565762007,0.24843423799582465,0.24843423799582465,0.1022964509394572,0.37160751565762007,479,24,0.8617,0.749,0.2427
2807204,1.0,0.7572815533980582,1.0,1.0,1.0,0.7572815533980582,0.7572815533980582,0.6213592233009708,0.6213592233009708,0.6213592233009708,0.6213592233009708,0.0,103,4,0.9393,0.784,0.466
2807303,1.0,1.0,1.0,1.0,1.0,1.0,1.0,1.0,0.0,1.0,1.0,0.0,21,1,1.0,1.0,0.5
2807402,1.0,0.6252220248667851,1.0,1.0,1.0,0.5239786856127886,0.9769094138543517,0.15630550621669628,0.037300177619893425,0.23978685612788633,0.23978685612788633,0.0,563,15,0.9063,0.6643,0.1292
2807501,1.0,0.0,1.0,0.9393939393939394,0.6787878787878788,0.0,0.4909090909090909,0.43636363636363634,0.0,0.0,0.0,0.0,165,7,0.7348,0.4015,0.0
2807600,1.0,0.0,1.0,1.0,1.0,0.6239669421487604,1.0,0.7644628099173554,0.3347107438016529,0.43388429752066116,0.09917355371900827,0.5330578512396694,242,15,0.75,0.8471,0.3502
2900108,1.0,1.0,1.0,1.0,1.0,0.4772727272727273,1.0,0.625,0.375,0.375,0.17045454545454544,0.0,88,4,1.0,0.7756,0.2301
2900207,1.0,0.6455223880597015,0.9850746268656716,0.9291044776119403,0.9514925373134329,0.0,0.917910447761194,0.34701492537313433,0.041044776119402986,0.041044776119402986,0.041044776119402986,0.2537313432835821,268,18,0.8899,0.5541,0.0942
2900306,0.6418918918918919,0.0,1.0,1.0,1.0,0.0,0.8918918918918919,0.8581081081081081,0.0,0.0,0.0,0.0,148,7,0.6605,0.6875,0.0
2900355,1.0,0.7277777777777777,1.0,1.0,1.0,0.15555555555555556,1.0,0.0,0.2777777777777778,0.8722222222222222,0.6833333333333333,0.06666666666666667,180,7,0.9319,0.5389,0.475
2900405,0.7673267326732673,0.09405940594059406,1.0,0.905940594059406,0.9504950495049505,0.5297029702970297,0.594059405940594,0.504950495049505,0.19801980198019803,0.19801980198019803,0.0,0.07920792079207921,202,16,0.6918,0.6448,0.1188
2900504,1.0,0.0,1.0,0.6285714285714286,0.8952380952380953,0.7142857142857143,1.0,0.9714285714285714,0.0761904761904762,0.42857142857142855,0.3523809523809524,0.7619047619047619,105,16,0.6571,0.8952,0.4048
2900603,1.0,1.0,1.0,1.0,1.0,1.0,1.0,0.0,0.0,0.2,0.2,1.0,60,2,1.0,0.75,0.35
2900702,0.785921625544267,0.2997097242380261,1.0,0.9963715529753265,0.9963715529753265,0.3969521044992743,0.9724238026124818,0.4869375907111756,0.010159651669085631,0.22641509433962265,0.2227866473149492,0.3751814223512337,1378,54,0.7705,0.7132,0.2086
2900801,0.9637305699481865,0.4274611398963731,1.0,0.8937823834196891,0.9896373056994818,0.10880829015544041,0.9119170984455959,0.09067357512953368,0.10362694300518134,0.2772020725388601,0.24611398963730569,0.054404145077720206,386,28,0.8212,0.5253,0.1703
2900900,1.0,1.0,1.0,1.0,1.0,0.0,1.0,0.391304347826087,0.0,0.0,0.0,0.0,69,2,1.0,0.5978,0.0
2901007,1.0,0.24355300859598855,1.0,0.9455587392550143,0.9799426934097422,0.25501432664756446,0.9484240687679083,0.24641833810888253,0.4899713467048711,0.5272206303724928,0.03724928366762178,0.46131805157593125,349,23,0.7973,0.6074,0.3789
2901106,1.0,0.0,1.0,1.0,1.0,0.4977578475336323,1.0,0.31390134529147984,0.2914798206278027,0.38565022421524664,0.09417040358744394,0.2914798206278027,223,13,0.75,0.7029,0.2657
2901155,1.0,0.0,1.0,0.9784172661870504,0.8237410071942446,0.18705035971223022,1.0,0.9640287769784173,0.5467625899280576,0.6007194244604317,0.08992805755395683,0.20863309352517986,278,10,0.7446,0.7437,0.3615
2901205,1.0,0.58203125,1.0,0.51953125,1.0,0.703125,0.84765625,0.1875,0.109375,0.625,0.625,0.0,256,28,0.7754,0.6846,0.3398
2901304,1.0,0.3780487804878049,1.0,0.8597560975609756,1.0,1.0,1.0,1.0,0.7560975609756098,0.8963414634146342,0.6463414634146342,1.0,164,7,0.8095,1.0,0.8247
2901353,1.0,0.6797385620915033,1.0,0.9673202614379085,0.9738562091503268,0.8888888888888888,0.9738562091503268,0.6928104575163399,0.24836601307189543,0.24836601307189543,0.0,0.45751633986928103,153,9,0.9118,0.8824,0.2386
2901403,0.9633507853403142,0.0,1.0,0.8272251308900523,1.0,0.010471204188481676,0.9057591623036649,0.08376963350785341,0.0,0.44502617801047123,0.44502617801047123,0.0,191,13,0.6976,0.5,0.2225
2901502,1.0,0.8273381294964028,1.0,0.841726618705036,0.8920863309352518,0.0,0.920863309352518,0.1223021582733813,0.0,0.7194244604316546,0.7194244604316546,0.7194244604316546,139,9,0.9173,0.4838,0.5396
2901601,1.0,0.8384615384615385,1.0,1.0,1.0,0.11538461538461539,0.8615384615384616,0.16153846153846155,0.46153846153846156,0.46153846153846156,0.0,0.0,130,8,0.9596,0.5346,0.2308
2901700,1.0,0.174496644295302,1.0,0.785234899328859,0.959731543624161,0.33557046979865773,0.785234899328859,0.03355704697986577,0.0,0.0,0.0,0.0,149,16,0.7399,0.5285,0.0
2901809,1.0,0.31313131313131315,1.0,0.8888888888888888,0.9696969696969697,0.3939393939393939,1.0,0.9797979797979798,0.31313131313131315,0.7777777777777778,0.7777777777777778,0.4444444444444444,99,9,0.8005,0.8359,0.5783
2901908,1.0,0.0,1.0,1.0,1.0,0.09523809523809523,0.5119047619047619,0.4444444444444444,0.19444444444444445,0.19444444444444445,0.0,0.0,252,8,0.75,0.5129,0.0972
2901957,1.0,0.8505747126436781,1.0,0.9425287356321839,0.9425287356321839,0.11494252873563218,0.9655172413793104,0.3103448275862069,0.7586206896551724,0.7586206896551724,0.0,0.8275862068965517,87,7,0.9483,0.5833,0.5862
2902005,0.33125,0.0125,0.9375,0.69375,1.0,0.23125,1.0,0.925,0.075,0.075,0.0,0.0,160,9,0.4938,0.7891,0.0375
2902054,1.0,0.0,1.0,1.0,1.0,0.0,1.0,0.7070063694267515,0.14012738853503184,0.7070063694267515,0.7070063694267515,0.0,157,13,0.75,0.6768,0.3885
2902104,1.0,0.4208754208754209,1.0,0.9713804713804713,1.0,0.6111111111111112,0.9579124579124579,0.2239057239057239,0.10774410774410774,0.2053872053872054,0.17676767676767677,0.20033670033670034,594,37,0.8481,0.6982,0.1726
2902203,1.0,0.38636363636363635,1.0,0.75,0.9772727272727273,0.022727272727272728,0.8484848484848485,0.022727272727272728,0.07575757575757576,0.30303030303030304,0.22727272727272727,0.0,132,8,0.7841,0.4678,0.1515
2902252,1.0,0.09302325581395349,1.0,0.8837209302325582,0.9844961240310077,0.14728682170542637,0.9224806201550387,0.3643410852713178,0.0,0.0,0.0,0.09302325581395349,129,9,0.7442,0.6047,0.0233
2902302,1.0,0.42857142857142855,1.0,0.6530612244897959,1.0,0.0,0.6530612244897959,0.0,0.0,0.0,0.0,0.0,98,4,0.7704,0.4133,0.0
2902401,0.6217948717948718,0.8974358974358975,1.0,0.8974358974358975,0.8974358974358975,0.0,0.9294871794871795,0.28205128205128205,0.0,0.0,0.0,0.0,156,12,0.8542,0.5272,0.0
2902500,1.0,0.0,1.0,0.521978021978022,0.8956043956043956,0.0,0.8296703296703297,0.6978021978021978,0.0,0.17032967032967034,0.17032967032967034,0.24175824175824176,182,10,0.6305,0.6058,0.1456
2902609,1.0,0.5252918287937743,1.0,0.9727626459143969,1.0,0.21011673151750973,1.0,0.16731517509727625,0.17898832684824903,0.2178988326848249,0.038910505836575876,0.11284046692607004,257,16,0.8745,0.5944,0.1372
2902658,0.6858638743455497,0.24607329842931938,1.0,1.0,0.9947643979057592,0.8429319371727748,0.8952879581151832,0.8534031413612565,0.005235602094240838,0.2879581151832461,0.28272251308900526,0.5759162303664922,191,10,0.733,0.8966,0.288
2902708,1.0,0.39595050618672667,0.9797525309336333,0.5883014623172104,0.9426321709786277,0.05511811023622047,0.876265466816648,0.735658042744657,0.11811023622047244,0.11811023622047244,0.00562429696287964,0.030371203599550055,889,52,0.741,0.6524,0.0681
2902807,0.8957654723127035,0.6416938110749185,0.9837133550488599,0.8631921824104235,0.9315960912052117,0.7361563517915309,0.9413680781758957,0.762214983713355,0.4006514657980456,0.4006514657980456,0.2996742671009772,0.06840390879478828,307,20,0.8461,0.8428,0.2923
2902906,0.9347079037800687,0.281786941580756,1.0,0.9896907216494846,0.9948453608247423,0.061855670103092786,0.7955326460481099,0.19759450171821305,0.024054982817869417,0.761168384879725,0.761168384879725,0.0,582,26,0.8015,0.5125,0.3866
2903003,0.8268156424581006,0.0,1.0,0.6815642458100558,1.0,0.6368715083798883,1.0,0.5865921787709497,0.0,0.0,0.0,0.2905027932960894,179,12,0.6271,0.8059,0.0726
2903102,1.0,1.0,1.0,1.0,1.0,0.0,1.0,0.0,0.0,0.0,0.0,0.0,60,1,1.0,0.5,0.0
2903201,1.0,0.8571428571428571,1.0,0.8984310487200661,0.9644921552436003,0.06812551610239471,0.9620148637489678,0.1676300578034682,0.019405450041288193,0.28447563996696945,0.26507018992568127,0.13005780346820808,2422,49,0.9389,0.5406,0.1748
2903235,0.8023255813953488,0.0,1.0,0.7034883720930233,0.9767441860465116,0.36046511627906974,0.9244186046511628,0.38372093023255816,0.6627906976744186,0.6627906976744186,0.0,0.27325581395348836,172,13,0.6265,0.6613,0.3997
2903276,1.0,0.32275132275132273,1.0,0.9047619047619048,0.873015873015873,0.09523809523809523,0.5978835978835979,0.5978835978835979,0.3386243386243386,0.3386243386243386,0.015873015873015872,0.19576719576719576,189,14,0.8069,0.541,0.2222
2903300,1.0,0.7625,1.0,0.9625,1.0,0.0,1.0,0.0,0.2,0.7625,0.7625,0.0,80,4,0.9312,0.5,0.4312
2903409,0.875,0.668918918918919,1.0,0.902027027027027,0.8918918918918919,0.02702702702702703,0.8581081081081081,0.34797297297297297,0.0,0.12837837837837837,0.12837837837837837,0.0,296,24,0.8615,0.5312,0.0642
2903508,1.0,0.0,1.0,0.5576923076923077,1.0,0.35384615384615387,1.0,0.38076923076923075,0.0,0.26153846153846155,0.26153846153846155,0.0,260,26,0.6394,0.6837,0.1308
2903607,1.0,0.3298429319371728,1.0,0.42408376963350786,0.9790575916230366,0.8952879581151832,0.5863874345549738,0.0,0.0,0.5078534031413613,0.5078534031413613,0.0,191,18,0.6885,0.6152,0.2539
2903706,1.0,0.6984924623115578,1.0,0.8442211055276382,0.9899497487437185,0.3065326633165829,0.8291457286432161,0.592964824120603,0.5879396984924623,0.5879396984924623,0.3065326633165829,0.3869346733668342,199,19,0.8857,0.6796,0.4673
2903805,1.0,0.1935483870967742,1.0,0.8571428571428571,0.8755760368663594,0.5391705069124424,0.9032258064516129,0.7557603686635944,0.391705069124424,0.6082949308755761,0.271889400921659,0.7465437788018433,217,21,0.7627,0.7684,0.5046
2903904,0.8412698412698413,0.7185185185185186,0.9767195767195768,0.7851851851851852,1.0,0.19576719576719576,0.9386243386243386,0.8518518518518519,0.2687830687830688,0.8328042328042328,0.6497354497354497,0.025396825396825397,945,40,0.8304,0.7466,0.4442
2903953,1.0,0.0,1.0,0.6826923076923077,1.0,0.125,0.9326923076923077,0.15384615384615385,0.0,0.0,0.0,0.028846153846153848,104,6,0.6707,0.5529,0.0072
2904001,1.0,0.0,1.0,0.63,0.86,0.095,0.855,0.79,0.57,0.6,0.03,0.485,200,16,0.6575,0.65,0.4212
2904050,1.0,0.0,1.0,1.0,1.0,0.8977777777777778,1.0,0.8088888888888889,0.8444444444444444,0.8444444444444444,0.0,0.044444444444444446,225,10,0.75,0.9267,0.4333
2904100,1.0,0.0,1.0,0.6777777777777778,0.9666666666666667,0.34444444444444444,0.8555555555555555,0.7962962962962963,0.05185185185185185,0.17407407407407408,0.12222222222222222,0.0,270,21,0.6694,0.7407,0.087
2904209,1.0,0.5354330708661418,1.0,0.6929133858267716,0.8503937007874016,0.05511811023622047,0.8503937007874016,0.08661417322834646,0.5354330708661418,0.5354330708661418,0.0,0.031496062992125984,127,18,0.8071,0.4606,0.2756
2904308,1.0,0.5568181818181818,1.0,1.0,1.0,0.0,1.0,0.0,0.0,0.0,0.0,0.0,176,3,0.8892,0.5,0.0
2904407,1.0,0.0,1.0,0.6944444444444444,0.8611111111111112,0.0,0.9444444444444444,0.0,0.46296296296296297,0.46296296296296297,0.0,0.0,108,8,0.6736,0.4514,0.2315
2904506,1.0,0.49122807017543857,1.0,0.6608187134502924,0.935672514619883,0.03508771929824561,0.8070175438596491,0.6783625730994152,0.11695906432748537,0.11695906432748537,0.0,0.011695906432748537,171,25,0.788,0.614,0.0614
2904605,0.9671916010498688,0.8254593175853019,1.0,1.0,1.0,0.2821522309711286,1.0,0.8871391076115486,0.4816272965879265,0.6220472440944882,0.2230971128608924,0.1732283464566929,762,18,0.9482,0.7923,0.375
2904704,0.0,0.8047337278106509,1.0,0.9349112426035503,0.9467455621301775,0.11242603550295859,0.6804733727810651,0.6331360946745562,0.1301775147928994,0.20710059171597633,0.11834319526627218,0.35502958579881655,169,15,0.6849,0.5932,0.2027
2904753,1.0,0.0,1.0,0.5163398692810458,1.0,0.6470588235294118,0.5915032679738562,0.0,0.24836601307189543,0.24836601307189543,0.042483660130718956,0.0,306,13,0.6291,0.5596,0.1348
2904803,1.0,0.8533333333333334,1.0,0.8533333333333334,0.96,0.08,0.8533333333333334,0.8533333333333334,0.0,0.0,0.0,0.8533333333333334,75,6,0.9267,0.6867,0.2133
2904852,1.0,0.3870967741935484,1.0,0.7419354838709677,1.0,0.0,1.0,0.4423963133640553,0.0,0.3225806451612903,0.3225806451612903,0.0,217,17,0.7823,0.6106,0.1613
2904902,0.9584569732937686,0.8100890207715133,1.0,0.9287833827893175,0.6201780415430267,0.24925816023738873,0.9910979228486647,0.5370919881305638,0.142433234421365,0.18991097922848665,0.04747774480712166,0.0,337,19,0.9243,0.5994,0.095
2905008,0.8492307692307692,0.7753846153846153,0.7507692307692307,0.8830769230769231,1.0,0.6307692307692307,1.0,1.0,0.48923076923076925,0.48923076923076925,0.17846153846153845,0.7015384615384616,325,11,0.8146,0.9077,0.4646
2905107,0.648936170212766,0.5531914893617021,1.0,0.8829787234042553,1.0,0.24468085106382978,1.0,0.9893617021276596,0.2765957446808511,0.2765957446808511,0.0,0.18085106382978725,94,8,0.7713,0.8085,0.1835
2905156,0.9580838323353293,0.0,1.0,0.4251497005988024,0.9520958083832335,0.4431137724550898,0.5149700598802395,0.5029940119760479,0.0,0.3532934131736527,0.3532934131736527,0.04790419161676647,167,33,0.5958,0.6033,0.1886
2905206,0.9351535836177475,0.5170648464163823,0.9385665529010239,0.9232081911262798,1.0,0.5665529010238908,1.0,0.9931740614334471,0.5767918088737202,0.7167235494880546,0.3651877133105802,0.2440273037542662,586,23,0.8285,0.8899,0.4757
2905305,0.496,0.152,0.848,0.928,1.0,0.616,0.984,0.904,0.056,0.504,0.448,0.0,250,11,0.606,0.876,0.252
2905404,0.8654353562005277,0.5804749340369393,1.0,1.0,1.0,0.0,1.0,0.17678100263852242,0.42480211081794195,0.43271767810026385,0.0079155672823219,0.24802110817941952,379,12,0.8615,0.5442,0.2784
2905503,1.0,0.8218390804597702,1.0,0.9137931034482759,1.0,0.0,1.0,0.19540229885057472,0.08045977011494253,0.08045977011494253,0.0,0.0,174,9,0.9339,0.5489,0.0402
2905602,0.9840255591054313,0.9329073482428115,1.0,0.8562300319488818,1.0,0.3450479233226837,0.8977635782747604,0.6421725239616614,0.0,0.07987220447284345,0.07987220447284345,0.051118210862619806,313,18,0.9433,0.7212,0.0527
2905701,0.48848848848848847,0.6780113446780114,1.0,0.996996996996997,0.9953286619953287,0.629295962629296,1.0,0.6996996996996997,0.696363029696363,0.8835502168835502,0.29863196529863195,0.7073740407073741,2997,61,0.7909,0.8311,0.6465
2905800,0.8673469387755102,0.5040816326530613,1.0,0.8040816326530612,1.0,0.3489795918367347,1.0,0.6163265306122448,0.0,0.03877551020408163,0.03877551020408163,0.0,490,51,0.7939,0.7413,0.0194
2905909,0.8836206896551724,0.036637931034482756,0.9762931034482759,0.27155172413793105,0.709051724137931,0.43103448275862066,0.34051724137931033,0.0603448275862069,0.0603448275862069,0.0603448275862069,0.0,0.0,464,63,0.542,0.3852,0.0302
2906006,0.9798728813559322,0.3358050847457627,1.0,0.8527542372881356,0.9120762711864406,0.18114406779661016,0.788135593220339,0.5815677966101694,0.06567796610169492,0.15254237288135594,0.10699152542372882,0.0625,944,73,0.7921,0.6157,0.0969
2906105,1.0,0.6470588235294118,1.0,0.7132352941176471,0.8602941176470589,0.0,0.9338235294117647,0.14705882352941177,0.0,0.0,0.0,0.0,136,13,0.8401,0.4853,0.0
2906204,0.7465940054495913,0.5994550408719346,1.0,0.9536784741144414,1.0,0.8147138964577657,1.0,0.5204359673024523,0.2125340599455041,0.26430517711171664,0.22070844686648503,0.35149863760217986,367,10,0.8249,0.8338,0.2623
2906303,0.8648018648018648,0.7272727272727273,1.0,0.9300699300699301,0.9230769230769231,0.3916083916083916,0.9743589743589743,0.8508158508158508,0.14918414918414918,0.14918414918414918,0.0,0.47785547785547783,429,29,0.8805,0.785,0.1941
2906402,0.43333333333333335,0.08888888888888889,1.0,0.9111111111111111,1.0,0.0,1.0,0.43333333333333335,0.0,0.0,0.0,0.0,90,5,0.6083,0.6083,0.0
2906501,0.975669099756691,0.8576642335766423,1.0,0.9878345498783455,0.9732360097323601,0.170316301703163,0.902676399026764,0.11435523114355231,0.17153284671532848,0.35766423357664234,0.2615571776155718,0.03527980535279805,822,35,0.9553,0.5401,0.2065
2906600,1.0,0.0,1.0,0.9527027027027027,1.0,0.0,0.9527027027027027,0.7837837837837838,0.0,0.21621621621621623,0.21621621621621623,0.0,148,5,0.7382,0.6841,0.1081
2906709,0.9358974358974359,0.391025641025641,1.0,0.842948717948718,1.0,0.2980769230769231,0.8461538461538461,0.22435897435897437,0.03205128205128205,0.03205128205128205,0.03205128205128205,0.0,312,33,0.7925,0.5921,0.024
2906808,0.9753914988814317,0.4988814317673378,1.0,0.8478747203579419,1.0,0.7181208053691275,0.9507829977628636,0.7472035794183445,0.41387024608501116,0.6286353467561522,0.4407158836689038,0.4854586129753915,447,25,0.8305,0.854,0.4922
2906824,1.0,0.0,1.0,0.91,1.0,0.175,1.0,0.13,0.42,0.955,0.625,0.13,200,6,0.7275,0.5762,0.5325
2906857,1.0,0.6634615384615384,1.0,1.0,1.0,0.0,1.0,0.0,0.0,0.6634615384615384,0.6634615384615384,0.0,104,4,0.9159,0.5,0.3317
2906873,0.9690140845070423,0.12394366197183099,1.0,0.8760563380281691,1.0,1.0,0.9633802816901409,0.8676056338028169,0.27605633802816903,0.36056338028169016,0.27605633802816903,0.43380281690140843,355,20,0.7423,0.9577,0.3366
2906899,1.0,0.0,1.0,1.0,1.0,0.868421052631579,1.0,0.2807017543859649,0.41228070175438597,0.41228070175438597,0.0,0.0,114,4,0.75,0.7873,0.2061
2906907,0.9927536231884058,0.2753623188405797,0.8188405797101449,0.9637681159420289,0.9637681159420289,0.09782608695652174,0.9637681159420289,0.44565217391304346,0.0,0.2898550724637681,0.2898550724637681,0.0,276,12,0.7627,0.6178,0.1449
2907004,0.8561151079136691,0.9136690647482014,1.0,1.0,1.0,0.08633093525179857,1.0,1.0,0.5971223021582733,1.0,0.4892086330935252,0.5971223021582733,139,5,0.9424,0.7716,0.6709
2907103,0.984251968503937,0.4199475065616798,1.0,0.9606299212598425,1.0,0.5774278215223098,0.9002624671916011,0.5459317585301837,0.18110236220472442,0.18110236220472442,0.015748031496062992,0.2125984251968504,381,19,0.8412,0.7559,0.1476
2907202,1.0,0.5859613428280773,0.9003051881993896,0.6520854526958291,0.6113936927772126,0.24211597151576805,0.698880976602238,0.698880976602238,0.013224821973550356,0.013224821973550356,0.0,0.2736520854526958,983,79,0.7846,0.5628,0.075
2907301,1.0,0.6895306859205776,1.0,0.8050541516245487,1.0,0.36101083032490977,1.0,0.07581227436823104,0.036101083032490974,0.07220216606498195,0.07220216606498195,0.0,277,12,0.8736,0.6092,0.0451
2907400,1.0,0.0,1.0,0.49206349206349204,1.0,0.5079365079365079,1.0,0.3968253968253968,0.0,0.6031746031746031,0.6031746031746031,0.0,63,6,0.623,0.7262,0.3016
2907509,1.0,0.30179028132992325,1.0,0.9335038363171355,1.0,0.09207161125319693,1.0,0.09207161125319693,0.17391304347826086,0.35805626598465473,0.21994884910485935,0.0639386189258312,391,20,0.8088,0.546,0.204
2907558,0.801980198019802,0.5346534653465347,1.0,0.7029702970297029,0.9801980198019802,0.26732673267326734,0.7326732673267327,0.0891089108910891,0.4752475247524752,0.4752475247524752,0.0,0.4752475247524752,101,13,0.7599,0.5173,0.3564
2907608,1.0,0.0,1.0,1.0,0.9673202614379085,0.3137254901960784,1.0,0.3137254901960784,0.0,0.477124183006536,0.477124183006536,0.0,153,9,0.75,0.6487,0.2386
2907707,1.0,0.30538922155688625,0.9940119760479041,0.718562874251497,1.0,0.48502994011976047,0.9580838323353293,0.0,0.7784431137724551,0.7784431137724551,0.0,0.0,167,14,0.7545,0.6108,0.3892
2907806,1.0,0.9752066115702479,1.0,1.0,1.0,0.0,1.0,0.09917355371900827,0.6198347107438017,0.6198347107438017,0.6198347107438017,0.004132231404958678,242,10,0.9938,0.5248,0.4659
2907905,1.0,0.0,1.0,0.7230046948356808,0.8826291079812206,0.0,0.8967136150234741,0.22535211267605634,0.22535211267605634,0.22535211267605634,0.22535211267605634,0.22535211267605634,213,6,0.6808,0.5012,0.2254
2908002,1.0,0.9296482412060302,1.0,0.9346733668341709,1.0,0.0,0.9748743718592965,0.0,0.10050251256281408,0.5175879396984925,0.5175879396984925,0.0,199,15,0.9661,0.4937,0.2839
2908101,1.0,0.0,0.961864406779661,0.75,0.9322033898305084,0.03389830508474576,0.3177966101694915,0.6949152542372882,0.1440677966101695,0.1440677966101695,0.08898305084745763,0.0,236,12,0.678,0.4947,0.0943
2908200,1.0,0.0,1.0,1.0,1.0,0.7554585152838428,0.9388646288209607,0.07860262008733625,0.08733624454148471,0.2576419213973799,0.1703056768558952,0.3318777292576419,229,9,0.75,0.6932,0.2118
2908309,0.8601398601398601,0.15384615384615385,1.0,0.7552447552447552,0.6013986013986014,0.0,0.7902097902097902,0.4965034965034965,0.0,0.0,0.0,0.0,143,10,0.6923,0.472,0.0
2908408,1.0,0.2492836676217765,1.0,0.9813753581661891,1.0,0.46131805157593125,1.0,0.1489971346704871,0.28796561604584525,0.5773638968481375,0.3667621776504298,0.1489971346704871,698,36,0.8077,0.6526,0.3453
2908507,1.0,0.0975609756097561,1.0,0.983739837398374,1.0,0.31978319783197834,1.0,0.4010840108401084,0.26287262872628725,0.34417344173441733,0.15718157181571815,0.26287262872628725,369,14,0.7703,0.6802,0.2568
2908606,0.9629629629629629,0.6296296296296297,1.0,0.7469135802469136,0.8209876543209876,0.0,0.7283950617283951,0.21296296296296297,0.027777777777777776,0.18518518518518517,0.1574074074074074,0.04938271604938271,324,17,0.8349,0.4406,0.1049
2908705,1.0,0.0,1.0,0.7432432432432432,0.9864864864864865,0.22072072072072071,0.8648648648648649,0.05405405405405406,0.6126126126126126,0.6486486486486487,0.036036036036036036,0.0,222,16,0.6858,0.5315,0.3243
2908804,1.0,0.0,1.0,0.7222222222222222,0.9629629629629629,0.0,0.0,0.0,0.1111111111111111,0.1111111111111111,0.0,0.0,54,6,0.6806,0.2407,0.0556
2908903,1.0,0.044897959183673466,1.0,0.8081632653061225,1.0,0.35918367346938773,0.8612244897959184,0.16326530612244897,0.6244897959183674,0.6244897959183674,0.0,0.4122448979591837,245,16,0.7133,0.5959,0.4153
2909000,1.0,0.0,1.0,0.7555555555555555,1.0,0.32222222222222224,1.0,0.17777777777777778,0.32222222222222224,0.32222222222222224,0.32222222222222224,0.0,90,4,0.6889,0.625,0.2417
2909109,1.0,0.0,1.0,0.9,0.9777777777777777,0.07777777777777778,0.9333333333333333,0.5333333333333333,0.16666666666666666,0.4166666666666667,0.25,0.0,180,10,0.725,0.6306,0.2083
2909208,1.0,0.6493506493506493,0.9696969696969697,0.6883116883116883,0.9047619047619048,0.1471861471861472,0.7142857142857143,0.7229437229437229,0.017316017316017316,0.030303030303030304,0.012987012987012988,0.47619047619047616,231,43,0.8268,0.6223,0.1342
2909307,0.9423076923076923,0.12606837606837606,0.9978632478632479,0.8653846153846154,0.9764957264957265,0.5384615384615384,0.9252136752136753,0.5918803418803419,0.7414529914529915,0.7414529914529915,0.40384615384615385,0.46153846153846156,468,26,0.7329,0.758,0.5871
2909406,0.9722222222222222,0.0,0.9722222222222222,0.7777777777777778,0.8888888888888888,0.5111111111111111,0.8722222222222222,0.6333333333333333,0.19444444444444445,0.2222222222222222,0.027777777777777776,0.65,180,15,0.6806,0.7264,0.2736
2909505,1.0,0.7,1.0,0.74,1.0,0.14,1.0,0.18,0.0,0.0,0.0,0.0,50,7,0.86,0.58,0.0
2909604,1.0,0.0,1.0,0.7641196013289037,0.973421926910299,0.0,0.9069767441860465,0.0,0.19269102990033224,0.42524916943521596,0.3122923588039867,0.0,301,20,0.691,0.4701,0.2326
2909703,0.9728260869565217,0.0,1.0,0.7608695652173914,1.0,0.5217391304347826,0.9782608695652174,0.5,0.059782608695652176,0.059782608695652176,0.0,0.44565217391304346,184,12,0.6834,0.75,0.1413
2909802,0.963258785942492,0.40894568690095845,1.0,0.9840255591054313,1.0,0.01437699680511182,0.9824281150159745,0.0,0.0,0.039936102236421724,0.039936102236421724,0.0,626,24,0.8391,0.4992,0.02
2909901,0.9636363636363636,0.5900826446280992,1.0,0.7785123966942149,0.9851239669421488,0.11570247933884298,0.9586776859504132,0.4826446280991736,0.35206611570247937,0.38016528925619836,0.17355371900826447,0.16198347107438016,605,27,0.8331,0.6355,0.2669
2910008,1.0,0.8837209302325582,1.0,0.9302325581395349,0.9767441860465116,0.0,0.9689922480620154,0.6666666666666666,0.0,0.3023255813953488,0.3023255813953488,0.23255813953488372,129,8,0.9535,0.6531,0.2093
2910057,0.9912609238451935,0.8102372034956304,1.0,1.0,1.0,0.12609238451935081,0.9775280898876404,0.2421972534332085,0.4706616729088639,0.5181023720349563,0.18102372034956304,0.05742821473158552,801,19,0.9504,0.5865,0.3068
2910107,0.8431372549019608,0.6274509803921569,1.0,0.9934640522875817,0.9934640522875817,0.8366013071895425,0.9934640522875817,0.9934640522875817,0.9934640522875817,0.9934640522875817,0.0,0.0,153,4,0.866,0.9542,0.4967
2910206,1.0,0.0,1.0,0.8571428571428571,1.0,0.7619047619047619,1.0,1.0,0.6666666666666666,0.6666666666666666,0.0,0.6666666666666666,63,4,0.7143,0.9405,0.5
2910305,1.0,0.0,1.0,0.589041095890411,1.0,0.0,0.9726027397260274,0.7671232876712328,0.0,0.0,0.0,0.589041095890411,73,5,0.6473,0.6849,0.1473
2910404,1.0,0.7392996108949417,0.9844357976653697,0.8832684824902723,0.9299610894941635,0.0,0.9221789883268483,0.19455252918287938,0.17120622568093385,0.17120622568093385,0.0,0.0622568093385214,257,24,0.9018,0.5117,0.1012
2910503,1.0,0.6239316239316239,1.0,1.0,1.0,0.5384615384615384,0.9430199430199431,0.5384615384615384,0.49002849002849,0.5754985754985755,0.19943019943019943,0.1452991452991453,351,13,0.906,0.755,0.3526
2910602,1.0,0.0,1.0,0.9846153846153847,1.0,0.12564102564102564,0.9179487179487179,0.10256410256410256,0.038461538461538464,0.038461538461538464,0.0,0.0,390,16,0.7462,0.5365,0.0192
2910701,1.0,0.22522522522522523,1.0,0.8093093093093093,1.0,0.16066066066066065,0.8123123123123123,0.23873873873873874,0.3948948948948949,0.43093093093093093,0.08108108108108109,0.042042042042042045,666,30,0.7586,0.5529,0.2372
2910727,1.0,0.567238912732475,1.0,1.0,1.0,0.8154506437768241,0.9427753934191703,0.24034334763948498,0.15021459227467812,0.17882689556509299,0.02861230329041488,0.02861230329041488,1398,24,0.8918,0.7496,0.0966
2910750,1.0,0.48255813953488375,1.0,1.0,1.0,0.36627906976744184,1.0,0.3313953488372093,0.7441860465116279,0.877906976744186,0.5465116279069767,0.0,172,8,0.8706,0.6744,0.5422
2910776,1.0,0.0,1.0,0.9324324324324325,1.0,0.06756756756756757,1.0,0.0,0.0,0.0,0.0,0.0,74,3,0.7331,0.5169,0.0
2910800,0.9897735573411249,0.577063550036523,1.0,0.9835646457268079,1.0,0.7112856099342586,0.9970781592403214,0.5237399561723886,0.5675675675675675,0.6691015339663988,0.23867786705624544,0.17184075967859752,5476,132,0.8876,0.808,0.4118
2910859,1.0,0.28125,1.0,0.9955357142857143,1.0,0.8883928571428571,1.0,0.9598214285714286,0.0,0.6383928571428571,0.6383928571428571,0.9107142857142857,224,13,0.8192,0.9621,0.5469
2910909,1.0,1.0,1.0,1.0,1.0,0.0,0.8974358974358975,0.0,0.08974358974358974,0.08974358974358974,0.0,0.0,78,4,1.0,0.4744,0.0449
2911006,1.0,1.0,1.0,1.0,1.0,0.0,1.0,0.0,0.0,0.0,0.0,0.0,79,2,1.0,0.5,0.0
2911105,1.0,0.0,0.9628647214854111,0.8116710875331565,0.8673740053050398,0.3740053050397878,0.8541114058355438,0.40583554376657827,0.0,0.13262599469496023,0.13262599469496023,0.27851458885941643,377,33,0.6936,0.6253,0.1359
2911204,1.0,0.7479224376731302,1.0,0.8337950138504155,0.9861495844875346,0.3878116343490305,0.7340720221606648,0.3628808864265928,0.0,0.0,0.0,0.06371191135734072,361,25,0.8954,0.6177,0.0159
2911253,1.0,0.0,1.0,1.0,1.0,1.0,1.0,0.8461538461538461,0.0,0.9230769230769231,0.9230769230769231,0.8461538461538461,39,3,0.75,0.9615,0.6731
2911303,0.9877300613496932,0.0,1.0,0.7300613496932515,0.7914110429447853,0.12269938650306748,0.8404907975460123,0.1656441717791411,0.15950920245398773,0.6257668711656442,0.4662576687116564,0.0,163,28,0.6794,0.4801,0.3129
2911402,0.8207171314741036,0.23904382470119523,1.0,0.8844621513944223,0.6294820717131474,0.0,0.9681274900398407,0.30278884462151395,0.0398406374501992,0.0398406374501992,0.0,0.0,251,17,0.7361,0.4751,0.0199
2911501,0.6261682242990654,0.7663551401869159,1.0,0.9719626168224299,1.0,0.14018691588785046,0.9719626168224299,0.0,0.0,0.0,0.0,0.0,107,5,0.8411,0.528,0.0
2911600,1.0,0.0,1.0,0.9453781512605042,1.0,0.4495798319327731,0.8949579831932774,0.6974789915966386,0.0,0.36554621848739494,0.36554621848739494,0.2857142857142857,238,20,0.7363,0.7605,0.2542
2911659,0.9166666666666666,0.0,1.0,0.7738095238095238,1.0,0.8571428571428571,1.0,0.08333333333333333,0.9166666666666666,1.0,0.08333333333333333,0.0,84,3,0.6726,0.7351,0.5
2911709,0.8342303552206674,0.8105489773950484,1.0,1.0,1.0,0.4542518837459634,1.0,1.0,0.04628632938643703,0.5102260495156081,0.48331539289558667,0.6027987082884823,929,20,0.9112,0.8636,0.4107
2911808,1.0,0.5267857142857143,0.9910714285714286,0.8794642857142857,0.8794642857142857,0.05357142857142857,0.8794642857142857,0.16517857142857142,0.0,0.0,0.0,0.0,224,15,0.8493,0.4944,0.0
2911857,1.0,0.0,1.0,1.0,1.0,0.18796992481203006,0.9774436090225563,0.0,0.0,0.15037593984962405,0.15037593984962405,0.0,133,7,0.75,0.5414,0.0752
2911907,1.0,0.5267379679144385,1.0,0.8796791443850267,0.9759358288770054,0.8315508021390374,0.9331550802139037,0.25935828877005346,0.38235294117647056,0.5026737967914439,0.24064171122994651,0.053475935828877004,374,29,0.8516,0.75,0.2948
2912004,0.6756756756756757,0.0,1.0,0.9279279279279279,1.0,0.5225225225225225,1.0,0.45045045045045046,0.0,0.8558558558558559,0.8558558558558559,0.0,111,7,0.6509,0.7432,0.4279
2912103,1.0,0.9842931937172775,1.0,1.0,0.8219895287958116,0.07329842931937172,0.9057591623036649,0.5078534031413613,0.14136125654450263,0.193717277486911,0.05235602094240838,0.38219895287958117,191,11,0.9961,0.5772,0.1924
2912202,1.0,0.275,1.0,1.0,1.0,0.371875,1.0,0.790625,0.684375,0.73125,0.046875,0.0,320,7,0.8188,0.7906,0.3656
2912301,0.8609271523178808,0.9536423841059603,1.0,0.9536423841059603,0.9536423841059603,0.9006622516556292,0.9006622516556292,0.1390728476821192,0.0,0.1390728476821192,0.1390728476821192,0.1390728476821192,151,8,0.9421,0.7235,0.1043
2912400,1.0,0.0,1.0,0.9234449760765551,0.9043062200956937,0.8229665071770335,0.9569377990430622,0.9569377990430622,0.2583732057416268,0.7942583732057417,0.5358851674641149,0.7320574162679426,209,14,0.7309,0.9103,0.5801
2912509,0.9661016949152542,0.0,1.0,0.807909604519774,0.96045197740113,0.8531073446327684,0.96045197740113,0.903954802259887,0.07909604519774012,0.4350282485875706,0.3559322033898305,0.751412429378531,177,13,0.6935,0.9195,0.4054
2912608,1.0,0.8909090909090909,1.0,0.8909090909090909,1.0,0.0,0.9090909090909091,0.8909090909090909,0.05454545454545454,0.05454545454545454,0.05454545454545454,0.0,55,4,0.9455,0.7,0.0409
2912707,1.0,0.7816091954022989,1.0,0.8017241379310345,0.9597701149425287,0.5028735632183908,0.7816091954022989,0.32471264367816094,0.20402298850574713,0.6149425287356322,0.4109195402298851,0.11206896551724138,348,27,0.8958,0.6422,0.3355
2912806,1.0,0.7815126050420168,1.0,0.9495798319327731,1.0,0.7815126050420168,1.0,1.0,0.0,0.0,0.0,0.8319327731092437,119,3,0.9328,0.9454,0.208
2912905,0.8277153558052435,0.846441947565543,0.9850187265917603,0.846441947565543,0.8539325842696629,0.48314606741573035,0.8239700374531835,0.4606741573033708,0.0,0.12359550561797752,0.12359550561797752,0.10861423220973783,267,26,0.8764,0.6554,0.089
2913002,0.7555555555555555,0.49444444444444446,0.7388888888888889,0.8555555555555555,0.9222222222222223,0.5833333333333334,0.8166666666666667,0.6333333333333333,0.5833333333333334,0.6722222222222223,0.08888888888888889,0.3388888888888889,180,14,0.7111,0.7389,0.4208
2913101,0.6313131313131313,0.12121212121212122,0.8939393939393939,1.0,0.98989898989899,0.13636363636363635,0.9949494949494949,0.9747474747474747,0.4444444444444444,0.4595959595959596,0.23232323232323232,0.0,198,20,0.6616,0.774,0.2841
2913200,0.9172259507829977,0.8993288590604027,1.0,0.9821029082774049,1.0,0.697986577181208,0.9932885906040269,0.4854586129753915,0.0,0.06935123042505593,0.06935123042505593,0.3691275167785235,447,13,0.9497,0.7942,0.127
2913309,1.0,0.0,1.0,1.0,1.0,1.0,1.0,0.8125,0.375,0.8125,0.4375,0.375,80,3,0.75,0.9531,0.5
2913408,1.0,0.639344262295082,1.0,0.639344262295082,0.9781420765027322,0.0,1.0,0.1366120218579235,0.4918032786885246,0.8469945355191257,0.3551912568306011,0.3551912568306011,183,12,0.8197,0.5287,0.5123
2913457,0.8702702702702703,0.33513513513513515,1.0,0.7081081081081081,0.9135135135135135,0.7945945945945946,0.6108108108108108,0.42702702702702705,0.06486486486486487,0.12972972972972974,0.12972972972972974,0.0,185,32,0.7284,0.6865,0.0811
2913507,1.0,0.8287937743190662,1.0,0.8093385214007782,1.0,0.40077821011673154,0.9182879377431906,0.28793774319066145,0.0,0.0,0.0,0.0,257,19,0.9095,0.6518,0.0
2913606,0.8193336461755044,0.678085405912717,1.0,0.9460347254809949,0.8113561708118254,0.2641952135147818,0.9253871421867668,0.2698263725950258,0.028625058657907085,0.5457531675269827,0.5335523228531206,0.2397935241670577,2131,38,0.8609,0.5677,0.3369
2913705,0.9200863930885529,0.48812095032397407,1.0,0.8142548596112311,0.7710583153347732,0.028077753779697623,0.6328293736501079,0.11447084233261338,0.31317494600431967,0.31317494600431967,0.0,0.0367170626349892,463,33,0.8056,0.3866,0.1658
2913804,1.0,0.21428571428571427,1.0,0.6571428571428571,0.9285714285714286,0.0,0.9285714285714286,0.21428571428571427,0.014285714285714285,0.014285714285714285,0.014285714285714285,0.0,140,13,0.7179,0.5179,0.0107
2913903,0.9679012345679012,0.9234567901234568,1.0,0.9506172839506173,1.0,0.5679012345679012,0.9111111111111111,0.5679012345679012,0.01728395061728395,0.15555555555555556,0.1382716049382716,0.16049382716049382,405,13,0.9605,0.7617,0.1179
2914000,1.0,0.6139240506329114,1.0,0.9620253164556962,0.9810126582278481,0.41139240506329117,0.9256329113924051,0.14873417721518986,0.19778481012658228,0.6012658227848101,0.4889240506329114,0.07120253164556962,632,33,0.894,0.6167,0.3398
2914109,1.0,0.6099290780141844,1.0,0.723404255319149,1.0,0.8226950354609929,0.9858156028368794,0.9858156028368794,0.0,0.2127659574468085,0.2127659574468085,0.8865248226950354,141,23,0.8333,0.9486,0.328
2914208,1.0,0.0,1.0,0.9368421052631579,1.0,0.16842105263157894,1.0,0.6736842105263158,0.07368421052631578,0.07368421052631578,0.07368421052631578,0.6421052631578947,95,9,0.7342,0.7105,0.2158
2914307,1.0,0.0,1.0,0.15789473684210525,1.0,0.5131578947368421,0.9736842105263158,0.1118421052631579,0.03289473684210526,0.03289473684210526,0.0,0.08552631578947369,152,9,0.5395,0.6497,0.0378
2914406,0.9278996865203761,0.04075235109717868,1.0,0.9153605015673981,1.0,0.6896551724137931,0.9090909090909091,0.4827586206896552,0.30094043887147337,0.8463949843260188,0.5454545454545454,0.2225705329153605,319,14,0.721,0.7704,0.4788
2914505,1.0,0.0,1.0,0.9308176100628931,1.0,0.4748427672955975,1.0,0.1792452830188679,0.4811320754716981,0.4811320754716981,0.0440251572327044,0.0,318,15,0.7327,0.6635,0.2516
2914604,0.7614080834419817,0.7079530638852672,1.0,1.0,1.0,1.0,1.0,1.0,0.6179921773142112,0.6466753585397653,0.18513689700130379,0.8422425032594524,767,15,0.8673,1.0,0.573
2914653,1.0,0.0,1.0,0.9658792650918635,1.0,0.4435695538057743,1.0,0.14435695538057744,0.30446194225721784,0.7191601049868767,0.4146981627296588,0.14435695538057744,381,13,0.7415,0.647,0.3957
2914703,1.0,0.782608695652174,1.0,0.9504830917874396,1.0,0.1497584541062802,0.9939613526570048,0.2463768115942029,0.36594202898550726,0.4746376811594203,0.25483091787439616,0.08454106280193237,828,29,0.9333,0.5975,0.295
2914802,1.0,0.9718490083173384,1.0,0.9801663467690339,0.9904030710172744,0.28150991682661547,0.9936020473448497,0.9923224568138196,0.11004478566858605,0.2200895713371721,0.15930902111324377,0.2872680742162508,1563,51,0.988,0.8145,0.1942
2914901,0.7380352644836272,0.7153652392947103,0.9874055415617129,0.8942065491183879,0.9546599496221663,0.45591939546599497,0.8790931989924433,0.015113350125944584,0.0,0.41309823677581864,0.41309823677581864,0.0,397,25,0.8338,0.5762,0.2065
2915007,0.9390862944162437,0.09644670050761421,1.0,0.9289340101522843,1.0,0.0,1.0,0.030456852791878174,0.2182741116751269,0.29441624365482233,0.07614213197969544,0.0,197,15,0.7411,0.5076,0.1472
2915106,1.0,0.8333333333333334,1.0,0.8333333333333334,0.8333333333333334,0.21333333333333335,0.86,0.013333333333333334,0.0,0.3,0.3,0.013333333333333334,150,13,0.9167,0.48,0.1533
2915205,1.0,0.96484375,1.0,0.97265625,0.98046875,0.375,0.9765625,0.00390625,0.51953125,0.5234375,0.00390625,0.0,256,10,0.9844,0.584,0.2617
2915304,1.0,1.0,1.0,1.0,1.0,0.088,1.0,1.0,1.0,1.0,0.088,0.088,125,2,1.0,0.772,0.544
2915353,0.7430167597765364,0.0,0.9385474860335196,0.7653631284916201,0.7541899441340782,0.055865921787709494,0.547486033519553,0.48044692737430167,0.2905027932960894,0.2905027932960894,0.15083798882681565,0.0446927374301676,179,25,0.6117,0.4595,0.1941
2915403,1.0,0.946236559139785,1.0,0.946236559139785,1.0,0.0,0.946236559139785,0.3333333333333333,0.0,0.6666666666666666,0.6666666666666666,0.3333333333333333,93,6,0.9731,0.5699,0.4167
2915502,1.0,0.8634361233480177,1.0,0.8634361233480177,0.986784140969163,0.13215859030837004,0.9030837004405287,0.43612334801762115,0.0,0.36123348017621143,0.36123348017621143,0.14537444933920704,227,23,0.9317,0.6145,0.217
2915601,0.7350427350427351,0.8095238095238095,1.0,0.9230769230769231,1.0,0.8473748473748474,1.0,0.8608058608058609,0.14407814407814407,0.5653235653235653,0.4981684981684982,0.0,819,44,0.8669,0.927,0.3019
2915700,1.0,0.8235294117647058,1.0,0.8970588235294118,0.9852941176470589,0.0,0.9852941176470589,0.0,0.0,0.0,0.0,0.0,68,6,0.9301,0.4926,0.0
2915809,0.5789473684210527,0.9243421052631579,1.0,0.9342105263157895,1.0,0.2993421052631579,0.9605263157894737,0.8980263157894737,0.14473684210526316,0.14473684210526316,0.0,0.2993421052631579,304,18,0.8594,0.7895,0.1472
2915908,0.975,0.5583333333333333,1.0,0.7833333333333333,0.7833333333333333,0.0,0.925,0.025,0.0,0.2,0.2,0.0,120,6,0.8292,0.4333,0.1
2916005,1.0,0.9090909090909091,1.0,0.9565217391304348,0.9841897233201581,0.18181818181818182,0.9604743083003953,0.33201581027667987,0.06324110671936758,0.7114624505928854,0.6482213438735178,0.18181818181818182,253,15,0.9664,0.6146,0.4012
2916104,1.0,0.6606498194945848,1.0,1.0,1.0,0.039711191335740074,1.0,0.36462093862815886,0.0,0.09386281588447654,0.09386281588447654,0.0,277,11,0.9152,0.6011,0.0469
2916203,1.0,0.21311475409836064,1.0,0.9590163934426229,1.0,0.7950819672131147,0.9590163934426229,0.7131147540983607,0.0,0.0,0.0,0.0,122,7,0.793,0.8668,0.0
2916302,0.8828828828828829,0.0,1.0,0.963963963963964,1.0,0.0,1.0,0.3153153153153153,0.11711711711711711,0.11711711711711711,0.0,0.0,111,6,0.7117,0.5788,0.0586
2916401,1.0,0.9714285714285714,1.0,0.9714285714285714,1.0,0.2530612244897959,1.0,0.45714285714285713,0.036734693877551024,0.3414965986394558,0.3414965986394558,0.11020408163265306,735,23,0.9857,0.6776,0.2075
2916500,1.0,0.4052757793764988,1.0,0.8057553956834532,0.9904076738609112,0.30455635491606714,0.882494004796163,0.17985611510791366,0.3237410071942446,0.4580335731414868,0.4148681055155875,0.24700239808153476,417,19,0.8028,0.5893,0.3609
2916609,1.0,0.9879518072289156,1.0,0.9518072289156626,0.9397590361445783,0.7590361445783133,1.0,0.7831325301204819,0.03614457831325301,0.04819277108433735,0.04819277108433735,0.5542168674698795,83,9,0.9849,0.8705,0.1717
2916708,0.7560975609756098,0.7560975609756098,1.0,0.9024390243902439,1.0,0.8048780487804879,0.9512195121951219,0.0,0.0,0.0,0.0,0.0,82,6,0.8537,0.689,0.0
2916807,1.0,0.9946236559139785,1.0,0.9946236559139785,0.9946236559139785,0.0,0.9946236559139785,0.03225806451612903,0.10215053763440861,0.10215053763440861,0.0,0.0,186,8,0.9973,0.5054,0.0511
2916856,1.0,0.012145748987854251,1.0,0.8218623481781376,1.0,0.0,0.97165991902834,0.9149797570850202,0.6234817813765182,0.9149797570850202,0.291497975708502,0.0,247,9,0.7085,0.7217,0.4575
2916906,1.0,0.0,1.0,0.8958333333333334,1.0,0.0,1.0,0.0,0.0,0.0,0.0,0.0,96,5,0.724,0.5,0.0
2917003,0.9006479481641468,0.32397408207343414,0.9654427645788337,0.8617710583153347,0.8747300215982722,0.3930885529157667,0.896328293736501,0.4816414686825054,0.03455723542116631,0.2267818574514039,0.2267818574514039,0.09719222462203024,463,40,0.763,0.6614,0.1463
2917102,1.0,0.9781420765027322,1.0,0.9781420765027322,0.9836065573770492,0.21311475409836064,1.0,0.8032786885245902,0.37158469945355194,0.5846994535519126,0.2786885245901639,0.9781420765027322,183,10,0.9891,0.75,0.5533
2917201,0.7,0.36086956521739133,1.0,0.6869565217391305,1.0,0.8869565217391304,1.0,0.9521739130434783,0.44782608695652176,0.44782608695652176,0.0,0.36086956521739133,230,8,0.687,0.9598,0.3141
2917300,0.7109634551495017,0.7475083056478405,1.0,0.8538205980066446,0.9335548172757475,0.9235880398671097,0.8006644518272426,0.036544850498338874,0.11960132890365449,0.26245847176079734,0.14285714285714285,0.07973421926910298,301,24,0.8281,0.6736,0.1512
2917334,1.0,0.5175438596491229,1.0,0.9298245614035088,1.0,1.0,0.9298245614035088,0.0,0.5175438596491229,0.5175438596491229,0.0,0.0,114,6,0.8618,0.7325,0.2588
2917359,1.0,1.0,1.0,1.0,1.0,0.16666666666666666,1.0,0.16666666666666666,0.1111111111111111,0.30158730158730157,0.19047619047619047,0.0,126,4,1.0,0.5833,0.1508
2917409,1.0,0.4140625,1.0,0.9609375,1.0,1.0,1.0,0.2109375,0.4140625,0.828125,0.828125,0.0,128,6,0.8438,0.8027,0.5176
2917508,1.0,0.707673568818514,1.0,1.0,1.0,0.2630937880633374,0.976857490864799,0.16443361753958588,0.4543239951278928,0.6345919610231425,0.392204628501827,0.24604141291108406,821,25,0.9269,0.6011,0.4318
2917607,0.9752321981424149,0.5154798761609907,1.0,0.6253869969040248,1.0,0.5325077399380805,0.781733746130031,0.5371517027863777,0.14705882352941177,0.1826625386996904,0.06656346749226007,0.2089783281733746,646,34,0.779,0.7128,0.1513
2917706,1.0,0.803921568627451,1.0,0.8543417366946778,1.0,0.4789915966386555,1.0,0.9159663865546218,0.41456582633053224,0.41456582633053224,0.0,0.40896358543417366,357,21,0.9146,0.8487,0.3095
2917805,0.7915057915057915,0.09266409266409266,1.0,0.803088803088803,1.0,0.05019305019305019,0.6833976833976834,0.2277992277992278,0.35135135135135137,0.4826254826254826,0.13127413127413126,0.09266409266409266,259,18,0.6718,0.4903,0.2645
2917904,1.0,0.0,1.0,0.9741935483870968,0.9870967741935484,0.38064516129032255,0.9612903225806452,0.22580645161290322,0.0,0.2645161290322581,0.2645161290322581,0.32903225806451614,155,10,0.7435,0.6387,0.2145
2918001,0.8709175738724728,0.911353032659409,0.9984447900466563,0.9603421461897356,0.7822706065318819,0.09642301710730948,0.9618973561430794,0.11353032659409021,0.20295489891135304,0.25894245723172626,0.08553654743390357,0.14307931570762053,1286,49,0.9353,0.4885,0.1726
2918100,0.987012987012987,0.4069264069264069,1.0,0.8311688311688312,0.9826839826839827,0.36796536796536794,0.9329004329004329,0.20995670995670995,0.04112554112554113,0.049783549783549784,0.008658008658008658,0.0,462,45,0.8063,0.6234,0.0249
2918209,0.8627450980392157,0.5686274509803921,1.0,0.5228758169934641,0.8496732026143791,0.0,0.5816993464052288,0.0,0.0,0.0196078431372549,0.0196078431372549,0.0,153,18,0.7386,0.3578,0.0098
2918308,1.0,0.86875,0.9875,0.86875,0.86875,0.0,0.86875,0.04375,0.1,0.1,0.0,0.0,160,16,0.9312,0.4453,0.05
2918357,1.0,0.1510574018126888,1.0,1.0,1.0,0.25075528700906347,1.0,0.7341389728096677,0.3987915407854985,0.4471299093655589,0.14501510574018128,0.2628398791540785,331,14,0.7878,0.7462,0.3134
2918407,1.0,0.8065340909090909,1.0,0.9610795454545454,0.9803977272727272,0.38920454545454547,0.9607954545454546,0.6289772727272728,0.03664772727272727,0.16136363636363638,0.14005681818181817,0.5673295454545455,3520,91,0.9419,0.7398,0.2263
2918456,0.4563758389261745,0.4899328859060403,0.9664429530201343,0.6778523489932886,0.8791946308724832,0.21476510067114093,0.7919463087248322,0.5973154362416108,0.6174496644295302,0.6174496644295302,0.1610738255033557,0.0,149,22,0.6477,0.6208,0.349
2918506,0.8284518828451883,0.21338912133891214,1.0,0.8284518828451883,0.9790794979079498,0.5439330543933054,0.9246861924686193,0.7907949790794979,0.0,0.0,0.0,0.23430962343096234,239,16,0.7176,0.8096,0.0586
2918555,1.0,0.9887640449438202,1.0,0.9887640449438202,1.0,1.0,0.9887640449438202,0.9887640449438202,0.0,0.0898876404494382,0.0898876404494382,0.0,89,3,0.9944,0.9944,0.0449
2918605,1.0,0.0,1.0,0.8666666666666667,1.0,0.0,1.0,0.02666666666666667,0.0,0.52,0.52,0.02666666666666667,75,4,0.7167,0.5067,0.2667
2918704,1.0,0.8301886792452831,1.0,1.0,1.0,1.0,1.0,0.6226415094339622,0.0,0.0,0.0,0.6226415094339622,53,3,0.9575,0.9057,0.1557
2918753,0.958041958041958,0.0,1.0,0.5874125874125874,0.951048951048951,0.08391608391608392,0.9790209790209791,0.16083916083916083,0.04195804195804196,0.34265734265734266,0.34265734265734266,0.0,143,16,0.6364,0.5437,0.1818
2918803,1.0,0.22310756972111553,1.0,0.6693227091633466,1.0,0.46215139442231074,0.9243027888446215,0.3665338645418327,0.0,0.16334661354581673,0.16334661354581673,0.0,251,20,0.7231,0.6882,0.0817
2918902,1.0,0.0,1.0,0.9310344827586207,0.9310344827586207,0.0,0.9310344827586207,0.0,0.0,0.7413793103448276,0.7413793103448276,0.0,58,3,0.7328,0.4655,0.3707
2919009,1.0,1.0,1.0,1.0,1.0,0.05454545454545454,1.0,1.0,0.41818181818181815,0.41818181818181815,0.41818181818181815,0.0,55,4,1.0,0.7636,0.3136
2919058,1.0,0.0,1.0,0.9381443298969072,0.9690721649484536,0.9690721649484536,1.0,0.05154639175257732,0.6288659793814433,0.6288659793814433,0.0,0.0,97,9,0.7345,0.7474,0.3144
2919108,1.0,0.3017241379310345,1.0,0.8793103448275862,0.853448275862069,0.4051724137931034,0.39655172413793105,0.3275862068965517,0.10344827586206896,0.10344827586206896,0.0,0.0,116,8,0.7953,0.4957,0.0517
2919157,1.0,0.15706806282722513,1.0,0.9109947643979057,1.0,0.1099476439790576,1.0,0.4319371727748691,0.060209424083769635,0.49214659685863876,0.49214659685863876,0.7068062827225131,382,14,0.767,0.6355,0.4378
2919207,1.0,0.6572847682119205,1.0,1.0,0.9012141280353201,0.02152317880794702,0.91280353200883,0.4977924944812362,0.5049668874172185,0.5562913907284768,0.12693156732891833,0.032560706401766004,1812,37,0.9143,0.5833,0.3052
2919306,1.0,0.5287356321839081,1.0,0.9080459770114943,1.0,0.05172413793103448,0.9770114942528736,0.0,0.0,0.6264367816091954,0.6264367816091954,0.0,174,9,0.8592,0.5072,0.3132
2919405,1.0,0.5515151515151515,0.9757575757575757,0.9272727272727272,0.9333333333333333,0.2909090909090909,0.9272727272727272,0.2909090909090909,0.2909090909090909,0.2909090909090909,0.2909090909090909,0.2909090909090909,165,10,0.8636,0.6106,0.2909
2919504,1.0,0.5329218106995884,1.0,0.9506172839506173,1.0,0.08847736625514403,1.0,0.6872427983539094,0.3168724279835391,0.3292181069958848,0.012345679012345678,0.08436213991769548,486,16,0.8709,0.6939,0.1857
2919553,1.0,0.5234018264840182,1.0,0.9965753424657534,0.9965753424657534,0.09417808219178082,1.0,0.5268264840182648,0.5742009132420092,0.70662100456621,0.295662100456621,0.3287671232876712,1752,20,0.88,0.6544,0.4763
2919603,1.0,0.6060606060606061,1.0,1.0,1.0,0.6060606060606061,0.9212121212121213,0.8727272727272727,0.26666666666666666,0.8727272727272727,0.8727272727272727,0.6060606060606061,165,4,0.9015,0.85,0.6545
2919702,1.0,0.8303571428571429,1.0,0.9821428571428571,1.0,1.0,0.9910714285714286,0.0,0.28125,0.4732142857142857,0.4732142857142857,0.0,224,7,0.9531,0.7478,0.3069
2919801,0.9579646017699115,0.46238938053097345,1.0,0.6747787610619469,0.9977876106194691,0.47345132743362833,0.9690265486725663,0.5442477876106194,0.14601769911504425,0.4579646017699115,0.31194690265486724,0.10176991150442478,452,50,0.7738,0.7461,0.2544
2919900,0.3142857142857143,0.45714285714285713,1.0,0.45714285714285713,0.780952380952381,0.0,1.0,0.5523809523809524,0.12380952380952381,0.580952380952381,0.5047619047619047,0.0,105,10,0.5571,0.5833,0.3024
2919926,1.0,1.0,1.0,1.0,1.0,1.0,1.0,1.0,1.0,1.0,0.5031446540880503,1.0,159,4,1.0,1.0,0.8758
2919959,1.0,0.7009345794392523,1.0,0.7009345794392523,1.0,0.9439252336448598,0.9532710280373832,0.897196261682243,0.7476635514018691,0.7476635514018691,0.0,0.0,107,8,0.8505,0.9486,0.3738
2920007,1.0,1.0,1.0,1.0,1.0,0.0,1.0,0.3006993006993007,0.23076923076923078,0.23076923076923078,0.0,0.3076923076923077,143,4,1.0,0.5752,0.1923
2920106,1.0,0.8074866310160428,1.0,0.9732620320855615,1.0,0.3422459893048128,1.0,0.7700534759358288,0.6256684491978609,0.8288770053475936,0.20320855614973263,0.3422459893048128,187,11,0.9452,0.7781,0.5
2920205,0.9175627240143369,0.0,1.0,0.7921146953405018,0.9713261648745519,0.04659498207885305,0.992831541218638,0.5376344086021505,0.5806451612903226,0.5842293906810035,0.1003584229390681,0.007168458781362007,279,18,0.6774,0.6371,0.3181
2920304,0.9272727272727272,0.8727272727272727,1.0,0.7545454545454545,1.0,0.0,1.0,1.0,0.6,0.6,0.0,0.0,110,5,0.8886,0.75,0.3
2920403,1.0,0.0,1.0,0.734375,0.9791666666666666,0.7395833333333334,0.6875,0.4010416666666667,0.0,0.052083333333333336,0.052083333333333336,0.0,192,20,0.6836,0.7018,0.026
2920452,0.8650306748466258,0.15337423312883436,1.0,0.6073619631901841,1.0,0.049079754601226995,0.9877300613496932,0.8220858895705522,0.04294478527607362,0.24539877300613497,0.20245398773006135,0.5766871165644172,163,9,0.6564,0.7147,0.2669
2920502,1.0,0.0,1.0,0.6435045317220544,0.9969788519637462,0.6978851963746223,0.9486404833836858,0.8640483383685801,0.20241691842900303,0.525679758308157,0.46827794561933533,0.5347432024169184,331,25,0.6609,0.8769,0.4328
2920601,0.8729411764705882,0.4,1.0,0.7270588235294118,0.9364705882352942,0.5270588235294118,0.84,0.31529411764705884,0.18823529411764706,0.3811764705882353,0.35294117647058826,0.1011764705882353,425,44,0.75,0.6547,0.2559
2920700,0.9391534391534392,0.34656084656084657,0.9735449735449735,0.6851851851851852,0.671957671957672,0.1111111111111111,0.7936507936507936,0.2328042328042328,0.06613756613756613,0.0873015873015873,0.07142857142857142,0.021164021164021163,378,45,0.7361,0.4524,0.0615
2920809,1.0,0.0,1.0,0.8333333333333334,1.0,0.6666666666666666,0.8859649122807017,0.6666666666666666,0.6403508771929824,0.6403508771929824,0.16666666666666666,0.6666666666666666,114,7,0.7083,0.8048,0.5285
2920908,0.9341317365269461,0.9341317365269461,1.0,0.9640718562874252,1.0,0.9341317365269461,0.9341317365269461,0.5389221556886228,0.8682634730538922,0.8682634730538922,0.39520958083832336,0.5389221556886228,167,8,0.9581,0.8518,0.6677
2921005,1.0,0.8183079056865464,1.0,1.0,1.0,0.40083217753120665,1.0,0.10540915395284327,0.7545076282940361,0.7545076282940361,0.11511789181692095,0.0,721,24,0.9546,0.6266,0.406
2921054,1.0,0.0,1.0,0.8914728682170543,1.0,0.5658914728682171,1.0,0.9069767441860465,0.17829457364341086,1.0,0.8914728682170543,0.5658914728682171,129,5,0.7229,0.8682,0.6589
2921104,0.8343373493975904,0.5481927710843374,1.0,0.9397590361445783,0.9186746987951807,0.29518072289156627,1.0,0.7409638554216867,0.6716867469879518,0.6716867469879518,0.0,0.5301204819277109,332,22,0.8306,0.7387,0.4684
2921203,1.0,0.6175438596491228,1.0,0.9087719298245615,0.9859649122807017,0.35789473684210527,0.9228070175438596,0.11929824561403508,0.47017543859649125,0.8631578947368421,0.6175438596491228,0.0,285,17,0.8816,0.5965,0.4877
2921302,1.0,0.7768595041322314,1.0,0.8760330578512396,1.0,0.9256198347107438,1.0,0.09917355371900827,0.09917355371900827,0.09917355371900827,0.0,0.09917355371900827,121,4,0.9132,0.7562,0.0744
2921401,1.0,0.23414634146341465,1.0,1.0,0.9853658536585366,0.6341463414634146,0.8536585365853658,0.751219512195122,0.5365853658536586,0.5365853658536586,0.23414634146341465,0.0,205,16,0.8085,0.8061,0.3268
2921450,1.0,0.4392523364485981,1.0,0.7289719626168224,0.9532710280373832,0.19626168224299065,0.8691588785046729,0.24299065420560748,0.14953271028037382,0.14953271028037382,0.14953271028037382,0.0,107,10,0.7921,0.5654,0.1121
2921500,0.9902912621359223,0.0,1.0,0.7475728155339806,0.982200647249191,0.18446601941747573,0.9110032362459547,0.2621359223300971,0.25080906148867316,0.2621359223300971,0.040453074433656956,0.0,618,53,0.6845,0.585,0.1383
2921609,1.0,0.75,1.0,0.8636363636363636,1.0,0.4090909090909091,0.9696969696969697,0.9696969696969697,0.3560606060606061,0.3560606060606061,0.0,0.0,132,8,0.9034,0.8371,0.178
2921708,0.3460559796437659,0.7480916030534351,1.0,0.9236641221374046,1.0,0.2595419847328244,0.989821882951654,0.6666666666666666,0.22391857506361323,0.33587786259541985,0.11195928753180662,0.05597964376590331,393,26,0.7545,0.729,0.1819
2921807,1.0,0.5039370078740157,1.0,0.6220472440944882,1.0,0.30708661417322836,0.9763779527559056,0.16535433070866143,0.10236220472440945,0.41732283464566927,0.31496062992125984,0.0,127,8,0.7815,0.6122,0.2087
2921906,1.0,0.27450980392156865,1.0,0.6797385620915033,0.8758169934640523,0.5555555555555556,0.49019607843137253,0.5816993464052288,0.13725490196078433,0.13725490196078433,0.0915032679738562,0.12418300653594772,153,19,0.7386,0.6258,0.1225
2922003,0.8276515151515151,0.5189393939393939,1.0,0.8522727272727273,1.0,0.04734848484848485,0.946969696969697,0.6193181818181818,0.6571969696969697,0.6571969696969697,0.0,0.028409090909090908,528,16,0.7997,0.6534,0.3357
2922052,1.0,0.0,1.0,0.8791208791208791,1.0,0.9505494505494505,1.0,0.0,0.04945054945054945,0.04945054945054945,0.0,0.4945054945054945,182,12,0.7198,0.7376,0.1484
2922102,1.0,0.463519313304721,1.0,0.9656652360515021,1.0,0.5579399141630901,0.8197424892703863,0.15879828326180256,0.03862660944206009,0.2446351931330472,0.20600858369098712,0.0,233,12,0.8573,0.6341,0.1223
2922201,1.0,0.8780487804878049,1.0,1.0,1.0,0.0,0.8902439024390244,0.0,0.0,0.0,0.0,0.0,82,10,0.9695,0.4726,0.0
2922250,0.9787234042553191,0.12234042553191489,1.0,0.7393617021276596,1.0,0.4627659574468085,1.0,0.601063829787234,0.5053191489361702,0.5053191489361702,0.16489361702127658,0.26063829787234044,188,15,0.7101,0.766,0.359
2922300,1.0,0.5103734439834025,1.0,1.0,0.983402489626556,0.029045643153526972,0.983402489626556,0.44398340248962653,0.11203319502074689,0.44398340248962653,0.4190871369294606,0.14937759336099585,241,10,0.8776,0.61,0.2811
2922409,0.8208955223880597,0.5298507462686567,1.0,0.5597014925373134,0.9029850746268657,0.19776119402985073,1.0,0.22761194029850745,0.376865671641791,0.39925373134328357,0.09701492537313433,0.07462686567164178,268,34,0.7276,0.5821,0.2369
2922508,1.0,0.8837209302325582,1.0,0.9767441860465116,0.9767441860465116,0.24806201550387597,0.8953488372093024,0.5542635658914729,0.0,0.43410852713178294,0.43410852713178294,0.20930232558139536,258,13,0.9651,0.6686,0.2694
2922607,0.7904191616766467,0.5988023952095808,0.9880239520958084,0.437125748502994,0.9041916167664671,0.0,0.6706586826347305,0.041916167664670656,0.2215568862275449,0.2215568862275449,0.2215568862275449,0.0,167,26,0.7036,0.4042,0.1662
2922656,1.0,0.0,1.0,1.0,1.0,0.20526315789473684,1.0,0.0,0.0,0.3684210526315789,0.3684210526315789,0.0,190,5,0.75,0.5513,0.1842
2922706,1.0,0.6457399103139013,1.0,0.9820627802690582,0.9820627802690582,0.33183856502242154,0.9417040358744395,0.8251121076233184,0.06278026905829596,0.18834080717488788,0.12556053811659193,0.14349775784753363,223,8,0.907,0.7702,0.13
2922730,1.0,0.8837209302325582,1.0,1.0,1.0,0.05813953488372093,1.0,0.12790697674418605,0.0,0.0,0.0,0.10465116279069768,86,6,0.9709,0.5465,0.0262
2922755,0.8,0.575,1.0,0.6375,0.7625,0.65,0.6875,0.75,0.0,0.0125,0.0125,0.6375,80,15,0.7531,0.7125,0.1656
2922805,0.9629629629629629,0.0,1.0,0.9444444444444444,1.0,0.4074074074074074,0.9444444444444444,0.9444444444444444,0.0,0.0,0.0,0.0,108,5,0.7269,0.8241,0.0
2922854,0.9278350515463918,0.0,1.0,0.6907216494845361,1.0,0.30927835051546393,1.0,0.23711340206185566,0.0,0.0,0.0,0.17525773195876287,97,4,0.6546,0.6366,0.0438
2922904,1.0,0.0,1.0,1.0,1.0,0.735973597359736,1.0,1.0,0.0,0.0,0.0,0.6996699669966997,303,8,0.75,0.934,0.1749
2923001,1.0,0.45365853658536587,0.9967479674796748,0.991869918699187,0.9853658536585366,0.07317073170731707,0.9707317073170731,0.2097560975609756,0.5983739837398374,0.7869918699186992,0.2894308943089431,0.027642276422764227,615,20,0.8606,0.5598,0.4256
2923035,1.0,0.0,1.0,0.8758169934640523,1.0,1.0,0.9934640522875817,0.8627450980392157,0.9803921568627451,0.9803921568627451,0.1111111111111111,0.0,153,7,0.719,0.9641,0.518
2923050,1.0,0.6482758620689655,1.0,0.7862068965517242,0.9379310344827586,0.8413793103448276,0.903448275862069,0.08275862068965517,0.0,0.09655172413793103,0.09655172413793103,0.0,145,7,0.8586,0.6914,0.0483
2923100,1.0,0.48046875,1.0,0.9375,0.98828125,0.0546875,0.9296875,0.75390625,0.09765625,0.09765625,0.0546875,0.0,256,13,0.8545,0.6816,0.0625
2923209,1.0,0.0,1.0,0.900990099009901,1.0,0.6501650165016502,1.0,0.9570957095709571,0.45874587458745875,0.636963696369637,0.1782178217821782,0.6039603960396039,303,13,0.7252,0.9018,0.4695
2923308,1.0,0.6831683168316832,1.0,1.0,1.0,0.0,1.0,0.0,0.6732673267326733,0.6831683168316832,0.6831683168316832,0.0,101,5,0.9208,0.5,0.5099
2923357,1.0,0.0,1.0,0.944,1.0,0.64,1.0,0.244,1.0,1.0,0.072,0.696,250,9,0.736,0.721,0.692
2923407,1.0,0.0,1.0,0.8578199052132701,1.0,0.3222748815165877,0.9146919431279621,0.15165876777251186,0.2938388625592417,0.35071090047393366,0.05687203791469194,0.0,211,12,0.7145,0.5972,0.1754
2923506,1.0,0.0,1.0,0.946969696969697,0.9848484848484849,0.030303030303030304,0.9166666666666666,0.06060606060606061,0.9166666666666666,0.9166666666666666,0.0,0.0,132,9,0.7367,0.4981,0.4583
2923605,0.983957219251337,0.5401069518716578,1.0,0.7807486631016043,0.9946524064171123,0.13903743315508021,0.6951871657754011,0.9197860962566845,0.016042780748663103,0.016042780748663103,0.0,0.0,187,10,0.8262,0.6872,0.008
2923704,0.8090128755364807,0.1888412017167382,0.9484978540772532,0.5901287553648069,0.9356223175965666,0.388412017167382,0.9012875536480687,0.8433476394849786,0.5600858369098712,0.5600858369098712,0.18669527896995708,0.22532188841201717,466,35,0.6341,0.7672,0.383
2923803,0.9578544061302682,0.367816091954023,1.0,0.9233716475095786,1.0,0.8275862068965517,1.0,0.4827586206896552,0.11494252873563218,0.23371647509578544,0.11877394636015326,0.06130268199233716,261,14,0.8123,0.8276,0.1322
2923902,0.7922077922077922,0.9935064935064936,1.0,0.7922077922077922,0.7987012987012987,0.4935064935064935,0.7922077922077922,0.6883116883116883,0.2012987012987013,0.2012987012987013,0.0,0.17532467532467533,154,5,0.8945,0.6932,0.1445
2924009,0.9520594193112761,0.799459824442944,1.0,0.8730587440918298,0.9824442943956786,0.41188386225523294,0.9993247805536799,0.13166779203241052,0.6961512491559757,0.8298446995273464,0.30317353139770425,0.06144496961512492,1481,54,0.9061,0.6313,0.4727
2924058,0.8855421686746988,0.0,1.0,0.7891566265060241,0.9879518072289156,0.0,0.9036144578313253,0.0,0.0,0.0,0.0,0.0,166,15,0.6687,0.4729,0.0
2924108,1.0,0.43010752688172044,1.0,0.978494623655914,1.0,0.43010752688172044,0.5806451612903226,0.4946236559139785,0.0,0.0,0.0,0.0,93,12,0.8522,0.6263,0.0
2924207,0.46464646464646464,0.0,1.0,0.6363636363636364,0.9393939393939394,0.2474747474747475,0.5404040404040404,0.06060606060606061,0.0,0.0,0.0,0.0,198,25,0.5253,0.447,0.0
2924306,0.990625,0.465625,1.0,0.715625,1.0,0.934375,0.33125,0.05625,0.29375,0.29375,0.184375,0.053125,320,10,0.793,0.5805,0.2062
2924405,1.0,0.37606837606837606,0.9094017094017094,0.5076923076923077,0.7829059829059829,0.26495726495726496,0.6273504273504273,0.40512820512820513,0.6598290598290598,0.705982905982906,0.23076923076923078,0.07179487179487179,585,35,0.6983,0.5201,0.4171
2924504,0.8914285714285715,0.0,0.9942857142857143,0.8685714285714285,0.9771428571428571,0.0,0.9771428571428571,0.8285714285714286,0.0,0.5771428571428572,0.5771428571428572,0.2342857142857143,175,10,0.6886,0.6957,0.3471
2924603,0.7490196078431373,0.4745098039215686,1.0,0.9450980392156862,1.0,0.0,0.8901960784313725,0.6274509803921569,0.03529411764705882,0.8313725490196079,0.796078431372549,0.0,255,14,0.7922,0.6294,0.4157
2924652,1.0,0.6811594202898551,1.0,1.0,1.0,0.3188405797101449,0.8840579710144928,0.08695652173913043,0.0,0.17391304347826086,0.17391304347826086,0.0,69,6,0.9203,0.5725,0.087
2924678,0.9662162162162162,0.5067567567567568,1.0,0.5202702702702703,0.6891891891891891,0.04054054054054054,0.006756756756756757,0.0,0.0,0.0,0.0,0.0,148,26,0.7483,0.1841,0.0
2924702,1.0,0.6138613861386139,1.0,0.6732673267326733,1.0,0.9405940594059405,0.8712871287128713,0.7326732673267327,0.0594059405940594,0.36633663366336633,0.36633663366336633,0.6138613861386139,101,8,0.8218,0.8861,0.3515
2924801,1.0,0.42081447963800905,1.0,0.9592760180995475,1.0,1.0,0.9819004524886877,0.04524886877828054,0.7194570135746606,0.7963800904977375,0.497737556561086,0.0,221,15,0.845,0.7568,0.5034
2924900,1.0,0.0,1.0,1.0,1.0,0.1523809523809524,0.8380952380952381,0.12380952380952381,0.0,0.05714285714285714,0.05714285714285714,0.0,105,8,0.75,0.5286,0.0286
2925006,1.0,0.037037037037037035,1.0,0.837037037037037,0.9851851851851852,0.0962962962962963,0.8296296296296296,0.7666666666666667,0.13703703703703704,0.362962962962963,0.22592592592592592,0.0,270,15,0.7185,0.6694,0.1815
2925105,0.9931856899488927,0.8091993185689949,1.0,0.9233390119250426,1.0,0.2504258943781942,0.9761499148211243,0.21294718909710392,0.08517887563884156,0.34582623509369675,0.2981260647359455,0.05281090289608177,587,25,0.9314,0.6099,0.1955
2925204,1.0,0.8312883435582822,1.0,1.0,1.0,0.7699386503067485,1.0,0.0,0.41411042944785276,0.4570552147239264,0.04294478527607362,0.0,326,11,0.9578,0.6925,0.2285
2925253,0.9618055555555556,0.5833333333333334,1.0,0.9861111111111112,0.9375,0.0,0.0,0.0,0.0,0.0,0.0,0.0,288,19,0.8828,0.2344,0.0
2925303,0.9600304529881994,0.681766273315569,0.99885801294252,0.9459459459459459,0.9790635706128664,0.0784164446136277,0.8724781119147317,0.12028930338789494,0.27864484202512374,0.3505900266463647,0.12219261515036163,0.03730491054434716,2627,67,0.8967,0.5126,0.1972
2925402,1.0,1.0,1.0,1.0,1.0,0.0,1.0,0.2789115646258503,0.7346938775510204,0.7346938775510204,0.25170068027210885,0.6122448979591837,147,7,1.0,0.5697,0.5833
2925501,0.9126853377265239,0.19110378912685339,1.0,0.7627677100494233,0.8270181219110379,0.19110378912685339,0.7364085667215815,0.3970345963756178,0.20757825370675453,0.20757825370675453,0.171334431630972,0.19110378912685339,607,23,0.7166,0.5379,0.1944
2925600,1.0,0.0,1.0,0.8881578947368421,0.9276315789473685,0.4407894736842105,0.8881578947368421,0.6578947368421053,0.0,0.29605263157894735,0.29605263157894735,0.7763157894736842,152,12,0.722,0.7286,0.3421
2925709,1.0,0.0,1.0,0.6688741721854304,0.9536423841059603,0.052980132450331126,0.33774834437086093,0.19205298013245034,0.10596026490066225,0.7086092715231788,0.6026490066225165,0.06622516556291391,151,13,0.6672,0.3841,0.3709
2925758,1.0,0.625974025974026,1.0,0.7558441558441559,0.7558441558441559,0.0,0.6025974025974026,0.012987012987012988,0.0,0.0,0.0,0.0,385,31,0.8455,0.3429,0.0
2925808,1.0,0.6781914893617021,1.0,0.973404255319149,0.9813829787234043,0.5771276595744681,0.7819148936170213,0.2393617021276596,0.12234042553191489,0.12234042553191489,0.0,0.2074468085106383,376,16,0.9129,0.6449,0.113
2925907,1.0,0.008982035928143712,1.0,0.9910179640718563,0.8712574850299402,0.47604790419161674,0.8982035928143712,0.5958083832335329,0.12874251497005987,0.1497005988023952,0.059880239520958084,0.4820359281437126,334,35,0.75,0.7103,0.2051
2925931,1.0,0.0,1.0,0.9763779527559056,0.8661417322834646,0.0,0.968503937007874,0.0,0.14173228346456693,0.4566929133858268,0.4566929133858268,0.0,127,11,0.7441,0.4587,0.2638
2925956,0.8472727272727273,0.39636363636363636,1.0,0.9418181818181818,1.0,0.3054545454545455,0.850909090909091,0.3054545454545455,0.06181818181818182,0.4072727272727273,0.34545454545454546,0.13454545454545455,275,18,0.7964,0.6155,0.2373
2926004,1.0,0.5903814262023217,0.9601990049751243,0.7048092868988391,0.8490878938640133,0.0,0.7346600331674958,0.0,0.01658374792703151,0.40298507462686567,0.40298507462686567,0.7230514096185738,603,54,0.8138,0.3959,0.3864
2926103,1.0,0.0,1.0,1.0,1.0,0.7109375,1.0,0.0,0.0,0.6796875,0.6796875,0.0,128,5,0.75,0.6777,0.3398
2926202,0.5552238805970149,0.20298507462686566,1.0,0.8119402985074626,0.9223880597014925,0.32238805970149254,0.4955223880597015,0.4059701492537313,0.1880597014925373,0.1880597014925373,0.0,0.1880597014925373,335,30,0.6425,0.5366,0.141
2926301,1.0,0.7464285714285714,1.0,0.9392857142857143,0.9464285714285714,0.07142857142857142,0.44285714285714284,0.2857142857142857,0.2714285714285714,0.4928571428571429,0.22142857142857142,0.0,280,22,0.9214,0.4366,0.2464
2926400,0.8590163934426229,0.0,1.0,0.7573770491803279,0.9868852459016394,0.4524590163934426,0.8852459016393442,0.8721311475409836,0.35737704918032787,0.6098360655737705,0.32131147540983607,0.0,305,20,0.6541,0.7992,0.3221
2926509,1.0,0.35175879396984927,1.0,0.7386934673366834,0.8592964824120602,0.0,0.7386934673366834,0.1407035175879397,0.06030150753768844,0.24623115577889448,0.18592964824120603,0.0,199,9,0.7726,0.4347,0.1231
2926608,1.0,0.32275132275132273,1.0,0.9664902998236331,1.0,0.3985890652557319,1.0,0.2998236331569665,0.019400352733686066,0.4620811287477954,0.4620811287477954,0.07054673721340388,567,21,0.8223,0.6746,0.2535
2926657,1.0,0.371900826446281,1.0,0.743801652892562,0.8677685950413223,0.371900826446281,0.8677685950413223,0.12396694214876033,0.0,0.12396694214876033,0.12396694214876033,0.0,121,12,0.7789,0.5579,0.062
2926707,1.0,0.40372670807453415,1.0,0.9316770186335404,0.968944099378882,0.3167701863354037,0.9440993788819876,0.2236024844720497,0.6086956521739131,0.7080745341614907,0.5031055900621118,0.06832298136645963,161,8,0.8339,0.6134,0.472
2926806,1.0,0.2746478873239437,1.0,0.7816901408450704,1.0,0.4084507042253521,0.9436619718309859,0.13380281690140844,0.0,0.2746478873239437,0.2746478873239437,0.07746478873239436,142,7,0.7641,0.6215,0.1567
2926905,0.9540229885057471,0.0,1.0,0.8505747126436781,0.9770114942528736,0.6896551724137931,0.9770114942528736,0.5632183908045977,0.0,0.14942528735632185,0.14942528735632185,0.0,87,9,0.7011,0.8017,0.0747
2927002,1.0,0.2266355140186916,1.0,0.9836448598130841,0.9906542056074766,0.22897196261682243,0.7780373831775701,0.07242990654205607,0.17523364485981308,0.21728971962616822,0.04205607476635514,0.030373831775700934,428,25,0.8026,0.5175,0.1162
2927101,1.0,0.8708133971291866,1.0,1.0,1.0,0.08133971291866028,1.0,0.09090909090909091,0.19138755980861244,0.3492822966507177,0.15789473684210525,0.0,209,8,0.9677,0.5431,0.1746
2927200,1.0,0.662269129287599,0.9947229551451188,0.9182058047493403,0.9050131926121372,0.0158311345646438,0.9604221635883905,0.36675461741424803,0.12137203166226913,0.13192612137203166,0.010554089709762533,0.2612137203166227,379,27,0.8938,0.562,0.1313
2927309,1.0,0.0,1.0,1.0,1.0,0.21370967741935484,1.0,0.06048387096774194,0.42338709677419356,0.5524193548387096,0.20967741935483872,0.0,248,9,0.75,0.5685,0.2964
2927408,0.992199786123168,0.9840221425426181,1.0,1.0,0.9966031326665409,0.2116122538843807,0.9406177266150846,0.057683839718185824,0.12901805372082784,0.540227715921243,0.4294520978801032,0.07919733283009373,15897,275,0.9941,0.5516,0.2945
2927507,1.0,0.19337016574585636,1.0,0.861878453038674,1.0,0.712707182320442,0.6298342541436464,0.4088397790055249,0.20441988950276244,0.20441988950276244,0.19337016574585636,0.0,181,14,0.7638,0.6878,0.1506
2927606,0.9658703071672355,0.3890784982935154,1.0,0.7303754266211604,0.9385665529010239,0.5972696245733788,0.7849829351535836,0.09897610921501707,0.034129692832764506,0.14334470989761092,0.10921501706484642,0.0,293,13,0.7713,0.6049,0.0717
2927705,0.9786096256684492,0.679144385026738,0.9893048128342246,0.8663101604278075,0.9233511586452763,0.15508021390374332,0.9251336898395722,0.2798573975044563,0.3315508021390374,0.39750445632798576,0.08021390374331551,0.0,561,21,0.8783,0.5709,0.2023
2927804,0.7205882352941176,1.0,1.0,1.0,1.0,1.0,1.0,1.0,0.7205882352941176,0.7205882352941176,0.0,1.0,68,2,0.9301,1.0,0.6103
2927903,1.0,0.9385964912280702,1.0,1.0,1.0,0.0,0.9385964912280702,0.9122807017543859,0.0,0.0,0.0,0.0,114,4,0.9846,0.7127,0.0
2928000,1.0,0.6572890025575447,1.0,0.9820971867007673,0.9386189258312021,0.1815856777493606,0.6930946291560103,0.45268542199488493,0.4092071611253197,0.6010230179028133,0.1918158567774936,0.33248081841432225,391,26,0.9098,0.5665,0.3836
2928059,0.9883720930232558,0.7965116279069767,1.0,0.8546511627906976,0.9534883720930233,0.26744186046511625,0.8488372093023255,0.436046511627907,0.03488372093023256,0.03488372093023256,0.0,0.0,172,14,0.9099,0.6265,0.0174
2928109,1.0,0.5181598062953995,1.0,0.910411622276029,1.0,0.31476997578692495,0.9709443099273608,0.4043583535108959,0.0,0.13801452784503632,0.13801452784503632,0.1162227602905569,413,20,0.8571,0.6725,0.0981
2928208,1.0,0.18928571428571428,1.0,0.8928571428571429,1.0,0.4928571428571429,0.9678571428571429,0.425,0.060714285714285714,0.2642857142857143,0.2642857142857143,0.225,280,17,0.7705,0.7214,0.2036
2928307,1.0,0.0,1.0,0.7235772357723578,0.8617886178861789,0.0,0.0,0.2845528455284553,0.0,0.0,0.0,0.0,123,12,0.6809,0.2866,0.0
2928406,1.0,0.5841346153846154,1.0,0.7019230769230769,0.9879807692307693,0.8389423076923077,0.9230769230769231,0.9110576923076923,0.03125,0.03125,0.0,0.5793269230769231,416,31,0.8215,0.9153,0.1605
2928505,1.0,0.0,1.0,1.0,0.8991596638655462,0.07563025210084033,0.8991596638655462,0.7310924369747899,0.0,0.0,0.0,0.0,119,9,0.75,0.6513,0.0
2928604,0.984641638225256,0.7064846416382252,1.0,0.9232081911262798,0.9897610921501706,0.0,0.8088737201365188,0.08703071672354949,0.2235494880546075,0.2235494880546075,0.011945392491467578,0.295221843003413,586,34,0.9036,0.4714,0.1886
2928703,0.9872935196950444,0.5590851334180432,1.0,0.8780177890724269,0.9555273189326556,0.1473951715374841,0.8843710292249047,0.12198221092757307,0.16010165184243966,0.17280813214739518,0.05082592121982211,0.09148665819567979,787,29,0.8561,0.5273,0.1188
2928802,1.0,0.031201248049921998,1.0,0.8736349453978159,1.0,0.015600624024960999,1.0,0.11700468018720749,0.21840873634945399,0.2714508580343214,0.0530421216848674,0.11700468018720749,641,25,0.7262,0.5332,0.165
2928901,1.0,0.16927899686520376,1.0,0.7272727272727273,0.7476489028213166,0.10188087774294671,0.9764890282131662,0.512539184952978,0.014106583072100314,0.014106583072100314,0.0,0.21630094043887146,638,26,0.7241,0.5846,0.0611
2928950,1.0,0.8472222222222222,1.0,0.9722222222222222,1.0,0.9722222222222222,0.9722222222222222,0.9305555555555556,0.75,0.75,0.0,0.9305555555555556,72,5,0.9549,0.9688,0.6076
2929008,1.0,0.4752475247524752,1.0,0.6633663366336634,1.0,0.5445544554455446,1.0,0.12871287128712872,0.39603960396039606,0.7326732673267327,0.5445544554455446,0.0,101,5,0.7847,0.6683,0.4183
2929057,1.0,0.0,1.0,0.8990825688073395,0.9128440366972477,0.1743119266055046,1.0,0.7431192660550459,0.8577981651376146,0.8577981651376146,0.6330275229357798,0.8073394495412844,218,7,0.7248,0.7076,0.789
2929107,1.0,0.5362318840579711,1.0,0.9903381642512077,1.0,0.8502415458937198,1.0,1.0,0.0,0.4830917874396135,0.4830917874396135,0.7439613526570048,207,12,0.8816,0.9626,0.4275
2929206,1.0,0.8016194331983806,1.0,1.0,0.7874493927125507,0.12348178137651822,0.9858299595141701,0.19433198380566802,0.2591093117408907,0.3724696356275304,0.23684210526315788,0.12348178137651822,494,24,0.9504,0.5228,0.248
2929255,1.0,0.0,1.0,0.9393939393939394,1.0,0.012987012987012988,0.987012987012987,0.36796536796536794,0.09956709956709957,0.6147186147186147,0.5151515151515151,0.22943722943722944,231,15,0.7348,0.592,0.3647
2929305,1.0,0.7647058823529411,1.0,1.0,0.983957219251337,0.008021390374331552,0.8823529411764706,0.22727272727272727,0.19786096256684493,0.19786096256684493,0.08823529411764706,0.0,374,13,0.9412,0.5254,0.121
2929354,1.0,0.9080459770114943,1.0,0.9195402298850575,0.9310344827586207,0.011494252873563218,0.9540229885057471,1.0,0.9080459770114943,0.9080459770114943,0.9080459770114943,0.9195402298850575,87,5,0.9569,0.7241,0.9109
2929370,1.0,0.7540983606557377,1.0,0.8770491803278688,0.9344262295081968,0.0,0.819672131147541,0.7540983606557377,0.3360655737704918,0.3360655737704918,0.0,0.3360655737704918,122,8,0.9078,0.627,0.252
2929404,1.0,0.0,1.0,0.8285714285714286,1.0,0.22857142857142856,0.9238095238095239,0.14285714285714285,0.0,0.02857142857142857,0.02857142857142857,0.14285714285714285,105,10,0.7071,0.5738,0.05
2929503,1.0,0.6338383838383839,1.0,0.9696969696969697,1.0,0.15656565656565657,0.9343434343434344,0.04292929292929293,0.40404040404040403,0.40404040404040403,0.09090909090909091,0.0,396,20,0.9009,0.5335,0.2247
2929602,0.9735449735449735,0.0,1.0,0.8624338624338624,1.0,0.010582010582010581,0.7248677248677249,0.05291005291005291,0.0,0.0,0.0,0.0,189,19,0.709,0.4471,0.0
2929701,1.0,0.24285714285714285,1.0,0.9523809523809523,1.0,0.5761904761904761,0.9238095238095239,0.2761904761904762,0.19047619047619047,0.20952380952380953,0.1619047619047619,0.0,210,20,0.7988,0.694,0.1405
2929750,1.0,0.5980392156862745,1.0,1.0,1.0,0.09803921568627451,1.0,0.5490196078431373,0.4215686274509804,0.4215686274509804,0.11764705882352941,0.09803921568627451,102,7,0.8995,0.6618,0.2647
2929800,0.8703703703703703,0.4537037037037037,1.0,1.0,1.0,0.3055555555555556,1.0,0.12037037037037036,0.4351851851851852,0.4351851851851852,0.0,0.0,108,6,0.831,0.6065,0.2176
2929909,1.0,0.058823529411764705,1.0,0.8823529411764706,0.8966131907308378,0.5632798573975044,0.839572192513369,0.5757575757575758,0.6078431372549019,0.6078431372549019,0.0,0.6506238859180036,561,20,0.7353,0.7188,0.4666
2930006,0.8507462686567164,0.0,1.0,0.835820895522388,0.9402985074626866,0.6492537313432836,0.9925373134328358,0.746268656716418,0.753731343283582,0.753731343283582,0.0,0.5597014925373134,134,14,0.6716,0.8321,0.5168
2930105,1.0,0.6848,1.0,0.9072,0.9984,0.3824,0.952,0.336,0.2352,0.4016,0.1664,0.056,625,36,0.898,0.6672,0.2148
2930154,0.9846678023850085,0.02385008517887564,1.0,0.4991482112436116,1.0,0.4190800681431005,0.9369676320272572,0.19931856899488926,0.2402044293015332,0.38841567291311757,0.31686541737649065,0.017035775127768313,587,32,0.6269,0.6388,0.2406
2930204,0.9786476868327402,0.28647686832740216,0.9839857651245552,0.8362989323843416,0.9590747330960854,0.45373665480427045,0.896797153024911,0.10142348754448399,0.47153024911032027,0.47153024911032027,0.06583629893238434,0.08540925266903915,562,44,0.7714,0.6028,0.2736
2930303,1.0,0.5177664974619289,1.0,0.868020304568528,1.0,0.15736040609137056,1.0,0.13705583756345177,0.7309644670050761,0.7309644670050761,0.0,0.5888324873096447,197,7,0.8464,0.5736,0.5127
2930402,1.0,0.19,1.0,0.94,1.0,0.08,0.88,0.73,0.47,0.585,0.505,0.0,200,14,0.7825,0.6725,0.39
2930501,0.9824780976220275,0.5406758448060075,1.0,0.8310387984981227,0.9624530663329162,0.09887359198998748,0.8585732165206508,0.22903629536921152,0.18773466833541927,0.21526908635794745,0.04505632040050062,0.04630788485607009,799,40,0.8385,0.5372,0.1236
2930600,1.0,0.0,1.0,0.9076923076923077,1.0,0.09230769230769231,1.0,0.12307692307692308,0.5923076923076923,0.9076923076923077,0.4076923076923077,0.5307692307692308,130,6,0.7269,0.5538,0.6096
2930709,1.0,0.8177744585511576,1.0,0.9559372666168783,0.9985063480209111,0.033607169529499624,1.0,0.41150112023898433,0.05078416728902166,0.339058999253174,0.2882748319641524,0.13965646004480955,1339,47,0.9434,0.6109,0.2044
2930758,1.0,0.46511627906976744,1.0,0.627906976744186,0.9534883720930233,0.03255813953488372,0.772093023255814,0.0,0.0,0.0,0.0,0.0,215,21,0.7733,0.4395,0.0
2930766,1.0,0.5916666666666667,1.0,0.9083333333333333,0.85,0.0,0.8166666666666667,0.24166666666666667,0.7833333333333333,0.7833333333333333,0.0,0.025,120,13,0.875,0.4771,0.3979
2930774,1.0,0.9262295081967213,1.0,0.9262295081967213,1.0,1.0,0.9808743169398907,0.994535519125683,0.25136612021857924,0.25136612021857924,0.25136612021857924,0.9508196721311475,366,11,0.9631,0.9939,0.4262
2930808,1.0,0.0,1.0,0.9253112033195021,1.0,0.44398340248962653,0.991701244813278,0.15352697095435686,0.27385892116182575,0.9377593360995851,0.6639004149377593,0.0,241,14,0.7313,0.6473,0.4689
2930907,1.0,0.0,1.0,0.4605263157894737,1.0,0.5394736842105263,1.0,0.631578947368421,0.17105263157894737,0.631578947368421,0.4605263157894737,0.0,152,10,0.6151,0.7928,0.3158
2931004,1.0,0.26141078838174275,0.995850622406639,0.6141078838174274,0.9875518672199171,0.04149377593360996,0.9875518672199171,0.13278008298755187,0.21161825726141079,0.21161825726141079,0.0,0.13278008298755187,241,17,0.7178,0.5373,0.139
2931053,1.0,0.0,1.0,0.8008474576271186,1.0,1.0,0.9279661016949152,0.8135593220338984,0.8177966101694916,0.8432203389830508,0.3940677966101695,0.3601694915254237,236,11,0.7002,0.9354,0.6038
2931103,1.0,0.8333333333333334,1.0,1.0,1.0,0.0,0.9111111111111111,0.07777777777777778,0.07777777777777778,0.9555555555555556,0.8777777777777778,0.044444444444444446,90,4,0.9583,0.4972,0.4889
2931202,0.8755186721991701,0.3278008298755187,1.0,0.5477178423236515,0.8879668049792531,0.0,0.8381742738589212,0.03319502074688797,0.03319502074688797,0.03319502074688797,0.0,0.0,241,36,0.6878,0.4398,0.0166
2931301,1.0,0.13114754098360656,1.0,0.8852459016393442,0.9453551912568307,0.01639344262295082,0.8797814207650273,0.40437158469945356,0.6721311475409836,0.6721311475409836,0.0,0.13114754098360656,183,15,0.7541,0.5615,0.3689
2931350,0.8712074303405573,0.8934984520123839,1.0,0.978328173374613,0.9702786377708978,0.1634674922600619,0.9814241486068112,0.9944272445820433,0.7065015479876161,0.8984520123839009,0.29473684210526313,0.006811145510835914,1615,31,0.9358,0.7774,0.4766
2931400,1.0,0.5,1.0,1.0,1.0,0.0,1.0,0.35714285714285715,0.0,0.5,0.5,0.0,70,3,0.875,0.5893,0.25
2931509,1.0,0.3068181818181818,1.0,1.0,1.0,0.4015151515151515,1.0,0.4053030303030303,0.0,0.3333333333333333,0.3333333333333333,0.0,264,11,0.8267,0.7017,0.1667
2931608,1.0,0.6744186046511628,1.0,0.772093023255814,0.7162790697674418,0.0,0.7395348837209302,0.5720930232558139,0.6837209302325581,0.6837209302325581,0.0,0.0,215,14,0.8616,0.507,0.3419
2931707,1.0,1.0,1.0,0.984375,0.9375,0.46875,0.640625,0.734375,0.0,0.25,0.25,0.453125,128,7,0.9961,0.6953,0.2383
2931806,0.5901639344262295,0.644808743169399,0.9617486338797814,0.5956284153005464,0.5846994535519126,0.45901639344262296,0.6666666666666666,0.6120218579234973,0.0,0.0,0.0,0.0,183,23,0.6981,0.5806,0.0
2931905,1.0,0.7265100671140939,1.0,0.8791946308724832,1.0,0.7281879194630873,0.9949664429530202,0.43288590604026844,0.3187919463087248,0.3338926174496644,0.015100671140939598,0.20973154362416108,596,35,0.9014,0.789,0.2194
2932002,1.0,0.41883116883116883,1.0,0.974025974025974,0.9967532467532467,0.9512987012987013,0.9415584415584416,0.0,0.14285714285714285,0.14285714285714285,0.0,0.0,308,19,0.8482,0.7224,0.0714
2932101,0.9015544041450777,0.5906735751295337,1.0,0.7409326424870466,0.9740932642487047,0.15544041450777202,0.9689119170984456,0.25906735751295334,0.37823834196891193,0.47668393782383417,0.13989637305699482,0.0,193,23,0.8083,0.5894,0.2487
2932200,0.7844827586206896,0.6810344827586207,1.0,0.9612068965517241,1.0,0.34913793103448276,0.9612068965517241,0.8362068965517241,0.0,0.0,0.0,0.3706896551724138,232,12,0.8567,0.7866,0.0927
2932309,1.0,0.8012422360248447,1.0,0.9440993788819876,1.0,0.37267080745341613,0.9503105590062112,0.06832298136645963,0.0,0.0,0.0,0.0,161,15,0.9363,0.5978,0.0
2932408,1.0,0.0,1.0,1.0,0.9612403100775194,0.5116279069767442,0.8992248062015504,0.37209302325581395,0.06201550387596899,0.06201550387596899,0.0,0.0,129,10,0.75,0.686,0.031
2932457,1.0,0.0,1.0,1.0,0.6649214659685864,0.6282722513089005,0.9319371727748691,0.581151832460733,0.45549738219895286,0.9319371727748691,0.47643979057591623,0.45549738219895286,191,6,0.75,0.7016,0.5798
2932507,1.0,0.3230769230769231,1.0,0.8884615384615384,0.7692307692307693,0.04230769230769231,0.926923076923077,0.65,0.057692307692307696,0.35,0.2923076923076923,0.24615384615384617,260,19,0.8029,0.5971,0.2365
2932606,1.0,0.6432432432432432,1.0,0.7567567567567568,1.0,0.6972972972972973,1.0,0.5027027027027027,0.1891891891891892,0.2810810810810811,0.0918918918918919,0.0,185,13,0.85,0.8,0.1405
2932705,1.0,0.7573770491803279,0.9868852459016394,0.7573770491803279,0.9540983606557377,0.2819672131147541,0.8262295081967214,0.5508196721311476,0.0,0.11147540983606558,0.11147540983606558,0.0,305,19,0.8754,0.6533,0.0557
2932804,1.0,0.0,1.0,0.9310344827586207,1.0,0.3505747126436782,1.0,0.3563218390804598,0.9310344827586207,0.9310344827586207,0.0,0.13793103448275862,174,9,0.7328,0.6767,0.5
2932903,0.975024975024975,0.6053946053946054,1.0,0.7362637362637363,0.948051948051948,0.15484515484515485,0.6703296703296703,0.1918081918081918,0.07892107892107893,0.14485514485514486,0.06593406593406594,0.23076923076923078,1001,91,0.8292,0.4913,0.1301
2933000,1.0,0.5751295336787565,1.0,0.9740932642487047,1.0,0.2694300518134715,0.9792746113989638,0.7150259067357513,0.07772020725388601,0.41450777202072536,0.33678756476683935,0.0,193,19,0.8873,0.7409,0.2073
2933059,1.0,0.2727272727272727,1.0,0.946969696969697,0.9545454545454546,0.0,0.9772727272727273,0.05303030303030303,0.06060606060606061,0.06060606060606061,0.0,0.0,132,7,0.8049,0.4962,0.0303
2933109,1.0,0.3225806451612903,1.0,1.0,1.0,0.16129032258064516,1.0,0.6774193548387096,0.0967741935483871,0.16129032258064516,0.06451612903225806,0.22580645161290322,62,4,0.8306,0.7097,0.1371
2933158,0.9375,0.7840909090909091,1.0,1.0,1.0,0.11363636363636363,1.0,0.17613636363636365,0.8125,0.8125,0.08522727272727272,0.11363636363636363,176,7,0.9304,0.5724,0.456
2933174,1.0,0.5769230769230769,1.0,1.0,1.0,0.33653846153846156,1.0,0.16346153846153846,0.0,0.0,0.0,0.16346153846153846,104,4,0.8942,0.625,0.0409
2933208,1.0,0.3372093023255814,1.0,1.0,0.9321705426356589,0.49806201550387597,0.9651162790697675,0.45930232558139533,0.06976744186046512,0.06976744186046512,0.06976744186046512,0.09108527131782945,516,24,0.8343,0.7137,0.0751
2933257,1.0,0.9150943396226415,1.0,0.9245283018867925,0.9905660377358491,0.0,0.9905660377358491,0.0,0.1509433962264151,0.1509433962264151,0.0,0.0,106,8,0.9599,0.4953,0.0755
2933307,0.9739612188365651,0.6875346260387811,1.0,0.9767313019390582,0.9822714681440443,0.13434903047091412,0.8274238227146814,0.32271468144044324,0.23074792243767314,0.4950138504155125,0.3778393351800554,0.007479224376731302,3610,101,0.9096,0.5667,0.2778
2933406,0.803921568627451,0.0,1.0,1.0,1.0,0.0,1.0,1.0,0.0,0.0,0.0,0.0,102,5,0.701,0.75,0.0
2933455,1.0,0.41379310344827586,1.0,0.6009852216748769,1.0,0.6847290640394089,0.9064039408866995,0.3645320197044335,0.10837438423645321,0.24630541871921183,0.19704433497536947,0.019704433497536946,203,18,0.7537,0.7389,0.1429
2933505,0.5088757396449705,0.5976331360946746,1.0,0.772189349112426,0.9822485207100592,0.6923076923076923,0.6035502958579881,0.16272189349112426,0.3224852071005917,0.3224852071005917,0.0,0.0,338,34,0.7197,0.6102,0.1612
2933604,1.0,0.2986111111111111,0.9125,0.6847222222222222,0.8486111111111111,0.5472222222222223,0.7569444444444444,0.47638888888888886,0.45694444444444443,0.5388888888888889,0.08194444444444444,0.0,720,84,0.724,0.6573,0.2694
3100104,1.0,0.8428571428571429,1.0,1.0,0.9571428571428572,0.0,0.8428571428571429,0.0,0.11428571428571428,0.11428571428571428,0.0,0.0,70,3,0.9607,0.45,0.0571
3100203,1.0,1.0,1.0,1.0,1.0,0.5533980582524272,1.0,0.7912621359223301,0.7912621359223301,0.7912621359223301,0.0,0.7912621359223301,206,6,1.0,0.8362,0.5934
3100302,0.9710144927536232,0.855072463768116,1.0,0.9565217391304348,0.9855072463768116,0.2608695652173913,0.9710144927536232,0.7463768115942029,0.7463768115942029,0.9347826086956522,0.18840579710144928,0.7463768115942029,138,11,0.9457,0.7409,0.654
3100401,1.0,1.0,1.0,1.0,1.0,0.6764705882352942,1.0,1.0,0.0,0.3235294117647059,0.3235294117647059,0.6764705882352942,34,2,1.0,0.9191,0.3309
3100500,1.0,0.9272727272727272,1.0,0.5909090909090909,1.0,0.5454545454545454,1.0,1.0,0.5272727272727272,0.5272727272727272,0.0,0.5545454545454546,110,13,0.8795,0.8864,0.4023
3100609,1.0,0.7028571428571428,1.0,0.7028571428571428,0.92,0.36,0.88,0.6457142857142857,0.7828571428571428,0.7828571428571428,0.0,0.5828571428571429,175,17,0.8514,0.7014,0.5371
3100708,1.0,1.0,1.0,1.0,1.0,0.0,1.0,0.0,1.0,1.0,1.0,0.0,25,1,1.0,0.5,0.75
3100807,1.0,1.0,1.0,1.0,0.9583333333333334,0.0,0.9583333333333334,0.0,0.9583333333333334,0.9583333333333334,0.0,0.0,48,3,1.0,0.4792,0.4792
3100906,1.0,0.8340080971659919,1.0,0.8340080971659919,0.9311740890688259,0.5141700404858299,0.9473684210526315,0.8502024291497976,0.854251012145749,0.854251012145749,0.0,0.8340080971659919,247,11,0.917,0.8107,0.6356
3101003,1.0,0.7622377622377622,1.0,0.9020979020979021,0.972027972027972,0.43356643356643354,0.8951048951048951,0.7902097902097902,0.9020979020979021,0.9020979020979021,0.0,0.7902097902097902,143,8,0.9161,0.7727,0.6486
3101102,1.0,0.9525691699604744,1.0,0.9051383399209486,0.9525691699604744,0.6086956521739131,0.9723320158102767,0.758893280632411,0.6363636363636364,0.841897233201581,0.20553359683794467,0.7035573122529645,253,18,0.9644,0.8231,0.5968
3101201,1.0,0.8695652173913043,1.0,0.8695652173913043,1.0,0.0,1.0,0.13043478260869565,1.0,1.0,0.0,0.0,46,2,0.9348,0.5326,0.5
3101300,1.0,1.0,1.0,1.0,1.0,1.0,1.0,1.0,1.0,1.0,0.0,0.0,25,1,1.0,1.0,0.5
3101409,1.0,1.0,1.0,1.0,1.0,0.0,1.0,0.0,0.0,1.0,1.0,0.0,38,1,1.0,0.5,0.5
3101508,1.0,1.0,1.0,1.0,1.0,0.26605504587155965,1.0,0.5351681957186545,0.908256880733945,0.963302752293578,0.4984709480122324,0.654434250764526,327,9,1.0,0.7003,0.7561
3101607,1.0,0.9461426491994177,1.0,1.0,1.0,0.745269286754003,1.0,0.8093158660844251,0.992721979621543,0.992721979621543,0.11790393013100436,0.6026200873362445,687,12,0.9865,0.8886,0.6765
3101631,1.0,1.0,1.0,1.0,1.0,1.0,1.0,1.0,0.9047619047619048,0.9047619047619048,0.10714285714285714,0.9047619047619048,84,3,1.0,1.0,0.7054
3101706,0.9940357852882704,0.9065606361829026,1.0,0.9065606361829026,1.0,0.15109343936381708,0.9264413518886679,0.6779324055666004,0.9065606361829026,0.9065606361829026,0.2544731610337972,0.34592445328031807,503,21,0.9518,0.6889,0.6034
3101805,1.0,0.9397590361445783,1.0,0.9397590361445783,0.9879518072289156,0.10843373493975904,0.9879518072289156,0.10843373493975904,0.891566265060241,1.0,0.4819277108433735,0.4819277108433735,83,6,0.9699,0.5482,0.7139
3101904,1.0,0.9840425531914894,1.0,0.9840425531914894,1.0,0.0,1.0,0.9308510638297872,0.5053191489361702,0.574468085106383,0.574468085106383,0.0,188,6,0.992,0.7327,0.4136
3102001,1.0,1.0,1.0,1.0,1.0,1.0,1.0,1.0,0.5592105263157895,1.0,0.5592105263157895,1.0,152,3,1.0,1.0,0.7796
3102050,1.0,1.0,1.0,1.0,1.0,0.0,1.0,0.4666666666666667,1.0,1.0,0.0,0.0,90,2,1.0,0.6167,0.5
3102100,1.0,0.95,1.0,1.0,0.85,0.76,0.85,0.85,0.87,0.87,0.0,0.85,100,6,0.9875,0.8275,0.6475
3102209,1.0,0.2909090909090909,1.0,0.8545454545454545,1.0,0.2909090909090909,0.43636363636363634,0.43636363636363634,0.2909090909090909,0.45454545454545453,0.16363636363636364,0.2909090909090909,55,5,0.7864,0.5409,0.3
3102308,1.0,0.9401709401709402,1.0,1.0,0.9829059829059829,0.905982905982906,0.9829059829059829,0.9829059829059829,0.9230769230769231,1.0,0.07692307692307693,0.9829059829059829,117,6,0.985,0.9637,0.7457
3102407,1.0,0.6610169491525424,1.0,1.0,1.0,0.0,1.0,0.5254237288135594,0.6610169491525424,1.0,0.3389830508474576,0.4915254237288136,59,5,0.9153,0.6314,0.6229
3102506,1.0,1.0,1.0,1.0,1.0,0.0,0.8813559322033898,0.0,1.0,1.0,0.0,0.13559322033898305,59,3,1.0,0.4703,0.5339
3102605,1.0,0.8823529411764706,1.0,1.0,1.0,1.0,1.0,0.3700980392156863,0.3480392156862745,0.3480392156862745,0.11029411764705882,0.47549019607843135,408,9,0.9706,0.8425,0.3205
3102704,0.6355140186915887,0.6448598130841121,1.0,0.9626168224299065,1.0,0.06542056074766354,0.9345794392523364,0.037383177570093455,0.5327102803738317,0.5327102803738317,0.0,0.0,107,7,0.8107,0.5093,0.2664
3102803,1.0,1.0,1.0,1.0,1.0,1.0,1.0,1.0,1.0,1.0,0.34375,0.65625,96,2,1.0,1.0,0.75
3102852,1.0,1.0,1.0,1.0,1.0,0.0,1.0,0.0,0.0,0.0,0.0,0.0,101,1,1.0,0.5,0.0
3102902,1.0,0.6116504854368932,1.0,0.8155339805825242,0.9514563106796117,0.44660194174757284,1.0,0.8640776699029126,0.6116504854368932,0.6116504854368932,0.0,0.6796116504854369,103,9,0.8568,0.8155,0.4757
3103009,1.0,0.8503937007874016,1.0,0.7086614173228346,1.0,0.48031496062992124,0.48031496062992124,0.48031496062992124,0.5669291338582677,0.6614173228346457,0.18110236220472442,0.48031496062992124,127,15,0.8898,0.6102,0.4724
3103108,1.0,1.0,1.0,1.0,1.0,0.8235294117647058,1.0,0.8235294117647058,0.8235294117647058,0.8235294117647058,0.0,0.8235294117647058,17,2,1.0,0.9118,0.6176
3103207,1.0,1.0,1.0,1.0,1.0,1.0,1.0,1.0,0.0,1.0,1.0,0.0,26,1,1.0,1.0,0.5
3103306,1.0,1.0,1.0,1.0,1.0,1.0,1.0,1.0,1.0,1.0,0.0,1.0,15,1,1.0,1.0,0.75
3103405,1.0,0.8312342569269522,1.0,0.8312342569269522,0.9974811083123426,0.6347607052896725,0.9622166246851386,0.9395465994962217,0.8916876574307305,0.8916876574307305,0.0,0.6599496221662469,397,24,0.9156,0.8835,0.6108
3103504,1.0,0.922077922077922,1.0,1.0,1.0,0.7670995670995671,1.0,1.0,0.4597402597402597,0.9809523809523809,0.6571428571428571,1.0,1155,25,0.9805,0.9418,0.7745
3103603,1.0,1.0,1.0,1.0,1.0,0.0,1.0,0.0,0.0,0.0,0.0,0.0,30,1,1.0,0.5,0.0
3103702,1.0,0.4673913043478261,1.0,1.0,1.0,0.4673913043478261,1.0,0.8695652173913043,0.4673913043478261,0.5543478260869565,0.08695652173913043,0.4673913043478261,92,8,0.8668,0.8342,0.394
3103751,1.0,1.0,1.0,1.0,1.0,1.0,1.0,1.0,1.0,1.0,1.0,1.0,123,1,1.0,1.0,1.0
3103801,1.0,1.0,1.0,1.0,1.0,1.0,1.0,1.0,1.0,1.0,0.0,1.0,19,1,1.0,1.0,0.75
3103900,1.0,1.0,1.0,1.0,1.0,1.0,1.0,0.0,1.0,1.0,0.4077669902912621,1.0,103,2,1.0,0.75,0.8519
3104007,1.0,0.9654112221368178,1.0,1.0,1.0,0.8370484242890085,1.0,0.9654112221368178,0.9884704073789393,1.0,0.388162951575711,0.8639508070714835,1301,21,0.9914,0.9506,0.8101
3104106,1.0,1.0,1.0,1.0,1.0,0.5056179775280899,1.0,1.0,1.0,1.0,0.0,1.0,89,2,1.0,0.8764,0.75
3104205,1.0,0.9854014598540146,1.0,1.0,1.0,0.0,1.0,0.0827250608272506,1.0,1.0,0.0,0.0,411,10,0.9964,0.5207,0.5
3104304,1.0,1.0,1.0,1.0,1.0,0.23636363636363636,1.0,1.0,0.0,0.48484848484848486,0.48484848484848486,0.8242424242424242,165,4,1.0,0.8091,0.4485
3104403,1.0,1.0,1.0,1.0,1.0,0.0,1.0,1.0,1.0,1.0,0.0,1.0,30,1,1.0,0.75,0.75
3104452,0.9076923076923077,0.9076923076923077,1.0,0.9076923076923077,0.9538461538461539,0.35384615384615387,1.0,0.3076923076923077,0.3076923076923077,0.9076923076923077,0.6,0.3076923076923077,65,4,0.9308,0.6538,0.5308
3104502,1.0,0.5155555555555555,1.0,0.84,0.9688888888888889,0.84,1.0,0.9111111111111111,0.8888888888888888,0.92,0.06222222222222222,0.8355555555555556,225,10,0.8389,0.93,0.6767
3104601,1.0,1.0,1.0,1.0,1.0,0.0,0.9104477611940298,0.9104477611940298,0.5298507462686567,0.5298507462686567,0.0,0.0,134,3,1.0,0.7052,0.2649
3104700,0.8616352201257862,0.9371069182389937,1.0,0.9182389937106918,1.0,0.6918238993710691,0.9937106918238994,0.9371069182389937,0.7484276729559748,0.7484276729559748,0.0,0.1949685534591195,159,7,0.9292,0.9057,0.423
3104809,1.0,0.0,1.0,1.0,1.0,1.0,1.0,1.0,1.0,1.0,0.0,1.0,50,1,0.75,1.0,0.75
3104908,0.9642857142857143,0.9017857142857143,1.0,1.0,1.0,0.9732142857142857,0.9553571428571429,1.0,0.8214285714285714,0.8214285714285714,0.0,0.9553571428571429,112,8,0.9665,0.9821,0.6496
3105004,1.0,0.8518518518518519,1.0,1.0,0.9012345679012346,0.7037037037037037,1.0,0.9012345679012346,0.8024691358024691,0.9012345679012346,0.09876543209876543,0.9012345679012346,81,6,0.963,0.8765,0.6759
3105103,1.0,0.9611111111111111,1.0,0.9611111111111111,1.0,0.3,1.0,0.46111111111111114,0.8333333333333334,0.8333333333333334,0.2777777777777778,0.46111111111111114,180,7,0.9806,0.6903,0.6014
3105202,1.0,0.9666666666666667,1.0,0.9666666666666667,1.0,1.0,1.0,1.0,0.26666666666666666,0.26666666666666666,0.0,0.0,30,3,0.9833,1.0,0.1333
3105301,1.0,1.0,1.0,1.0,1.0,1.0,1.0,1.0,0.0,0.0,0.0,1.0,88,1,1.0,1.0,0.25
3105400,1.0,0.9918478260869565,1.0,1.0,1.0,0.25815217391304346,1.0,0.7581521739130435,0.391304347826087,0.6358695652173914,0.41847826086956524,0.33967391304347827,368,10,0.998,0.7541,0.4463
3105509,1.0,1.0,1.0,1.0,1.0,0.0,1.0,0.0,0.0,0.0,0.0,0.0,53,4,1.0,0.5,0.0
3105608,0.9899193548387096,0.969758064516129,0.9506048387096774,1.0,1.0,0.4747983870967742,1.0,0.7056451612903226,0.5534274193548387,0.844758064516129,0.44455645161290325,0.4213709677419355,992,32,0.9776,0.7951,0.566
3105707,1.0,0.8541666666666666,1.0,0.2916666666666667,0.9375,0.8541666666666666,0.875,0.8541666666666666,0.875,0.875,0.7708333333333334,0.10416666666666667,48,8,0.7865,0.8802,0.6562
3105905,1.0,1.0,1.0,1.0,1.0,0.21739130434782608,1.0,0.907608695652174,1.0,1.0,0.3695652173913043,0.907608695652174,184,7,1.0,0.7812,0.8193
3106002,1.0,1.0,1.0,1.0,1.0,0.19736842105263158,0.6052631578947368,0.19736842105263158,0.19736842105263158,0.5921052631578947,0.39473684210526316,0.19736842105263158,76,3,1.0,0.5,0.3454
3106101,1.0,1.0,1.0,1.0,1.0,0.2112676056338028,1.0,0.2112676056338028,0.2112676056338028,0.2112676056338028,0.0,0.2112676056338028,71,2,1.0,0.6056,0.1585
3106200,1.0,1.0,1.0,1.0,1.0,0.8922670509125841,0.9975984630163305,0.5840057636887608,0.9920749279538905,0.9920749279538905,0.09500480307396734,0.8693563880883766,20820,279,1.0,0.8685,0.7371
3106309,1.0,0.9716981132075472,0.660377358490566,1.0,1.0,0.6257861635220126,1.0,0.46226415094339623,1.0,1.0,0.0,0.8742138364779874,318,6,0.908,0.772,0.7186
3106408,1.0,0.8888888888888888,1.0,1.0,0.8444444444444444,0.6,0.9,0.7,0.8444444444444444,0.9,0.3,0.7111111111111111,90,6,0.9722,0.7611,0.6889
3106507,1.0,0.6853932584269663,1.0,0.7415730337078652,0.9550561797752809,0.9550561797752809,0.8539325842696629,0.8539325842696629,0.7865168539325843,0.7865168539325843,0.47191011235955055,0.8089887640449438,89,13,0.8567,0.9045,0.7135
3106606,1.0,0.4782608695652174,1.0,0.4782608695652174,0.9782608695652174,0.0,1.0,0.10869565217391304,0.4782608695652174,0.4782608695652174,0.0,0.10869565217391304,92,4,0.7391,0.5217,0.2663
3106655,1.0,0.6779661016949152,1.0,1.0,1.0,0.0,1.0,0.3220338983050847,0.0,0.6779661016949152,0.6779661016949152,0.3220338983050847,59,3,0.9195,0.5805,0.4195
3106705,1.0,0.9391012179756405,1.0,1.0,1.0,0.7895842083158336,1.0,0.875682486350273,0.7866442671146577,0.7866442671146577,0.03611927761444771,0.5724485510289794,4762,66,0.9848,0.9163,0.5455
3106804,1.0,1.0,1.0,1.0,0.5151515151515151,0.0,0.696969696969697,0.5151515151515151,0.696969696969697,0.9393939393939394,0.42424242424242425,0.5151515151515151,33,5,1.0,0.4318,0.6439
3106903,1.0,1.0,1.0,1.0,1.0,1.0,1.0,1.0,0.7678571428571429,1.0,0.7857142857142857,1.0,112,4,1.0,1.0,0.8884
3107000,1.0,0.0,1.0,1.0,1.0,0.0,1.0,1.0,1.0,1.0,1.0,1.0,25,1,0.75,0.75,1.0
3107109,1.0,0.89501312335958,1.0,1.0,1.0,0.7060367454068242,1.0,0.979002624671916,1.0,1.0,0.47244094488188976,0.979002624671916,381,9,0.9738,0.9213,0.8629
3107208,1.0,0.6511627906976745,1.0,1.0,1.0,0.13953488372093023,0.9534883720930233,0.8604651162790697,0.09302325581395349,0.09302325581395349,0.09302325581395349,0.5581395348837209,43,4,0.9128,0.7384,0.2093
3107307,1.0,0.8810344827586207,1.0,0.9482758620689655,1.0,0.5982758620689655,0.9896551724137931,0.8689655172413793,0.9844827586206897,0.9844827586206897,0.0,0.8310344827586207,580,20,0.9573,0.8642,0.7
3107406,1.0,1.0,0.9050387596899225,1.0,1.0,0.6724806201550387,1.0,0.7461240310077519,1.0,1.0,0.29457364341085274,1.0,516,10,0.9763,0.8547,0.8236
3107505,1.0,1.0,1.0,1.0,1.0,0.0898876404494382,1.0,0.0898876404494382,0.9101123595505618,0.9101123595505618,0.0,0.0,89,2,1.0,0.5449,0.4551
3107604,1.0,1.0,1.0,1.0,1.0,1.0,1.0,1.0,1.0,1.0,0.0,1.0,50,1,1.0,1.0,0.75
3107703,1.0,1.0,1.0,1.0,1.0,0.2054794520547945,1.0,1.0,1.0,1.0,0.0,1.0,73,2,1.0,0.8014,0.75
3107802,1.0,0.9629629629629629,1.0,0.9629629629629629,1.0,0.6772486772486772,1.0,0.9629629629629629,0.6772486772486772,1.0,0.3333333333333333,0.7142857142857143,189,6,0.9815,0.9101,0.6812
3107901,1.0,1.0,1.0,1.0,1.0,0.8690476190476191,0.9285714285714286,0.9285714285714286,0.9285714285714286,0.9285714285714286,0.8690476190476191,0.8690476190476191,168,4,1.0,0.9315,0.8988
3108008,1.0,0.9430379746835443,1.0,1.0,0.9746835443037974,0.6392405063291139,1.0,0.8670886075949367,0.33544303797468356,1.0,1.0,0.810126582278481,158,7,0.9858,0.8703,0.7864
3108107,1.0,1.0,1.0,0.8873239436619719,0.9154929577464789,0.0,0.8028169014084507,0.0,1.0,1.0,0.11267605633802817,0.08450704225352113,71,3,0.9718,0.4296,0.5493
3108206,1.0,0.9027777777777778,1.0,0.9027777777777778,1.0,1.0,0.9027777777777778,0.9027777777777778,1.0,1.0,0.0,0.20833333333333334,72,3,0.9514,0.9514,0.5521
3108255,1.0,0.0,1.0,0.49264705882352944,0.8529411764705882,0.8308823529411765,0.7941176470588235,0.9117647058823529,0.5882352941176471,0.625,0.4485294117647059,0.9117647058823529,136,15,0.6232,0.8474,0.6434
3108305,1.0,1.0,1.0,1.0,1.0,0.6535947712418301,1.0,0.6535947712418301,1.0,1.0,0.06535947712418301,0.6535947712418301,153,5,1.0,0.8268,0.6797
3108404,1.0,0.9056603773584906,1.0,1.0,0.9685534591194969,0.9245283018867925,0.9685534591194969,0.9245283018867925,0.9056603773584906,0.9056603773584906,0.4088050314465409,0.8930817610062893,159,7,0.9764,0.9465,0.7783
3108503,1.0,0.6666666666666666,1.0,0.9259259259259259,0.9444444444444444,0.9444444444444444,0.9444444444444444,0.9259259259259259,0.9259259259259259,0.9259259259259259,0.0,0.9259259259259259,54,7,0.8981,0.9398,0.6944
3108552,1.0,0.4024896265560166,1.0,0.995850622406639,1.0,0.0,1.0,0.4066390041493776,1.0,1.0,0.0,0.4066390041493776,241,3,0.8496,0.6017,0.6017
3108602,1.0,0.6925133689839572,1.0,0.9090909090909091,0.9946524064171123,0.8342245989304813,1.0,0.8475935828877005,0.946524064171123,0.9545454545454546,0.045454545454545456,0.7647058823529411,374,17,0.9004,0.9191,0.6778
3108701,1.0,1.0,1.0,1.0,0.8297872340425532,0.0,1.0,0.8297872340425532,0.0,1.0,1.0,1.0,47,2,1.0,0.6649,0.75
3108800,1.0,0.9333333333333333,1.0,1.0,1.0,0.1111111111111111,1.0,0.1111111111111111,1.0,1.0,0.0,0.1111111111111111,45,3,0.9833,0.5556,0.5278
3108909,1.0,1.0,1.0,1.0,1.0,0.7908496732026143,1.0,0.8954248366013072,0.0,0.7908496732026143,0.7908496732026143,0.7908496732026143,153,6,1.0,0.9216,0.5931
3109006,1.0,0.6625,1.0,1.0,1.0,0.39166666666666666,1.0,0.23541666666666666,0.875,0.8895833333333333,0.07916666666666666,0.5833333333333334,480,12,0.9156,0.6568,0.6068
3109105,1.0,0.8737864077669902,1.0,1.0,1.0,0.8737864077669902,1.0,1.0,0.0,1.0,1.0,0.8737864077669902,103,2,0.9684,0.9684,0.7184
3109204,1.0,0.9439252336448598,1.0,0.5046728971962616,1.0,0.018691588785046728,1.0,0.5233644859813084,0.48598130841121495,1.0,1.0,0.0,107,5,0.8621,0.6355,0.6215
3109253,1.0,0.6458333333333334,1.0,1.0,1.0,0.0,0.6458333333333334,0.0,0.6458333333333334,0.6458333333333334,0.0,0.0,48,2,0.9115,0.4115,0.3229
3109303,1.0,0.47230320699708456,1.0,0.8717201166180758,1.0,0.1282798833819242,1.0,0.5597667638483965,0.9008746355685131,0.9300291545189504,0.029154518950437316,0.24198250728862974,343,16,0.836,0.672,0.5255
3109402,1.0,0.045307443365695796,1.0,0.889967637540453,0.9838187702265372,0.0,0.9741100323624595,0.5825242718446602,0.5210355987055016,0.5339805825242718,0.012944983818770227,0.5922330097087378,309,13,0.7338,0.6351,0.415
3109451,1.0,0.0,1.0,1.0,1.0,0.0,1.0,0.4875,1.0,1.0,0.0,0.4875,80,2,0.75,0.6219,0.6219
3109501,1.0,0.896551724137931,1.0,1.0,1.0,0.75,1.0,1.0,0.896551724137931,0.896551724137931,0.0,1.0,116,5,0.9741,0.9375,0.6983
3109600,1.0,1.0,1.0,1.0,1.0,1.0,1.0,1.0,1.0,1.0,1.0,1.0,36,1,1.0,1.0,1.0
3109709,1.0,1.0,1.0,1.0,1.0,0.8156028368794326,1.0,1.0,0.9078014184397163,1.0,0.09219858156028368,1.0,141,3,1.0,0.9539,0.75
3109808,1.0,1.0,1.0,1.0,1.0,0.0,1.0,1.0,1.0,1.0,0.0,0.0,27,1,1.0,0.75,0.5
3109907,1.0,0.7279411764705882,1.0,1.0,1.0,1.0,1.0,1.0,1.0,1.0,0.0,0.21323529411764705,136,4,0.932,1.0,0.5533
3110004,1.0,0.9508196721311475,1.0,1.0,0.9836065573770492,0.550351288056206,0.9836065573770492,0.7564402810304449,0.4496487119437939,0.7494145199063232,0.3091334894613583,0.4707259953161593,427,14,0.9877,0.8185,0.4947
3110103,1.0,0.5522388059701493,1.0,1.0,0.44776119402985076,0.0,0.44776119402985076,0.0,0.44776119402985076,0.5223880597014925,0.5223880597014925,0.44776119402985076,67,8,0.8881,0.2239,0.4851
3110202,1.0,1.0,1.0,1.0,1.0,1.0,1.0,1.0,0.8421052631578947,1.0,1.0,1.0,38,3,1.0,1.0,0.9605
3110301,1.0,0.9464285714285714,1.0,0.9821428571428571,0.9821428571428571,0.1130952380952381,1.0,0.7857142857142857,0.75,0.7678571428571429,0.13095238095238096,0.7857142857142857,168,7,0.9821,0.7202,0.6086
3110400,1.0,1.0,1.0,1.0,1.0,1.0,1.0,1.0,1.0,1.0,0.0,1.0,23,1,1.0,1.0,0.75
3110509,1.0,0.9581881533101045,1.0,1.0,1.0,0.0,1.0,0.8118466898954704,1.0,1.0,0.14634146341463414,0.7073170731707317,287,4,0.9895,0.703,0.7134
3110608,1.0,0.9685534591194969,1.0,1.0,1.0,0.7515723270440252,1.0,0.7515723270440252,0.0,0.9371069182389937,0.9371069182389937,0.6886792452830188,318,8,0.9921,0.8758,0.6407
3110707,1.0,0.8321167883211679,1.0,1.0,1.0,0.7737226277372263,1.0,1.0,0.22627737226277372,1.0,0.7737226277372263,1.0,137,5,0.958,0.9434,0.75
3110806,1.0,1.0,1.0,1.0,1.0,0.0,1.0,1.0,0.0,0.0,0.0,0.0,34,2,1.0,0.75,0.0
3110905,1.0,0.975,1.0,1.0,1.0,1.0,0.975,1.0,0.0,1.0,1.0,1.0,160,2,0.9938,0.9938,0.75
3111002,1.0,0.6908212560386473,1.0,1.0,1.0,0.9806763285024155,0.9806763285024155,0.9420289855072463,0.9420289855072463,0.9420289855072463,0.4444444444444444,0.9420289855072463,207,7,0.9227,0.9758,0.8176
3111101,1.0,0.831081081081081,1.0,0.831081081081081,1.0,0.6283783783783784,1.0,0.6283783783783784,0.6283783783783784,1.0,0.3716216216216216,0.0,148,5,0.9155,0.8142,0.5
3111150,1.0,0.0,1.0,0.9487179487179487,1.0,0.0,0.9487179487179487,0.0,0.3333333333333333,0.3333333333333333,0.0,0.0,39,4,0.7372,0.4872,0.1667
3111200,1.0,0.9936708860759493,1.0,1.0,1.0,0.9789029535864979,1.0,0.9852320675105485,0.0,0.9641350210970464,0.9641350210970464,0.9789029535864979,474,9,0.9984,0.991,0.7268
3111309,1.0,1.0,1.0,1.0,1.0,0.5726495726495726,1.0,1.0,0.9316239316239316,1.0,0.06837606837606838,0.5726495726495726,117,4,1.0,0.8932,0.6432
3111408,1.0,0.8765432098765432,1.0,0.9012345679012346,1.0,1.0,0.9753086419753086,0.8765432098765432,0.9753086419753086,0.9753086419753086,0.0,0.8765432098765432,162,3,0.9444,0.963,0.7068
3111507,1.0,0.950354609929078,1.0,0.950354609929078,1.0,0.950354609929078,1.0,0.950354609929078,1.0,1.0,0.0,0.16312056737588654,141,3,0.9752,0.9752,0.5408
3111606,1.0,0.8692307692307693,1.0,0.9076923076923077,1.0,0.19230769230769232,1.0,0.23846153846153847,0.9538461538461539,0.9538461538461539,0.0,0.19230769230769232,260,8,0.9442,0.6077,0.525
3111705,0.4489795918367347,0.4489795918367347,1.0,1.0,1.0,0.4489795918367347,1.0,1.0,0.4489795918367347,0.673469387755102,0.22448979591836735,0.4489795918367347,49,4,0.7245,0.8622,0.449
3111804,1.0,1.0,1.0,1.0,1.0,0.24,1.0,0.24,0.45,0.45,0.45,0.24,100,3,1.0,0.62,0.3975
3111903,1.0,1.0,1.0,1.0,1.0,0.0,0.0,0.0,0.0,0.0,0.0,0.0,52,1,1.0,0.25,0.0
3112000,1.0,0.9327731092436975,1.0,0.9327731092436975,1.0,0.9663865546218487,0.9663865546218487,0.9327731092436975,0.8739495798319328,0.9411764705882353,0.06722689075630252,0.0,119,4,0.9664,0.9664,0.4706
3112059,1.0,0.7857142857142857,1.0,0.7857142857142857,0.16071428571428573,0.0,0.9107142857142857,0.125,0.0,0.125,0.125,0.0,56,4,0.8929,0.2991,0.0625
3112109,1.0,0.53125,1.0,1.0,1.0,0.734375,1.0,0.734375,0.46875,1.0,0.734375,0.734375,64,3,0.8828,0.8672,0.7344
3112208,1.0,0.7551020408163265,1.0,1.0,0.9795918367346939,0.061224489795918366,1.0,0.9387755102040817,0.0,0.0,0.0,0.8367346938775511,49,6,0.9388,0.7449,0.2092
3112307,0.9867172675521821,0.8747628083491461,1.0,0.889943074003795,0.8956356736242884,0.396584440227704,0.5426944971537002,0.6963946869070209,0.8861480075901328,0.8861480075901328,0.0,0.3567362428842505,527,19,0.9379,0.6328,0.5323
3112406,1.0,1.0,1.0,1.0,1.0,1.0,1.0,1.0,1.0,1.0,0.0,1.0,111,2,1.0,1.0,0.75
3112505,1.0,0.5846153846153846,1.0,1.0,1.0,0.2692307692307692,1.0,0.3153846153846154,0.2692307692307692,0.5384615384615384,0.5384615384615384,0.0,130,5,0.8962,0.6462,0.3365
3112604,1.0,1.0,1.0,1.0,1.0,1.0,1.0,1.0,1.0,1.0,0.0,1.0,154,3,1.0,1.0,0.75
3112653,1.0,1.0,1.0,1.0,1.0,0.0,1.0,0.851063829787234,0.851063829787234,0.851063829787234,0.851063829787234,0.851063829787234,47,2,1.0,0.7128,0.8511
3112703,1.0,0.7607361963190185,1.0,0.7607361963190185,1.0,0.0,1.0,0.7300613496932515,1.0,1.0,0.39263803680981596,0.39263803680981596,163,6,0.8804,0.6825,0.6963
3112802,0.9166666666666666,0.8666666666666667,1.0,1.0,1.0,0.525,0.9166666666666666,0.525,0.8666666666666667,0.95,0.08333333333333333,0.39166666666666666,120,4,0.9458,0.7417,0.5729
3112901,1.0,0.8515625,1.0,0.8515625,0.859375,0.0,0.8515625,0.6484375,0.3671875,0.8515625,0.484375,0.0,128,8,0.9258,0.5898,0.4258
3113008,1.0,0.7714285714285715,1.0,0.8204081632653061,0.9591836734693877,0.5183673469387755,0.8122448979591836,0.636734693877551,0.7020408163265306,0.7020408163265306,0.0,0.5673469387755102,245,21,0.898,0.7316,0.4929
3113107,1.0,0.5,1.0,0.0,1.0,0.0,1.0,0.0,0.0,0.5,0.5,0.0,26,4,0.625,0.5,0.25
3113206,1.0,1.0,1.0,1.0,1.0,0.6244897959183674,1.0,0.8204081632653061,0.5183673469387755,0.9387755102040817,0.6693877551020408,0.6204081632653061,245,10,1.0,0.8612,0.6867
3113305,1.0,0.8344827586206897,1.0,0.9758620689655172,0.9758620689655172,0.5586206896551724,1.0,0.9758620689655172,0.6689655172413793,0.6689655172413793,0.1793103448275862,0.5862068965517241,290,12,0.9526,0.8776,0.5259
3113404,1.0,0.9408960915157293,1.0,0.9408960915157293,0.996186844613918,0.30028598665395617,1.0,0.30028598665395617,0.14966634890371783,0.18303145853193517,0.03336510962821735,0.3574833174451859,1049,27,0.9704,0.6492,0.1809
3113503,1.0,0.8811881188118812,1.0,0.9405940594059405,1.0,0.0891089108910891,1.0,0.9306930693069307,0.09900990099009901,0.09900990099009901,0.0297029702970297,0.0594059405940594,101,6,0.9554,0.755,0.0718
3113602,1.0,1.0,1.0,1.0,1.0,1.0,1.0,1.0,0.0,1.0,1.0,0.0,82,1,1.0,1.0,0.5
3113701,1.0,0.8149779735682819,1.0,0.8766519823788547,1.0,0.0,0.9251101321585903,0.2907488986784141,0.8502202643171806,0.8502202643171806,0.0,0.0,227,10,0.9229,0.554,0.4251
3113800,0.8333333333333334,0.6111111111111112,1.0,1.0,1.0,0.8333333333333334,1.0,0.8333333333333334,0.7222222222222222,0.7222222222222222,0.6111111111111112,0.7222222222222222,36,4,0.8611,0.9167,0.6944
3113909,1.0,0.927536231884058,1.0,0.927536231884058,1.0,0.0,1.0,0.4420289855072464,0.9057971014492754,0.927536231884058,0.4855072463768116,1.0,138,4,0.9638,0.6105,0.8297
3114006,1.0,1.0,1.0,1.0,1.0,1.0,1.0,1.0,1.0,1.0,1.0,0.5476190476190477,84,3,1.0,1.0,0.8869
3114105,1.0,0.9135802469135802,1.0,0.9135802469135802,1.0,0.8888888888888888,0.9629629629629629,0.8395061728395061,0.1728395061728395,0.1728395061728395,0.1728395061728395,0.8395061728395061,162,5,0.9568,0.9228,0.3395
3114204,1.0,1.0,1.0,1.0,1.0,0.0,1.0,0.0,0.5901639344262295,0.5901639344262295,0.020491803278688523,0.0,244,7,1.0,0.5,0.3002
3114303,1.0,0.9673590504451038,1.0,0.9881305637982196,1.0,0.19584569732937684,0.9673590504451038,0.3916913946587537,0.9881305637982196,0.9881305637982196,0.0,0.3026706231454006,337,9,0.9889,0.6387,0.5697
3114402,1.0,0.8707865168539326,0.4550561797752809,1.0,0.8707865168539326,0.0,1.0,0.0,0.9101123595505618,1.0,0.6741573033707865,0.5449438202247191,178,6,0.8315,0.4677,0.7823
3114501,1.0,1.0,1.0,1.0,1.0,1.0,1.0,0.4469026548672566,1.0,1.0,0.0,1.0,226,5,1.0,0.8617,0.75
3114550,1.0,1.0,1.0,1.0,1.0,0.9904761904761905,1.0,0.7523809523809524,0.9904761904761905,0.9904761904761905,0.580952380952381,1.0,105,5,1.0,0.9357,0.8905
3114600,1.0,1.0,1.0,1.0,1.0,1.0,1.0,1.0,1.0,1.0,0.0,1.0,34,1,1.0,1.0,0.75
3114709,1.0,1.0,1.0,1.0,1.0,1.0,1.0,1.0,1.0,1.0,1.0,1.0,35,1,1.0,1.0,1.0
3114808,1.0,0.8979591836734694,1.0,1.0,1.0,0.04081632653061224,1.0,0.14285714285714285,0.8571428571428571,0.8571428571428571,0.8571428571428571,0.0,49,4,0.9745,0.5459,0.6429
3114907,1.0,0.7586206896551724,1.0,1.0,0.7586206896551724,0.7586206896551724,1.0,1.0,0.5862068965517241,1.0,0.41379310344827586,1.0,29,3,0.9397,0.8793,0.75
3115003,1.0,0.6944444444444444,1.0,1.0,1.0,0.3055555555555556,1.0,0.3055555555555556,0.6944444444444444,1.0,0.3055555555555556,0.0,36,2,0.9236,0.6528,0.5
3115102,1.0,0.9261363636363636,0.5852272727272727,0.9261363636363636,1.0,0.17613636363636365,1.0,0.10227272727272728,1.0,1.0,0.0,0.10227272727272728,176,5,0.8594,0.5696,0.5256
3115201,1.0,0.0,1.0,1.0,1.0,0.0,1.0,1.0,1.0,1.0,0.0,1.0,32,1,0.75,0.75,0.75
3115300,1.0,1.0,1.0,1.0,1.0,0.8240917782026769,1.0,0.7437858508604207,0.9369024856596558,0.9369024856596558,0.03824091778202677,0.5831739961759083,523,22,1.0,0.892,0.6238
3115359,1.0,1.0,1.0,1.0,1.0,0.0,1.0,0.86,1.0,1.0,0.0,0.0,50,2,1.0,0.715,0.5
3115409,1.0,0.7027027027027027,1.0,0.7027027027027027,0.8108108108108109,0.8108108108108109,0.7027027027027027,0.7027027027027027,0.7027027027027027,0.7027027027027027,0.0,0.7027027027027027,37,5,0.8514,0.7568,0.527
3115458,1.0,0.7716535433070866,1.0,0.9291338582677166,0.9921259842519685,0.7165354330708661,0.7952755905511811,0.1732283464566929,0.7716535433070866,0.7716535433070866,0.0,0.0,127,10,0.9252,0.6693,0.3858
3115474,1.0,0.7777777777777778,1.0,0.7777777777777778,1.0,0.0,1.0,0.0,1.0,1.0,0.0,0.0,54,3,0.8889,0.5,0.5
3115508,1.0,1.0,1.0,1.0,1.0,0.8412698412698413,1.0,1.0,0.8306878306878307,0.8306878306878307,0.0,1.0,189,5,1.0,0.9603,0.6653
3115607,1.0,0.0,1.0,1.0,1.0,0.0,0.0,0.0,0.0,0.0,0.0,0.0,17,1,0.75,0.25,0.0
3115706,1.0,1.0,1.0,1.0,1.0,0.2777777777777778,1.0,0.2777777777777778,1.0,1.0,0.2777777777777778,0.2777777777777778,72,2,1.0,0.6389,0.6389
3115805,1.0,1.0,1.0,1.0,1.0,0.6486486486486487,1.0,0.2072072072072072,1.0,1.0,0.0,0.2072072072072072,111,3,1.0,0.714,0.5518
3115904,1.0,1.0,1.0,1.0,1.0,0.0,1.0,1.0,1.0,1.0,0.0,1.0,37,1,1.0,0.75,0.75
3116001,1.0,0.9,1.0,0.9,0.9,0.5875,0.9,0.725,0.6625,0.6625,0.0,0.6625,80,9,0.95,0.7781,0.4969
3116100,1.0,0.34579439252336447,1.0,0.5700934579439252,0.6915887850467289,0.0,0.4766355140186916,0.205607476635514,0.5700934579439252,0.5700934579439252,0.0,0.0,107,10,0.729,0.3435,0.285
3116159,1.0,0.0,1.0,0.7336244541484717,0.9694323144104804,0.7685589519650655,0.9126637554585153,0.777292576419214,0.22270742358078602,0.7860262008733624,0.6244541484716157,0.11790393013100436,229,14,0.6834,0.857,0.4378
3116209,1.0,1.0,1.0,1.0,1.0,0.38461538461538464,1.0,1.0,0.7115384615384616,0.7115384615384616,0.3269230769230769,0.38461538461538464,52,3,1.0,0.8462,0.5337
3116308,1.0,0.7215189873417721,1.0,0.7215189873417721,1.0,0.759493670886076,1.0,0.7215189873417721,0.7215189873417721,1.0,0.27848101265822783,0.7215189873417721,79,3,0.8608,0.8703,0.6804
3116407,1.0,0.8666666666666667,1.0,1.0,0.92,0.0,1.0,0.0,0.8666666666666667,0.8666666666666667,0.8666666666666667,0.0,75,3,0.9667,0.48,0.65
3116506,1.0,0.9876543209876543,1.0,1.0,1.0,0.012345679012345678,1.0,0.012345679012345678,1.0,1.0,0.0,0.012345679012345678,81,3,0.9969,0.5062,0.5031
3116605,1.0,1.0,1.0,1.0,1.0,1.0,1.0,0.34759358288770054,1.0,1.0,0.0,1.0,374,7,1.0,0.8369,0.75
3116704,1.0,1.0,1.0,1.0,1.0,1.0,1.0,1.0,1.0,1.0,1.0,1.0,81,1,1.0,1.0,1.0
3116803,1.0,0.0,1.0,0.6625,0.8,0.0,0.8,0.0,0.0,0.1375,0.1375,0.0,80,6,0.6656,0.4,0.0688
3116902,1.0,1.0,1.0,1.0,1.0,1.0,1.0,1.0,0.0,1.0,1.0,1.0,39,1,1.0,1.0,0.75
3117009,1.0,0.5441176470588235,1.0,0.6470588235294118,0.9264705882352942,0.11764705882352941,0.6470588235294118,0.0,0.6470588235294118,0.6470588235294118,0.10294117647058823,0.0,68,8,0.7978,0.4228,0.3493
3117108,1.0,0.8985507246376812,1.0,0.8985507246376812,1.0,1.0,1.0,0.0,1.0,1.0,0.0,0.0,138,3,0.9493,0.75,0.5
3117207,1.0,1.0,1.0,1.0,1.0,1.0,1.0,1.0,0.0,0.0,0.0,1.0,31,1,1.0,1.0,0.25
3117306,1.0,0.9884393063583815,1.0,1.0,1.0,0.011560693641618497,1.0,0.3699421965317919,1.0,1.0,0.0,0.011560693641618497,346,5,0.9971,0.5954,0.5029
3117405,1.0,0.7096774193548387,1.0,0.8064516129032258,1.0,0.0,0.5161290322580645,0.1935483870967742,0.6129032258064516,0.8064516129032258,0.45161290322580644,0.25806451612903225,31,5,0.879,0.4274,0.5323
3117504,1.0,0.912621359223301,1.0,0.9805825242718447,0.9838187702265372,0.8122977346278317,1.0,0.1650485436893204,0.4077669902912621,0.4174757281553398,0.061488673139158574,0.15210355987055016,309,13,0.9733,0.7403,0.2597
3117603,1.0,1.0,1.0,1.0,1.0,0.6571428571428571,1.0,0.6571428571428571,1.0,1.0,0.0,0.6571428571428571,70,4,1.0,0.8286,0.6643
3117702,1.0,0.9748427672955975,1.0,0.9748427672955975,1.0,0.89937106918239,0.9937106918238994,0.9937106918238994,0.89937106918239,0.89937106918239,0.89937106918239,0.44654088050314467,159,5,0.9874,0.9717,0.7862
3117801,1.0,0.8952380952380953,1.0,1.0,1.0,0.7428571428571429,1.0,1.0,0.19047619047619047,1.0,0.8095238095238095,0.8952380952380953,105,4,0.9738,0.9357,0.7238
3117836,1.0,0.0,1.0,0.8279569892473119,0.8172043010752689,0.7741935483870968,0.7204301075268817,0.7204301075268817,0.8602150537634409,0.8602150537634409,0.0,0.6451612903225806,93,11,0.707,0.7581,0.5914
3117876,1.0,0.0,1.0,1.0,1.0,0.1875,1.0,0.1875,1.0,1.0,0.0,0.1875,80,2,0.75,0.5938,0.5469
3117900,1.0,1.0,1.0,1.0,1.0,1.0,1.0,1.0,1.0,1.0,0.0,1.0,138,1,1.0,1.0,0.75
3118007,1.0,1.0,1.0,1.0,1.0,0.6374269005847953,0.9517543859649122,0.6301169590643275,1.0,1.0,0.0,0.9342105263157895,684,18,1.0,0.8048,0.7336
3118106,1.0,0.7678571428571429,1.0,1.0,0.9107142857142857,0.0,1.0,0.0,0.0,0.14285714285714285,0.14285714285714285,0.0,56,3,0.942,0.4777,0.0714
3118205,1.0,1.0,1.0,1.0,1.0,0.075,1.0,0.075,0.925,0.925,0.925,0.075,80,2,1.0,0.5375,0.7125
3118304,1.0,0.9607577807848444,1.0,0.9993234100135318,1.0,0.30649526387009474,1.0,0.5493910690121786,0.7834912043301759,0.8213802435723951,0.16644113667117727,0.43437077131258456,1478,30,0.99,0.714,0.5514
3118403,1.0,0.964,1.0,0.952,0.988,0.0,0.976,0.988,0.868,0.868,0.0,0.916,250,11,0.979,0.738,0.663
3118502,1.0,1.0,1.0,1.0,1.0,0.0,1.0,1.0,1.0,1.0,1.0,0.0,17,1,1.0,0.75,0.75
3118601,1.0,0.9362591431556949,1.0,0.987460815047022,1.0,0.7279693486590039,1.0,0.6879136189481017,1.0,1.0,0.1518634622082898,0.6128526645768025,5742,78,0.9809,0.854,0.6912
3118700,1.0,0.9375,1.0,0.9375,0.9375,0.78125,0.9375,0.0,0.9375,0.9375,0.21875,0.9375,96,4,0.9688,0.6641,0.7578
3118809,1.0,0.6034985422740525,1.0,0.577259475218659,0.9358600583090378,0.7346938775510204,0.9504373177842566,0.6209912536443148,0.9008746355685131,0.9008746355685131,0.0,0.7084548104956269,343,27,0.7952,0.8105,0.6276
3118908,1.0,0.632183908045977,1.0,0.9540229885057471,1.0,1.0,0.9540229885057471,0.9540229885057471,0.9540229885057471,0.9655172413793104,0.011494252873563218,0.7701149425287356,87,6,0.8966,0.977,0.6753
3119005,1.0,1.0,1.0,1.0,1.0,0.0,1.0,1.0,1.0,1.0,0.0,0.0,43,1,1.0,0.75,0.5
3119104,1.0,0.9322709163346613,1.0,0.9920318725099602,1.0,0.5856573705179283,1.0,0.6135458167330677,0.8207171314741036,0.8286852589641435,0.00796812749003984,0.5776892430278885,251,6,0.9811,0.7998,0.5588
3119203,0.9629629629629629,0.5925925925925926,1.0,0.5925925925925926,0.9259259259259259,0.49382716049382713,0.7777777777777778,0.6172839506172839,0.2962962962962963,0.2962962962962963,0.024691358024691357,0.37037037037037035,81,9,0.787,0.7037,0.2469
3119302,1.0,0.7824773413897281,1.0,0.9909365558912386,1.0,0.8398791540785498,1.0,0.824773413897281,0.9274924471299094,0.9909365558912386,0.20241691842900303,0.7794561933534743,331,12,0.9434,0.9162,0.7251
3119401,1.0,0.9799789251844047,1.0,1.0,1.0,1.0,1.0,1.0,0.04847207586933614,0.7397260273972602,0.7397260273972602,1.0,949,17,0.995,1.0,0.632
3119500,1.0,0.7920792079207921,1.0,0.900990099009901,0.9702970297029703,0.10891089108910891,0.9702970297029703,0.04950495049504951,0.8712871287128713,0.8712871287128713,0.0,0.0,101,7,0.9233,0.5248,0.4356
3119609,1.0,1.0,1.0,1.0,1.0,1.0,1.0,0.2571428571428571,1.0,1.0,0.0,0.0,35,2,1.0,0.8143,0.5
3119708,1.0,1.0,1.0,1.0,1.0,1.0,1.0,1.0,0.0,1.0,1.0,1.0,46,1,1.0,1.0,0.75
3119807,1.0,1.0,1.0,1.0,1.0,1.0,1.0,1.0,0.5151515151515151,0.5151515151515151,0.5151515151515151,1.0,33,2,1.0,1.0,0.6364
3119906,1.0,1.0,1.0,1.0,1.0,1.0,1.0,1.0,1.0,1.0,0.0,1.0,39,1,1.0,1.0,0.75
3119955,1.0,1.0,1.0,1.0,1.0,0.7101449275362319,1.0,1.0,1.0,1.0,0.0,0.7101449275362319,69,2,1.0,0.9275,0.6775
3120003,1.0,1.0,1.0,1.0,1.0,0.0,1.0,0.0,0.0,1.0,1.0,0.0,37,1,1.0,0.5,0.5
3120102,1.0,1.0,1.0,1.0,1.0,1.0,1.0,1.0,1.0,1.0,0.0,0.0,44,1,1.0,1.0,0.5
3120151,1.0,1.0,1.0,1.0,1.0,0.0,1.0,0.0,1.0,1.0,0.0,0.0,60,2,1.0,0.5,0.5
3120201,1.0,0.856,1.0,0.944,1.0,0.36,1.0,0.912,0.0,0.912,0.912,0.856,125,4,0.95,0.818,0.67
3120300,1.0,0.0,1.0,0.921875,1.0,0.0625,0.984375,0.0625,0.0625,0.0625,0.0,0.0,64,3,0.7305,0.5273,0.0312
3120409,1.0,0.9782608695652174,1.0,1.0,1.0,0.021739130434782608,1.0,0.021739130434782608,0.9782608695652174,0.9782608695652174,0.0,0.0,46,3,0.9946,0.5109,0.4891
3120508,1.0,1.0,1.0,1.0,1.0,0.968421052631579,1.0,1.0,0.6421052631578947,0.7052631578947368,0.09473684210526316,0.28421052631578947,95,6,1.0,0.9921,0.4316
3120607,1.0,1.0,1.0,1.0,1.0,0.0,1.0,0.0,0.0,1.0,1.0,0.0,58,1,1.0,0.5,0.5
3120706,1.0,1.0,1.0,1.0,1.0,1.0,1.0,1.0,1.0,1.0,0.0,1.0,74,2,1.0,1.0,0.75
3120805,1.0,1.0,1.0,1.0,1.0,0.32903225806451614,1.0,1.0,1.0,1.0,0.0,0.6967741935483871,155,3,1.0,0.8323,0.6742
3120839,1.0,0.7045454545454546,1.0,1.0,1.0,0.0,1.0,0.7045454545454546,0.0,1.0,1.0,0.0,44,2,0.9261,0.6761,0.5
3120870,1.0,0.675,1.0,0.95,0.95,0.0,0.95,0.275,0.275,0.95,0.95,0.0,120,4,0.9062,0.5438,0.5438
3120904,1.0,0.8721047331319235,1.0,0.9778449144008057,0.9838872104733132,0.9093655589123867,0.9838872104733132,0.7240684793554885,0.892245720040282,0.892245720040282,0.256797583081571,0.729103726082578,993,20,0.9625,0.9003,0.6926
3121001,1.0,0.8571428571428571,1.0,1.0,1.0,0.0,1.0,0.3626373626373626,1.0,1.0,0.7802197802197802,0.6373626373626373,91,3,0.9643,0.5907,0.8544
3121100,1.0,0.9418604651162791,1.0,1.0,1.0,1.0,1.0,0.8604651162790697,0.05813953488372093,0.8604651162790697,0.8023255813953488,0.8604651162790697,86,4,0.9855,0.9651,0.6453
3121209,1.0,0.9787234042553191,1.0,0.9787234042553191,1.0,0.10638297872340426,1.0,1.0,0.02127659574468085,0.02127659574468085,0.02127659574468085,0.723404255319149,94,4,0.9894,0.7766,0.1968
3121258,1.0,1.0,1.0,1.0,1.0,1.0,1.0,1.0,1.0,1.0,0.0,0.5693430656934306,137,2,1.0,1.0,0.6423
3121308,1.0,1.0,1.0,1.0,1.0,0.0,1.0,0.0,1.0,1.0,0.0,0.0,47,1,1.0,0.5,0.5
3121407,1.0,1.0,1.0,1.0,1.0,0.0,1.0,0.9634146341463414,0.8658536585365854,0.9024390243902439,0.036585365853658534,0.1951219512195122,82,6,1.0,0.7409,0.5
3121506,1.0,1.0,1.0,1.0,1.0,1.0,1.0,1.0,1.0,1.0,0.0,0.0,24,1,1.0,1.0,0.5
3121605,0.9830508474576272,0.9728813559322034,1.0,0.9728813559322034,0.9983050847457627,0.2796610169491525,0.9983050847457627,0.8525423728813559,0.9983050847457627,0.9983050847457627,0.17288135593220338,0.43559322033898307,590,22,0.9822,0.7822,0.6513
3121704,1.0,1.0,1.0,1.0,1.0,0.8823529411764706,1.0,1.0,0.0,1.0,1.0,0.8823529411764706,34,3,1.0,0.9706,0.7206
3121803,1.0,1.0,1.0,1.0,1.0,1.0,1.0,1.0,1.0,1.0,0.0,1.0,55,2,1.0,1.0,0.75
3121902,1.0,1.0,1.0,1.0,1.0,0.0,1.0,0.0,1.0,1.0,1.0,0.0,51,1,1.0,0.5,0.75
3122009,1.0,0.8095238095238095,1.0,0.8333333333333334,1.0,0.19444444444444445,1.0,1.0,0.9523809523809523,0.9523809523809523,0.0,0.24206349206349206,252,17,0.9107,0.7986,0.5367
3122108,1.0,1.0,1.0,1.0,1.0,0.1568627450980392,1.0,0.17647058823529413,1.0,1.0,0.0,0.23529411764705882,51,4,1.0,0.5833,0.5588
3122207,1.0,0.9315068493150684,1.0,0.8767123287671232,1.0,0.2602739726027397,1.0,1.0,0.9315068493150684,0.9315068493150684,0.2602739726027397,0.5753424657534246,73,5,0.9521,0.8151,0.6747
3122306,1.0,0.9077010192525481,1.0,1.0,1.0,0.6789354473386183,1.0,0.7559456398640997,0.4552661381653454,0.9105322763306908,0.5022650056625142,0.6670441676104191,1766,52,0.9769,0.8587,0.6338
3122355,1.0,0.0,1.0,1.0,1.0,0.0,1.0,1.0,1.0,1.0,0.0,0.0,105,1,0.75,0.75,0.5
3122405,1.0,1.0,1.0,1.0,1.0,0.0,1.0,0.5063291139240507,1.0,1.0,0.5063291139240507,0.0,79,2,1.0,0.6266,0.6266
3122454,0.9727272727272728,0.8727272727272727,1.0,0.8727272727272727,1.0,0.9,0.8727272727272727,0.0,0.9272727272727272,0.9272727272727272,0.0,0.8727272727272727,110,4,0.9295,0.6932,0.6818
3122470,1.0,0.3137254901960784,1.0,1.0,1.0,0.0,1.0,1.0,0.3137254901960784,1.0,0.6862745098039216,0.3137254901960784,51,3,0.8284,0.75,0.5784
3122504,1.0,1.0,1.0,1.0,1.0,1.0,1.0,1.0,0.0,1.0,1.0,1.0,56,2,1.0,1.0,0.75
3122603,1.0,0.7619047619047619,1.0,0.9523809523809523,0.9523809523809523,0.7619047619047619,0.8809523809523809,0.7619047619047619,0.7619047619047619,0.9523809523809523,0.19047619047619047,0.7619047619047619,42,5,0.9286,0.8393,0.6667
3122702,1.0,1.0,1.0,1.0,1.0,1.0,1.0,1.0,1.0,1.0,1.0,1.0,54,1,1.0,1.0,1.0
3122801,1.0,1.0,1.0,1.0,1.0,0.0,1.0,0.0975609756097561,0.0,0.0,0.0,0.0975609756097561,41,3,1.0,0.5244,0.0244
3122900,1.0,1.0,1.0,1.0,1.0,0.2,1.0,0.0,0.8,0.8,0.0,0.0,65,2,1.0,0.55,0.4
3123007,1.0,1.0,1.0,1.0,1.0,1.0,1.0,1.0,0.9347826086956522,1.0,0.07608695652173914,1.0,92,3,1.0,1.0,0.7527
3123106,1.0,1.0,1.0,1.0,1.0,0.8545454545454545,1.0,0.8545454545454545,0.8545454545454545,0.8545454545454545,0.8545454545454545,0.2727272727272727,55,3,1.0,0.9273,0.7091
3123205,1.0,1.0,1.0,1.0,1.0,0.7142857142857143,1.0,0.5142857142857142,1.0,1.0,0.0,0.22857142857142856,105,3,1.0,0.8071,0.5571
3123304,1.0,1.0,1.0,1.0,1.0,1.0,1.0,0.0,1.0,1.0,1.0,0.0,49,1,1.0,0.75,0.75
3123403,1.0,1.0,1.0,1.0,1.0,1.0,1.0,1.0,1.0,1.0,0.0,1.0,14,1,1.0,1.0,0.75
3123502,1.0,1.0,1.0,1.0,1.0,0.0,1.0,1.0,1.0,1.0,0.0,1.0,17,1,1.0,0.75,0.75
3123528,1.0,0.2857142857142857,1.0,0.9714285714285714,0.7714285714285715,0.7714285714285715,0.7714285714285715,0.7714285714285715,0.6095238095238096,0.6190476190476191,0.38095238095238093,0.7142857142857143,105,11,0.8143,0.7714,0.581
3123601,0.9479553903345725,0.9070631970260223,1.0,0.9591078066914498,1.0,0.38661710037174724,0.8327137546468402,0.49070631970260226,1.0,1.0,0.35687732342007433,0.6840148698884758,269,8,0.9535,0.6775,0.7602
3123700,1.0,0.8691588785046729,1.0,1.0,1.0,1.0,1.0,1.0,1.0,1.0,1.0,1.0,107,3,0.9673,1.0,1.0
3123809,1.0,0.8983050847457628,1.0,1.0,1.0,0.0,1.0,0.7288135593220338,0.0,1.0,1.0,0.8983050847457628,59,3,0.9746,0.6822,0.7246
3123858,1.0,1.0,1.0,1.0,1.0,0.0,1.0,0.0,0.0,1.0,1.0,0.0,82,1,1.0,0.5,0.5
3123908,1.0,0.8333333333333334,1.0,0.9866666666666667,1.0,0.8333333333333334,1.0,0.9,0.84,0.8533333333333334,0.013333333333333334,0.88,150,8,0.955,0.9333,0.6467
3124005,1.0,0.9414893617021277,1.0,1.0,1.0,0.6436170212765957,1.0,0.8829787234042553,0.0851063829787234,0.6702127659574468,0.5851063829787234,0.4946808510638298,188,8,0.9854,0.8816,0.4588
3124104,1.0,0.4188841201716738,1.0,0.9957081545064378,0.9905579399141631,0.263519313304721,0.984549356223176,0.4025751072961373,0.7236051502145923,0.7236051502145923,0.0,0.31931330472103003,1165,29,0.8536,0.6603,0.4416
3124203,1.0,0.6578073089700996,1.0,0.973421926910299,0.9401993355481728,0.7508305647840532,0.920265780730897,0.6046511627906976,0.9534883720930233,0.9601328903654485,0.036544850498338874,0.9003322259136213,301,12,0.9078,0.804,0.7126
3124302,1.0,0.16321243523316062,1.0,0.8082901554404145,0.9948186528497409,0.6968911917098446,1.0,1.0,0.8186528497409327,0.8186528497409327,0.0,0.8652849740932642,386,26,0.7429,0.9229,0.6256
3124401,1.0,0.6195652173913043,1.0,1.0,1.0,0.6195652173913043,1.0,0.6195652173913043,0.0,0.20652173913043478,0.20652173913043478,0.0,92,3,0.9049,0.8098,0.1033
3124500,1.0,0.9516129032258065,1.0,1.0,1.0,0.0,1.0,0.7096774193548387,0.8629032258064516,0.8629032258064516,0.0,0.5645161290322581,124,6,0.9879,0.6774,0.5726
3124609,1.0,1.0,1.0,1.0,1.0,0.0,1.0,0.0,1.0,1.0,1.0,0.0,25,1,1.0,0.5,0.75
3124708,1.0,1.0,1.0,1.0,0.9545454545454546,0.0,0.9545454545454546,0.0,1.0,1.0,0.0,0.0,22,2,1.0,0.4773,0.5
3124807,1.0,0.7922077922077922,1.0,1.0,1.0,0.37662337662337664,1.0,0.7012987012987013,0.16883116883116883,0.16883116883116883,0.0,0.37662337662337664,77,4,0.9481,0.7695,0.1786
3124906,1.0,1.0,1.0,1.0,1.0,0.5544554455445545,1.0,1.0,1.0,1.0,0.0,0.8910891089108911,101,5,1.0,0.8886,0.7228
3125002,0.8181818181818182,1.0,1.0,1.0,1.0,0.18181818181818182,1.0,1.0,1.0,1.0,0.0,0.8181818181818182,55,2,0.9545,0.7955,0.7045
3125101,1.0,0.9157754010695187,1.0,1.0,1.0,0.05080213903743316,1.0,0.3449197860962567,0.7713903743315508,0.7713903743315508,0.09358288770053476,0.1711229946524064,748,10,0.9789,0.5989,0.4519
3125200,1.0,0.5769230769230769,1.0,1.0,1.0,1.0,1.0,1.0,0.5769230769230769,0.5769230769230769,0.5769230769230769,0.5769230769230769,26,2,0.8942,1.0,0.5769
3125309,1.0,1.0,1.0,1.0,1.0,0.0,1.0,0.0,0.8205128205128205,0.8205128205128205,0.0,0.0,39,2,1.0,0.5,0.4103
3125408,1.0,0.0,1.0,1.0,1.0,1.0,1.0,1.0,1.0,1.0,0.0,1.0,59,1,0.75,1.0,0.75
3125507,1.0,0.0,1.0,1.0,1.0,1.0,1.0,1.0,1.0,1.0,0.0,1.0,37,1,0.75,1.0,0.75
3125606,1.0,0.8962264150943396,1.0,0.8962264150943396,0.9905660377358491,0.02830188679245283,0.9245283018867925,0.0,0.9245283018867925,0.9716981132075472,0.04716981132075472,0.0,106,5,0.9481,0.4858,0.4858
3125705,1.0,0.5769230769230769,1.0,0.9769230769230769,1.0,0.07692307692307693,1.0,0.1,0.3076923076923077,0.5923076923076923,0.2846153846153846,0.07692307692307693,130,7,0.8885,0.5442,0.3154
3125804,1.0,1.0,1.0,1.0,1.0,0.0,1.0,0.0,0.0,0.0,0.0,0.0,32,1,1.0,0.5,0.0
3125903,1.0,0.6554621848739496,1.0,0.6218487394957983,0.9327731092436975,0.05042016806722689,1.0,1.0,0.7142857142857143,0.7310924369747899,0.058823529411764705,0.6218487394957983,119,9,0.8193,0.7458,0.5315
3125952,1.0,0.7054263565891473,1.0,1.0,1.0,0.0,1.0,0.0,0.6821705426356589,0.6821705426356589,0.0,0.3875968992248062,129,4,0.9264,0.5,0.438
3126000,1.0,1.0,1.0,1.0,1.0,0.0,1.0,0.0,1.0,1.0,0.0,0.0,82,1,1.0,0.5,0.5
3126109,1.0,0.9451327433628318,1.0,0.9876106194690265,1.0,0.415929203539823,1.0,0.7398230088495575,1.0,1.0,0.0584070796460177,0.3345132743362832,565,17,0.9832,0.7889,0.5982
3126208,1.0,0.0,1.0,0.7580645161290323,1.0,0.20967741935483872,1.0,0.5403225806451613,0.9112903225806451,0.9112903225806451,0.0,0.20967741935483872,124,4,0.6895,0.6875,0.5081
3126307,1.0,1.0,1.0,1.0,1.0,1.0,1.0,1.0,1.0,1.0,1.0,1.0,25,1,1.0,1.0,1.0
3126406,1.0,1.0,1.0,1.0,1.0,0.0,1.0,0.0,1.0,1.0,1.0,1.0,31,1,1.0,0.5,1.0
3126505,1.0,0.47540983606557374,1.0,0.5081967213114754,0.9508196721311475,0.4262295081967213,0.8852459016393442,0.5081967213114754,0.5081967213114754,0.5081967213114754,0.0,0.47540983606557374,61,14,0.7459,0.6926,0.373
3126604,1.0,0.45901639344262296,1.0,0.8852459016393442,1.0,0.0,1.0,0.5409836065573771,1.0,1.0,0.0,0.4262295081967213,61,3,0.8361,0.6352,0.6066
3126703,1.0,0.5990566037735849,1.0,0.9198113207547169,1.0,0.3867924528301887,1.0,0.9716981132075472,0.8207547169811321,0.8207547169811321,0.0,0.38207547169811323,212,12,0.8797,0.8396,0.5059
3126752,1.0,1.0,1.0,0.9,1.0,0.0,1.0,0.0,0.1,0.1,0.0,0.0,50,2,0.975,0.5,0.05
3126802,1.0,0.8987341772151899,1.0,0.8987341772151899,1.0,0.4177215189873418,1.0,0.5189873417721519,0.5189873417721519,0.5189873417721519,0.0,0.4177215189873418,79,3,0.9494,0.7342,0.3639
3126901,1.0,1.0,1.0,1.0,1.0,0.0,1.0,0.0,1.0,1.0,0.0,0.0,104,4,1.0,0.5,0.5
3126950,1.0,0.6,1.0,0.8,1.0,0.4857142857142857,1.0,0.6,0.3142857142857143,0.3142857142857143,0.0,0.4857142857142857,35,5,0.85,0.7714,0.2786
3127008,1.0,1.0,1.0,1.0,1.0,0.49206349206349204,1.0,0.5661375661375662,1.0,1.0,1.0,0.49206349206349204,189,3,1.0,0.7646,0.873
3127057,1.0,1.0,1.0,0.7954545454545454,1.0,0.5,1.0,0.5,0.29545454545454547,0.29545454545454547,0.0,0.29545454545454547,44,3,0.9489,0.75,0.2216
3127073,1.0,0.0,1.0,1.0,1.0,1.0,0.9833333333333333,1.0,0.9833333333333333,0.9833333333333333,0.0,0.0,60,2,0.75,0.9958,0.4917
3127107,1.0,0.9616519174041298,1.0,1.0,1.0,0.8761061946902655,1.0,0.7566371681415929,1.0,1.0,0.12389380530973451,0.7256637168141593,678,13,0.9904,0.9082,0.7124
3127206,1.0,1.0,1.0,1.0,1.0,1.0,1.0,1.0,1.0,1.0,0.0,1.0,61,2,1.0,1.0,0.75
3127305,1.0,1.0,1.0,1.0,1.0,0.9111111111111111,1.0,0.0,0.9555555555555556,0.9555555555555556,0.0,0.0,90,3,1.0,0.7278,0.4778
3127339,0.6428571428571429,0.0,1.0,0.7321428571428571,1.0,0.8571428571428571,1.0,1.0,0.5892857142857143,0.5892857142857143,0.0,0.5892857142857143,56,5,0.5938,0.9643,0.442
3127354,1.0,0.6818181818181818,1.0,1.0,1.0,0.0,1.0,0.0,0.8181818181818182,0.8181818181818182,0.0,0.0,22,3,0.9205,0.5,0.4091
3127370,1.0,1.0,1.0,1.0,1.0,1.0,1.0,1.0,1.0,1.0,0.0,1.0,23,1,1.0,1.0,0.75
3127388,1.0,0.9696969696969697,1.0,1.0,1.0,1.0,1.0,1.0,0.9696969696969697,1.0,0.030303030303030304,0.9696969696969697,33,2,0.9924,1.0,0.7424
3127404,1.0,1.0,1.0,1.0,1.0,1.0,1.0,1.0,0.0,1.0,1.0,0.0,51,1,1.0,1.0,0.5
3127503,1.0,0.8493150684931506,1.0,0.8493150684931506,1.0,0.0,1.0,0.0,0.8904109589041096,0.8904109589041096,0.0,0.0,73,4,0.9247,0.5,0.4452
3127602,1.0,0.7938931297709924,1.0,0.9312977099236641,1.0,0.0,1.0,0.0,1.0,1.0,0.0,0.0,131,4,0.9313,0.5,0.5
3127701,1.0,0.9857571214392804,1.0,1.0,0.9992503748125937,0.845952023988006,0.9992503748125937,0.9662668665667167,0.5442278860569715,0.949400299850075,0.56071964017991,0.962143928035982,2668,61,0.9964,0.9527,0.7541
3127800,1.0,0.0,1.0,0.3227848101265823,0.9493670886075949,0.1962025316455696,0.4050632911392405,0.34810126582278483,0.37341772151898733,0.37341772151898733,0.0,0.25316455696202533,158,15,0.5807,0.4747,0.25
3127909,1.0,0.0,1.0,1.0,1.0,1.0,1.0,1.0,1.0,1.0,0.0,1.0,14,1,0.75,1.0,0.75
3128006,1.0,0.9624664879356568,1.0,0.9919571045576407,0.9705093833780161,0.4155495978552279,1.0,0.7560321715817694,0.9410187667560321,0.9785522788203753,0.38873994638069703,0.5924932975871313,373,11,0.9886,0.7855,0.7252
3128105,1.0,0.9485714285714286,1.0,1.0,1.0,1.0,1.0,1.0,1.0,1.0,0.22285714285714286,0.9485714285714286,175,6,0.9871,1.0,0.7929
3128204,1.0,0.9767441860465116,1.0,1.0,1.0,0.6395348837209303,1.0,0.7790697674418605,0.8837209302325582,0.8837209302325582,0.0,0.8604651162790697,86,6,0.9942,0.8547,0.657
3128253,1.0,0.0,1.0,1.0,1.0,0.0,1.0,0.0,1.0,1.0,0.0,0.0,66,1,0.75,0.5,0.5
3128303,1.0,1.0,1.0,1.0,1.0,1.0,1.0,1.0,1.0,1.0,0.6313131313131313,1.0,198,4,1.0,1.0,0.9078
3128402,1.0,1.0,1.0,1.0,1.0,1.0,1.0,1.0,1.0,1.0,0.5263157894736842,1.0,76,2,1.0,1.0,0.8816
3128501,1.0,1.0,1.0,1.0,1.0,1.0,1.0,1.0,1.0,1.0,1.0,1.0,38,1,1.0,1.0,1.0
3128600,1.0,0.875,1.0,0.9090909090909091,0.9090909090909091,0.03409090909090909,0.9090909090909091,0.9090909090909091,0.9090909090909091,0.9090909090909091,0.03409090909090909,0.9090909090909091,88,3,0.946,0.6903,0.6903
3128709,1.0,0.8861283643892339,1.0,1.0,1.0,1.0,1.0,1.0,0.9047619047619048,1.0,0.5817805383022774,1.0,483,9,0.9715,1.0,0.8716
3128808,1.0,1.0,1.0,1.0,1.0,1.0,1.0,1.0,0.0,1.0,1.0,0.0,61,1,1.0,1.0,0.5
3128907,1.0,0.9363636363636364,1.0,1.0,1.0,0.5454545454545454,0.9727272727272728,1.0,0.9363636363636364,0.9363636363636364,0.0,0.5181818181818182,110,4,0.9841,0.8795,0.5977
3129004,1.0,1.0,1.0,1.0,0.04838709677419355,0.0,0.04838709677419355,0.0,0.0,0.04838709677419355,0.04838709677419355,0.0,62,2,1.0,0.0242,0.0242
3129103,1.0,0.9649122807017544,1.0,0.9649122807017544,1.0,0.0,1.0,0.2982456140350877,0.9649122807017544,0.9649122807017544,0.0,0.0,57,3,0.9825,0.5746,0.4825
3129202,1.0,1.0,1.0,1.0,1.0,1.0,1.0,1.0,1.0,1.0,0.0,1.0,65,1,1.0,1.0,0.75
3129301,1.0,0.926829268292683,1.0,0.9512195121951219,0.975609756097561,0.0,1.0,0.0,0.9512195121951219,0.9512195121951219,0.9512195121951219,0.0,123,3,0.9695,0.4939,0.7134
3129400,1.0,1.0,1.0,1.0,1.0,1.0,1.0,1.0,0.0,1.0,1.0,1.0,57,1,1.0,1.0,0.75
3129509,1.0,0.9246861924686193,1.0,1.0,0.9832635983263598,0.30962343096234307,0.9121338912133892,0.0502092050209205,0.8493723849372385,0.8786610878661087,0.12552301255230125,0.2510460251046025,239,13,0.9812,0.5638,0.5262
3129608,1.0,0.7011494252873564,1.0,1.0,1.0,0.04597701149425287,1.0,0.7011494252873564,0.39080459770114945,0.39080459770114945,0.26436781609195403,0.3103448275862069,87,7,0.9253,0.6868,0.3391
3129657,1.0,0.4318181818181818,1.0,0.9772727272727273,0.9886363636363636,0.7613636363636364,0.9772727272727273,0.9772727272727273,0.5113636363636364,0.5113636363636364,0.0,0.4659090909090909,88,7,0.8523,0.9261,0.3722
3129707,1.0,1.0,1.0,1.0,1.0,0.8982035928143712,1.0,1.0,1.0,1.0,0.40119760479041916,0.31736526946107785,167,4,1.0,0.9746,0.6796
3129806,1.0,1.0,1.0,1.0,1.0,0.3726829268292683,1.0,0.6009756097560975,1.0,1.0,0.49121951219512194,0.5409756097560976,2050,30,1.0,0.7434,0.758
3129905,1.0,1.0,1.0,1.0,1.0,0.0,1.0,0.0,1.0,1.0,0.0,0.0,41,1,1.0,0.5,0.5
3130002,1.0,1.0,1.0,1.0,1.0,1.0,1.0,0.0,0.0,1.0,1.0,1.0,32,1,1.0,0.75,0.75
3130051,1.0,0.5299145299145299,1.0,0.905982905982906,1.0,0.8290598290598291,1.0,1.0,0.9401709401709402,0.9401709401709402,0.0,1.0,117,8,0.859,0.9573,0.7201
3130101,1.0,0.6085470085470085,1.0,1.0,1.0,0.2512820512820513,1.0,0.47863247863247865,0.6837606837606838,0.9247863247863248,0.39829059829059826,0.24615384615384617,585,11,0.9021,0.6825,0.5632
3130200,1.0,1.0,1.0,1.0,0.9818181818181818,0.0,0.9818181818181818,0.0,0.0,0.2727272727272727,0.2727272727272727,0.0,110,4,1.0,0.4909,0.1364
3130309,1.0,1.0,1.0,1.0,1.0,0.0,1.0,0.0,1.0,1.0,0.0,0.0,70,3,1.0,0.5,0.5
3130408,1.0,1.0,1.0,1.0,1.0,0.8378378378378378,1.0,1.0,1.0,1.0,0.0,1.0,74,2,1.0,0.9595,0.75
3130507,1.0,1.0,1.0,1.0,1.0,1.0,1.0,0.6544117647058824,1.0,1.0,0.34558823529411764,1.0,136,3,1.0,0.9136,0.8364
3130556,1.0,0.7051282051282052,1.0,0.9743589743589743,0.8846153846153846,0.0,0.14102564102564102,0.0,0.5641025641025641,0.5641025641025641,0.0,0.0,78,8,0.9199,0.2564,0.2821
3130606,1.0,0.7796610169491526,1.0,1.0,1.0,1.0,1.0,1.0,1.0,1.0,0.0,1.0,59,2,0.9449,1.0,0.75
3130655,1.0,0.42105263157894735,1.0,0.881578947368421,1.0,0.0,1.0,0.6842105263157895,0.868421052631579,0.9736842105263158,0.10526315789473684,0.0,76,6,0.8257,0.6711,0.4868
3130705,1.0,0.8045977011494253,1.0,1.0,1.0,1.0,1.0,1.0,1.0,1.0,0.0,0.10344827586206896,87,3,0.9511,1.0,0.5259
3130804,1.0,1.0,1.0,1.0,1.0,0.0,1.0,0.0,1.0,1.0,1.0,0.0,22,1,1.0,0.5,0.75
3130903,0.7537688442211056,0.864321608040201,1.0,0.7336683417085427,0.7788944723618091,0.0,0.9547738693467337,0.9346733668341709,0.6834170854271356,0.7236180904522613,0.04020100502512563,0.2613065326633166,199,20,0.8379,0.6671,0.4271
3131000,1.0,0.7164179104477612,1.0,1.0,1.0,1.0,1.0,0.0,0.7164179104477612,0.7164179104477612,0.0,0.0,67,3,0.9291,0.75,0.3582
3131109,1.0,0.6829268292682927,1.0,0.6829268292682927,1.0,0.0,1.0,0.0,0.024390243902439025,0.4024390243902439,0.3780487804878049,0.0,82,6,0.8415,0.5,0.2012
3131158,1.0,0.9502262443438914,1.0,1.0,0.9592760180995475,0.0,0.7737556561085973,0.0,0.7420814479638009,0.7420814479638009,0.0,0.0,221,6,0.9876,0.4333,0.371
3131208,1.0,0.9714285714285714,1.0,0.9714285714285714,1.0,1.0,1.0,1.0,1.0,1.0,0.0,1.0,245,4,0.9857,1.0,0.75
3131307,1.0,0.9970845481049563,1.0,1.0,1.0,0.846314035818409,1.0,0.46897126197417743,0.9371095376926281,0.9579341940857976,0.1840899625156185,0.48104956268221577,2401,43,0.9993,0.8288,0.64
3131406,1.0,1.0,1.0,1.0,1.0,0.0,1.0,1.0,1.0,1.0,0.0,1.0,40,1,1.0,0.75,0.75
3131505,1.0,0.8488372093023255,1.0,1.0,1.0,0.0,1.0,0.1511627906976744,0.0,0.8488372093023255,0.8488372093023255,0.0,86,3,0.9622,0.5378,0.4244
3131604,1.0,1.0,1.0,1.0,1.0,0.03125,1.0,0.96875,0.0,0.0,0.0,0.03125,32,2,1.0,0.75,0.0078
3131703,1.0,0.9703525641025641,1.0,1.0,1.0,0.5705128205128205,1.0,1.0,0.5096153846153846,1.0,0.6698717948717948,0.9967948717948718,1248,26,0.9926,0.8926,0.7941
3131802,1.0,0.9814814814814815,1.0,0.9814814814814815,0.9537037037037037,0.0,0.37962962962962965,0.06481481481481481,0.12037037037037036,0.12037037037037036,0.0,0.06481481481481481,108,7,0.9907,0.3495,0.0764
3131901,1.0,0.8966521106259098,1.0,1.0,1.0,0.9621542940320232,1.0,0.6899563318777293,0.6128093158660844,0.9868995633187773,0.6579330422125182,0.8966521106259098,687,14,0.9742,0.913,0.7886
3132008,1.0,0.0,1.0,0.9565217391304348,1.0,1.0,1.0,1.0,0.2608695652173913,0.30434782608695654,0.043478260869565216,0.9565217391304348,46,4,0.7391,1.0,0.3913
3132107,1.0,0.8061224489795918,0.9897959183673469,0.9540816326530612,0.9897959183673469,0.9540816326530612,0.9897959183673469,0.923469387755102,0.9897959183673469,0.9897959183673469,0.32653061224489793,0.9897959183673469,196,9,0.9375,0.9643,0.824
3132206,1.0,0.9402173913043478,1.0,1.0,1.0,1.0,1.0,1.0,1.0,1.0,0.9239130434782609,0.07608695652173914,184,4,0.9851,1.0,0.75
3132305,1.0,0.5684931506849316,1.0,0.5684931506849316,1.0,0.4315068493150685,0.8698630136986302,0.726027397260274,0.7123287671232876,0.7123287671232876,0.0,0.3356164383561644,146,9,0.7842,0.7568,0.4401
3132404,1.0,1.0,1.0,1.0,1.0,0.638961038961039,1.0,0.7935064935064935,0.01038961038961039,0.9376623376623376,0.9376623376623376,0.24285714285714285,770,22,1.0,0.8581,0.5321
3132503,1.0,0.8413793103448276,1.0,0.8919540229885058,0.9287356321839081,0.5724137931034483,0.9885057471264368,0.8574712643678161,0.32873563218390806,0.4045977011494253,0.07586206896551724,0.7333333333333333,435,27,0.9333,0.8368,0.3856
3132602,1.0,1.0,1.0,1.0,1.0,1.0,1.0,1.0,0.0,1.0,1.0,1.0,30,1,1.0,1.0,0.75
3132701,1.0,0.8953488372093024,1.0,0.8837209302325582,0.9728682170542635,0.7131782945736435,0.9767441860465116,0.9767441860465116,0.5658914728682171,0.5891472868217055,0.023255813953488372,0.5813953488372093,258,16,0.9448,0.9099,0.4399
3132800,1.0,1.0,1.0,1.0,1.0,1.0,1.0,0.0,1.0,1.0,0.0,1.0,22,1,1.0,0.75,0.75
3132909,1.0,1.0,1.0,1.0,1.0,0.0,1.0,1.0,0.3006993006993007,1.0,0.6993006993006993,1.0,143,3,1.0,0.75,0.75
3133006,1.0,0.8203125,1.0,1.0,0.9609375,0.0,0.9375,0.7890625,0.7421875,0.7421875,0.0,0.1171875,128,8,0.9551,0.6719,0.4004
3133105,1.0,1.0,1.0,1.0,1.0,1.0,1.0,1.0,1.0,1.0,0.09523809523809523,1.0,126,4,1.0,1.0,0.7738
3133204,1.0,1.0,1.0,1.0,1.0,0.05405405405405406,0.5495495495495496,0.46846846846846846,0.918918918918919,0.918918918918919,0.0,0.5405405405405406,111,5,1.0,0.518,0.5946
3133303,1.0,0.8559670781893004,1.0,0.9629629629629629,1.0,0.21810699588477367,0.9629629629629629,0.6584362139917695,0.9753086419753086,0.9753086419753086,0.4403292181069959,0.6008230452674898,243,9,0.9547,0.7099,0.7479
3133402,1.0,0.9732142857142857,1.0,0.9732142857142857,1.0,1.0,1.0,1.0,1.0,1.0,0.008928571428571428,0.5714285714285714,112,4,0.9866,1.0,0.6451
3133501,1.0,0.8430232558139535,1.0,0.9825581395348837,1.0,0.6162790697674418,1.0,0.9825581395348837,0.6162790697674418,1.0,0.38372093023255816,0.6162790697674418,172,8,0.9564,0.8997,0.6541
3133600,1.0,0.8214285714285714,1.0,1.0,1.0,0.0,1.0,0.7193877551020408,1.0,1.0,0.0,0.0,196,3,0.9554,0.6798,0.5
3133709,1.0,0.8287292817679558,1.0,1.0,1.0,0.287292817679558,1.0,0.5248618784530387,1.0,1.0,0.0,0.5414364640883977,181,7,0.9572,0.703,0.6354
3133758,1.0,1.0,1.0,1.0,1.0,0.8046875,1.0,0.34375,1.0,1.0,0.5390625,0.34375,128,3,1.0,0.7871,0.7207
3133808,1.0,0.9886649874055415,1.0,1.0,1.0,0.24685138539042822,1.0,0.49622166246851385,0.24181360201511334,0.38161209068010077,0.1397984886649874,0.24055415617128464,794,16,0.9972,0.6858,0.2509
3133907,1.0,0.68,1.0,0.88,0.96,0.76,0.74,0.74,0.68,0.8,0.22,0.58,50,8,0.89,0.8,0.57
3134004,1.0,0.5960591133004927,1.0,0.8226600985221675,0.9359605911330049,0.24630541871921183,0.896551724137931,0.42857142857142855,0.8275862068965517,0.8866995073891626,0.059113300492610835,0.39408866995073893,203,15,0.8547,0.6268,0.5419
3134103,1.0,0.9166666666666666,1.0,1.0,0.9166666666666666,0.20833333333333334,1.0,0.5,0.5,0.9166666666666666,0.7083333333333334,0.7083333333333334,72,4,0.9792,0.6562,0.7083
3134202,1.0,0.9852507374631269,1.0,0.9950835791543756,1.0,0.9292035398230089,1.0,0.8672566371681416,0.9872173058013766,0.9872173058013766,0.2782694198623402,0.9734513274336283,1017,24,0.9951,0.9491,0.8065
3134301,1.0,0.5512820512820513,1.0,1.0,1.0,0.08974358974358974,1.0,0.9102564102564102,1.0,1.0,0.0,0.44871794871794873,78,3,0.8878,0.75,0.6122
3134400,1.0,1.0,1.0,1.0,1.0,0.8320802005012531,1.0,0.3533834586466165,0.7418546365914787,1.0,0.2581453634085213,0.20050125313283207,399,8,1.0,0.7964,0.5501
3134509,1.0,1.0,1.0,1.0,1.0,1.0,1.0,1.0,0.0,1.0,1.0,1.0,42,1,1.0,1.0,0.75
3134608,0.9585062240663901,0.8589211618257261,1.0,0.946058091286307,1.0,0.3941908713692946,1.0,0.5518672199170125,0.8630705394190872,0.8630705394190872,0.6763485477178424,0.38589211618257263,241,8,0.9409,0.7365,0.6971
3134707,1.0,0.6815286624203821,1.0,0.6815286624203821,1.0,0.25477707006369427,0.821656050955414,0.821656050955414,0.9363057324840764,0.9363057324840764,0.0,0.10828025477707007,157,6,0.8408,0.7245,0.4952
3134806,1.0,1.0,1.0,1.0,1.0,0.8645833333333334,1.0,0.8645833333333334,0.8645833333333334,0.8645833333333334,0.0,0.8645833333333334,96,2,1.0,0.9323,0.6484
3134905,1.0,1.0,1.0,1.0,1.0,0.7876447876447876,1.0,1.0,0.5984555984555985,0.8725868725868726,0.5945945945945946,1.0,259,8,1.0,0.9469,0.7664
3135001,1.0,1.0,1.0,1.0,1.0,0.0,1.0,0.0,0.8709677419354839,0.8709677419354839,0.0,0.0,31,2,1.0,0.5,0.4355
3135050,1.0,0.5050505050505051,1.0,0.8569023569023569,0.9983164983164983,0.5235690235690236,1.0,0.8282828282828283,0.9848484848484849,0.9848484848484849,0.0,0.5404040404040404,594,18,0.8405,0.8375,0.6275
3135076,1.0,0.8125,1.0,0.8125,0.9375,0.16666666666666666,0.9375,0.16666666666666666,0.16666666666666666,0.9375,0.7708333333333334,0.041666666666666664,48,4,0.9062,0.5521,0.4792
3135100,1.0,0.41947115384615385,1.0,0.9663461538461539,1.0,0.53125,1.0,0.8762019230769231,0.9939903846153846,0.9939903846153846,0.0,0.6923076923076923,832,22,0.8465,0.8519,0.6701
3135209,0.9617834394904459,0.3874734607218684,1.0,0.6985138004246284,0.9585987261146497,0.5679405520169851,0.9957537154989384,0.8290870488322718,0.861995753715499,0.8757961783439491,0.10828025477707007,0.6698513800424628,942,56,0.7619,0.8378,0.629
3135308,1.0,0.7580645161290323,1.0,1.0,1.0,0.3870967741935484,1.0,0.45161290322580644,1.0,1.0,0.6129032258064516,0.45161290322580644,62,4,0.9395,0.7097,0.7661
3135357,0.940677966101695,0.0,1.0,1.0,1.0,1.0,1.0,1.0,0.9152542372881356,0.9152542372881356,0.15254237288135594,0.4152542372881356,118,7,0.7352,1.0,0.5996
3135407,1.0,0.7272727272727273,1.0,1.0,1.0,1.0,1.0,1.0,1.0,1.0,0.0,1.0,66,3,0.9318,1.0,0.75
3135456,1.0,0.5882352941176471,1.0,0.5882352941176471,0.8705882352941177,0.8470588235294118,0.8588235294117647,0.8588235294117647,0.6470588235294118,0.6588235294117647,0.011764705882352941,0.8470588235294118,85,11,0.7941,0.8588,0.5412
3135506,1.0,1.0,1.0,1.0,1.0,0.3191489361702128,0.9148936170212766,0.3191489361702128,0.9148936170212766,0.9148936170212766,0.0,0.3191489361702128,141,6,1.0,0.6383,0.5372
3135605,1.0,0.0,1.0,1.0,1.0,0.0,1.0,1.0,0.0,1.0,1.0,0.0,71,1,0.75,0.75,0.5
3135704,1.0,0.8769230769230769,1.0,1.0,1.0,0.5076923076923077,1.0,1.0,1.0,1.0,0.0,0.5076923076923077,65,3,0.9692,0.8769,0.6269
3135803,1.0,0.7956521739130434,1.0,0.908695652173913,0.9826086956521739,0.19130434782608696,0.9,0.09130434782608696,0.9434782608695652,0.9521739130434783,0.8130434782608695,0.6347826086956522,230,12,0.9261,0.5413,0.8359
3135902,1.0,0.96,1.0,1.0,1.0,0.04,1.0,0.04,0.96,0.96,0.0,0.0,75,2,0.99,0.52,0.48
3136009,1.0,0.7456647398843931,1.0,0.7456647398843931,0.9190751445086706,0.9190751445086706,0.930635838150289,0.8554913294797688,0.861271676300578,0.861271676300578,0.0,0.7456647398843931,173,12,0.8728,0.9061,0.6171
3136108,1.0,0.6857142857142857,1.0,0.6857142857142857,0.8571428571428571,0.2857142857142857,0.8571428571428571,0.8571428571428571,0.8857142857142857,0.8857142857142857,0.0,0.8571428571428571,35,4,0.8429,0.7143,0.6571
3136207,1.0,1.0,1.0,1.0,1.0,0.7195121951219512,1.0,0.45121951219512196,1.0,1.0,0.2222222222222222,0.6504065040650406,738,10,1.0,0.7927,0.7182
3136306,1.0,0.8856152512998267,1.0,0.9896013864818024,1.0,0.4610051993067591,0.9913344887348353,0.7781629116117851,0.8682842287694974,0.8769497400346621,0.24436741767764297,0.7677642980935875,577,16,0.9688,0.8076,0.6893
3136405,1.0,1.0,1.0,1.0,1.0,1.0,1.0,1.0,1.0,1.0,1.0,1.0,45,1,1.0,1.0,1.0
3136504,1.0,0.9819819819819819,1.0,0.9819819819819819,1.0,0.9819819819819819,0.990990990990991,0.9819819819819819,0.8828828828828829,0.8828828828828829,0.0,0.9819819819819819,111,5,0.991,0.9887,0.6869
3136520,0.43478260869565216,1.0,1.0,0.9347826086956522,1.0,0.0,1.0,0.5652173913043478,0.9347826086956522,0.9347826086956522,0.0,0.5652173913043478,46,3,0.8424,0.6413,0.6087
3136553,1.0,0.9032258064516129,1.0,0.9032258064516129,1.0,0.6290322580645161,1.0,0.6290322580645161,1.0,1.0,0.6290322580645161,0.6290322580645161,62,3,0.9516,0.8145,0.8145
3136579,1.0,0.967741935483871,1.0,0.967741935483871,0.967741935483871,0.967741935483871,0.967741935483871,0.967741935483871,0.967741935483871,0.967741935483871,0.0,0.0,31,2,0.9839,0.9677,0.4839
3136603,1.0,1.0,1.0,1.0,1.0,0.6630434782608695,0.7391304347826086,1.0,1.0,1.0,0.0,1.0,92,3,1.0,0.8505,0.75
3136652,1.0,0.6035353535353535,1.0,1.0,1.0,0.20959595959595959,1.0,0.851010101010101,0.22474747474747475,0.8737373737373737,0.7449494949494949,0.5984848484848485,396,11,0.9009,0.7652,0.6105
3136702,0.8954776188278727,0.9907706506691278,1.0,1.0,1.0,0.6956622058144901,0.9993077988001846,0.9993077988001846,0.5191508998615597,0.9771573604060914,0.6419012459621597,0.9637748038763267,4334,103,0.9716,0.9236,0.7755
3136801,1.0,0.6744186046511628,1.0,1.0,1.0,0.0,1.0,0.0,0.8372093023255814,0.8372093023255814,0.0,0.6744186046511628,43,3,0.9186,0.5,0.5872
3136900,1.0,0.8322981366459627,1.0,1.0,1.0,0.8322981366459627,1.0,1.0,0.9192546583850931,0.9192546583850931,0.0,0.0,161,3,0.9581,0.9581,0.4596
3136959,1.0,0.0,1.0,0.8441558441558441,0.8961038961038961,0.8441558441558441,0.8441558441558441,0.8441558441558441,0.8831168831168831,0.8831168831168831,0.0,0.2077922077922078,77,7,0.711,0.8571,0.4935
3137007,1.0,0.0,1.0,0.13245033112582782,0.9337748344370861,0.3509933774834437,0.6026490066225165,0.033112582781456956,0.4966887417218543,0.4966887417218543,0.0,0.0,151,15,0.5331,0.4801,0.2483
3137106,1.0,0.864406779661017,1.0,1.0,1.0,0.3220338983050847,1.0,1.0,1.0,1.0,0.0,0.3220338983050847,59,3,0.9661,0.8305,0.5805
3137205,1.0,1.0,1.0,1.0,1.0,0.977112676056338,1.0,0.6109154929577465,1.0,1.0,0.14612676056338028,0.8538732394366197,568,9,1.0,0.897,0.75
3137304,1.0,1.0,1.0,1.0,1.0,1.0,1.0,0.0,0.0,1.0,1.0,1.0,45,1,1.0,0.75,0.75
3137403,1.0,0.937984496124031,1.0,1.0,1.0,0.7054263565891473,1.0,0.7596899224806202,0.5116279069767442,0.8992248062015504,0.8992248062015504,0.5116279069767442,129,9,0.9845,0.8663,0.7054
3137502,1.0,1.0,1.0,1.0,1.0,0.0,1.0,0.17674418604651163,0.0,1.0,1.0,0.0,215,6,1.0,0.5442,0.5
3137536,1.0,0.9448818897637795,1.0,0.9448818897637795,1.0,0.9448818897637795,1.0,0.9448818897637795,0.9448818897637795,1.0,1.0,0.9448818897637795,127,3,0.9724,0.9724,0.9724
3137601,1.0,0.7583697234352256,1.0,1.0,1.0,0.925764192139738,1.0,0.8777292576419214,0.3930131004366812,1.0,0.8224163027656477,0.9112081513828238,687,15,0.9396,0.9509,0.7817
3137700,1.0,0.7045454545454546,1.0,0.8939393939393939,0.7575757575757576,0.6136363636363636,0.8712121212121212,0.6136363636363636,0.8712121212121212,0.8712121212121212,0.0,0.6136363636363636,264,15,0.8996,0.714,0.589
3137809,1.0,0.8349056603773585,1.0,0.9198113207547169,1.0,0.7688679245283019,0.9198113207547169,0.9198113207547169,0.3018867924528302,0.4339622641509434,0.19811320754716982,0.8349056603773585,212,7,0.9387,0.9021,0.4422
3137908,1.0,1.0,1.0,0.8,1.0,0.5777777777777777,0.5777777777777777,0.5777777777777777,0.6,0.6,0.5777777777777777,0.5777777777777777,45,4,0.95,0.6833,0.5889
3138005,1.0,1.0,1.0,1.0,1.0,0.0,1.0,1.0,0.0,0.0,0.0,0.0,52,1,1.0,0.75,0.0
3138104,1.0,0.0,1.0,0.9518072289156626,0.963855421686747,0.18072289156626506,0.963855421686747,0.2891566265060241,0.8554216867469879,0.8554216867469879,0.6265060240963856,0.25301204819277107,83,6,0.738,0.5994,0.6476
3138203,1.0,0.9592476489028213,1.0,0.9905956112852664,1.0,0.7262277951933125,1.0,0.7178683385579937,0.9278996865203761,0.9937304075235109,0.40752351097178685,0.40856844305120166,957,19,0.9875,0.861,0.6844
3138302,1.0,0.9,1.0,1.0,1.0,1.0,1.0,1.0,0.9,1.0,0.1,0.9,30,2,0.975,1.0,0.725
3138351,1.0,0.9591836734693877,1.0,1.0,1.0,0.2653061224489796,1.0,0.2653061224489796,0.9591836734693877,1.0,0.04081632653061224,0.2653061224489796,49,5,0.9898,0.6327,0.5663
3138401,1.0,1.0,1.0,1.0,0.9799107142857143,0.375,0.9910714285714286,0.6473214285714286,0.6540178571428571,0.8705357142857143,0.22767857142857142,0.34598214285714285,448,19,1.0,0.7483,0.5246
3138500,1.0,1.0,1.0,1.0,1.0,0.0,1.0,0.0,1.0,1.0,0.0,0.0,54,1,1.0,0.5,0.5
3138609,1.0,0.9822485207100592,1.0,1.0,1.0,0.15384615384615385,1.0,0.13609467455621302,0.8224852071005917,0.8224852071005917,0.0,0.3076923076923077,169,8,0.9956,0.5725,0.4882
3138625,1.0,0.9008264462809917,1.0,0.9008264462809917,1.0,0.8099173553719008,1.0,1.0,0.9008264462809917,0.9008264462809917,0.19008264462809918,1.0,121,3,0.9504,0.9525,0.7479
3138658,1.0,0.8778625954198473,1.0,0.9465648854961832,1.0,0.9465648854961832,1.0,1.0,1.0,1.0,0.12213740458015267,1.0,131,3,0.9561,0.9866,0.7805
3138674,1.0,0.5862068965517241,1.0,0.5862068965517241,0.9540229885057471,0.0,0.896551724137931,0.0,0.5862068965517241,0.6436781609195402,0.05747126436781609,0.5862068965517241,87,7,0.7931,0.4626,0.4684
3138682,1.0,0.0,1.0,0.7848101265822784,0.9493670886075949,0.7468354430379747,0.9240506329113924,0.7468354430379747,0.5822784810126582,0.5822784810126582,0.0,0.5822784810126582,79,8,0.6962,0.8418,0.4367
3138708,1.0,1.0,1.0,1.0,1.0,1.0,1.0,1.0,1.0,1.0,1.0,1.0,66,1,1.0,1.0,1.0
3138807,1.0,1.0,1.0,1.0,1.0,0.425,1.0,0.54375,1.0,1.0,0.11875,0.54375,160,4,1.0,0.7422,0.6656
3138906,1.0,0.8539325842696629,1.0,0.8539325842696629,1.0,0.38202247191011235,1.0,0.38202247191011235,1.0,1.0,0.0,0.23595505617977527,89,3,0.927,0.691,0.559
3139003,1.0,0.9693251533742331,1.0,1.0,1.0,0.9202453987730062,1.0,1.0,1.0,1.0,0.12576687116564417,1.0,326,8,0.9923,0.9801,0.7814
3139102,1.0,1.0,1.0,1.0,1.0,0.0,1.0,1.0,1.0,1.0,0.0,0.0,47,1,1.0,0.75,0.5
3139201,1.0,0.8767123287671232,1.0,0.8356164383561644,1.0,0.1963470319634703,1.0,1.0,0.5570776255707762,0.867579908675799,0.3105022831050228,0.954337899543379,219,9,0.9281,0.7991,0.6724
3139250,1.0,0.8852459016393442,1.0,0.8852459016393442,0.8852459016393442,0.8852459016393442,0.8852459016393442,0.8852459016393442,0.0,0.0,0.0,0.0,61,2,0.9426,0.8852,0.0
3139300,1.0,0.5276595744680851,0.9914893617021276,0.8042553191489362,0.9106382978723404,0.548936170212766,0.9744680851063829,0.7106382978723405,0.8680851063829788,0.8851063829787233,0.06382978723404255,0.5659574468085107,235,19,0.8309,0.7862,0.5957
3139409,1.0,0.9319470699432892,1.0,0.9867674858223062,0.9924385633270322,0.48582230623818523,1.0,0.6124763705103969,0.7977315689981096,0.9177693761814745,0.14744801512287334,0.5415879017013232,1058,34,0.9797,0.7727,0.6011
3139508,1.0,1.0,1.0,1.0,1.0,0.22270742358078602,1.0,0.5851528384279476,1.0,1.0,0.2096069868995633,0.314410480349345,229,7,1.0,0.702,0.631
3139607,1.0,1.0,1.0,1.0,1.0,0.3943089430894309,1.0,0.9715447154471545,0.04878048780487805,0.9715447154471545,0.9227642276422764,0.9715447154471545,246,7,1.0,0.8415,0.7287
3139706,1.0,0.8405797101449275,1.0,1.0,1.0,0.4057971014492754,1.0,0.4057971014492754,0.8405797101449275,1.0,0.15942028985507245,0.2463768115942029,69,3,0.9601,0.7029,0.5616
3139805,1.0,1.0,1.0,1.0,1.0,0.7806451612903226,1.0,0.7806451612903226,1.0,1.0,0.0,0.7806451612903226,155,3,1.0,0.8903,0.6952
3139904,1.0,1.0,1.0,1.0,1.0,0.8705035971223022,1.0,1.0,0.050359712230215826,0.6115107913669064,0.5611510791366906,0.8345323741007195,139,7,1.0,0.9676,0.5144
3140001,1.0,0.9593709043250328,1.0,1.0,1.0,0.20314547837483618,0.9986893840104849,0.3315858453473132,0.9764089121887287,0.9764089121887287,0.05242463958060288,0.12057667103538663,763,21,0.9898,0.6334,0.5315
3140100,1.0,1.0,1.0,1.0,1.0,1.0,1.0,1.0,0.0,1.0,1.0,1.0,49,1,1.0,1.0,0.75
3140159,1.0,0.3979591836734694,1.0,1.0,1.0,0.9897959183673469,1.0,1.0,0.4030612244897959,0.9897959183673469,0.9897959183673469,0.9897959183673469,196,5,0.8495,0.9974,0.8431
3140209,1.0,1.0,1.0,1.0,1.0,0.0,1.0,1.0,1.0,1.0,0.0,1.0,43,1,1.0,0.75,0.75
3140308,1.0,0.9,1.0,1.0,1.0,0.28,1.0,0.28,0.28,1.0,0.82,0.28,50,3,0.975,0.64,0.595
3140407,1.0,1.0,1.0,1.0,1.0,0.0,1.0,0.24444444444444444,0.0,0.0,0.0,0.0,45,3,1.0,0.5611,0.0
3140506,1.0,0.8552631578947368,1.0,1.0,1.0,0.5789473684210527,1.0,0.6052631578947368,0.9736842105263158,0.9736842105263158,0.006578947368421052,0.5789473684210527,152,8,0.9638,0.7961,0.6332
3140530,1.0,0.9666666666666667,1.0,1.0,1.0,0.058333333333333334,0.8,0.8,0.21666666666666667,0.21666666666666667,0.0,0.0,120,8,0.9917,0.6646,0.1083
3140555,1.0,1.0,1.0,1.0,1.0,1.0,1.0,1.0,1.0,1.0,0.0,0.24731182795698925,93,2,1.0,1.0,0.5618
3140605,1.0,0.6363636363636364,1.0,0.7272727272727273,1.0,1.0,1.0,1.0,1.0,1.0,0.6363636363636364,0.9636363636363636,55,4,0.8409,1.0,0.9
3140704,1.0,0.9210526315789473,1.0,1.0,1.0,0.4777327935222672,1.0,0.7226720647773279,0.5870445344129555,0.5991902834008097,0.012145748987854251,0.2165991902834008,494,10,0.9803,0.8001,0.3537
3140803,1.0,1.0,1.0,1.0,1.0,1.0,1.0,1.0,0.5149253731343284,0.8805970149253731,0.3656716417910448,1.0,134,4,1.0,1.0,0.6903
3140852,1.0,0.0,1.0,0.6216216216216216,0.8648648648648649,0.7567567567567568,0.8445945945945946,0.8581081081081081,0.75,0.75,0.11486486486486487,0.7364864864864865,148,9,0.6554,0.8311,0.5878
3140902,1.0,0.9128919860627178,1.0,0.9128919860627178,0.9198606271777003,0.5679442508710801,0.9895470383275261,0.9547038327526133,0.89198606271777,0.89198606271777,0.3240418118466899,0.5679442508710801,287,11,0.9564,0.858,0.669
3141009,1.0,0.013513513513513514,1.0,0.8918918918918919,1.0,0.8783783783783784,1.0,1.0,0.8175675675675675,0.8175675675675675,0.0,0.5202702702702703,148,6,0.7264,0.9696,0.5389
3141108,1.0,0.898876404494382,1.0,1.0,1.0,0.2853932584269663,1.0,0.3865168539325843,0.2853932584269663,1.0,0.7146067415730337,0.2853932584269663,445,8,0.9747,0.668,0.5713
3141207,1.0,0.75,1.0,1.0,1.0,0.75,1.0,0.75,1.0,1.0,0.75,0.25,32,2,0.9375,0.875,0.75
3141306,1.0,0.8297872340425532,1.0,0.8297872340425532,0.9574468085106383,0.9574468085106383,1.0,0.9574468085106383,1.0,1.0,0.0,0.9574468085106383,47,3,0.9149,0.9681,0.7394
3141405,1.0,0.8846153846153846,1.0,0.8846153846153846,0.9615384615384616,0.10683760683760683,0.9529914529914529,0.5470085470085471,0.6581196581196581,0.6581196581196581,0.24786324786324787,0.44871794871794873,234,13,0.9423,0.6421,0.5032
3141504,1.0,0.6666666666666666,1.0,1.0,1.0,0.0,1.0,0.0,1.0,1.0,0.0,0.0,45,2,0.9167,0.5,0.5
3141603,1.0,1.0,1.0,0.9390243902439024,1.0,0.8292682926829268,1.0,1.0,0.9390243902439024,1.0,0.5609756097560976,0.8292682926829268,82,4,0.9848,0.9573,0.8323
3141702,1.0,0.9545454545454546,1.0,1.0,1.0,0.0,1.0,0.7727272727272727,0.8181818181818182,0.8181818181818182,0.045454545454545456,0.8181818181818182,44,3,0.9886,0.6932,0.625
3141801,0.9971509971509972,0.5128205128205128,0.9743589743589743,0.6495726495726496,0.9202279202279202,0.5384615384615384,0.7948717948717948,0.12535612535612536,0.6153846153846154,0.7549857549857549,0.1396011396011396,0.5384615384615384,351,22,0.7835,0.5947,0.5121
3141900,1.0,1.0,1.0,1.0,1.0,1.0,1.0,1.0,1.0,1.0,0.0,1.0,40,1,1.0,1.0,0.75
3142007,1.0,0.8034188034188035,1.0,0.9316239316239316,1.0,0.7777777777777778,1.0,1.0,0.9316239316239316,0.9316239316239316,0.6581196581196581,0.7264957264957265,117,6,0.9338,0.9444,0.812
3142106,0.890625,0.890625,1.0,1.0,1.0,0.5625,1.0,0.84375,0.0,0.5625,0.5625,0.5625,64,5,0.9453,0.8516,0.4219
3142205,1.0,1.0,1.0,1.0,1.0,0.1320754716981132,1.0,0.19811320754716982,0.1320754716981132,0.33962264150943394,0.20754716981132076,0.1320754716981132,106,7,1.0,0.5825,0.2028
3142254,1.0,0.0,1.0,0.9259259259259259,1.0,0.6481481481481481,1.0,0.6481481481481481,1.0,1.0,0.0,0.8148148148148148,54,5,0.7315,0.8241,0.7037
3142304,1.0,0.5666666666666667,1.0,1.0,1.0,0.0,0.9444444444444444,0.17777777777777778,0.0,0.0,0.0,0.0,90,4,0.8917,0.5306,0.0
3142403,1.0,1.0,1.0,1.0,1.0,0.44565217391304346,1.0,0.75,1.0,1.0,0.5543478260869565,0.0,92,3,1.0,0.7989,0.6386
3142502,1.0,0.0,1.0,1.0,1.0,0.5294117647058824,1.0,0.5294117647058824,0.5294117647058824,1.0,0.47058823529411764,0.5294117647058824,17,2,0.75,0.7647,0.6324
3142601,1.0,0.85,1.0,1.0,1.0,1.0,1.0,0.0,1.0,1.0,0.15,0.85,100,3,0.9625,0.75,0.75
3142700,1.0,0.0,1.0,0.7958115183246073,0.9109947643979057,0.44502617801047123,0.9057591623036649,0.46596858638743455,0.774869109947644,0.8324607329842932,0.05759162303664921,0.46596858638743455,191,15,0.699,0.6819,0.5327
3142809,1.0,0.8555555555555555,1.0,1.0,0.9277777777777778,0.03333333333333333,1.0,0.07222222222222222,1.0,1.0,0.03333333333333333,0.03333333333333333,180,6,0.9639,0.5083,0.5167
3142908,0.9260869565217391,0.34347826086956523,1.0,0.8913043478260869,1.0,0.5260869565217391,1.0,1.0,0.9521739130434783,0.9521739130434783,0.06086956521739131,0.9434782608695652,230,12,0.7902,0.8815,0.7272
3143005,1.0,1.0,1.0,1.0,1.0,0.0,1.0,1.0,0.0,0.0,0.0,0.0,29,2,1.0,0.75,0.0
3143104,1.0,0.8732106339468303,1.0,0.983640081799591,1.0,0.5685071574642127,1.0,0.7361963190184049,0.7975460122699386,0.7975460122699386,0.0,0.6503067484662577,489,10,0.9642,0.8262,0.5613
3143153,1.0,0.39705882352941174,1.0,0.4117647058823529,1.0,0.0,0.39705882352941174,0.0,0.0,0.0,0.0,0.0,68,9,0.7022,0.3493,0.0
3143203,1.0,1.0,1.0,1.0,1.0,1.0,1.0,1.0,1.0,1.0,0.0,1.0,195,2,1.0,1.0,0.75
3143302,0.9995300751879699,0.9548872180451128,1.0,0.9898966165413534,1.0,0.706766917293233,0.9971804511278195,0.7220394736842105,0.9579417293233082,0.9579417293233082,0.10361842105263158,0.8169642857142857,4256,84,0.9861,0.8565,0.7091
3143401,1.0,0.9459459459459459,1.0,1.0,1.0,0.6576576576576577,1.0,0.7117117117117117,0.6891891891891891,0.6891891891891891,0.03153153153153153,0.15765765765765766,222,5,0.9865,0.8423,0.3919
3143450,1.0,0.7325581395348837,1.0,1.0,1.0,0.10465116279069768,1.0,0.8372093023255814,0.7325581395348837,0.7325581395348837,0.0,0.7325581395348837,86,3,0.9331,0.7355,0.5494
3143500,1.0,0.8650793650793651,1.0,0.9920634920634921,1.0,0.11904761904761904,1.0,0.07936507936507936,0.9285714285714286,0.9285714285714286,0.0,0.0,126,5,0.9643,0.5496,0.4643
3143609,1.0,0.8823529411764706,1.0,1.0,1.0,0.0,1.0,0.8823529411764706,0.0,0.0,0.0,0.0,34,2,0.9706,0.7206,0.0
3143708,1.0,1.0,1.0,1.0,1.0,1.0,1.0,0.05405405405405406,0.9459459459459459,1.0,0.05405405405405406,0.9459459459459459,37,2,1.0,0.7635,0.7365
3143807,1.0,0.8333333333333334,1.0,1.0,1.0,0.0,1.0,0.8333333333333334,0.16666666666666666,0.16666666666666666,0.0,0.0,96,2,0.9583,0.7083,0.0833
3143906,0.9812606473594548,0.9923339011925043,1.0,0.9931856899488927,0.9991482112436116,0.5894378194207837,1.0,0.6754684838160137,0.596252129471891,0.596252129471891,0.07666098807495741,0.580068143100511,1174,36,0.9917,0.816,0.4623
3144003,1.0,0.6470588235294118,1.0,0.7871148459383753,0.8179271708683473,0.7058823529411765,0.9019607843137255,0.8515406162464986,0.834733893557423,0.8543417366946778,0.16526610644257703,0.7310924369747899,357,26,0.8585,0.8193,0.6464
3144102,1.0,0.8722222222222222,1.0,1.0,1.0,0.12777777777777777,1.0,0.7333333333333333,0.7833333333333333,0.8222222222222222,0.45555555555555555,0.2777777777777778,180,6,0.9681,0.7153,0.5847
3144201,1.0,1.0,1.0,0.9629629629629629,1.0,0.0,1.0,0.0,1.0,1.0,0.0,0.9629629629629629,27,2,0.9907,0.5,0.7407
3144300,1.0,0.8354114713216958,1.0,0.9975062344139651,1.0,0.5236907730673317,0.9975062344139651,0.7605985037406484,0.9975062344139651,0.9975062344139651,0.0,0.6982543640897756,401,12,0.9582,0.8204,0.6733
3144359,1.0,1.0,1.0,1.0,1.0,0.0,1.0,0.0,1.0,1.0,0.0,0.0,93,1,1.0,0.5,0.5
3144375,1.0,1.0,1.0,1.0,1.0,1.0,1.0,1.0,1.0,1.0,0.0,1.0,45,1,1.0,1.0,0.75
3144409,1.0,1.0,1.0,1.0,1.0,0.0,1.0,0.0,0.0,1.0,1.0,0.0,37,1,1.0,0.5,0.5
3144508,1.0,1.0,1.0,1.0,1.0,1.0,1.0,1.0,1.0,1.0,1.0,1.0,83,1,1.0,1.0,1.0
3144607,1.0,0.8232931726907631,1.0,1.0,1.0,0.285140562248996,0.8232931726907631,0.285140562248996,0.5381526104417671,0.5381526104417671,0.0,0.3172690763052209,249,6,0.9558,0.5984,0.3484
3144656,1.0,0.5462184873949579,1.0,0.7815126050420168,0.9747899159663865,0.7226890756302521,1.0,0.453781512605042,0.7058823529411765,0.7394957983193278,0.03361344537815126,0.6470588235294118,119,8,0.8319,0.7878,0.5315
3144672,1.0,0.7297297297297297,1.0,0.7297297297297297,0.35135135135135137,0.0,0.24324324324324326,0.24324324324324326,0.0,0.0,0.0,0.0,37,4,0.8649,0.2095,0.0
3144706,1.0,1.0,1.0,1.0,1.0,0.6792452830188679,1.0,1.0,0.4339622641509434,0.6163522012578616,0.18238993710691823,1.0,159,5,1.0,0.9198,0.5582
3144805,1.0,0.8739583333333333,1.0,1.0,1.0,0.7604166666666666,1.0,0.5208333333333334,0.721875,0.9208333333333333,0.234375,0.17291666666666666,960,16,0.9685,0.8203,0.5125
3144904,1.0,0.9056603773584906,1.0,0.6792452830188679,0.8867924528301887,0.0,1.0,0.0,0.0,0.0,0.0,0.0,53,4,0.8962,0.4717,0.0
3145000,1.0,1.0,1.0,1.0,1.0,0.5720524017467249,1.0,0.34497816593886466,0.6331877729257642,0.6331877729257642,0.0,0.34497816593886466,229,5,1.0,0.7293,0.4028
3145059,1.0,0.2033898305084746,1.0,1.0,1.0,0.0847457627118644,1.0,0.0847457627118644,0.9152542372881356,1.0,0.3220338983050847,0.0847457627118644,59,5,0.8008,0.5424,0.5805
3145109,1.0,0.9241706161137441,1.0,0.990521327014218,1.0,1.0,1.0,0.2132701421800948,0.9241706161137441,0.9241706161137441,0.9241706161137441,0.13744075829383887,211,5,0.9787,0.8033,0.7275
3145208,1.0,0.9637919684002634,1.0,1.0,1.0,0.9921000658327848,1.0,0.9921000658327848,1.0,1.0,0.20473996050032917,0.9585253456221198,1519,22,0.9909,0.9961,0.7908
3145307,1.0,0.6666666666666666,1.0,0.6666666666666666,0.9591194968553459,0.6698113207547169,0.9371069182389937,0.8553459119496856,0.5566037735849056,0.5566037735849056,0.018867924528301886,0.8081761006289309,318,25,0.8333,0.8553,0.4851
3145356,1.0,0.7226277372262774,1.0,0.7226277372262774,1.0,0.19708029197080293,0.8832116788321168,1.0,0.3284671532846715,0.35766423357664234,0.029197080291970802,0.19708029197080293,137,10,0.8613,0.7701,0.2281
3145372,1.0,0.1016949152542373,1.0,1.0,1.0,0.0,0.864406779661017,0.7627118644067796,0.7966101694915254,0.7966101694915254,0.0,0.0,59,4,0.7754,0.6568,0.3983
3145406,1.0,1.0,1.0,1.0,1.0,0.8888888888888888,1.0,0.8888888888888888,1.0,1.0,0.8888888888888888,0.0,18,2,1.0,0.9444,0.7222
3145455,1.0,0.0,1.0,0.9538461538461539,1.0,0.0,0.0,0.0,0.8923076923076924,0.8923076923076924,0.0,0.0,65,4,0.7385,0.25,0.4462
3145505,1.0,1.0,1.0,1.0,1.0,1.0,1.0,1.0,0.0,1.0,1.0,1.0,28,1,1.0,1.0,0.75
3145604,1.0,0.9428571428571428,1.0,1.0,0.9766233766233766,0.6363636363636364,1.0,0.9506493506493506,0.9688311688311688,0.9688311688311688,0.14025974025974025,0.9038961038961039,385,14,0.9857,0.8909,0.7455
3145703,1.0,1.0,1.0,1.0,1.0,0.0,1.0,1.0,0.0,0.0,0.0,0.0,16,1,1.0,0.75,0.0
3145802,1.0,0.3793103448275862,1.0,1.0,1.0,0.4482758620689655,1.0,0.7931034482758621,0.896551724137931,0.896551724137931,0.0,0.7931034482758621,29,6,0.8448,0.8103,0.6466
3145851,1.0,1.0,1.0,1.0,1.0,1.0,1.0,1.0,1.0,1.0,0.0,1.0,61,1,1.0,1.0,0.75
3145877,1.0,1.0,1.0,0.6186440677966102,0.9576271186440678,0.0,0.576271186440678,0.1271186440677966,0.0,0.4491525423728814,0.4491525423728814,0.0,118,5,0.9047,0.4153,0.2246
3145901,1.0,0.9287410926365796,1.0,1.0,1.0,0.6579572446555819,1.0,1.0,0.9691211401425178,1.0,0.052256532066508314,0.9786223277909739,421,11,0.9822,0.9145,0.75
3146008,1.0,1.0,1.0,1.0,1.0,0.038314176245210725,1.0,0.3448275862068966,0.0,0.3065134099616858,0.3065134099616858,0.3448275862068966,261,6,1.0,0.5958,0.2395
3146107,1.0,0.9971428571428571,1.0,0.9885714285714285,0.9885714285714285,0.49714285714285716,0.9885714285714285,0.83,0.9742857142857143,0.9742857142857143,0.02142857142857143,0.7671428571428571,700,32,0.9964,0.8261,0.6843
3146206,1.0,0.8529411764705882,1.0,0.8529411764705882,0.9803921568627451,0.0,1.0,1.0,0.8529411764705882,0.8529411764705882,0.8529411764705882,0.0,102,7,0.9265,0.7451,0.6397
3146255,1.0,0.8192771084337349,1.0,0.9518072289156626,0.8795180722891566,0.18072289156626506,0.8192771084337349,0.18072289156626506,1.0,1.0,0.0,0.18072289156626506,83,7,0.9428,0.5151,0.5452
3146305,1.0,0.7400881057268722,1.0,0.8149779735682819,0.933920704845815,0.3392070484581498,0.9515418502202643,0.6872246696035242,0.7092511013215859,0.7092511013215859,0.0,0.44493392070484583,227,13,0.8888,0.728,0.4659
3146404,1.0,0.0,1.0,1.0,1.0,1.0,1.0,1.0,1.0,1.0,0.0,1.0,38,1,0.75,1.0,0.75
3146503,1.0,1.0,1.0,1.0,1.0,0.9333333333333333,1.0,0.06666666666666667,0.9333333333333333,0.9333333333333333,0.0,0.06666666666666667,90,2,1.0,0.75,0.4833
3146552,1.0,0.0,1.0,0.9014084507042254,1.0,0.0,1.0,1.0,1.0,1.0,0.0,0.0,71,3,0.7254,0.75,0.5
3146602,1.0,1.0,1.0,1.0,1.0,0.0,1.0,0.0,1.0,1.0,0.0,0.0,10,1,1.0,0.5,0.5
3146701,1.0,1.0,1.0,1.0,1.0,0.7931034482758621,1.0,0.7931034482758621,0.0,0.896551724137931,0.896551724137931,0.7931034482758621,58,3,1.0,0.8966,0.6466
3146750,1.0,0.7866666666666666,1.0,1.0,1.0,0.28,1.0,0.21333333333333335,1.0,1.0,0.0,0.21333333333333335,75,3,0.9467,0.6233,0.5533
3146909,1.0,0.9662921348314607,1.0,1.0,1.0,0.5674157303370787,1.0,0.7752808988764045,1.0,1.0,0.0,1.0,178,5,0.9916,0.8357,0.75
3147006,1.0,0.9076923076923077,1.0,0.9122171945701357,0.9791855203619909,0.20995475113122172,1.0,0.4633484162895928,0.6751131221719457,0.8027149321266969,0.3945701357466063,0.6081447963800904,1105,26,0.955,0.6631,0.6201
3147105,1.0,0.9878419452887538,1.0,1.0,1.0,0.7304964539007093,1.0,0.8267477203647416,0.42958459979736574,1.0,0.5704154002026343,0.779128672745694,987,20,0.997,0.8893,0.6948
3147204,1.0,1.0,1.0,1.0,1.0,0.5572139303482587,1.0,0.47761194029850745,1.0,1.0,0.0,0.17412935323383086,201,4,1.0,0.7587,0.5435
3147303,1.0,1.0,1.0,1.0,1.0,0.8268156424581006,1.0,1.0,0.0,1.0,1.0,1.0,179,4,1.0,0.9567,0.75
3147402,1.0,0.8674242424242424,1.0,0.9318181818181818,1.0,0.375,1.0,0.5871212121212122,1.0,1.0,0.5227272727272727,0.48484848484848486,264,7,0.9498,0.7405,0.7519
3147501,1.0,1.0,1.0,1.0,1.0,1.0,1.0,1.0,1.0,1.0,0.0,0.0,31,1,1.0,1.0,0.5
3147600,1.0,1.0,1.0,0.9875,1.0,0.65,0.875,0.65,0.91875,0.91875,0.0,0.5,160,9,0.9969,0.7938,0.5844
3147709,1.0,0.96875,1.0,1.0,1.0,0.96875,1.0,1.0,0.734375,1.0,0.265625,0.96875,64,3,0.9922,0.9922,0.7422
3147808,1.0,1.0,1.0,1.0,1.0,1.0,1.0,0.0,1.0,1.0,0.0,0.0,18,1,1.0,0.75,0.5
3147907,1.0,0.9495412844036697,0.9889908256880734,0.9889908256880734,1.0,0.28256880733944956,0.9889908256880734,0.7807339449541284,1.0,1.0,0.0926605504587156,0.789908256880734,1090,23,0.9819,0.7631,0.7206
3147956,1.0,0.5535714285714286,1.0,1.0,0.8928571428571429,0.07142857142857142,1.0,0.9821428571428571,0.8928571428571429,0.9821428571428571,0.08928571428571429,0.7321428571428571,56,5,0.8884,0.7366,0.6741
3148004,1.0,0.9595536959553695,1.0,0.9944211994421199,1.0,0.6959553695955369,1.0,0.6408647140864714,1.0,1.0,0.13249651324965134,0.6157601115760112,1434,29,0.9885,0.8342,0.6871
3148103,1.0,0.946894689468947,1.0,1.0,1.0,0.7506750675067507,1.0,0.8856885688568857,1.0,1.0,0.16111611161116113,0.7695769576957696,1111,27,0.9867,0.9091,0.7327
3148202,1.0,1.0,1.0,1.0,1.0,0.0,1.0,0.0,0.0,1.0,1.0,0.0,58,1,1.0,0.5,0.5
3148301,1.0,0.9193548387096774,1.0,1.0,1.0,0.9193548387096774,1.0,0.9193548387096774,1.0,1.0,0.7258064516129032,0.1935483870967742,62,3,0.9798,0.9597,0.7298
3148400,1.0,0.75,1.0,0.75,1.0,0.0,1.0,0.0,0.75,0.984375,0.234375,0.0,64,3,0.875,0.5,0.4922
3148509,1.0,0.9333333333333333,1.0,0.9333333333333333,1.0,0.3333333333333333,0.9333333333333333,0.9333333333333333,0.9333333333333333,0.9333333333333333,0.0,0.2,90,5,0.9667,0.8,0.5167
3148608,1.0,0.6143790849673203,1.0,0.6143790849673203,1.0,0.6143790849673203,0.7973856209150327,0.673202614379085,0.8300653594771242,0.8300653594771242,0.0,0.6143790849673203,153,8,0.8072,0.7712,0.5686
3148707,0.9730639730639731,0.9057239057239057,1.0,0.9865319865319865,0.9865319865319865,0.13804713804713806,0.9865319865319865,0.9326599326599326,0.9595959595959596,0.9595959595959596,0.0,0.494949494949495,297,6,0.9663,0.7609,0.6035
3148756,1.0,0.6206896551724138,1.0,0.6206896551724138,1.0,0.40229885057471265,1.0,1.0,0.367816091954023,0.41379310344827586,0.04597701149425287,0.5632183908045977,87,10,0.8103,0.8506,0.3477
3148806,1.0,1.0,1.0,1.0,1.0,0.0,1.0,0.0,1.0,1.0,0.0,0.0,27,1,1.0,0.5,0.5
3148905,1.0,1.0,1.0,1.0,1.0,0.9047619047619048,1.0,0.9047619047619048,0.9047619047619048,1.0,0.09523809523809523,0.0,42,3,1.0,0.9524,0.5
3149002,1.0,1.0,1.0,1.0,1.0,1.0,1.0,1.0,1.0,1.0,0.0,0.0,33,1,1.0,1.0,0.5
3149101,1.0,0.6571428571428571,1.0,1.0,1.0,0.8142857142857143,0.8571428571428571,0.8142857142857143,0.0,0.15714285714285714,0.15714285714285714,0.0,70,5,0.9143,0.8714,0.0786
3149150,1.0,0.775,1.0,0.8416666666666667,0.875,0.775,0.8,0.8,0.0,0.0,0.0,0.8,120,6,0.9042,0.8125,0.2
3149200,1.0,1.0,1.0,1.0,1.0,1.0,1.0,1.0,1.0,1.0,0.0,1.0,47,1,1.0,1.0,0.75
3149309,1.0,0.7106017191977078,1.0,1.0,1.0,0.4169054441260745,1.0,0.38825214899713467,0.37106017191977075,0.9426934097421203,0.6547277936962751,0.5,698,15,0.9277,0.7013,0.6171
3149408,1.0,1.0,1.0,0.0,1.0,0.0,1.0,1.0,1.0,1.0,1.0,1.0,17,1,0.75,0.75,1.0
3149507,1.0,1.0,1.0,1.0,1.0,0.0,1.0,0.0,0.0,1.0,1.0,0.0,45,1,1.0,0.5,0.5
3149606,1.0,1.0,1.0,1.0,1.0,1.0,1.0,1.0,1.0,1.0,0.0,0.0,56,1,1.0,1.0,0.5
3149705,1.0,1.0,1.0,1.0,1.0,0.6647727272727273,1.0,0.0,1.0,1.0,0.0,0.6647727272727273,176,2,1.0,0.6662,0.6662
3149804,1.0,1.0,1.0,1.0,1.0,0.12406015037593984,1.0,0.12406015037593984,1.0,1.0,0.49624060150375937,0.12406015037593984,266,5,1.0,0.562,0.6551
3149903,1.0,0.986046511627907,1.0,1.0,1.0,0.827906976744186,0.986046511627907,0.827906976744186,0.8325581395348837,0.8325581395348837,0.4744186046511628,0.827906976744186,215,6,0.9965,0.9105,0.7419
3149952,1.0,1.0,1.0,1.0,1.0,0.3211009174311927,1.0,1.0,1.0,1.0,0.5229357798165137,0.8623853211009175,109,4,1.0,0.8303,0.8463
3150000,1.0,1.0,1.0,1.0,1.0,1.0,1.0,1.0,1.0,1.0,0.0,0.0,47,1,1.0,1.0,0.5
3150109,1.0,1.0,1.0,1.0,1.0,1.0,1.0,1.0,1.0,1.0,0.0,1.0,31,1,1.0,1.0,0.75
3150158,1.0,0.8571428571428571,1.0,1.0,1.0,0.0,1.0,0.8571428571428571,0.8571428571428571,0.8571428571428571,0.0,0.8571428571428571,112,2,0.9643,0.7143,0.6429
3150208,1.0,1.0,1.0,1.0,1.0,1.0,1.0,1.0,0.0,1.0,1.0,1.0,51,1,1.0,1.0,0.75
3150307,1.0,1.0,1.0,1.0,1.0,1.0,1.0,1.0,0.0,1.0,1.0,0.7631578947368421,38,2,1.0,1.0,0.6908
3150406,1.0,0.0,1.0,1.0,1.0,0.0,1.0,0.0,0.0,0.3870967741935484,0.3870967741935484,0.0,62,4,0.75,0.5,0.1935
3150505,1.0,1.0,1.0,1.0,1.0,0.5,1.0,0.5,1.0,1.0,0.0,0.5,64,2,1.0,0.75,0.625
3150539,1.0,1.0,1.0,1.0,1.0,1.0,1.0,1.0,1.0,1.0,1.0,1.0,80,1,1.0,1.0,1.0
3150570,0.9203539823008849,0.0,1.0,0.6637168141592921,1.0,0.11504424778761062,1.0,0.25663716814159293,0.8584070796460177,0.8584070796460177,0.0,0.19469026548672566,113,5,0.646,0.5929,0.4779
3150604,1.0,0.8813559322033898,1.0,1.0,0.8983050847457628,0.01694915254237288,1.0,0.0,0.8813559322033898,1.0,0.11864406779661017,0.0,59,3,0.9703,0.4788,0.5
3150703,1.0,1.0,1.0,1.0,1.0,1.0,1.0,1.0,1.0,1.0,0.0,1.0,74,1,1.0,1.0,0.75
3150802,1.0,0.7533333333333333,1.0,0.8133333333333334,1.0,0.2733333333333333,1.0,0.5666666666666667,0.25333333333333335,0.7066666666666667,0.4533333333333333,0.25333333333333335,150,13,0.8917,0.71,0.4167
3150901,1.0,0.6349206349206349,1.0,1.0,1.0,0.873015873015873,1.0,1.0,0.6349206349206349,0.873015873015873,0.23809523809523808,1.0,63,3,0.9087,0.9683,0.6865
3151008,1.0,1.0,1.0,1.0,1.0,1.0,1.0,1.0,0.0,0.8727272727272727,0.8727272727272727,1.0,110,3,1.0,1.0,0.6864
3151107,1.0,1.0,1.0,1.0,1.0,0.6060606060606061,1.0,1.0,0.6060606060606061,0.8383838383838383,0.23232323232323232,1.0,99,4,1.0,0.9015,0.6692
3151206,1.0,0.6339563862928349,1.0,1.0,1.0,0.22429906542056074,1.0,0.6838006230529595,0.5404984423676013,1.0,0.6526479750778816,0.7258566978193146,642,10,0.9085,0.727,0.7298
3151305,1.0,1.0,1.0,1.0,1.0,0.7777777777777778,1.0,1.0,0.35555555555555557,1.0,0.6444444444444445,0.7777777777777778,135,3,1.0,0.9444,0.6944
3151404,1.0,0.9561752988047809,1.0,0.9800796812749004,1.0,0.4860557768924303,0.9880478087649402,0.749003984063745,0.9402390438247012,0.9402390438247012,0.0,0.7091633466135459,251,13,0.9841,0.8058,0.6474
3151503,1.0,1.0,1.0,1.0,1.0,0.2901023890784983,1.0,0.7542662116040956,0.6416382252559727,0.9692832764505119,0.8395904436860068,0.2354948805460751,293,8,1.0,0.7611,0.6715
3151602,1.0,1.0,1.0,1.0,1.0,1.0,1.0,1.0,1.0,1.0,1.0,1.0,171,1,1.0,1.0,1.0
3151701,1.0,0.8043478260869565,1.0,0.9492753623188406,1.0,0.5579710144927537,1.0,0.6594202898550725,0.7246376811594203,0.7246376811594203,0.0,0.5579710144927537,138,6,0.9384,0.8043,0.5018
3151800,1.0,0.9672701949860725,1.0,1.0,1.0,0.66991643454039,1.0,0.8050139275766016,0.9428969359331476,0.9428969359331476,0.1915041782729805,0.7701949860724234,1436,30,0.9918,0.8687,0.7119
3151909,1.0,0.7764705882352941,1.0,0.7764705882352941,0.9058823529411765,0.7764705882352941,0.9058823529411765,0.8470588235294118,0.6470588235294118,0.788235294117647,0.1411764705882353,0.8470588235294118,85,7,0.8882,0.8588,0.6059
3152006,1.0,0.963855421686747,1.0,0.963855421686747,1.0,0.3614457831325301,1.0,0.5277108433734939,1.0,1.0,0.0,0.491566265060241,415,9,0.9819,0.7223,0.6229
3152105,1.0,0.9903100775193798,1.0,1.0,1.0,0.4476744186046512,1.0,0.48255813953488375,0.9418604651162791,0.9631782945736435,0.11627906976744186,0.4786821705426357,516,17,0.9976,0.7326,0.625
3152131,1.0,1.0,1.0,1.0,1.0,1.0,1.0,0.0,1.0,1.0,0.0,1.0,61,1,1.0,0.75,0.75
3152170,1.0,0.47368421052631576,1.0,0.875,0.9736842105263158,0.0,0.9473684210526315,0.0,0.0,0.5263157894736842,0.5263157894736842,0.0,152,12,0.8372,0.4803,0.2632
3152204,1.0,0.4975609756097561,1.0,0.9609756097560975,0.9609756097560975,0.7926829268292683,0.9853658536585366,0.9121951219512195,0.8951219512195122,0.9292682926829269,0.03414634146341464,0.7780487804878049,410,19,0.8646,0.9128,0.6591
3152303,1.0,0.8846153846153846,1.0,0.8846153846153846,1.0,0.8589743589743589,0.8589743589743589,0.8589743589743589,0.717948717948718,0.717948717948718,0.0,0.8589743589743589,78,8,0.9423,0.8942,0.5737
3152402,0.9657142857142857,0.8171428571428572,1.0,0.96,1.0,0.5485714285714286,0.9942857142857143,0.9942857142857143,0.8,0.8628571428571429,0.5771428571428572,0.2857142857142857,175,8,0.9357,0.8843,0.6314
3152501,1.0,0.9360385144429161,1.0,1.0,1.0,0.8019257221458047,1.0,0.9552957359009628,0.9938101788170564,0.9938101788170564,0.2125171939477304,0.8005502063273727,1454,24,0.984,0.9393,0.7502
3152600,1.0,1.0,1.0,1.0,1.0,0.8070175438596491,1.0,0.8070175438596491,0.8070175438596491,0.8070175438596491,0.21052631578947367,0.8070175438596491,57,3,1.0,0.9035,0.6579
3152709,1.0,1.0,1.0,1.0,0.9387755102040817,0.0,1.0,1.0,0.5612244897959183,0.5612244897959183,0.29591836734693877,0.5714285714285714,98,5,1.0,0.7347,0.4974
3152808,1.0,0.9010416666666666,1.0,0.9114583333333334,1.0,0.026041666666666668,1.0,0.3880208333333333,0.7057291666666666,0.7057291666666666,0.2994791666666667,0.20572916666666666,384,9,0.9531,0.6035,0.4792
3152907,1.0,1.0,1.0,1.0,1.0,1.0,1.0,1.0,1.0,1.0,0.8214285714285714,0.17857142857142858,84,2,1.0,1.0,0.75
3153004,1.0,1.0,1.0,1.0,1.0,1.0,1.0,1.0,1.0,1.0,1.0,0.0,56,1,1.0,1.0,0.75
3153103,1.0,0.5409836065573771,1.0,0.9344262295081968,0.5573770491803278,0.0,0.5409836065573771,0.5409836065573771,0.5409836065573771,0.5409836065573771,0.0,0.5409836065573771,61,6,0.8689,0.4098,0.4057
3153202,1.0,0.7333333333333333,1.0,1.0,1.0,1.0,1.0,1.0,0.16666666666666666,0.16666666666666666,0.0,1.0,30,3,0.9333,1.0,0.3333
3153301,1.0,1.0,1.0,1.0,1.0,1.0,1.0,0.0,1.0,1.0,1.0,0.0,36,1,1.0,0.75,0.75
3153400,1.0,0.7589743589743589,0.9897435897435898,0.9282051282051282,0.9794871794871794,0.05128205128205128,0.9897435897435898,0.5743589743589743,0.8102564102564103,0.8102564102564103,0.5128205128205128,0.517948717948718,195,10,0.9192,0.6487,0.6628
3153509,1.0,0.7717391304347826,1.0,1.0,1.0,1.0,1.0,1.0,0.0,0.0,0.0,0.14130434782608695,92,5,0.9429,1.0,0.0353
3153608,1.0,0.8173913043478261,1.0,1.0,1.0,0.1826086956521739,1.0,0.6434782608695652,1.0,1.0,0.0,0.6434782608695652,115,5,0.9543,0.7065,0.6609
3153707,1.0,1.0,1.0,1.0,1.0,0.0,1.0,0.0,1.0,1.0,1.0,0.0,35,1,1.0,0.5,0.75
3153806,1.0,1.0,1.0,1.0,1.0,1.0,1.0,0.0,1.0,1.0,1.0,0.0,15,1,1.0,0.75,0.75
3153905,1.0,1.0,1.0,1.0,1.0,0.9539473684210527,1.0,1.0,1.0,1.0,0.0,0.9539473684210527,152,4,1.0,0.9885,0.7385
3154002,1.0,0.9083333333333333,1.0,1.0,1.0,0.9,1.0,1.0,0.7208333333333333,0.9666666666666667,0.2875,0.9291666666666667,240,15,0.9771,0.975,0.726
3154101,1.0,1.0,1.0,1.0,1.0,0.5949367088607594,1.0,1.0,1.0,1.0,0.43037974683544306,0.8481012658227848,79,5,1.0,0.8987,0.8196
3154150,1.0,0.9411764705882353,1.0,1.0,0.8941176470588236,0.07058823529411765,1.0,0.07058823529411765,0.8941176470588236,0.8941176470588236,0.0,0.07058823529411765,85,4,0.9853,0.5088,0.4647
3154200,1.0,0.9384615384615385,1.0,1.0,1.0,0.8692307692307693,1.0,0.8692307692307693,0.8692307692307693,1.0,1.0,0.8692307692307693,130,5,0.9846,0.9346,0.9346
3154309,1.0,0.9419354838709677,1.0,0.9612903225806452,1.0,0.10967741935483871,1.0,0.4,0.9612903225806452,0.9612903225806452,0.0,0.01935483870967742,155,9,0.9758,0.6274,0.4855
3154408,1.0,1.0,1.0,1.0,0.9642857142857143,0.6607142857142857,1.0,1.0,1.0,1.0,0.0,0.9642857142857143,56,3,1.0,0.9062,0.7411
3154457,0.927710843373494,0.8554216867469879,1.0,0.8554216867469879,1.0,0.13253012048192772,1.0,0.13253012048192772,0.9879518072289156,0.9879518072289156,0.0,0.9879518072289156,83,4,0.9096,0.5663,0.741
3154507,1.0,0.6941176470588235,1.0,0.8,0.9411764705882353,0.0,0.3058823529411765,0.0,0.8,0.8,0.0,0.0,85,6,0.8735,0.3118,0.4
3154606,1.0,1.0,1.0,1.0,1.0,0.8567794454337319,1.0,0.5469346222335284,0.19257186466547951,0.9865174255914525,0.8453319765962859,0.3324853726787077,3931,52,1.0,0.8509,0.5892
3154705,1.0,0.95,1.0,1.0,0.95,0.0,0.95,0.95,0.95,0.95,0.0,0.0,40,2,0.9875,0.7125,0.475
3154804,1.0,1.0,1.0,1.0,1.0,0.6929824561403509,1.0,0.0,0.0,1.0,1.0,0.2543859649122807,114,4,1.0,0.6732,0.5636
3154903,1.0,1.0,1.0,1.0,1.0,0.2517985611510791,1.0,0.5899280575539568,0.34532374100719426,0.8561151079136691,0.60431654676259,0.2517985611510791,139,5,1.0,0.7104,0.5144
3155009,1.0,1.0,1.0,1.0,1.0,1.0,1.0,1.0,0.0,1.0,1.0,1.0,33,1,1.0,1.0,0.75
3155108,1.0,1.0,1.0,1.0,1.0,1.0,1.0,0.6666666666666666,1.0,1.0,0.6666666666666666,0.6666666666666666,54,2,1.0,0.9167,0.8333
3155207,1.0,0.9047619047619048,1.0,1.0,1.0,1.0,1.0,0.8571428571428571,0.8571428571428571,0.9047619047619048,0.047619047619047616,0.8571428571428571,42,4,0.9762,0.9643,0.6667
3155306,1.0,0.0,1.0,1.0,1.0,1.0,1.0,1.0,1.0,1.0,0.22448979591836735,1.0,49,3,0.75,1.0,0.8061
3155405,1.0,1.0,1.0,1.0,1.0,0.0,1.0,0.45263157894736844,0.0,1.0,1.0,1.0,95,2,1.0,0.6132,0.75
3155504,1.0,1.0,1.0,0.9505494505494505,1.0,0.07142857142857142,0.9560439560439561,0.978021978021978,0.9065934065934066,0.9065934065934066,0.0,0.6758241758241759,182,6,0.9876,0.7514,0.6223
3155603,1.0,0.4888268156424581,1.0,0.6005586592178771,0.9553072625698324,0.5614525139664804,1.0,0.7849162011173184,0.611731843575419,0.6312849162011173,0.06424581005586592,0.6201117318435754,358,14,0.7723,0.8254,0.4818
3155702,1.0,0.7714285714285715,1.0,1.0,0.9828571428571429,0.6514285714285715,1.0,0.88,0.6342857142857142,0.6342857142857142,0.017142857142857144,0.5142857142857142,175,8,0.9429,0.8786,0.45
3155801,1.0,1.0,1.0,1.0,1.0,0.0,1.0,0.0,0.0,0.0,0.0,1.0,176,1,1.0,0.5,0.25
3155900,1.0,1.0,1.0,1.0,1.0,0.0,0.8709677419354839,0.8709677419354839,0.8709677419354839,0.8709677419354839,0.0,0.8709677419354839,31,3,1.0,0.6855,0.6532
3156007,1.0,0.4878048780487805,1.0,0.6016260162601627,1.0,0.23577235772357724,0.7479674796747967,0.6016260162601627,0.7479674796747967,0.7479674796747967,0.0,0.11382113821138211,123,15,0.7724,0.6463,0.4024
3156106,0.9545454545454546,0.8636363636363636,1.0,1.0,1.0,0.8636363636363636,1.0,0.8636363636363636,0.8636363636363636,1.0,0.13636363636363635,0.8636363636363636,44,4,0.9545,0.9318,0.7159
3156205,1.0,1.0,1.0,1.0,1.0,1.0,1.0,1.0,1.0,1.0,1.0,1.0,35,1,1.0,1.0,1.0
3156304,1.0,1.0,1.0,1.0,1.0,0.0,1.0,0.0,1.0,1.0,1.0,0.0,107,1,1.0,0.5,0.75
3156403,1.0,1.0,1.0,1.0,1.0,0.0,1.0,0.0,1.0,1.0,0.0,0.0,29,1,1.0,0.5,0.5
3156452,1.0,1.0,1.0,1.0,1.0,0.0,1.0,0.7962962962962963,0.0,1.0,1.0,0.0,54,2,1.0,0.6991,0.5
3156502,1.0,0.6271186440677966,1.0,0.8813559322033898,0.8135593220338984,0.559322033898305,0.8135593220338984,0.559322033898305,0.8135593220338984,0.8135593220338984,0.2542372881355932,0.559322033898305,59,6,0.8771,0.6864,0.6102
3156601,1.0,1.0,1.0,0.9775280898876404,1.0,0.0,1.0,0.9775280898876404,0.9775280898876404,0.9775280898876404,0.0,0.9775280898876404,89,3,0.9944,0.7444,0.7331
3156700,1.0,0.9963262307127112,1.0,1.0,1.0,0.5936811168258633,1.0,0.8706833210874357,0.9985304922850845,0.9985304922850845,0.20573108008817045,0.9037472446730346,1361,28,0.9991,0.8661,0.7766
3156809,1.0,0.803921568627451,1.0,0.9215686274509803,1.0,0.5490196078431373,1.0,0.5490196078431373,1.0,1.0,0.5032679738562091,0.5490196078431373,153,9,0.9314,0.7745,0.7631
3156908,1.0,0.9692737430167597,1.0,0.46368715083798884,1.0,0.06983240223463687,0.2541899441340782,0.22346368715083798,1.0,1.0,0.6843575418994413,0.0893854748603352,358,7,0.8582,0.3869,0.6934
3157005,1.0,0.9140811455847255,1.0,0.9594272076372315,1.0,0.32935560859188545,1.0,0.45823389021479716,0.9832935560859188,0.9856801909307876,0.07637231503579953,0.42482100238663484,419,12,0.9684,0.6969,0.6175
3157104,1.0,0.9629629629629629,1.0,1.0,0.9629629629629629,0.0,0.9629629629629629,0.9629629629629629,1.0,1.0,0.0,0.9629629629629629,81,2,0.9907,0.7222,0.7407
3157203,1.0,0.9721518987341772,1.0,0.9949367088607595,0.979746835443038,0.21265822784810126,0.9721518987341772,0.47848101265822784,0.9848101265822785,0.9924050632911392,0.007594936708860759,0.369620253164557,395,14,0.9918,0.6608,0.5886
3157252,1.0,0.4166666666666667,1.0,0.75,1.0,0.11666666666666667,1.0,0.21666666666666667,0.5333333333333333,0.75,0.21666666666666667,0.0,60,4,0.7917,0.5833,0.375
3157278,1.0,1.0,1.0,1.0,1.0,0.0,1.0,0.06666666666666667,1.0,1.0,0.0,0.0,45,2,1.0,0.5167,0.5
3157302,0.0,1.0,1.0,1.0,1.0,0.0,1.0,1.0,0.0,1.0,1.0,1.0,51,1,0.75,0.75,0.75
3157336,1.0,1.0,1.0,1.0,1.0,1.0,1.0,1.0,1.0,1.0,0.0,1.0,69,1,1.0,1.0,0.75
3157377,1.0,0.62,1.0,0.94,0.94,0.0,0.94,0.0,0.3,0.92,0.62,0.0,50,6,0.89,0.47,0.46
3157401,1.0,1.0,1.0,1.0,0.7,0.7,1.0,1.0,0.775,0.775,0.3,1.0,40,4,1.0,0.85,0.7125
3157500,1.0,0.9259259259259259,1.0,0.8518518518518519,0.8518518518518519,0.0,0.8518518518518519,0.8518518518518519,0.8518518518518519,0.8518518518518519,0.0,0.0,54,3,0.9444,0.6389,0.4259
3157609,1.0,0.0,1.0,0.926829268292683,1.0,0.07317073170731707,1.0,1.0,1.0,1.0,0.926829268292683,0.0,41,2,0.7317,0.7683,0.7317
3157658,0.6451612903225806,0.5806451612903226,1.0,0.6451612903225806,1.0,0.20430107526881722,1.0,0.13978494623655913,0.6451612903225806,0.6451612903225806,0.0,0.13978494623655913,93,4,0.7177,0.586,0.3575
3157708,1.0,1.0,1.0,1.0,1.0,1.0,1.0,0.0,0.41379310344827586,0.41379310344827586,0.017241379310344827,0.0,232,4,1.0,0.75,0.2112
3157807,1.0,0.954954954954955,1.0,1.0,1.0,0.21153153153153154,1.0,0.541981981981982,0.7535135135135135,0.8454054054054054,0.14954954954954955,0.20936936936936937,2775,34,0.9887,0.6884,0.4895
3157906,1.0,0.6991150442477876,1.0,0.7654867256637168,0.7610619469026548,0.0,0.8495575221238938,0.3008849557522124,0.6991150442477876,0.6991150442477876,0.2079646017699115,0.1504424778761062,226,17,0.8662,0.4779,0.4392
3158003,1.0,0.968,1.0,0.968,1.0,0.096,1.0,1.0,0.968,1.0,0.096,0.096,125,3,0.984,0.774,0.54
3158102,1.0,0.8541666666666666,1.0,0.8541666666666666,1.0,0.2916666666666667,1.0,1.0,0.8541666666666666,0.8541666666666666,0.0,0.2916666666666667,48,3,0.9271,0.8229,0.5
3158201,1.0,0.8984375,1.0,0.9453125,0.9765625,0.0859375,0.9765625,0.5078125,0.8671875,0.8671875,0.0,0.4609375,128,9,0.9609,0.6367,0.5488
3158300,1.0,0.9294117647058824,1.0,1.0,1.0,1.0,1.0,1.0,0.9294117647058824,1.0,0.7529411764705882,0.3176470588235294,85,3,0.9824,1.0,0.75
3158409,1.0,1.0,1.0,1.0,1.0,1.0,1.0,1.0,0.0,1.0,1.0,1.0,24,1,1.0,1.0,0.75
3158508,1.0,0.7671232876712328,1.0,0.7671232876712328,0.7945205479452054,0.7945205479452054,0.7945205479452054,0.7945205479452054,0.7945205479452054,0.958904109589041,0.1643835616438356,0.7945205479452054,73,7,0.8836,0.7945,0.6781
3158607,1.0,1.0,1.0,1.0,1.0,1.0,1.0,1.0,0.0,0.6938775510204082,0.6938775510204082,1.0,49,2,1.0,1.0,0.5969
3158706,1.0,1.0,1.0,1.0,1.0,0.0,1.0,0.0,1.0,1.0,0.0,1.0,33,1,1.0,0.5,0.75
3158805,1.0,1.0,1.0,1.0,1.0,1.0,1.0,1.0,1.0,1.0,1.0,1.0,42,1,1.0,1.0,1.0
3158904,1.0,1.0,1.0,0.45985401459854014,0.7299270072992701,0.0,0.8759124087591241,0.23357664233576642,0.0,0.0,0.0,0.0,137,9,0.865,0.4599,0.0
3158953,1.0,0.9895287958115183,1.0,1.0,1.0,0.6570680628272252,1.0,0.9397905759162304,0.7172774869109948,0.9397905759162304,0.8586387434554974,0.9083769633507853,382,6,0.9974,0.8992,0.856
3159001,1.0,0.0,1.0,1.0,1.0,0.9102564102564102,1.0,0.9102564102564102,0.9102564102564102,0.9102564102564102,0.0,0.9102564102564102,78,3,0.75,0.9551,0.6827
3159100,1.0,1.0,1.0,1.0,1.0,0.0,1.0,0.0,0.8857142857142857,0.8857142857142857,0.0,0.0,35,3,1.0,0.5,0.4429
3159209,1.0,1.0,1.0,1.0,1.0,0.0,1.0,0.23529411764705882,0.9264705882352942,0.9264705882352942,0.0,0.16176470588235295,68,4,1.0,0.5588,0.5037
3159308,1.0,1.0,1.0,1.0,1.0,0.023255813953488372,1.0,1.0,0.9767441860465116,1.0,0.023255813953488372,0.9767441860465116,43,2,1.0,0.7558,0.7442
3159357,1.0,1.0,1.0,1.0,1.0,1.0,1.0,1.0,0.0,0.898876404494382,0.898876404494382,1.0,89,2,1.0,1.0,0.6994
3159407,1.0,1.0,1.0,1.0,1.0,0.0,0.8125,0.0,0.0,0.0,0.0,0.0,32,2,1.0,0.4531,0.0
3159506,1.0,0.46236559139784944,1.0,0.9247311827956989,0.9247311827956989,0.0,1.0,0.0967741935483871,0.0,0.043010752688172046,0.043010752688172046,0.0,93,9,0.8468,0.5054,0.0215
3159605,1.0,1.0,1.0,1.0,1.0,0.7688787185354691,1.0,0.8535469107551488,0.3684210526315789,0.9084668192219679,0.7620137299771167,0.8535469107551488,437,9,1.0,0.9056,0.7231
3159704,1.0,1.0,1.0,1.0,1.0,0.0,1.0,0.0,0.0,0.0,0.0,0.0,41,2,1.0,0.5,0.0
3159803,1.0,0.9506172839506173,1.0,0.9506172839506173,1.0,0.9506172839506173,1.0,0.8024691358024691,1.0,1.0,0.0,0.7736625514403292,243,7,0.9753,0.9383,0.6934
3159902,1.0,0.9310344827586207,1.0,1.0,1.0,1.0,0.8719211822660099,0.9852216748768473,0.916256157635468,0.9852216748768473,0.3645320197044335,0.9852216748768473,203,7,0.9828,0.9643,0.8128
3160009,1.0,1.0,1.0,1.0,1.0,0.09375,0.90625,0.90625,1.0,1.0,0.0,0.90625,32,3,1.0,0.7266,0.7266
3160108,1.0,1.0,1.0,1.0,1.0,0.0,1.0,1.0,1.0,1.0,0.0,1.0,49,1,1.0,0.75,0.75
3160207,1.0,0.0,1.0,1.0,1.0,0.0,1.0,0.0,1.0,1.0,0.0,0.0,38,1,0.75,0.5,0.5
3160306,1.0,0.7938931297709924,1.0,0.7404580152671756,0.8320610687022901,0.0,0.8854961832061069,0.0,0.0,0.0,0.0,0.0,131,6,0.8836,0.4294,0.0
3160405,1.0,0.9927007299270073,1.0,0.948905109489051,1.0,0.45255474452554745,1.0,0.9197080291970803,0.9124087591240876,0.9197080291970803,0.24817518248175183,0.6532846715328468,274,8,0.9854,0.8431,0.6834
3160454,0.7023809523809523,0.7023809523809523,1.0,1.0,1.0,0.5,1.0,0.5,0.30952380952380953,0.7023809523809523,0.39285714285714285,0.30952380952380953,84,4,0.8512,0.75,0.4286
3160504,1.0,1.0,1.0,1.0,1.0,0.0,0.0,0.0,1.0,1.0,0.0,0.0,15,1,1.0,0.25,0.5
3160603,1.0,0.0,1.0,0.92,0.92,0.68,0.92,0.24,0.68,0.68,0.0,0.0,25,3,0.73,0.69,0.34
3160702,1.0,0.8014354066985646,1.0,1.0,0.9784688995215312,0.2535885167464115,0.9808612440191388,0.6196172248803827,0.930622009569378,0.9425837320574163,0.20095693779904306,0.5598086124401914,418,20,0.9504,0.7081,0.6585
3160801,1.0,1.0,1.0,1.0,1.0,0.0,1.0,0.0,1.0,1.0,0.0,1.0,75,1,1.0,0.5,0.75
3160900,1.0,0.0,1.0,1.0,1.0,1.0,1.0,1.0,0.0,1.0,1.0,0.0,73,1,0.75,1.0,0.5
3160959,1.0,0.6829268292682927,1.0,1.0,1.0,0.07317073170731707,1.0,1.0,1.0,1.0,0.0,1.0,82,3,0.9207,0.7683,0.75
3161007,1.0,1.0,1.0,1.0,1.0,0.0,0.8363636363636363,0.5636363636363636,0.793939393939394,0.793939393939394,0.0,0.0,165,6,1.0,0.6,0.397
3161056,1.0,1.0,1.0,1.0,1.0,1.0,1.0,1.0,0.0,1.0,1.0,1.0,47,1,1.0,1.0,0.75
3161106,1.0,0.6717363751584284,1.0,0.870722433460076,0.9759188846641318,0.49809885931558934,0.9708491761723701,0.5792141951837769,0.9645120405576679,0.9645120405576679,0.0,0.5462610899873257,789,28,0.8856,0.756,0.6188
3161205,1.0,1.0,1.0,1.0,1.0,1.0,1.0,1.0,1.0,1.0,0.0,0.296875,64,2,1.0,1.0,0.5742
3161304,1.0,1.0,1.0,1.0,1.0,1.0,1.0,1.0,1.0,1.0,0.0,0.0,62,1,1.0,1.0,0.5
3161403,1.0,1.0,1.0,1.0,1.0,1.0,1.0,1.0,0.0,1.0,1.0,1.0,51,1,1.0,1.0,0.75
3161502,1.0,1.0,1.0,1.0,1.0,1.0,1.0,0.43902439024390244,1.0,1.0,0.0,0.43902439024390244,82,3,1.0,0.8598,0.6098
3161601,0.5882352941176471,1.0,1.0,1.0,1.0,1.0,1.0,1.0,1.0,1.0,0.4117647058823529,1.0,34,3,0.8971,1.0,0.8529
3161650,1.0,0.8717948717948718,1.0,0.8717948717948718,1.0,1.0,1.0,1.0,0.8717948717948718,0.8717948717948718,0.8717948717948718,1.0,39,2,0.9359,1.0,0.9038
3161700,1.0,0.8095238095238095,1.0,1.0,1.0,0.4444444444444444,1.0,0.9682539682539683,0.6031746031746031,0.9682539682539683,0.36507936507936506,0.4444444444444444,63,5,0.9524,0.8532,0.5952
3161809,1.0,0.9295774647887324,1.0,1.0,1.0,1.0,1.0,1.0,1.0,1.0,0.0,1.0,142,6,0.9824,1.0,0.75
3161908,1.0,1.0,1.0,1.0,1.0,0.8417721518987342,1.0,1.0,1.0,1.0,0.26582278481012656,0.8417721518987342,158,4,1.0,0.9604,0.7769
3162005,1.0,0.9575289575289575,1.0,1.0,1.0,0.7027027027027027,1.0,1.0,0.4362934362934363,0.5598455598455598,0.26640926640926643,0.9613899613899614,259,9,0.9894,0.9257,0.556
3162104,1.0,0.9504587155963303,1.0,1.0,1.0,0.728440366972477,1.0,0.9577981651376147,0.07522935779816514,0.9834862385321101,0.9504587155963303,0.9577981651376147,545,11,0.9876,0.9216,0.7417
3162203,1.0,1.0,1.0,1.0,1.0,1.0,1.0,1.0,1.0,1.0,0.0,1.0,80,1,1.0,1.0,0.75
3162252,1.0,0.0,1.0,1.0,1.0,1.0,1.0,1.0,1.0,1.0,0.7547169811320755,1.0,53,2,0.75,1.0,0.9387
3162302,1.0,1.0,1.0,1.0,1.0,0.0,1.0,0.0,0.0,0.0,0.0,0.0,35,1,1.0,0.5,0.0
3162401,1.0,0.45454545454545453,1.0,0.6,0.9236363636363636,0.2727272727272727,0.9636363636363636,0.8290909090909091,0.7672727272727272,0.7672727272727272,0.0,0.8,275,19,0.7636,0.7473,0.5836
3162450,0.8893617021276595,0.06808510638297872,1.0,0.2851063829787234,0.9361702127659575,0.4127659574468085,1.0,0.8978723404255319,0.7574468085106383,0.7574468085106383,0.0,0.37872340425531914,235,13,0.5606,0.8117,0.4734
3162500,1.0,0.9647058823529412,1.0,0.8522875816993464,1.0,0.5843137254901961,1.0,0.8496732026143791,0.9150326797385621,0.9986928104575163,0.1738562091503268,0.8052287581699347,765,23,0.9542,0.8585,0.7232
3162559,1.0,0.7637362637362637,1.0,1.0,0.9120879120879121,0.7197802197802198,1.0,1.0,0.8516483516483516,1.0,0.14835164835164835,0.9175824175824175,182,7,0.9409,0.908,0.7294
3162575,1.0,1.0,1.0,1.0,1.0,0.4605263157894737,1.0,1.0,0.4605263157894737,0.4605263157894737,0.0,0.4605263157894737,76,3,1.0,0.8651,0.3454
3162609,1.0,1.0,1.0,1.0,1.0,0.0,1.0,0.0,1.0,1.0,0.0,0.0,87,1,1.0,0.5,0.5
3162658,1.0,0.0,1.0,0.7169811320754716,1.0,0.37735849056603776,1.0,0.37735849056603776,0.9245283018867925,0.9245283018867925,0.0,0.8490566037735849,53,5,0.6792,0.6887,0.6745
3162708,1.0,0.4961832061068702,1.0,0.4961832061068702,0.9007633587786259,0.42366412213740456,0.5992366412213741,0.7213740458015268,0.49236641221374045,0.49236641221374045,0.0,0.2366412213740458,262,9,0.7481,0.6613,0.3053
3162807,1.0,0.8950617283950617,1.0,0.9135802469135802,1.0,0.3271604938271605,0.9691358024691358,0.6975308641975309,0.7469135802469136,0.7469135802469136,0.2345679012345679,0.30864197530864196,162,9,0.9522,0.7485,0.5093
3162906,1.0,1.0,1.0,1.0,1.0,1.0,1.0,1.0,0.8023255813953488,0.813953488372093,0.15891472868217055,0.8449612403100775,258,9,1.0,1.0,0.655
3162922,1.0,0.7425287356321839,1.0,1.0,0.8827586206896552,0.009195402298850575,0.9954022988505747,0.15172413793103448,0.5862068965517241,0.5862068965517241,0.0,0.2597701149425287,435,9,0.9356,0.5098,0.358
3162948,1.0,1.0,1.0,1.0,1.0,0.7407407407407407,1.0,0.7407407407407407,1.0,1.0,0.12962962962962962,0.7407407407407407,108,3,1.0,0.8704,0.7176
3162955,1.0,1.0,1.0,1.0,1.0,0.0,1.0,0.38436482084690554,0.739413680781759,0.739413680781759,0.44625407166123776,0.26058631921824105,307,6,1.0,0.5961,0.5464
3163003,1.0,0.7868852459016393,1.0,0.8688524590163934,1.0,0.8360655737704918,1.0,1.0,1.0,1.0,0.0,1.0,61,5,0.9139,0.959,0.75
3163102,1.0,0.07936507936507936,1.0,1.0,1.0,0.9523809523809523,1.0,0.9523809523809523,0.0,0.0,0.0,1.0,63,3,0.7698,0.9762,0.25
3163201,1.0,1.0,1.0,1.0,1.0,1.0,1.0,1.0,1.0,1.0,0.0,1.0,49,1,1.0,1.0,0.75
3163300,1.0,1.0,1.0,0.9148936170212766,1.0,0.2978723404255319,1.0,0.3829787234042553,0.2978723404255319,0.2978723404255319,0.0,0.2978723404255319,47,3,0.9787,0.6702,0.2234
3163409,1.0,1.0,1.0,1.0,1.0,0.0,1.0,0.0,1.0,1.0,0.0,0.0,76,1,1.0,0.5,0.5
3163508,1.0,0.8860759493670886,1.0,0.8860759493670886,1.0,0.0,1.0,0.6962025316455697,0.7088607594936709,0.7088607594936709,0.5822784810126582,0.5822784810126582,79,4,0.943,0.6741,0.6456
3163607,1.0,0.8709677419354839,1.0,0.967741935483871,1.0,0.967741935483871,1.0,0.967741935483871,0.0,0.967741935483871,0.967741935483871,0.0,31,4,0.9597,0.9839,0.4839
3163706,1.0,1.0,1.0,1.0,1.0,1.0,1.0,0.5297872340425532,1.0,1.0,0.13617021276595745,0.5297872340425532,470,8,1.0,0.8824,0.6665
3163805,1.0,0.8548387096774194,1.0,1.0,1.0,0.0,1.0,0.22580645161290322,1.0,1.0,0.22580645161290322,0.14516129032258066,62,3,0.9637,0.5565,0.5927
3163904,1.0,1.0,1.0,1.0,1.0,0.0,1.0,0.9210526315789473,0.0,0.9210526315789473,0.9210526315789473,0.0,38,2,1.0,0.7303,0.4605
3164001,1.0,0.9,1.0,0.9,0.95,0.43333333333333335,0.95,0.5166666666666667,0.13333333333333333,1.0,0.9166666666666666,0.43333333333333335,60,5,0.95,0.7125,0.6208
3164100,1.0,1.0,1.0,0.8392857142857143,1.0,0.23214285714285715,0.8392857142857143,0.23214285714285715,0.8571428571428571,0.8571428571428571,0.0,0.23214285714285715,56,4,0.9598,0.5759,0.4866
3164209,1.0,0.0,1.0,0.8,0.9545454545454546,0.0,0.9454545454545454,0.0,0.8454545454545455,0.8454545454545455,0.0,0.0,110,5,0.7,0.475,0.4227
3164308,1.0,0.696969696969697,1.0,0.7575757575757576,1.0,0.0,1.0,0.0,0.7575757575757576,0.7575757575757576,0.0,0.0,66,4,0.8636,0.5,0.3788
3164407,1.0,1.0,1.0,1.0,1.0,0.9393939393939394,1.0,1.0,0.0,0.7070707070707071,0.7070707070707071,0.9393939393939394,99,3,1.0,0.9848,0.5884
3164431,1.0,0.7058823529411765,1.0,1.0,1.0,0.7058823529411765,1.0,0.29411764705882354,1.0,1.0,0.0,0.0,34,2,0.9265,0.75,0.5
3164472,1.0,1.0,1.0,1.0,1.0,0.0,1.0,0.0,1.0,1.0,0.0,0.0,85,1,1.0,0.5,0.5
3164506,1.0,0.5945945945945946,1.0,0.5225225225225225,0.6216216216216216,0.11711711711711711,0.7477477477477478,0.2072072072072072,0.6936936936936937,0.6936936936936937,0.036036036036036036,0.10810810810810811,111,16,0.7793,0.4234,0.3829
3164605,1.0,1.0,1.0,1.0,1.0,0.0,1.0,0.0,1.0,1.0,0.0,0.0,129,1,1.0,0.5,0.5
3164704,1.0,0.9193742478941035,1.0,1.0,1.0,0.865222623345367,1.0,1.0,0.6498194945848376,0.6498194945848376,0.0,0.8736462093862816,831,14,0.9798,0.9663,0.5433
3164803,1.0,1.0,1.0,1.0,1.0,1.0,1.0,1.0,0.0,1.0,1.0,0.0,12,1,1.0,1.0,0.5
3164902,1.0,1.0,1.0,1.0,1.0,0.0,1.0,0.0,0.0,0.0,0.0,0.0,19,1,1.0,0.5,0.0
3165008,1.0,0.8712121212121212,1.0,1.0,1.0,0.38636363636363635,1.0,0.8712121212121212,0.38636363636363635,1.0,0.6136363636363636,0.08333333333333333,132,4,0.9678,0.8144,0.5208
3165107,1.0,1.0,1.0,1.0,1.0,1.0,1.0,1.0,1.0,1.0,1.0,1.0,63,1,1.0,1.0,1.0
3165206,1.0,0.9253731343283582,1.0,1.0,1.0,1.0,1.0,1.0,0.9253731343283582,0.9253731343283582,0.0,0.9253731343283582,67,3,0.9813,1.0,0.694
3165305,1.0,1.0,1.0,1.0,1.0,1.0,1.0,1.0,0.0,1.0,1.0,1.0,71,1,1.0,1.0,0.75
3165404,1.0,1.0,1.0,1.0,1.0,0.7625,1.0,1.0,0.0,0.8,0.8,0.9,80,5,1.0,0.9406,0.625
3165503,1.0,0.6538461538461539,1.0,0.6538461538461539,1.0,1.0,1.0,1.0,0.75,0.75,0.09615384615384616,1.0,52,3,0.8269,1.0,0.649
3165537,1.0,1.0,1.0,1.0,1.0,0.0976027397260274,1.0,0.7825342465753424,1.0,1.0,0.5171232876712328,0.6472602739726028,584,8,1.0,0.72,0.7911
3165552,0.8943661971830986,0.29577464788732394,1.0,0.4507042253521127,1.0,0.5633802816901409,0.7112676056338029,0.6971830985915493,0.8732394366197183,0.8732394366197183,0.0,0.6338028169014085,142,13,0.6602,0.743,0.5951
3165560,1.0,1.0,1.0,1.0,1.0,0.0,1.0,1.0,0.7083333333333334,0.7083333333333334,0.0,1.0,24,2,1.0,0.75,0.6042
3165578,1.0,1.0,1.0,1.0,1.0,0.3230769230769231,1.0,0.3230769230769231,1.0,1.0,0.3230769230769231,1.0,130,2,1.0,0.6615,0.8308
3165602,1.0,1.0,1.0,1.0,1.0,0.8148148148148148,1.0,1.0,0.0,1.0,1.0,0.8148148148148148,27,2,1.0,0.9537,0.7037
3165701,1.0,1.0,1.0,1.0,1.0,0.6037735849056604,1.0,1.0,0.03773584905660377,1.0,1.0,0.6037735849056604,106,3,1.0,0.9009,0.6604
3165800,1.0,1.0,1.0,1.0,1.0,1.0,1.0,1.0,1.0,1.0,1.0,1.0,14,1,1.0,1.0,1.0
3165909,0.6976744186046512,0.6976744186046512,1.0,0.6976744186046512,0.6976744186046512,0.0,0.6976744186046512,0.6976744186046512,0.6976744186046512,0.6976744186046512,0.0,0.0,43,7,0.7733,0.5233,0.3488
3166006,1.0,1.0,1.0,1.0,1.0,0.0,1.0,1.0,0.8032786885245902,1.0,1.0,1.0,61,2,1.0,0.75,0.9508
3166105,1.0,0.9512195121951219,1.0,0.9512195121951219,1.0,0.0,0.9512195121951219,0.0,0.24390243902439024,0.24390243902439024,0.24390243902439024,0.7073170731707317,41,3,0.9756,0.4878,0.3598
3166204,1.0,1.0,1.0,1.0,1.0,0.735632183908046,0.8390804597701149,0.735632183908046,0.6666666666666666,0.6666666666666666,0.0,0.20689655172413793,87,5,1.0,0.8276,0.3851
3166303,1.0,0.7319587628865979,1.0,0.7938144329896907,1.0,0.7319587628865979,0.7835051546391752,0.0,0.7319587628865979,0.7938144329896907,0.061855670103092786,0.0,97,5,0.8814,0.6289,0.3969
3166402,1.0,1.0,1.0,1.0,1.0,1.0,1.0,1.0,0.0,1.0,1.0,0.0,24,1,1.0,1.0,0.5
3166501,1.0,0.45454545454545453,0.9696969696969697,0.45454545454545453,0.7424242424242424,0.45454545454545453,0.45454545454545453,0.45454545454545453,0.7272727272727273,0.7272727272727273,0.0,0.45454545454545453,66,9,0.7197,0.5265,0.4773
3166600,1.0,1.0,1.0,1.0,1.0,1.0,1.0,1.0,1.0,1.0,0.0,1.0,4,1,1.0,1.0,0.75
3166709,1.0,1.0,1.0,1.0,1.0,0.32653061224489793,1.0,1.0,0.7755102040816326,0.7755102040816326,0.061224489795918366,0.2653061224489796,98,5,1.0,0.8316,0.4694
3166808,1.0,0.8768472906403941,1.0,1.0,1.0,0.7931034482758621,1.0,0.8325123152709359,0.6009852216748769,0.6009852216748769,0.014778325123152709,0.7931034482758621,203,7,0.9692,0.9064,0.5025
3166907,1.0,1.0,1.0,1.0,1.0,0.6136363636363636,1.0,1.0,0.6136363636363636,1.0,0.38636363636363635,1.0,88,2,1.0,0.9034,0.75
3166956,1.0,0.0,1.0,0.7962962962962963,1.0,0.2777777777777778,1.0,0.8888888888888888,0.9074074074074074,1.0,0.2037037037037037,0.0,54,4,0.6991,0.7917,0.5278
3167004,1.0,1.0,1.0,1.0,1.0,1.0,1.0,0.0,1.0,1.0,0.0,0.0,15,1,1.0,0.75,0.5
3167103,1.0,0.6267281105990783,1.0,0.7972350230414746,0.8341013824884793,0.15668202764976957,0.8940092165898618,0.815668202764977,0.7788018433179723,0.7788018433179723,0.0,0.7327188940092166,217,20,0.856,0.6751,0.5726
3167202,1.0,0.9805228088159919,1.0,1.0,1.0,0.4894925679138903,0.9856483854433624,0.7749871860584315,0.9969246540235777,0.9969246540235777,0.012813941568426449,0.7037416709379806,1951,45,0.9951,0.8125,0.6776
3167301,1.0,1.0,1.0,1.0,1.0,0.0,1.0,1.0,0.8,0.8,0.0,0.8,30,2,1.0,0.75,0.6
3167400,1.0,1.0,1.0,1.0,1.0,0.0,1.0,1.0,1.0,1.0,0.0,1.0,63,1,1.0,0.75,0.75
3167509,1.0,1.0,1.0,1.0,1.0,1.0,1.0,1.0,0.0,1.0,1.0,1.0,25,1,1.0,1.0,0.75
3167608,1.0,0.5741444866920152,1.0,0.623574144486692,0.7110266159695817,0.28517110266159695,0.6920152091254753,0.34220532319391633,0.623574144486692,0.623574144486692,0.38783269961977185,0.2965779467680608,263,21,0.7994,0.5076,0.4829
3167707,1.0,0.9056603773584906,1.0,0.9433962264150944,1.0,0.0,0.8867924528301887,0.0,1.0,1.0,0.1509433962264151,0.0,53,4,0.9623,0.4717,0.5377
3167806,1.0,0.9666666666666667,1.0,1.0,1.0,0.0,1.0,0.0,0.0,0.9666666666666667,0.9666666666666667,0.0,60,2,0.9917,0.5,0.4833
3167905,1.0,1.0,1.0,1.0,1.0,0.0,1.0,0.0,0.0,0.0,0.0,0.0,51,1,1.0,0.5,0.0
3168002,1.0,0.8634146341463415,1.0,1.0,1.0,0.6121951219512195,1.0,1.0,1.0,1.0,0.0,0.8390243902439024,410,6,0.9659,0.903,0.7098
3168051,1.0,0.9375,1.0,0.9166666666666666,0.9791666666666666,0.0,0.8541666666666666,0.8541666666666666,0.8541666666666666,0.8541666666666666,0.8541666666666666,0.0,48,5,0.9635,0.6719,0.6406
3168101,1.0,0.9701492537313433,1.0,0.9701492537313433,1.0,1.0,1.0,0.0,1.0,1.0,0.029850746268656716,0.0,67,2,0.9851,0.75,0.5075
3168200,1.0,1.0,1.0,1.0,1.0,0.0,1.0,0.0,0.25925925925925924,0.25925925925925924,0.25925925925925924,0.0,27,2,1.0,0.5,0.1944
3168309,1.0,0.7192982456140351,1.0,1.0,1.0,0.2807017543859649,1.0,1.0,1.0,1.0,0.0,0.7192982456140351,57,2,0.9298,0.8202,0.6798
3168408,1.0,1.0,1.0,0.9722222222222222,1.0,0.9027777777777778,1.0,1.0,0.7847222222222222,0.8333333333333334,0.04861111111111111,1.0,144,11,0.9931,0.9757,0.6667
3168507,1.0,0.9385964912280702,1.0,0.9385964912280702,1.0,0.868421052631579,1.0,0.5087719298245614,0.20175438596491227,0.6929824561403509,0.5175438596491229,0.4473684210526316,114,6,0.9693,0.8443,0.4649
3168606,0.94469746258946,0.8796356538711776,1.0,0.94469746258946,0.9752765126870527,0.33636955107351985,0.9518542615484711,0.69355888093689,0.4860117111255693,0.9154196486662329,0.516590761223162,0.4892648015614834,1537,55,0.9423,0.7393,0.6018
3168705,1.0,1.0,1.0,1.0,1.0,0.5071022727272727,0.921875,0.625,1.0,1.0,0.0,0.7471590909090909,704,14,1.0,0.7635,0.6868
3168804,1.0,0.9361702127659575,1.0,1.0,1.0,0.07446808510638298,1.0,0.07446808510638298,0.6808510638297872,0.9361702127659575,0.2553191489361702,0.07446808510638298,94,5,0.984,0.5372,0.4867
3168903,1.0,0.875,1.0,0.9545454545454546,1.0,0.0,1.0,0.045454545454545456,0.4659090909090909,0.875,0.4090909090909091,0.0,88,4,0.9574,0.5114,0.4375
3169000,1.0,1.0,1.0,1.0,1.0,0.0,1.0,0.52046783625731,1.0,1.0,0.0,0.7894736842105263,171,3,1.0,0.6301,0.6974
3169059,1.0,1.0,1.0,1.0,1.0,0.0,1.0,0.28205128205128205,0.0,0.5384615384615384,0.5384615384615384,0.0,39,3,1.0,0.5705,0.2692
3169109,1.0,1.0,1.0,1.0,1.0,0.21100917431192662,1.0,0.0,0.0,0.0,0.0,0.0,109,2,1.0,0.5528,0.0
3169208,1.0,1.0,1.0,1.0,1.0,0.4523809523809524,0.8452380952380952,0.4523809523809524,0.0,0.5476190476190477,0.5476190476190477,0.8214285714285714,84,4,1.0,0.6875,0.4792
3169307,1.0,0.9691629955947136,1.0,1.0,1.0,0.8854625550660793,1.0,1.0,0.9897209985315712,0.9897209985315712,0.13656387665198239,0.9911894273127754,681,13,0.9923,0.9714,0.7768
3169356,1.0,0.8972809667673716,1.0,1.0,1.0,0.6918429003021148,1.0,0.7885196374622356,0.7009063444108762,0.7009063444108762,0.06646525679758308,0.5921450151057401,331,11,0.9743,0.8701,0.5151
3169406,1.0,0.946360153256705,1.0,0.946360153256705,1.0,0.4846743295019157,1.0,0.7030651340996169,0.09961685823754789,1.0,0.9003831417624522,0.5708812260536399,522,10,0.9732,0.7969,0.6427
3169505,1.0,0.9325842696629213,1.0,0.9438202247191011,1.0,0.0,1.0,0.011235955056179775,0.011235955056179775,0.9438202247191011,0.9325842696629213,0.011235955056179775,89,4,0.9691,0.5028,0.4747
3169604,1.0,0.9518518518518518,1.0,1.0,1.0,0.9259259259259259,1.0,0.45185185185185184,1.0,1.0,0.16666666666666666,0.9518518518518518,270,8,0.988,0.8444,0.7796
3169703,1.0,0.902127659574468,1.0,1.0,1.0,0.3617021276595745,1.0,0.3191489361702128,1.0,1.0,0.0,0.3617021276595745,235,9,0.9755,0.6702,0.5904
3169802,1.0,1.0,1.0,1.0,1.0,1.0,1.0,1.0,1.0,1.0,0.0,0.0,60,1,1.0,1.0,0.5
3169901,0.943,0.937,1.0,1.0,1.0,0.118,1.0,0.5,0.97,0.97,0.084,0.344,1000,23,0.97,0.6545,0.592
3170008,1.0,0.0,1.0,0.8157894736842105,0.8092105263157895,0.17763157894736842,0.8092105263157895,0.17763157894736842,0.7828947368421053,0.7828947368421053,0.631578947368421,0.29605263157894735,152,9,0.7039,0.4934,0.6234
3170057,1.0,0.7257142857142858,1.0,0.8971428571428571,1.0,0.37714285714285717,0.8971428571428571,0.8971428571428571,0.8971428571428571,0.8971428571428571,0.0,0.37714285714285717,175,6,0.9057,0.7929,0.5429
3170107,1.0,0.9778156996587031,1.0,1.0,1.0,0.9109783845278726,1.0,0.9502275312855518,0.9843572241183163,1.0,0.3728668941979522,0.949943117178612,3516,51,0.9945,0.9653,0.8268
3170206,1.0,0.9867672356755326,1.0,1.0,1.0,0.7751753341272992,1.0,0.468969167659124,0.9798861982268096,0.9798861982268096,0.15442635966653434,0.7934365488950642,7557,89,0.9967,0.811,0.7269
3170305,1.0,1.0,1.0,1.0,1.0,0.0,1.0,0.0,1.0,1.0,0.22727272727272727,0.0,44,2,1.0,0.5,0.5568
3170404,1.0,0.8161530286928799,1.0,0.9139213602550478,0.9968119022316685,0.6780021253985122,1.0,0.9553666312433581,0.9957492029755579,0.9957492029755579,0.255047821466525,0.9479277364505845,941,23,0.9325,0.9075,0.7986
3170438,1.0,1.0,1.0,1.0,1.0,0.0,1.0,1.0,1.0,1.0,0.0,1.0,54,1,1.0,0.75,0.75
3170479,1.0,0.7678571428571429,1.0,1.0,1.0,1.0,1.0,1.0,1.0,1.0,0.7678571428571429,0.7678571428571429,56,2,0.942,1.0,0.8839
3170503,1.0,1.0,1.0,1.0,1.0,0.24489795918367346,1.0,0.24489795918367346,1.0,1.0,0.0,0.24489795918367346,98,3,1.0,0.6224,0.5612
3170529,1.0,0.6299212598425197,1.0,0.6299212598425197,1.0,0.0,1.0,0.9212598425196851,1.0,1.0,0.0,0.0,127,4,0.815,0.7303,0.5
3170578,1.0,1.0,1.0,1.0,1.0,0.0,1.0,0.0,1.0,1.0,0.0,0.0,68,1,1.0,0.5,0.5
3170602,1.0,0.7586206896551724,1.0,0.7586206896551724,1.0,0.0,1.0,0.0,0.0,0.0,0.0,0.0,29,3,0.8793,0.5,0.0
3170651,1.0,0.0,1.0,1.0,1.0,0.0,1.0,0.0,0.0,0.7428571428571429,0.7428571428571429,0.0,70,3,0.75,0.5,0.3714
3170701,1.0,0.9650413983440662,1.0,1.0,1.0,0.6734130634774609,1.0,0.7405703771849126,0.08739650413983441,0.9889604415823368,0.9889604415823368,0.46918123275068996,1087,14,0.9913,0.8535,0.6336
3170750,1.0,0.9424460431654677,1.0,1.0,1.0,0.0,0.9424460431654677,0.7050359712230215,0.23741007194244604,1.0,1.0,0.7050359712230215,139,3,0.9856,0.6619,0.7356
3170800,1.0,0.4065934065934066,1.0,0.967032967032967,1.0,0.6620879120879121,1.0,0.9945054945054945,0.0,0.9505494505494505,0.9505494505494505,0.9642857142857143,364,13,0.8434,0.9141,0.7163
3170909,1.0,0.48068669527896996,1.0,0.7510729613733905,0.9227467811158798,0.48068669527896996,0.9785407725321889,0.5708154506437768,0.5236051502145923,0.5236051502145923,0.15879828326180256,0.4291845493562232,233,19,0.8079,0.7382,0.4088
3171006,1.0,0.9302325581395349,1.0,0.9302325581395349,1.0,0.813953488372093,1.0,0.9116279069767442,0.9720930232558139,1.0,0.027906976744186046,0.9395348837209302,215,9,0.9651,0.9314,0.7349
3171030,1.0,0.0,1.0,0.7184466019417476,1.0,0.6213592233009708,1.0,0.8058252427184466,0.883495145631068,0.883495145631068,0.0,0.7475728155339806,103,10,0.6796,0.8568,0.6286
3171071,1.0,1.0,1.0,1.0,1.0,0.0,1.0,0.7142857142857143,0.0,1.0,1.0,0.0,56,2,1.0,0.6786,0.5
3171105,1.0,1.0,1.0,1.0,1.0,0.0,1.0,1.0,1.0,1.0,0.0,0.0,38,1,1.0,0.75,0.5
3171154,1.0,1.0,1.0,1.0,1.0,1.0,1.0,1.0,1.0,1.0,0.0,1.0,60,1,1.0,1.0,0.75
3171204,1.0,0.9818621523579202,1.0,1.0,1.0,0.2762998790810157,1.0,0.6203143893591294,0.3137847642079806,0.9189842805320435,0.6590084643288996,0.532043530834341,1654,22,0.9955,0.7242,0.606
3171303,1.0,0.9648,1.0,1.0,0.9792,0.5408,1.0,0.6576,0.8432,0.8624,0.0448,0.6544,625,20,0.9912,0.7944,0.6012
3171402,1.0,1.0,1.0,1.0,1.0,0.09302325581395349,1.0,0.0,0.0,0.0,0.0,0.0,43,2,1.0,0.5233,0.0
3171501,1.0,1.0,1.0,1.0,1.0,0.0,1.0,1.0,1.0,1.0,0.0,1.0,42,1,1.0,0.75,0.75
3171600,1.0,0.8085106382978723,1.0,0.8794326241134752,0.9787234042553191,0.950354609929078,0.9787234042553191,1.0,0.9078014184397163,0.9078014184397163,0.7730496453900709,0.9645390070921985,141,9,0.922,0.977,0.8883
3171709,1.0,1.0,1.0,0.8095238095238095,0.8571428571428571,0.8571428571428571,0.9404761904761905,0.9404761904761905,0.8095238095238095,0.8928571428571429,0.08333333333333333,0.8095238095238095,84,6,0.9524,0.8988,0.6488
3171808,1.0,0.8085106382978723,1.0,1.0,1.0,1.0,1.0,0.8085106382978723,1.0,1.0,0.0,1.0,141,3,0.9521,0.9521,0.75
3171907,1.0,1.0,1.0,1.0,1.0,1.0,1.0,1.0,1.0,1.0,0.0,1.0,54,2,1.0,1.0,0.75
3172004,1.0,0.9602977667493796,1.0,1.0,0.9702233250620348,0.47146401985111663,1.0,0.5856079404466501,0.8535980148883374,0.8535980148883374,0.0,0.5682382133995038,403,14,0.9901,0.7568,0.5689
3172103,1.0,1.0,1.0,1.0,1.0,0.0,0.8666666666666667,0.044444444444444446,0.044444444444444446,0.044444444444444446,0.044444444444444446,0.0,45,4,1.0,0.4778,0.0333
3172202,1.0,1.0,1.0,1.0,1.0,1.0,1.0,1.0,1.0,1.0,0.0,1.0,29,1,1.0,1.0,0.75
3200102,1.0,0.7076923076923077,1.0,0.9717948717948718,1.0,0.517948717948718,0.941025641025641,0.38974358974358975,0.38461538461538464,0.39487179487179486,0.010256410256410256,0.07435897435897436,390,25,0.9199,0.7122,0.216
3200136,1.0,0.5144927536231884,1.0,1.0,1.0,1.0,1.0,1.0,0.13768115942028986,0.644927536231884,0.5072463768115942,1.0,138,7,0.8786,1.0,0.5725
3200169,1.0,0.9405405405405406,1.0,0.9405405405405406,1.0,0.2864864864864865,1.0,0.32972972972972975,0.3675675675675676,0.3675675675675676,0.04864864864864865,0.21621621621621623,185,9,0.9703,0.6541,0.25
3200201,1.0,0.9548387096774194,1.0,0.9903225806451613,1.0,0.26129032258064516,0.9548387096774194,0.3548387096774194,0.4032258064516129,0.8354838709677419,0.6258064516129033,0.4032258064516129,310,13,0.9863,0.6427,0.5669
3200300,1.0,0.6319018404907976,1.0,1.0,1.0,0.9693251533742331,1.0,0.9386503067484663,0.5950920245398773,0.852760736196319,0.25766871165644173,0.8343558282208589,163,13,0.908,0.977,0.635
3200359,1.0,0.7636363636363637,1.0,1.0,0.9727272727272728,0.08181818181818182,0.9545454545454546,0.4090909090909091,0.43636363636363634,0.43636363636363634,0.43636363636363634,0.0,110,6,0.9409,0.6045,0.3273
3200409,1.0,0.44635193133047213,1.0,1.0,0.9957081545064378,0.592274678111588,1.0,0.6888412017167382,0.8755364806866953,0.9356223175965666,0.06223175965665236,0.47639484978540775,466,27,0.8616,0.8192,0.5874
3200508,1.0,0.9210526315789473,1.0,0.9210526315789473,1.0,0.9210526315789473,1.0,0.0,0.0,0.868421052631579,0.868421052631579,0.7894736842105263,76,4,0.9605,0.7303,0.6316
3200607,1.0,0.9318862275449101,1.0,0.9917664670658682,1.0,0.2934131736526946,1.0,0.5995508982035929,0.6691616766467066,0.9880239520958084,0.4648203592814371,0.3143712574850299,1336,26,0.9809,0.7232,0.6091
3200706,1.0,0.8357142857142857,1.0,1.0,1.0,0.15,1.0,0.15,0.0,0.9214285714285714,0.9214285714285714,0.0,140,8,0.9589,0.575,0.4607
3200805,1.0,0.9457142857142857,1.0,0.9771428571428571,0.9457142857142857,0.41714285714285715,0.9057142857142857,0.8085714285714286,0.27714285714285714,0.5,0.4114285714285714,0.4,350,18,0.9807,0.7693,0.3971
3200904,1.0,0.872072072072072,0.9873873873873874,0.9225225225225225,0.990990990990991,0.5315315315315315,0.9891891891891892,0.46306306306306305,0.3009009009009009,0.7477477477477478,0.6774774774774774,0.1891891891891892,555,28,0.9455,0.7437,0.4788
3201001,1.0,0.8977777777777778,1.0,1.0,1.0,0.4444444444444444,1.0,1.0,0.0,0.7866666666666666,0.7866666666666666,0.0,225,6,0.9744,0.8611,0.3933
3201100,1.0,1.0,1.0,1.0,1.0,1.0,1.0,0.6261682242990654,0.5233644859813084,0.5233644859813084,0.0,1.0,107,3,1.0,0.9065,0.5117
3201159,1.0,0.6111111111111112,1.0,1.0,1.0,0.797979797979798,0.9191919191919192,0.25252525252525254,0.18686868686868688,0.18686868686868688,0.11616161616161616,0.5252525252525253,198,11,0.9028,0.7424,0.2538
3201209,1.0,0.9748369058713886,1.0,0.9990680335507922,1.0,0.5633737185461324,1.0,0.31780055917986955,0.0391425908667288,0.8112767940354148,0.8005591798695247,0.048462255358807084,2146,47,0.9935,0.7203,0.4249
3201308,1.0,0.9534564021995287,1.0,0.9996072270227808,0.9996072270227808,0.6659465828750982,0.9819324430479183,0.18912018853102908,0.6757659073055774,0.7089552238805971,0.08621366849960722,0.23723487824037706,5092,72,0.9883,0.7092,0.427
3201407,1.0,0.7314148681055156,1.0,0.973621103117506,1.0,0.6666666666666666,1.0,0.5731414868105515,0.8057553956834532,1.0,0.5515587529976019,0.513189448441247,417,16,0.9263,0.81,0.7176
3201506,1.0,0.9469862018881626,1.0,0.9796659404502541,1.0,0.8344226579520697,0.9927378358750908,0.9135802469135802,0.1299927378358751,0.6978939724037764,0.6201888162672476,0.9571532316630356,1377,58,0.9817,0.9352,0.6013
3201605,1.0,0.5723684210526315,1.0,1.0,0.9824561403508771,0.6337719298245614,1.0,0.5964912280701754,0.03728070175438596,0.7280701754385965,0.7039473684210527,0.34210526315789475,456,20,0.8931,0.8032,0.4529
3201704,1.0,0.6625766871165644,1.0,1.0,1.0,1.0,1.0,0.2331288343558282,0.0,1.0,1.0,0.22085889570552147,163,7,0.9156,0.8083,0.5552
3201803,1.0,0.7794117647058824,1.0,1.0,1.0,1.0,1.0,0.0,0.22058823529411764,0.22058823529411764,0.0,0.0,68,2,0.9449,0.75,0.1103
3201902,1.0,0.6056338028169014,1.0,1.0,1.0,0.3501006036217304,0.9436619718309859,0.2414486921529175,0.7545271629778671,0.8209255533199196,0.07847082494969819,0.2414486921529175,497,37,0.9014,0.6338,0.4738
3202009,1.0,0.9157894736842105,1.0,1.0,1.0,1.0,1.0,0.9157894736842105,0.0,0.9157894736842105,0.9157894736842105,0.9157894736842105,95,4,0.9789,0.9789,0.6868
3202108,1.0,0.8045112781954887,1.0,0.8909774436090225,1.0,0.9661654135338346,1.0,0.9285714285714286,0.37218045112781956,0.37218045112781956,0.0,0.924812030075188,266,17,0.9239,0.9737,0.4173
3202207,1.0,0.6625514403292181,1.0,1.0,1.0,0.0,1.0,0.0,0.41975308641975306,0.7119341563786008,0.7119341563786008,0.46502057613168724,243,5,0.9156,0.5,0.5772
3202256,1.0,0.4117647058823529,1.0,0.9019607843137255,0.934640522875817,0.45098039215686275,1.0,0.29411764705882354,0.7189542483660131,0.7189542483660131,0.0,0.29411764705882354,153,14,0.8284,0.6699,0.433
3202306,1.0,0.8424068767908309,1.0,0.9742120343839542,1.0,0.7478510028653295,1.0,0.22063037249283668,0.0,0.501432664756447,0.501432664756447,0.2607449856733524,349,8,0.9542,0.7421,0.3159
3202405,1.0,0.6192373363688105,1.0,1.0,1.0,0.9288560045532157,1.0,1.0,0.896414342629482,0.8975526465566306,0.01593625498007968,0.9391007398975526,1757,39,0.9048,0.9822,0.6873
3202454,1.0,0.8642659279778393,1.0,0.9806094182825484,1.0,0.13573407202216067,0.9806094182825484,0.7091412742382271,0.0221606648199446,0.5650969529085873,0.5650969529085873,0.08587257617728532,361,10,0.9612,0.7064,0.3096
3202504,0.9457831325301205,0.9457831325301205,1.0,1.0,1.0,0.4939759036144578,1.0,0.6987951807228916,0.0,0.0,0.0,0.891566265060241,166,6,0.9729,0.7982,0.2229
3202553,1.0,0.9411764705882353,1.0,1.0,1.0,0.9738562091503268,1.0,0.9150326797385621,0.46405228758169936,0.9738562091503268,0.5686274509803921,0.6993464052287581,153,5,0.9853,0.9722,0.6765
3202603,1.0,0.9862068965517241,1.0,1.0,1.0,1.0,1.0,1.0,0.8206896551724138,0.9862068965517241,0.3586206896551724,1.0,145,5,0.9966,1.0,0.7914
3202652,1.0,0.6785714285714286,1.0,0.8877551020408163,0.9591836734693877,0.10204081632653061,0.8877551020408163,0.0,0.22448979591836735,0.32653061224489793,0.10204081632653061,0.0,196,9,0.8916,0.4872,0.1633
3202702,1.0,0.8456375838926175,1.0,1.0,1.0,0.9463087248322147,1.0,0.8590604026845637,0.12751677852348994,0.959731543624161,0.8322147651006712,0.8187919463087249,149,9,0.9614,0.9513,0.6846
3202801,1.0,0.46200607902735563,1.0,1.0,0.9240121580547113,0.42857142857142855,0.9787234042553191,0.5851063829787234,0.6580547112462006,0.7249240121580547,0.2796352583586626,0.3221884498480243,658,31,0.8655,0.7291,0.4962
3202900,1.0,0.5714285714285714,1.0,1.0,1.0,0.9285714285714286,0.9761904761904762,0.3968253968253968,0.6587301587301587,0.8015873015873016,0.14285714285714285,0.6190476190476191,126,9,0.8929,0.8254,0.5556
3203007,0.9713656387665198,0.6431718061674009,1.0,1.0,0.9911894273127754,0.07268722466960352,0.9052863436123348,0.06167400881057269,0.6718061674008811,0.7048458149779736,0.03303964757709251,0.12555066079295155,454,17,0.9036,0.5077,0.3838
3203056,1.0,0.6540084388185654,1.0,1.0,1.0,0.8755274261603375,1.0,0.8755274261603375,0.820675105485232,0.820675105485232,0.0,0.820675105485232,474,21,0.9135,0.9378,0.6155
3203106,1.0,0.9710982658959537,1.0,0.9710982658959537,0.9710982658959537,0.9710982658959537,0.9710982658959537,0.0,0.9710982658959537,0.9710982658959537,0.0,0.0,173,4,0.9855,0.7283,0.4855
3203130,1.0,1.0,1.0,1.0,1.0,0.6132596685082873,1.0,0.9779005524861878,0.2154696132596685,0.9005524861878453,0.6850828729281768,1.0,181,8,1.0,0.8978,0.7003
3203163,1.0,0.728,1.0,1.0,1.0,0.112,1.0,0.112,0.376,0.424,0.048,0.112,125,14,0.932,0.556,0.24
3203205,1.0,0.8117349092444069,1.0,0.9890249050232165,0.9404812157028282,0.5111861544955677,0.9409033347403968,0.387083157450401,0.11270578303081469,0.6829886027859856,0.6314900802026171,0.1490080202617138,2369,59,0.9502,0.6949,0.394
3203304,1.0,0.9875776397515528,1.0,0.9875776397515528,0.9875776397515528,0.17391304347826086,0.9875776397515528,0.6832298136645962,0.9875776397515528,0.9875776397515528,0.0,0.6832298136645962,161,7,0.9938,0.7081,0.6646
3203320,1.0,0.627906976744186,1.0,1.0,1.0,0.05271317829457364,1.0,0.3147286821705426,0.37829457364341085,0.7534883720930232,0.5286821705426357,0.034108527131782945,645,18,0.907,0.5919,0.4236
3203346,1.0,0.6231343283582089,1.0,1.0,1.0,0.2873134328358209,1.0,0.7126865671641791,0.0,0.746268656716418,0.746268656716418,0.20522388059701493,268,10,0.9058,0.75,0.4244
3203353,1.0,0.9230769230769231,1.0,1.0,1.0,0.9408284023668639,1.0,1.0,0.0,0.8047337278106509,0.8047337278106509,0.8757396449704142,169,12,0.9808,0.9852,0.6213
3203403,1.0,0.9765100671140939,1.0,0.9630872483221476,0.9530201342281879,0.7281879194630873,0.9530201342281879,0.738255033557047,0.8120805369127517,0.8120805369127517,0.6543624161073825,0.7919463087248322,298,12,0.9849,0.8431,0.7676
3203502,1.0,0.8951612903225806,1.0,0.9475806451612904,0.9959677419354839,0.9314516129032258,0.9959677419354839,0.9919354838709677,0.4274193548387097,0.4435483870967742,0.40725806451612906,0.9314516129032258,248,12,0.9607,0.9788,0.5524
3203601,1.0,0.9390243902439024,1.0,1.0,1.0,1.0,1.0,1.0,0.0,1.0,1.0,1.0,82,4,0.9848,1.0,0.75
3203700,1.0,0.7142857142857143,1.0,0.9849624060150376,1.0,0.5225563909774437,1.0,0.7481203007518797,0.7744360902255639,0.7744360902255639,0.424812030075188,0.03759398496240601,266,10,0.9248,0.8177,0.5028
3203809,1.0,0.8733333333333333,1.0,0.9266666666666666,0.9266666666666666,0.72,1.0,0.9266666666666666,0.12,0.7,0.58,0.8733333333333333,150,6,0.95,0.8933,0.5683
3203908,1.0,0.638680659670165,0.9235382308845578,0.8875562218890555,0.9895052473763118,0.037481259370314844,0.896551724137931,0.19790104947526238,0.037481259370314844,0.5487256371814093,0.5112443778110944,0.2608695652173913,667,49,0.8624,0.5304,0.3396
3204005,1.0,0.6211453744493393,1.0,0.7136563876651982,0.8237885462555066,0.5638766519823789,0.6960352422907489,0.4889867841409692,0.19383259911894274,0.19383259911894274,0.0,0.1277533039647577,227,19,0.8337,0.6432,0.1289
3204054,1.0,0.9285714285714286,1.0,0.9942857142857143,1.0,0.45714285714285713,1.0,0.5771428571428572,0.7742857142857142,0.78,0.32571428571428573,0.7742857142857142,350,9,0.9807,0.7586,0.6636
3204104,1.0,0.8837209302325582,1.0,0.9854651162790697,0.9593023255813954,0.6017441860465116,0.9593023255813954,0.747093023255814,0.0872093023255814,0.29651162790697677,0.20930232558139536,0.747093023255814,344,14,0.9673,0.8169,0.335
3204203,1.0,0.7592592592592593,1.0,1.0,1.0,0.5793650793650794,1.0,0.9470899470899471,0.8042328042328042,0.9391534391534392,0.5185185185185185,0.3835978835978836,378,7,0.9398,0.8816,0.6614
3204252,1.0,0.956989247311828,1.0,1.0,0.956989247311828,0.956989247311828,1.0,0.956989247311828,0.956989247311828,0.956989247311828,0.0,0.956989247311828,93,3,0.9892,0.9677,0.7177
3204302,1.0,0.5953488372093023,1.0,1.0,0.9302325581395349,0.10697674418604651,0.9302325581395349,0.772093023255814,0.7255813953488373,0.7255813953488373,0.0,0.2372093023255814,215,13,0.8988,0.6849,0.4221
3204351,1.0,0.310580204778157,1.0,0.8737201365187713,0.9556313993174061,0.5085324232081911,0.9556313993174061,0.3822525597269625,0.0,0.09897610921501707,0.09897610921501707,0.09897610921501707,293,20,0.7961,0.7005,0.0742
3204401,1.0,0.7851851851851852,1.0,1.0,1.0,0.43703703703703706,1.0,0.43703703703703706,0.7111111111111111,0.7111111111111111,0.2740740740740741,0.43703703703703706,135,9,0.9463,0.7185,0.5333
3204500,1.0,0.5617283950617284,1.0,0.9629629629629629,1.0,0.7777777777777778,1.0,0.2345679012345679,0.29012345679012347,0.29012345679012347,0.0,0.2654320987654321,162,15,0.8812,0.7531,0.2114
3204559,1.0,0.4676258992805755,1.0,1.0,0.9946043165467626,0.6348920863309353,1.0,0.368705035971223,0.6942446043165468,0.7032374100719424,0.008992805755395683,0.30755395683453235,556,39,0.8669,0.7496,0.4285
3204609,1.0,0.18803418803418803,1.0,1.0,0.9829059829059829,0.9401709401709402,0.9401709401709402,0.9230769230769231,0.8162393162393162,0.9444444444444444,0.15384615384615385,0.9230769230769231,234,13,0.797,0.9466,0.7094
3204658,1.0,0.503448275862069,0.9448275862068966,0.993103448275862,0.9172413793103448,0.2620689655172414,0.8827586206896552,0.7103448275862069,0.5517241379310345,0.5517241379310345,0.0,0.6068965517241379,145,14,0.8603,0.6931,0.4276
3204708,1.0,0.8560975609756097,1.0,0.9317073170731708,0.9463414634146341,0.07073170731707316,0.9414634146341463,0.2097560975609756,0.03902439024390244,0.48048780487804876,0.44146341463414634,0.03170731707317073,410,20,0.947,0.5421,0.2482
3204807,1.0,0.9858156028368794,1.0,0.9858156028368794,0.9858156028368794,0.0,1.0,0.0,0.9290780141843972,0.9290780141843972,0.7375886524822695,0.7375886524822695,141,5,0.9929,0.4965,0.8333
3204906,1.0,0.6210960518562169,1.0,0.9281084266352386,0.9858573954036535,0.3323512080141426,0.9740718915733647,0.563347083087802,0.6511490866234532,0.7560400707130229,0.16499705362404243,0.2103712433706541,1697,70,0.8873,0.7139,0.4456
3204955,1.0,0.7538461538461538,1.0,1.0,1.0,1.0,1.0,0.2153846153846154,1.0,1.0,0.0,0.12307692307692308,130,5,0.9385,0.8038,0.5308
3205002,1.0,0.9928737837467453,1.0,1.0,1.0,0.487049472385912,0.9941071673290394,0.47718240372755927,0.7747019323009456,0.8189666986432781,0.21844593668630943,0.5792791558174593,7297,81,0.9982,0.7396,0.5978
3205010,0.9801762114537445,0.7599118942731278,1.0,1.0,0.9713656387665198,0.05506607929515418,0.9691629955947136,0.03524229074889868,0.8766519823788547,0.9779735682819384,0.1013215859030837,0.03524229074889868,454,9,0.935,0.5077,0.4978
3205036,1.0,0.0,1.0,1.0,0.9829351535836177,0.6928327645051194,0.9488054607508533,0.9488054607508533,0.8907849829351536,0.9112627986348123,0.020477815699658702,0.658703071672355,293,14,0.75,0.8933,0.6203
3205069,1.0,0.9338235294117647,1.0,1.0,1.0,0.40441176470588236,1.0,0.40441176470588236,0.5955882352941176,1.0,0.40441176470588236,0.40441176470588236,272,4,0.9835,0.7022,0.6011
3205101,1.0,0.8338788870703764,1.0,1.0,0.9811783960720131,0.4713584288052373,0.9811783960720131,0.38870703764320785,0.6693944353518821,0.9492635024549918,0.5204582651391162,0.13011456628477905,1222,23,0.9585,0.7056,0.5673
3205150,1.0,0.5982905982905983,1.0,0.8461538461538461,1.0,0.9145299145299145,1.0,0.8034188034188035,0.5042735042735043,0.5042735042735043,0.0,0.4188034188034188,117,17,0.8611,0.9295,0.3568
3205176,1.0,0.6790697674418604,1.0,0.9209302325581395,0.9674418604651163,0.4046511627906977,0.9348837209302325,0.40930232558139534,0.2,0.7534883720930232,0.5534883720930233,0.386046511627907,215,16,0.9,0.6791,0.4733
3205200,1.0,0.8802847282139775,1.0,1.0,1.0,0.8062985332182916,1.0,0.9751941328731665,0.9495254529767041,0.9741156169111302,0.1136755823986195,0.9499568593615185,4636,59,0.9701,0.9454,0.7468
3205309,1.0,1.0,1.0,1.0,1.0,0.9665414817343804,1.0,0.9767838852850802,0.9504950495049505,0.9631273472174804,0.1700238989416183,0.9767838852850802,2929,52,1.0,0.9858,0.7651
3300100,1.0,0.706880301602262,1.0,0.9557021677662583,0.9717247879359096,0.37229029217719134,0.9679547596606974,0.44769085768143263,0.7615457115928369,0.8708765315739868,0.292177191328935,0.3901979264844486,2122,51,0.9156,0.6899,0.5787
3300159,1.0,1.0,1.0,1.0,1.0,1.0,1.0,1.0,1.0,1.0,0.0,0.20408163265306123,98,2,1.0,1.0,0.551
3300209,1.0,0.5343949044585987,1.0,0.9961783439490446,0.9732484076433121,0.3853503184713376,1.0,0.643312101910828,0.6694267515923567,0.8923566878980892,0.6808917197452229,0.7101910828025477,1570,37,0.8826,0.7505,0.7382
3300225,1.0,0.7052023121387283,1.0,1.0,1.0,0.5433526011560693,1.0,0.5491329479768786,0.0,0.7572254335260116,0.7572254335260116,0.6473988439306358,173,9,0.9263,0.7731,0.5405
3300233,1.0,0.3013888888888889,1.0,1.0,1.0,0.0,1.0,0.059722222222222225,0.0,0.9472222222222222,0.9472222222222222,0.059722222222222225,720,11,0.8253,0.5149,0.4885
3300258,1.0,0.9148418491484185,1.0,1.0,1.0,0.2846715328467153,1.0,0.0851581508515815,0.2846715328467153,0.8613138686131386,0.8613138686131386,0.5912408759124088,411,6,0.9787,0.5925,0.6496
3300308,0.9695057833859095,1.0,1.0,1.0,1.0,0.7970557308096741,1.0,0.964248159831756,0.22292323869610936,0.508937960042061,0.36908517350157727,0.964248159831756,951,22,0.9924,0.9403,0.5163
3300407,1.0,0.9259052924791087,1.0,1.0,1.0,0.5359331476323119,1.0,0.49526462395543175,0.2518105849582173,0.9231197771587744,0.8306406685236769,0.7426183844011142,1795,48,0.9815,0.7578,0.687
3300456,1.0,1.0,1.0,1.0,0.9458269103721647,0.09865668354987889,0.9334948249284298,0.40541730896278355,0.22858401233208545,0.9176392865007708,0.9176392865007708,0.3268002642589738,4541,63,1.0,0.5958,0.5977
3300506,1.0,0.5221518987341772,1.0,1.0,0.9841772151898734,0.3291139240506329,0.9841772151898734,0.9810126582278481,0.3575949367088608,0.7373417721518988,0.7373417721518988,0.22784810126582278,316,13,0.8805,0.8196,0.515
3300605,1.0,0.9427860696517413,1.0,0.9776119402985075,0.9701492537313433,0.1517412935323383,0.9850746268656716,0.7562189054726368,0.03233830845771144,0.7213930348258707,0.6890547263681592,0.4253731343283582,402,22,0.9801,0.7158,0.467
3300704,1.0,0.6321585903083701,1.0,1.0,1.0,0.2555066079295154,1.0,0.5411160058737151,0.23531571218795888,0.8113069016152716,0.7683553597650514,0.4045521292217327,2724,41,0.908,0.6992,0.5549
3300803,0.9509116409537167,0.6746143057503506,1.0,0.9733520336605891,0.9481065918653576,0.605890603085554,0.9509116409537167,0.6956521739130435,0.8611500701262272,0.8779803646563815,0.43899018232819076,0.7251051893408135,713,22,0.8997,0.8001,0.7258
3300902,1.0,1.0,1.0,1.0,1.0,0.35036496350364965,1.0,0.2773722627737226,0.7372262773722628,0.7372262773722628,0.043795620437956206,0.583941605839416,137,7,1.0,0.6569,0.5255
3300936,1.0,0.8074866310160428,1.0,1.0,0.6631016042780749,0.0,0.7486631016042781,1.0,0.8288770053475936,0.8288770053475936,0.5775401069518716,0.5775401069518716,187,7,0.9519,0.6029,0.7032
3300951,1.0,1.0,1.0,1.0,1.0,0.6796875,1.0,0.5546875,0.359375,0.671875,0.609375,0.5546875,128,6,1.0,0.8086,0.5488
3301009,0.9888667992047714,0.6353876739562624,1.0,1.0,0.9813121272365806,0.2481113320079523,0.9582504970178927,0.48846918489065605,0.495427435387674,0.647117296222664,0.3660039761431412,0.5733598409542744,5030,140,0.9061,0.669,0.5205
3301108,1.0,1.0,1.0,1.0,1.0,0.8947368421052632,1.0,1.0,0.4166666666666667,0.8114035087719298,0.39473684210526316,0.9429824561403509,228,9,1.0,0.9737,0.6414
3301157,1.0,0.5252525252525253,1.0,1.0,1.0,0.6919191919191919,1.0,0.8434343434343434,0.6919191919191919,0.6919191919191919,0.6919191919191919,0.6919191919191919,198,7,0.8813,0.8838,0.6919
3301207,0.9558011049723757,1.0,1.0,1.0,1.0,0.0,1.0,0.3425414364640884,0.30386740331491713,0.7403314917127072,0.43646408839779005,0.20441988950276244,181,7,0.989,0.5856,0.4213
3301306,1.0,0.6939443535188216,1.0,1.0,1.0,0.4320785597381342,1.0,0.6563011456628478,0.1260229132569558,0.9410801963993454,0.9034369885433715,0.6513911620294599,611,13,0.9235,0.7721,0.6555
3301405,0.24596774193548387,0.8548387096774194,1.0,0.9798387096774194,1.0,0.24193548387096775,1.0,0.7983870967741935,0.4032258064516129,0.6088709677419355,0.4798387096774194,0.7782258064516129,248,11,0.7702,0.7601,0.5675
3301504,1.0,0.9950980392156863,1.0,0.9950980392156863,1.0,0.0,1.0,0.14215686274509803,0.8235294117647058,0.8235294117647058,0.0,0.004901960784313725,204,7,0.9975,0.5355,0.413
3301603,1.0,0.7912087912087912,1.0,1.0,1.0,0.5439560439560439,1.0,0.45054945054945056,0.0,0.33516483516483514,0.33516483516483514,0.08791208791208792,182,7,0.9478,0.7486,0.1896
3301702,1.0,0.9246492501209482,1.0,0.998306724721819,0.9939525882922109,0.5650701499758104,0.9939525882922109,0.7137155297532656,0.26197387518142234,0.8451862602806,0.7706821480406386,0.6032897919690372,8268,140,0.9807,0.8167,0.6203
3301801,1.0,1.0,1.0,1.0,1.0,0.125,1.0,0.53125,0.609375,0.7890625,0.5859375,0.125,128,6,1.0,0.6641,0.5273
3301850,1.0,0.8118668596237337,1.0,1.0,0.975397973950796,0.3125904486251809,1.0,0.8379160636758322,0.08972503617945007,0.6989869753979739,0.6989869753979739,0.29088277858176553,691,17,0.953,0.7815,0.4446
3301876,1.0,0.7994791666666666,1.0,1.0,1.0,0.0,1.0,0.34375,0.7578125,0.7578125,0.24739583333333334,0.0,384,7,0.9499,0.5859,0.4408
3301900,1.0,0.7927335640138409,1.0,1.0,0.9948096885813149,0.5359861591695502,1.0,0.7259515570934256,0.24290657439446367,0.8422145328719723,0.7996539792387544,0.6474048442906575,2890,64,0.9482,0.8142,0.633
3302007,1.0,0.9582843713278496,1.0,1.0,1.0,0.7103407755581669,1.0,0.9171562867215041,0.16216216216216217,0.9806110458284372,0.9806110458284372,0.9330199764982373,1702,40,0.9896,0.9069,0.7641
3302056,1.0,0.8287671232876712,1.0,1.0,1.0,0.18493150684931506,1.0,0.8287671232876712,0.9315068493150684,0.9931506849315068,0.7465753424657534,0.8287671232876712,146,6,0.9572,0.7534,0.875
3302106,1.0,0.9581589958158996,1.0,0.9916317991631799,0.9832635983263598,0.05439330543933055,1.0,0.29707112970711297,0.6903765690376569,0.6903765690376569,0.29707112970711297,0.10460251046025104,239,12,0.9874,0.5837,0.4456
3302205,1.0,0.8735777496839444,1.0,0.9936788874841972,0.9974715549936789,0.1706700379266751,0.9860935524652339,0.24146649810366624,0.0,0.549936788874842,0.549936788874842,0.29329962073324906,791,30,0.9668,0.5989,0.3483
3302254,1.0,0.8721174004192872,1.0,1.0,1.0,0.4989517819706499,1.0,1.0,0.7756813417190775,0.7756813417190775,0.3333333333333333,0.9245283018867925,477,8,0.968,0.8747,0.7023
3302270,1.0,0.9977628635346756,1.0,1.0,1.0,0.0842654735272185,1.0,0.3497390007457122,0.08873974645786727,0.8493661446681581,0.8329604772557793,0.6368381804623415,1341,26,0.9994,0.6085,0.602
3302304,1.0,1.0,1.0,1.0,1.0,1.0,1.0,1.0,1.0,1.0,1.0,1.0,91,1,1.0,1.0,1.0
3302403,0.6846414455110107,0.782608695652174,1.0,1.0,1.0,0.3469791078486731,0.9700734048560136,0.6106719367588933,0.009599096555618294,0.8805759457933371,0.8805759457933371,0.24308300395256918,3542,45,0.8668,0.7319,0.5035
3302452,1.0,1.0,1.0,1.0,1.0,0.5714285714285714,1.0,1.0,0.6571428571428571,0.6571428571428571,0.22857142857142856,1.0,105,3,1.0,0.8929,0.6357
3302502,0.993601462522852,0.7629494210847044,1.0,1.0,1.0,0.19896404631322365,1.0,0.3266301035953687,0.20749542961608775,0.44363193174893356,0.32602071907373553,0.02894576477757465,3282,64,0.9391,0.6314,0.2515
3302601,1.0,0.6422628951747088,1.0,1.0,0.9900166389351082,0.026622296173044926,1.0,0.059900166389351084,0.0,0.9816971713810316,0.9816971713810316,0.2562396006655574,601,18,0.9106,0.5191,0.5549
3302700,0.5801733477789816,0.30931744312026005,1.0,1.0,1.0,0.8396533044420368,0.7058504875406284,0.6294691224268689,0.4225352112676056,0.6820151679306609,0.35102925243770317,0.2583965330444204,1846,41,0.7224,0.7937,0.4285
3302809,1.0,0.6934673366834171,1.0,1.0,1.0,1.0,1.0,0.4472361809045226,0.0,0.16080402010050251,0.16080402010050251,0.0,199,7,0.9234,0.8618,0.0804
3302858,1.0,1.0,1.0,1.0,1.0,0.32159783344617465,1.0,0.4312796208530806,0.5477318889641164,0.9620853080568721,0.9620853080568721,0.0,1477,19,1.0,0.6882,0.618
3302908,1.0,0.9207547169811321,1.0,1.0,1.0,0.3660377358490566,1.0,0.8301886792452831,0.2528301886792453,0.7132075471698113,0.46037735849056605,0.30943396226415093,265,7,0.9802,0.7991,0.434
3303005,1.0,0.9298892988929889,1.0,0.996309963099631,0.996309963099631,0.3025830258302583,0.6014760147601476,0.7453874538745388,0.47601476014760147,0.47601476014760147,0.3837638376383764,0.7453874538745388,271,10,0.9815,0.6614,0.5203
3303104,1.0,1.0,1.0,1.0,1.0,0.07534246575342465,1.0,0.6232876712328768,0.5684931506849316,0.678082191780822,0.2876712328767123,0.5136986301369864,146,8,1.0,0.6747,0.512
3303203,1.0,1.0,1.0,1.0,1.0,0.5570469798657718,1.0,0.9213806327900288,0.1476510067114094,1.0,1.0,0.8964525407478428,1043,16,1.0,0.8696,0.761
3303302,1.0,0.9336434108527132,1.0,0.9770542635658914,0.9485271317829458,0.36868217054263563,1.0,0.4310077519379845,0.4275968992248062,0.9404651162790698,0.7134883720930233,0.6781395348837209,3225,48,0.9777,0.6871,0.6899
3303401,0.9785261102977062,0.8311371400683261,1.0,0.995119570522206,1.0,0.23621278672523183,0.9829184968277208,0.6817959980478282,0.28355295265983405,0.8936066373840899,0.8526110297706199,0.4397266959492435,2049,63,0.9512,0.7252,0.6174
3303500,0.9934814420646535,0.9624850339231076,1.0,1.0,0.9374750565385127,0.1863775442330717,0.975123054410004,0.4951443394971398,0.49288279898895837,0.8600505520819476,0.7022748436876414,0.4235732340029267,7517,119,0.989,0.6485,0.6197
3303609,1.0,0.8818565400843882,1.0,0.9957805907172996,1.0,0.6118143459915611,0.9957805907172996,0.8607594936708861,0.879746835443038,1.0,0.6983122362869199,0.9324894514767933,474,16,0.9694,0.8671,0.8776
3303708,1.0,0.8100208768267223,1.0,1.0,1.0,0.5553235908141962,1.0,0.55741127348643,0.36116910229645094,0.7306889352818372,0.5887265135699373,0.5490605427974948,479,18,0.9525,0.7782,0.5574
3303807,1.0,0.11992945326278659,0.9911816578483245,1.0,0.7283950617283951,0.1710758377425044,0.9805996472663139,0.48500881834215165,0.2804232804232804,0.5608465608465608,0.31746031746031744,0.30158730158730157,567,27,0.7778,0.5913,0.3651
3303856,0.0,0.4740061162079511,1.0,1.0,1.0,0.08256880733944955,0.0,0.7951070336391437,0.24770642201834864,0.581039755351682,0.3333333333333333,0.7492354740061162,327,12,0.6185,0.4694,0.4778
3303906,1.0,0.8771110312612289,1.0,0.9816744520301832,1.0,0.383399209486166,0.990298239310097,0.5623427955443766,0.030542579949694573,0.7265540783327344,0.7132590729428674,0.42939274164570607,2783,93,0.9647,0.734,0.4749
3303955,1.0,1.0,1.0,1.0,1.0,0.5482866043613707,1.0,1.0,0.34579439252336447,0.6791277258566978,0.3333333333333333,1.0,321,8,1.0,0.8871,0.5896
3304003,1.0,0.9458483754512635,1.0,1.0,1.0,0.38267148014440433,0.9422382671480144,0.36823104693140796,0.5270758122743683,0.8700361010830325,0.631768953068592,0.19133574007220217,277,14,0.9865,0.6733,0.5551
3304102,1.0,0.8963414634146342,1.0,0.8963414634146342,0.975609756097561,0.9085365853658537,0.9085365853658537,0.8048780487804879,0.8048780487804879,0.9573170731707317,0.9024390243902439,0.8963414634146342,164,8,0.9482,0.8994,0.8902
3304110,0.5781818181818181,1.0,1.0,1.0,1.0,0.5272727272727272,0.5781818181818181,0.5272727272727272,0.0,0.5781818181818181,0.5781818181818181,0.5272727272727272,275,4,0.8945,0.6582,0.4209
3304128,1.0,0.9735099337748344,1.0,1.0,1.0,0.08609271523178808,1.0,0.026490066225165563,0.2980132450331126,0.6754966887417219,0.37748344370860926,0.026490066225165563,151,6,0.9934,0.5281,0.3444
3304144,1.0,0.9433838051349572,1.0,1.0,0.793285055957867,0.3640552995391705,0.9703752468729427,0.1935483870967742,0.13495720868992758,0.7478604344963792,0.6260697827518104,0.07570770243581304,1519,27,0.9858,0.5803,0.3961
3304151,1.0,0.9528795811518325,1.0,1.0,1.0,0.6282722513089005,1.0,0.856020942408377,0.6492146596858639,0.6492146596858639,0.04450261780104712,0.6492146596858639,382,8,0.9882,0.8711,0.498
3304201,1.0,0.9656549520766773,1.0,1.0,1.0,0.9960063897763578,1.0,0.8482428115015974,0.1900958466453674,0.8714057507987221,0.7971246006389776,0.9001597444089456,1252,27,0.9914,0.9611,0.6897
3304300,1.0,0.8128491620111732,1.0,0.9930167597765364,0.9874301675977654,0.5670391061452514,1.0,0.3324022346368715,0.4594972067039106,0.7849162011173184,0.770949720670391,0.7793296089385475,716,26,0.9515,0.7217,0.6987
3304409,1.0,0.8584905660377359,1.0,1.0,1.0,0.6462264150943396,1.0,0.6037735849056604,0.8726415094339622,0.9716981132075472,0.9716981132075472,0.5330188679245284,212,8,0.9646,0.8125,0.8373
3304508,1.0,0.5887096774193549,1.0,1.0,0.9838709677419355,0.6290322580645161,1.0,1.0,0.4112903225806452,0.4112903225806452,0.0,1.0,124,6,0.8972,0.9032,0.4556
3304524,1.0,0.5952626158599382,1.0,1.0,1.0,0.8635427394438723,1.0,0.8563336766220392,0.1364572605561277,0.6833161688980433,0.6833161688980433,0.8640576725025747,1942,20,0.8988,0.93,0.5918
3304557,1.0,0.9982919608289683,1.0,1.0,0.9943444925225841,0.49295908297274726,0.9963182266757762,0.70965231913763,0.4017497912396569,0.9885751157670993,0.925130949669779,0.5706558870416761,52692,698,0.9996,0.7983,0.7215
3304607,1.0,0.8692307692307693,1.0,1.0,0.7615384615384615,0.0,0.8307692307692308,0.7076923076923077,0.2076923076923077,0.8538461538461538,0.7692307692307693,0.06923076923076923,130,7,0.9673,0.575,0.475
3304706,1.0,1.0,1.0,1.0,1.0,0.20365535248041775,1.0,0.24281984334203655,0.27676240208877284,0.8668407310704961,0.7519582245430809,0.02349869451697128,383,18,1.0,0.6116,0.4798
3304755,1.0,0.0,1.0,1.0,1.0,0.0,0.962707182320442,0.0,0.0,0.09944751381215469,0.09944751381215469,0.0,724,44,0.75,0.4907,0.0497
3304805,1.0,0.8625,1.0,0.95,1.0,0.425,0.9925,0.7375,0.6225,0.925,0.3725,0.4375,400,15,0.9531,0.7888,0.5894
3304904,1.0,0.9642162582652665,1.0,1.0,0.882147024504084,0.13905095293660055,0.9634383508362505,0.4344612991054065,0.5628160248930377,0.8014391287436795,0.6297160637884092,0.23473356670556203,5142,87,0.9911,0.6048,0.5572
3305000,0.9714714714714715,0.3333333333333333,1.0,1.0,0.4009009009009009,0.05555555555555555,0.9684684684684685,0.5945945945945946,0.4864864864864865,0.6711711711711712,0.4069069069069069,0.23273273273273273,666,24,0.8262,0.5049,0.4493
3305109,1.0,1.0,1.0,1.0,0.9789055334760012,0.16111280953836749,1.0,0.515438703760318,0.32191990217059,0.6695200244573525,0.5126872516050137,0.423723631916845,3271,45,1.0,0.6639,0.482
3305133,1.0,0.9896907216494846,1.0,1.0,0.9896907216494846,0.0,0.9896907216494846,0.8041237113402062,0.6494845360824743,0.7628865979381443,0.7628865979381443,0.6494845360824743,97,5,0.9974,0.6959,0.7062
3305158,1.0,0.6090225563909775,1.0,1.0,1.0,0.34962406015037595,1.0,0.5864661654135338,0.7142857142857143,0.8458646616541353,0.6203007518796992,0.0,266,9,0.9023,0.734,0.5451
3305208,1.0,0.6421800947867299,1.0,1.0,0.9407582938388626,0.016587677725118485,1.0,0.3467614533965245,0.33886255924170616,0.7274881516587678,0.6050552922590837,0.04265402843601896,1266,29,0.9105,0.576,0.4285
3305307,1.0,0.4224137931034483,1.0,1.0,0.8879310344827587,0.5775862068965517,1.0,0.3275862068965517,0.7758620689655172,0.7758620689655172,0.02586206896551724,0.6293103448275862,116,8,0.8556,0.6983,0.5517
3305406,1.0,0.9468599033816425,1.0,1.0,1.0,0.15458937198067632,1.0,0.45893719806763283,0.5652173913043478,0.6666666666666666,0.10144927536231885,0.463768115942029,207,12,0.9867,0.6534,0.4493
3305505,1.0,0.0,1.0,1.0,1.0,0.31456456456456455,0.9271771771771772,0.5075075075075075,0.4436936936936937,0.8873873873873874,0.8370870870870871,0.4647147147147147,1332,31,0.75,0.6873,0.6582
3305554,1.0,0.9106239460370995,1.0,1.0,0.9738617200674536,0.7310286677908938,1.0,0.26138279932546377,0.6694772344013491,0.845699831365936,0.7934232715008431,0.3777403035413153,1186,26,0.9777,0.7416,0.6716
3305604,1.0,0.6609195402298851,1.0,1.0,1.0,0.867816091954023,0.9827586206896551,0.5431034482758621,0.5114942528735632,0.6724137931034483,0.46551724137931033,0.49137931034482757,348,15,0.9152,0.8484,0.5352
3305703,1.0,1.0,1.0,1.0,1.0,0.0,1.0,1.0,1.0,1.0,1.0,0.0,222,13,1.0,0.75,0.75
3305752,1.0,0.9149797570850202,1.0,1.0,1.0,0.49190283400809715,1.0,0.6012145748987854,0.0,0.9473684210526315,0.9473684210526315,0.9048582995951417,494,14,0.9787,0.7733,0.6999
3305802,1.0,0.45047565752658086,1.0,1.0,1.0,0.8158925573587017,1.0,0.9395635142697258,0.4991606043648573,0.5937325125909345,0.246782316731953,0.8052602126468943,1787,56,0.8626,0.9389,0.5362
3305901,0.956140350877193,0.6842105263157895,1.0,1.0,1.0,0.06140350877192982,0.9298245614035088,0.3157894736842105,0.6491228070175439,0.7280701754385965,0.07894736842105263,0.0,114,11,0.9101,0.5768,0.364
3306008,1.0,0.978494623655914,1.0,1.0,1.0,0.948626045400239,1.0,0.3918757467144564,0.08482676224611709,0.7311827956989247,0.7144563918757467,0.37992831541218636,837,25,0.9946,0.8351,0.4776
3306107,1.0,0.9886234357224118,1.0,0.987485779294653,0.9897610921501706,0.3185437997724687,1.0,0.6450511945392492,0.4641638225255973,0.6131968145620023,0.310580204778157,0.43686006825938567,879,33,0.994,0.7383,0.4562
3306156,1.0,0.7473684210526316,1.0,0.9894736842105263,0.6736842105263158,0.0,1.0,0.0,0.6631578947368421,0.6631578947368421,0.0,0.5789473684210527,95,6,0.9342,0.4184,0.4763
3306206,1.0,0.8888888888888888,1.0,1.0,1.0,0.4222222222222222,1.0,0.4691358024691358,0.10617283950617284,0.782716049382716,0.6765432098765433,0.32098765432098764,405,11,0.9722,0.7228,0.4716
3306305,1.0,1.0,1.0,1.0,1.0,0.8493328994467947,0.9817767653758542,0.871135698014969,0.47543117474780344,0.9837292547998698,0.9642043605597136,1.0,3073,43,1.0,0.9256,0.8558
3500105,1.0,1.0,1.0,1.0,1.0,0.8362989323843416,1.0,1.0,0.26334519572953735,1.0,1.0,1.0,281,3,1.0,0.9591,0.8158
3500204,1.0,1.0,1.0,1.0,1.0,0.0,1.0,1.0,0.0,1.0,1.0,1.0,58,1,1.0,0.75,0.75
3500303,1.0,0.9882697947214076,1.0,1.0,1.0,1.0,1.0,1.0,0.36656891495601174,0.8152492668621701,0.8152492668621701,0.7214076246334311,341,8,0.9971,1.0,0.6796
3500402,1.0,0.8529411764705882,1.0,1.0,1.0,0.0,1.0,0.0,0.0,0.5,0.5,0.0,68,4,0.9632,0.5,0.25
3500501,1.0,0.9707317073170731,1.0,1.0,0.7707317073170732,0.7170731707317073,1.0,0.28292682926829266,0.0,0.7414634146341463,0.7414634146341463,0.7414634146341463,205,5,0.9927,0.6927,0.5561
3500550,1.0,1.0,1.0,1.0,1.0,1.0,1.0,1.0,1.0,1.0,1.0,1.0,91,1,1.0,1.0,1.0
3500600,1.0,1.0,1.0,1.0,1.0,1.0,1.0,1.0,0.0,0.0,0.0,1.0,51,1,1.0,1.0,0.25
3500709,1.0,1.0,1.0,1.0,1.0,0.7974025974025974,1.0,0.5766233766233766,0.22077922077922077,0.7298701298701299,0.509090909090909,0.0,385,8,1.0,0.8435,0.3649
3500758,1.0,0.9651162790697675,1.0,1.0,1.0,0.7209302325581395,1.0,0.4069767441860465,0.2441860465116279,0.5930232558139535,0.5930232558139535,0.7209302325581395,86,4,0.9913,0.782,0.5378
3500808,1.0,1.0,1.0,1.0,1.0,1.0,1.0,1.0,0.0,1.0,1.0,1.0,49,1,1.0,1.0,0.75
3500907,1.0,1.0,1.0,1.0,1.0,1.0,1.0,1.0,0.0,1.0,1.0,1.0,35,1,1.0,1.0,0.75
3501004,1.0,0.8926553672316384,1.0,1.0,1.0,1.0,1.0,1.0,0.5084745762711864,0.8926553672316384,0.384180790960452,0.8926553672316384,177,4,0.9732,1.0,0.6695
3501103,1.0,1.0,1.0,1.0,1.0,1.0,1.0,1.0,0.0,1.0,1.0,0.0,38,1,1.0,1.0,0.5
3501152,1.0,0.8670212765957447,1.0,1.0,1.0,1.0,1.0,1.0,0.0,0.34574468085106386,0.34574468085106386,0.925531914893617,188,7,0.9668,1.0,0.4043
3501202,1.0,1.0,1.0,1.0,1.0,1.0,1.0,1.0,0.8780487804878049,0.8780487804878049,0.8780487804878049,0.8780487804878049,41,2,1.0,1.0,0.878
3501301,1.0,0.9665551839464883,1.0,1.0,1.0,0.6321070234113713,1.0,0.6321070234113713,0.16722408026755853,0.8595317725752508,0.8595317725752508,1.0,299,6,0.9916,0.8161,0.7216
3501400,1.0,1.0,1.0,1.0,1.0,0.0,1.0,1.0,0.0,1.0,1.0,0.0,41,1,1.0,0.75,0.5
3501509,1.0,1.0,1.0,1.0,1.0,1.0,1.0,1.0,0.0,0.0,0.0,0.0,37,1,1.0,1.0,0.0
3501608,1.0,1.0,1.0,1.0,1.0,0.9967776584317938,1.0,0.8968850698174007,0.48120300751879697,0.69656283566058,0.2937701396348013,0.7749731471535983,1862,29,1.0,0.9734,0.5616
3501707,1.0,1.0,1.0,1.0,1.0,0.7695852534562212,1.0,1.0,0.543778801843318,0.7304147465437788,0.5,1.0,434,4,1.0,0.9424,0.6935
3501806,1.0,1.0,1.0,1.0,1.0,1.0,1.0,1.0,1.0,1.0,1.0,1.0,59,1,1.0,1.0,1.0
3501905,0.927038626609442,0.8955650929899857,1.0,1.0,0.9670958512160229,0.7367668097281831,1.0,0.8855507868383404,0.07296137339055794,0.7181688125894135,0.6452074391988555,0.7982832618025751,699,16,0.9557,0.8974,0.5587
3502002,1.0,1.0,1.0,1.0,1.0,1.0,1.0,0.0,1.0,1.0,0.0,1.0,66,1,1.0,0.75,0.75
3502101,1.0,1.0,1.0,1.0,0.9846153846153847,0.825,1.0,0.9846153846153847,0.0,0.3557692307692308,0.3557692307692308,0.9846153846153847,520,8,1.0,0.9486,0.424
3502200,0.8225255972696246,0.8805460750853242,1.0,1.0,1.0,0.5221843003412969,0.9249146757679181,0.6177474402730375,0.0,0.5631399317406144,0.5631399317406144,0.8430034129692833,293,9,0.9258,0.7662,0.4923
3502309,1.0,1.0,1.0,1.0,1.0,0.6666666666666666,1.0,1.0,0.0,1.0,1.0,0.6666666666666666,69,3,1.0,0.9167,0.6667
3502408,1.0,1.0,1.0,1.0,1.0,1.0,1.0,1.0,0.0,1.0,1.0,1.0,44,1,1.0,1.0,0.75
3502507,1.0,1.0,1.0,1.0,1.0,0.7146814404432132,1.0,0.2880886426592798,0.34349030470914127,0.6232686980609419,0.3490304709141274,0.43213296398891965,361,10,1.0,0.7507,0.437
3502606,1.0,1.0,1.0,1.0,1.0,1.0,1.0,1.0,0.0,1.0,1.0,1.0,42,1,1.0,1.0,0.75
3502705,1.0,0.6942675159235668,1.0,1.0,0.9808917197452229,0.9808917197452229,0.9808917197452229,0.9203821656050956,0.028662420382165606,0.6528662420382165,0.6242038216560509,0.7993630573248408,314,13,0.9236,0.9658,0.5263
3502754,1.0,0.8622950819672132,1.0,1.0,1.0,0.7770491803278688,0.9475409836065574,0.5344262295081967,0.0,0.26557377049180325,0.26557377049180325,0.21967213114754097,305,12,0.9656,0.8148,0.1877
3502804,1.0,0.9939759036144579,1.0,0.9983570646221248,0.9983570646221248,0.9808324205914567,1.0,0.9813800657174151,0.1221248630887185,0.8871851040525739,0.7650602409638554,0.8313253012048193,1826,30,0.9981,0.9901,0.6514
3502903,1.0,0.45368171021377673,1.0,1.0,1.0,0.7838479809976246,1.0,1.0,0.1021377672209026,0.36342042755344417,0.26128266033254155,0.8551068883610451,421,11,0.8634,0.946,0.3955
3503000,1.0,1.0,1.0,1.0,1.0,1.0,1.0,0.0,0.0,1.0,1.0,1.0,67,1,1.0,0.75,0.75
3503109,1.0,1.0,1.0,1.0,1.0,1.0,1.0,1.0,0.0,0.0,0.0,1.0,85,2,1.0,1.0,0.25
3503158,1.0,1.0,1.0,1.0,1.0,1.0,1.0,0.0,0.0,0.0,0.0,0.0,34,1,1.0,0.75,0.0
3503208,1.0,0.993006993006993,1.0,1.0,1.0,0.9641025641025641,1.0,0.88997668997669,0.42703962703962706,0.7477855477855477,0.32074592074592073,0.9076923076923077,2145,27,0.9983,0.9635,0.6008
3503307,1.0,0.9873517786561264,0.9818181818181818,1.0,1.0,0.9035573122529644,1.0,0.5027667984189723,0.20316205533596837,0.7454545454545455,0.6363636363636364,0.7051383399209487,1265,22,0.9923,0.8516,0.5725
3503356,1.0,1.0,1.0,1.0,1.0,1.0,1.0,1.0,0.0,1.0,1.0,0.0,26,2,1.0,1.0,0.5
3503406,1.0,1.0,1.0,1.0,1.0,1.0,1.0,1.0,0.625,0.7954545454545454,0.17045454545454544,0.32954545454545453,88,4,1.0,1.0,0.4801
3503505,1.0,0.9838709677419355,0.9838709677419355,0.9838709677419355,1.0,0.9838709677419355,0.9838709677419355,0.9838709677419355,0.0,0.0,0.0,0.9838709677419355,62,2,0.9879,0.9879,0.246
3503604,1.0,1.0,1.0,1.0,1.0,1.0,1.0,1.0,0.0,0.43119266055045874,0.43119266055045874,1.0,109,2,1.0,1.0,0.4656
3503703,1.0,1.0,1.0,1.0,1.0,1.0,1.0,1.0,0.0,1.0,1.0,1.0,69,2,1.0,1.0,0.75
3503802,1.0,0.9703947368421053,1.0,1.0,1.0,0.774671052631579,1.0,0.9226973684210527,0.9720394736842105,0.9720394736842105,0.0,0.7828947368421053,608,9,0.9926,0.9243,0.6817
3503901,1.0,0.9537815126050421,1.0,1.0,1.0,0.9529411764705882,1.0,0.5512605042016807,0.4899159663865546,0.6310924369747899,0.3176470588235294,0.892436974789916,1190,20,0.9884,0.8761,0.5828
3503950,1.0,1.0,1.0,1.0,1.0,1.0,1.0,1.0,0.0,1.0,1.0,1.0,24,1,1.0,1.0,0.75
3504008,1.0,1.0,1.0,1.0,1.0,0.768990634755463,1.0,0.9490114464099896,0.026014568158168574,0.8387096774193549,0.8126951092611863,0.7887617065556711,961,19,1.0,0.9295,0.6165
3504107,1.0,0.7107123436650353,1.0,1.0,1.0,0.9912996193583469,1.0,0.466557911908646,0.3289831430125068,0.7172376291462752,0.4230560087003806,0.4415443175638934,1839,27,0.9277,0.8645,0.4777
3504206,1.0,1.0,1.0,1.0,1.0,0.6111111111111112,1.0,1.0,0.0,1.0,1.0,1.0,126,2,1.0,0.9028,0.75
3504305,1.0,0.8636363636363636,1.0,0.9545454545454546,1.0,0.9393939393939394,1.0,0.9848484848484849,0.8484848484848485,0.8484848484848485,0.0,0.8484848484848485,66,5,0.9545,0.9811,0.6364
3504404,1.0,1.0,1.0,1.0,1.0,1.0,1.0,1.0,0.0,0.6614173228346457,0.6614173228346457,1.0,127,2,1.0,1.0,0.5807
3504503,1.0,0.9645833333333333,1.0,1.0,0.96875,0.484375,1.0,0.96875,0.16354166666666667,0.7645833333333333,0.6625,1.0,960,20,0.9911,0.8555,0.6477
3504602,1.0,1.0,1.0,1.0,1.0,0.8035087719298246,0.5614035087719298,0.3649122807017544,0.3649122807017544,0.3649122807017544,0.0,0.8035087719298246,285,3,1.0,0.6825,0.3833
3504701,1.0,1.0,1.0,1.0,1.0,1.0,1.0,0.0,1.0,1.0,0.0,0.0,17,1,1.0,0.75,0.5
3504800,1.0,1.0,1.0,1.0,1.0,1.0,1.0,1.0,0.0,0.0,0.0,1.0,82,1,1.0,1.0,0.25
3504909,1.0,0.9787234042553191,0.9893617021276596,0.9787234042553191,0.9787234042553191,0.9148936170212766,0.9787234042553191,0.9787234042553191,0.0,0.0,0.0,0.9787234042553191,94,5,0.9867,0.9628,0.2447
3505005,1.0,0.918918918918919,1.0,1.0,0.9459459459459459,0.9459459459459459,0.9459459459459459,1.0,0.918918918918919,0.918918918918919,0.0,0.0,37,4,0.9797,0.9595,0.4595
3505104,1.0,1.0,1.0,1.0,1.0,1.0,1.0,0.0,0.0,0.0,0.0,1.0,86,1,1.0,0.75,0.25
3505203,1.0,1.0,1.0,1.0,1.0,1.0,1.0,1.0,0.4564459930313589,1.0,0.5435540069686411,1.0,287,4,1.0,1.0,0.75
3505302,1.0,1.0,1.0,1.0,1.0,0.7734375,1.0,1.0,0.0,0.78125,0.78125,1.0,256,5,1.0,0.9434,0.6406
3505351,1.0,0.7191011235955056,1.0,0.9213483146067416,0.25842696629213485,0.25842696629213485,0.7303370786516854,0.6292134831460674,0.0,0.0,0.0,0.47191011235955055,89,7,0.9101,0.4691,0.118
3505401,1.0,0.5972222222222222,1.0,0.75,1.0,1.0,1.0,1.0,0.7638888888888888,0.7638888888888888,0.4583333333333333,0.4583333333333333,72,6,0.8368,1.0,0.6111
3505500,0.9486803519061584,0.9868035190615836,1.0,1.0,1.0,0.3717008797653959,1.0,0.36363636363636365,0.532991202346041,0.6033724340175953,0.07038123167155426,0.4626099706744868,1364,20,0.9839,0.6838,0.4173
3505609,1.0,1.0,1.0,1.0,1.0,0.6977329974811083,1.0,0.8916876574307305,0.0,0.7455919395465995,0.7455919395465995,0.45843828715365237,397,6,1.0,0.8974,0.4874
3505708,1.0,1.0,1.0,1.0,1.0,1.0,0.9568047337278106,0.7597633136094675,0.16094674556213018,0.7059171597633136,0.6658777120315582,0.8287968441814596,5070,52,1.0,0.9291,0.5904
3505807,1.0,1.0,1.0,1.0,1.0,1.0,1.0,1.0,0.0,0.5672268907563025,0.5672268907563025,0.5672268907563025,238,3,1.0,1.0,0.4254
3505906,1.0,1.0,1.0,1.0,1.0,1.0,1.0,0.8680297397769516,0.4052044609665427,0.6356877323420075,0.29739776951672864,1.0,538,9,1.0,0.967,0.5846
3506003,1.0,1.0,1.0,1.0,0.9908689248895435,0.840058910162003,1.0,0.7743740795287187,0.2094256259204713,0.7343151693667157,0.5425625920471281,0.8041237113402062,3395,45,1.0,0.9013,0.5726
3506102,1.0,1.0,1.0,1.0,1.0,0.8819969742813918,1.0,0.913767019667171,0.0,0.9258698940998488,0.9258698940998488,0.7594553706505295,661,12,1.0,0.9489,0.6528
3506201,1.0,1.0,1.0,1.0,1.0,0.0,1.0,1.0,1.0,1.0,0.0,1.0,31,1,1.0,0.75,0.75
3506300,1.0,1.0,1.0,1.0,1.0,1.0,1.0,0.0,0.0,1.0,1.0,1.0,114,2,1.0,0.75,0.75
3506359,1.0,0.8941289701636189,1.0,1.0,1.0,1.0,1.0,0.12993262752646775,0.0904716073147257,0.0904716073147257,0.0,0.12993262752646775,1039,14,0.9735,0.7825,0.0777
3506409,1.0,1.0,1.0,1.0,1.0,1.0,1.0,1.0,0.0,1.0,1.0,1.0,86,1,1.0,1.0,0.75
3506508,1.0,1.0,1.0,1.0,1.0,0.9592833876221498,1.0,1.0,0.18485342019543974,1.0,0.8811074918566775,1.0,1228,14,1.0,0.9898,0.7665
3506607,1.0,0.9413489736070382,1.0,1.0,1.0,0.0,1.0,0.0,0.0,0.12316715542521994,0.12316715542521994,0.26392961876832843,341,7,0.9853,0.5,0.1276
3506706,1.0,1.0,1.0,1.0,1.0,0.20454545454545456,1.0,0.20454545454545456,0.5075757575757576,0.5075757575757576,0.20454545454545456,0.20454545454545456,132,4,1.0,0.6023,0.3561
3506805,1.0,1.0,1.0,1.0,1.0,0.5714285714285714,1.0,0.5714285714285714,0.875,1.0,0.125,1.0,112,3,1.0,0.7857,0.75
3506904,1.0,0.717948717948718,1.0,1.0,1.0,0.8376068376068376,1.0,0.8376068376068376,0.0,0.717948717948718,0.717948717948718,0.717948717948718,117,4,0.9295,0.9188,0.5385
3507001,1.0,0.9614147909967846,1.0,1.0,1.0,0.5321543408360129,1.0,0.5128617363344051,0.06430868167202572,0.7604501607717041,0.6961414790996785,0.1045016077170418,622,11,0.9904,0.7613,0.4064
3507100,1.0,0.788235294117647,1.0,1.0,1.0,1.0,1.0,0.95,0.5588235294117647,0.5588235294117647,0.0,0.638235294117647,340,5,0.9471,0.9875,0.439
3507159,1.0,1.0,1.0,1.0,1.0,1.0,1.0,0.0,0.0,0.0,0.0,1.0,64,1,1.0,0.75,0.25
3507209,1.0,1.0,1.0,1.0,1.0,1.0,1.0,1.0,0.0,1.0,1.0,1.0,8,1,1.0,1.0,0.75
3507308,1.0,1.0,1.0,1.0,1.0,1.0,1.0,1.0,0.0,1.0,1.0,1.0,67,1,1.0,1.0,0.75
3507407,1.0,1.0,1.0,1.0,1.0,1.0,1.0,1.0,0.373015873015873,1.0,0.626984126984127,1.0,126,2,1.0,1.0,0.75
3507456,1.0,1.0,1.0,1.0,1.0,1.0,1.0,1.0,0.0,1.0,1.0,1.0,41,1,1.0,1.0,0.75
3507506,1.0,1.0,1.0,1.0,1.0,0.816793893129771,1.0,0.34420541290770296,0.03816793893129771,0.8174878556557946,0.7793199167244969,0.3428174878556558,1441,24,1.0,0.7902,0.4944
3507605,1.0,0.8761737089201878,1.0,0.9653755868544601,1.0,0.9782863849765259,1.0,0.7505868544600939,0.7458920187793427,0.8826291079812206,0.13673708920187794,0.5839201877934272,1704,38,0.9604,0.9322,0.5873
3507704,1.0,0.9538461538461539,1.0,1.0,1.0,1.0,1.0,1.0,0.0,0.9538461538461539,0.9538461538461539,0.9538461538461539,65,2,0.9885,1.0,0.7154
3507753,1.0,1.0,1.0,1.0,1.0,1.0,1.0,1.0,0.0,1.0,1.0,1.0,42,1,1.0,1.0,0.75
3507803,1.0,1.0,1.0,1.0,1.0,0.0,1.0,0.7208480565371025,0.4664310954063604,0.4664310954063604,0.4664310954063604,1.0,283,3,1.0,0.6802,0.5998
3507902,1.0,1.0,1.0,1.0,1.0,0.6740088105726872,1.0,0.6740088105726872,0.5594713656387665,0.973568281938326,0.41409691629955947,0.43612334801762115,227,5,1.0,0.837,0.5958
3508009,1.0,0.9381107491856677,1.0,0.9381107491856677,0.9381107491856677,0.2768729641693811,1.0,0.9283387622149837,0.0,0.9381107491856677,0.9381107491856677,0.7915309446254072,307,7,0.9691,0.7858,0.6669
3508108,1.0,1.0,1.0,1.0,1.0,0.3879781420765027,1.0,1.0,0.0,1.0,1.0,1.0,183,2,1.0,0.847,0.75
3508207,1.0,1.0,1.0,1.0,1.0,1.0,1.0,1.0,0.0,1.0,1.0,1.0,62,1,1.0,1.0,0.75
3508306,1.0,1.0,1.0,1.0,1.0,1.0,1.0,0.0,0.0,1.0,1.0,0.0,44,1,1.0,0.75,0.5
3508405,1.0,0.9151193633952255,1.0,1.0,1.0,0.8885941644562334,1.0,0.7055702917771883,0.27851458885941643,0.3183023872679045,0.03978779840848806,0.3978779840848806,754,10,0.9788,0.8985,0.2586
3508504,1.0,0.8917700112739572,1.0,1.0,1.0,0.8331454340473506,1.0,0.6200676437429538,0.1544532130777903,0.8162344983089064,0.6617812852311161,0.32919954904171367,887,13,0.9729,0.8633,0.4904
3508603,1.0,0.9748953974895398,1.0,1.0,1.0,0.4351464435146444,1.0,0.6861924686192469,0.3723849372384937,0.5774058577405857,0.37656903765690375,0.7782426778242678,239,12,0.9937,0.7803,0.5262
3508702,1.0,0.9668508287292817,1.0,1.0,0.9668508287292817,0.6685082872928176,0.9668508287292817,0.430939226519337,0.39779005524861877,0.9668508287292817,0.6685082872928176,0.7624309392265194,181,5,0.9917,0.7583,0.6989
3508801,1.0,1.0,1.0,1.0,0.7878787878787878,0.7878787878787878,0.7878787878787878,0.7878787878787878,0.0,0.7878787878787878,0.7878787878787878,0.06666666666666667,165,4,1.0,0.7879,0.4106
3508900,1.0,1.0,1.0,1.0,1.0,0.0,1.0,0.0,0.0,0.23076923076923078,0.23076923076923078,0.0,26,2,1.0,0.5,0.1154
3509007,1.0,1.0,1.0,1.0,1.0,0.918348623853211,1.0,0.6981651376146789,0.081651376146789,0.3568807339449541,0.27522935779816515,0.45321100917431195,1090,13,1.0,0.9041,0.2917
3509106,1.0,1.0,1.0,1.0,1.0,0.5,1.0,0.5,0.0,1.0,1.0,0.5,46,2,1.0,0.75,0.625
3509205,1.0,0.9223928860145514,1.0,1.0,1.0,0.301535974130962,1.0,0.27970897332255457,0.1948261924009701,0.4939369442198868,0.2991107518189167,0.730800323362975,1237,17,0.9806,0.6453,0.4297
3509254,1.0,1.0,1.0,1.0,1.0,0.8668478260869565,1.0,0.8152173913043478,0.7989130434782609,0.7989130434782609,0.2391304347826087,0.9456521739130435,368,9,1.0,0.9205,0.6957
3509304,1.0,1.0,1.0,1.0,1.0,1.0,1.0,1.0,1.0,1.0,0.7021276595744681,1.0,94,3,1.0,1.0,0.9255
3509403,1.0,1.0,1.0,1.0,1.0,0.21481481481481482,1.0,0.8148148148148148,0.4074074074074074,0.662962962962963,0.25555555555555554,0.43703703703703706,270,6,1.0,0.7574,0.4407
3509452,1.0,1.0,1.0,1.0,1.0,0.0,1.0,0.0,0.0,0.0,0.0,1.0,86,1,1.0,0.5,0.25
3509502,1.0,0.9393192376979236,1.0,0.9793306153408552,1.0,0.8744666729875794,0.9936474826965014,0.8446951739831232,0.2410164027685598,0.6774438228880251,0.44183180051199394,0.8387219114440125,10547,141,0.9797,0.9282,0.5498
3509601,1.0,0.8899782135076253,1.0,1.0,1.0,0.5076252723311547,0.9705882352941176,0.1503267973856209,0.4793028322440087,0.6296296296296297,0.1503267973856209,0.0,918,17,0.9725,0.6571,0.3148
3509700,1.0,1.0,1.0,1.0,1.0,0.872072072072072,0.9801801801801802,0.9801801801801802,0.22162162162162163,0.9855855855855856,0.9801801801801802,0.9801801801801802,555,11,1.0,0.9581,0.7919
3509809,1.0,1.0,1.0,1.0,1.0,1.0,1.0,0.0,0.0,1.0,1.0,1.0,52,1,1.0,0.75,0.75
3509908,1.0,0.9166666666666666,0.9777777777777777,1.0,0.9166666666666666,0.0,0.9055555555555556,0.0,0.3111111111111111,0.8166666666666667,0.5166666666666667,0.34444444444444444,180,10,0.9736,0.4556,0.4972
3509957,1.0,1.0,1.0,1.0,1.0,1.0,1.0,0.75,0.0,0.0,0.0,0.75,52,2,1.0,0.9375,0.1875
3510005,1.0,1.0,1.0,1.0,1.0,0.6689895470383276,1.0,1.0,0.0,0.8710801393728222,0.8710801393728222,0.8710801393728222,287,6,1.0,0.9172,0.6533
3510104,1.0,1.0,1.0,1.0,1.0,1.0,1.0,1.0,0.0,1.0,1.0,0.0,36,1,1.0,1.0,0.5
3510153,1.0,1.0,1.0,1.0,1.0,1.0,1.0,1.0,0.0,1.0,1.0,1.0,76,1,1.0,1.0,0.75
3510203,1.0,0.9528619528619529,1.0,1.0,1.0,0.8703703703703703,1.0,0.6363636363636364,0.0,0.5016835016835017,0.5016835016835017,0.5117845117845118,594,14,0.9882,0.8767,0.3788
3510302,1.0,0.8280254777070064,1.0,1.0,1.0,1.0,1.0,0.2484076433121019,0.08280254777070063,0.08280254777070063,0.0,1.0,314,5,0.957,0.8121,0.2914
3510401,1.0,1.0,1.0,1.0,1.0,0.7581395348837209,1.0,0.6155038759689923,0.13953488372093023,0.8945736434108527,0.7550387596899225,0.7333333333333333,645,12,1.0,0.8434,0.6306
3510500,1.0,1.0,1.0,1.0,1.0,0.8772522522522522,1.0,0.8277027027027027,0.08783783783783784,0.8490990990990991,0.7747747747747747,0.8186936936936937,1776,23,1.0,0.9262,0.6326
3510609,0.9582637729549248,0.9346828046744574,0.9878964941569283,1.0,0.9793405676126878,0.7186978297161937,1.0,0.7790066777963273,0.07512520868113523,0.6170701168614358,0.5874373956594324,0.5932804674457429,4792,40,0.9702,0.8693,0.4682
3510708,1.0,1.0,1.0,1.0,1.0,1.0,1.0,1.0,0.0,1.0,1.0,0.717391304347826,138,3,1.0,1.0,0.6793
3510807,1.0,1.0,1.0,1.0,1.0,0.0,0.9482071713147411,0.16733067729083664,0.16733067729083664,0.21912350597609562,0.05179282868525897,0.42231075697211157,251,6,1.0,0.5289,0.2151
3510906,1.0,1.0,1.0,1.0,1.0,0.0,1.0,0.0,0.0,0.0,0.0,0.0,40,1,1.0,0.5,0.0
3511003,1.0,0.8162393162393162,1.0,1.0,1.0,0.452991452991453,1.0,0.9188034188034188,0.12393162393162394,0.9401709401709402,0.8162393162393162,0.7350427350427351,234,5,0.9541,0.8429,0.6538
3511102,1.0,1.0,1.0,1.0,1.0,0.748314606741573,1.0,0.9112359550561798,0.060674157303370786,0.6674157303370787,0.6067415730337079,0.8134831460674158,890,15,1.0,0.9149,0.5371
3511201,1.0,1.0,1.0,1.0,1.0,1.0,1.0,1.0,1.0,1.0,1.0,1.0,87,1,1.0,1.0,1.0
3511300,1.0,1.0,1.0,1.0,1.0,1.0,1.0,1.0,0.0,1.0,1.0,1.0,147,1,1.0,1.0,0.75
3511409,1.0,1.0,1.0,1.0,1.0,0.3715415019762846,1.0,0.3715415019762846,0.0,1.0,1.0,0.3715415019762846,253,3,1.0,0.6858,0.5929
3511508,1.0,1.0,1.0,1.0,1.0,0.5010940919037199,1.0,0.06564551422319474,0.0,0.39606126914660833,0.39606126914660833,0.6083150984682714,457,8,1.0,0.6417,0.3501
3511607,1.0,1.0,1.0,1.0,1.0,1.0,1.0,0.8754716981132076,0.14339622641509434,0.6075471698113207,0.6075471698113207,0.9207547169811321,265,5,1.0,0.9689,0.5698
3511706,1.0,1.0,1.0,1.0,1.0,0.0,1.0,0.5330396475770925,0.0,0.6079295154185022,0.6079295154185022,0.6079295154185022,227,4,1.0,0.6333,0.4559
3511904,1.0,1.0,1.0,1.0,1.0,1.0,1.0,1.0,0.0,1.0,1.0,1.0,100,1,1.0,1.0,0.75
3512001,1.0,1.0,1.0,1.0,1.0,0.7458563535911602,1.0,1.0,0.0,1.0,1.0,1.0,181,5,1.0,0.9365,0.75
3512100,1.0,1.0,1.0,1.0,1.0,0.0,1.0,0.0,0.0,0.0,0.0,0.5663716814159292,113,3,1.0,0.5,0.1416
3512209,1.0,1.0,1.0,1.0,1.0,1.0,1.0,1.0,0.0,0.42249240121580545,0.42249240121580545,0.9300911854103343,329,6,1.0,1.0,0.4438
3512308,1.0,0.9857142857142858,1.0,1.0,1.0,1.0,1.0,0.29285714285714287,0.0,0.5571428571428572,0.5571428571428572,0.0,140,5,0.9964,0.8232,0.2786
3512407,1.0,1.0,1.0,1.0,1.0,1.0,1.0,0.28620689655172415,0.0,0.4241379310344828,0.4241379310344828,0.10344827586206896,290,6,1.0,0.8216,0.2379
3512506,1.0,1.0,1.0,1.0,1.0,1.0,1.0,1.0,1.0,1.0,0.0,1.0,70,1,1.0,1.0,0.75
3512605,1.0,1.0,1.0,1.0,1.0,1.0,1.0,1.0,0.0,1.0,1.0,1.0,46,1,1.0,1.0,0.75
3512704,1.0,1.0,1.0,1.0,1.0,1.0,1.0,1.0,0.0,0.0,0.0,1.0,59,1,1.0,1.0,0.25
3512803,1.0,0.9712121212121212,1.0,1.0,1.0,0.8939393939393939,1.0,0.7454545454545455,0.7454545454545455,0.8348484848484848,0.0893939393939394,1.0,660,10,0.9928,0.9098,0.6674
3512902,1.0,1.0,1.0,1.0,1.0,1.0,1.0,1.0,1.0,1.0,1.0,1.0,90,1,1.0,1.0,1.0
3513009,0.9864266745352611,0.6718796105045736,1.0,1.0,1.0,0.09766892888757746,1.0,0.09943936264384774,0.21186190616701092,0.22720566538802006,0.03245795219828858,0.13071702567128946,3389,56,0.9146,0.5493,0.1506
3513108,1.0,1.0,1.0,1.0,1.0,0.7638190954773869,1.0,0.5175879396984925,0.5175879396984925,0.7638190954773869,0.4648241206030151,1.0,398,4,1.0,0.8204,0.6866
3513207,1.0,1.0,1.0,1.0,1.0,1.0,1.0,1.0,0.0,1.0,1.0,1.0,114,1,1.0,1.0,0.75
3513306,1.0,1.0,1.0,1.0,1.0,0.0,1.0,0.0,0.0,0.0,0.0,0.0,27,1,1.0,0.5,0.0
3513405,1.0,1.0,1.0,1.0,1.0,0.3803786574870912,1.0,0.7418244406196214,0.13253012048192772,0.5800344234079173,0.4475043029259897,0.5163511187607573,581,13,1.0,0.7806,0.4191
3513504,1.0,0.9601737871107893,1.0,1.0,1.0,0.19768283852280955,1.0,0.2976104272266474,0.2005792903692976,0.6980448950036205,0.6545981173062998,0.4004344677769732,1381,19,0.99,0.6238,0.4884
3513603,1.0,0.6973684210526315,1.0,0.7675438596491229,0.8114035087719298,0.39473684210526316,0.6973684210526315,0.9122807017543859,0.0043859649122807015,0.6359649122807017,0.631578947368421,0.5964912280701754,228,27,0.8662,0.7039,0.4671
3513702,1.0,1.0,1.0,1.0,1.0,0.8701298701298701,1.0,0.5974025974025974,0.2727272727272727,1.0,0.7272727272727273,1.0,308,5,1.0,0.8669,0.75
3513801,1.0,1.0,1.0,1.0,1.0,0.6776315789473685,1.0,0.5882486388384754,0.5083938294010889,0.7524954627949183,0.7318511796733213,0.8432395644283122,4408,40,1.0,0.8165,0.709
3513850,1.0,1.0,1.0,1.0,1.0,0.0,1.0,0.0,0.0,0.0,0.0,0.0,16,1,1.0,0.5,0.0
3513900,1.0,0.7788461538461539,1.0,1.0,1.0,1.0,1.0,0.2403846153846154,0.019230769230769232,0.9230769230769231,0.9038461538461539,0.9230769230769231,104,4,0.9447,0.8101,0.6923
3514007,1.0,1.0,1.0,1.0,1.0,1.0,1.0,1.0,0.0,0.0,0.0,1.0,116,2,1.0,1.0,0.25
3514106,1.0,1.0,1.0,1.0,1.0,0.8363636363636363,1.0,0.5709090909090909,0.19636363636363635,0.5381818181818182,0.3418181818181818,0.7345454545454545,275,5,1.0,0.8518,0.4527
3514205,1.0,1.0,1.0,1.0,1.0,0.0,1.0,0.0,0.0,1.0,1.0,0.0,30,1,1.0,0.5,0.5
3514304,1.0,1.0,1.0,1.0,1.0,1.0,1.0,0.5454545454545454,0.0,0.45454545454545453,0.45454545454545453,0.45454545454545453,99,2,1.0,0.8864,0.3409
3514403,1.0,0.9461756373937678,1.0,1.0,1.0,1.0,1.0,1.0,0.35410764872521244,1.0,0.7705382436260623,0.7705382436260623,353,9,0.9865,1.0,0.7238
3514502,1.0,1.0,1.0,1.0,1.0,1.0,1.0,1.0,0.0,1.0,1.0,1.0,105,3,1.0,1.0,0.75
3514601,1.0,1.0,1.0,1.0,1.0,0.7927927927927928,1.0,0.7927927927927928,0.0,0.7927927927927928,0.7927927927927928,0.7927927927927928,111,2,1.0,0.8964,0.5946
3514700,1.0,1.0,1.0,1.0,1.0,1.0,1.0,0.0,0.0,1.0,1.0,1.0,80,1,1.0,0.75,0.75
3514809,1.0,0.8564102564102564,1.0,1.0,0.8461538461538461,0.0,0.7897435897435897,0.3435897435897436,0.2717948717948718,0.6358974358974359,0.3641025641025641,0.49230769230769234,195,19,0.9641,0.4949,0.441
3514908,1.0,1.0,1.0,1.0,1.0,0.9242424242424242,1.0,0.4696969696969697,0.23106060606060605,0.9242424242424242,0.9242424242424242,0.9242424242424242,264,4,1.0,0.8485,0.7509
3514924,1.0,1.0,1.0,1.0,1.0,0.0,1.0,1.0,0.0,1.0,1.0,1.0,37,1,1.0,0.75,0.75
3514957,1.0,1.0,1.0,1.0,1.0,1.0,1.0,1.0,0.0,0.0,0.0,0.0,18,1,1.0,1.0,0.0
3515004,1.0,0.746077032810271,1.0,1.0,1.0,0.35691868758915835,1.0,0.29243937232524964,0.5109843081312411,0.9158345221112696,0.8984308131241084,0.5534950071326676,3505,35,0.9365,0.6623,0.7197
3515103,1.0,0.6939704209328783,1.0,1.0,1.0,0.6154721274175199,0.9897610921501706,0.658703071672355,0.080773606370876,0.378839590443686,0.29806598407281,0.37542662116040953,879,20,0.9235,0.816,0.2833
3515129,1.0,1.0,1.0,1.0,1.0,1.0,1.0,0.0,0.0,1.0,1.0,1.0,34,1,1.0,0.75,0.75
3515152,1.0,1.0,1.0,1.0,1.0,0.24701195219123506,1.0,0.0,0.24701195219123506,0.24701195219123506,0.0,0.0,251,2,1.0,0.5618,0.1235
3515186,1.0,0.9744408945686901,1.0,1.0,1.0,1.0,1.0,1.0,0.07028753993610223,0.670926517571885,0.6006389776357828,0.7731629392971247,313,8,0.9936,1.0,0.5288
3515194,1.0,1.0,1.0,1.0,1.0,1.0,1.0,1.0,0.0,1.0,1.0,1.0,56,1,1.0,1.0,0.75
3515202,1.0,1.0,1.0,1.0,1.0,1.0,1.0,1.0,0.0,1.0,1.0,1.0,98,1,1.0,1.0,0.75
3515301,1.0,1.0,1.0,1.0,1.0,1.0,1.0,1.0,0.0,1.0,1.0,0.0,40,1,1.0,1.0,0.5
3515350,1.0,0.7835051546391752,1.0,1.0,1.0,0.7835051546391752,1.0,0.7835051546391752,0.0,0.7835051546391752,0.7835051546391752,1.0,97,4,0.9459,0.8918,0.6418
3515400,1.0,1.0,1.0,1.0,1.0,1.0,1.0,1.0,0.0,1.0,1.0,1.0,192,2,1.0,1.0,0.75
3515509,1.0,1.0,1.0,1.0,1.0,1.0,1.0,1.0,0.0,0.696319018404908,0.696319018404908,0.9861963190184049,652,10,1.0,1.0,0.5947
3515608,1.0,1.0,1.0,1.0,1.0,1.0,1.0,0.0,0.0,1.0,1.0,0.3333333333333333,51,2,1.0,0.75,0.5833
3515657,1.0,1.0,1.0,1.0,1.0,0.0,1.0,1.0,0.0,0.0,0.0,0.0,15,1,1.0,0.75,0.0
3515707,1.0,1.0,1.0,1.0,1.0,0.15219298245614035,1.0,0.0,0.03684210526315789,0.44342105263157894,0.40657894736842104,0.20307017543859648,2280,21,1.0,0.538,0.2725
3515806,1.0,1.0,1.0,1.0,1.0,1.0,1.0,1.0,0.0,1.0,1.0,0.0,24,1,1.0,1.0,0.5
3515905,1.0,1.0,1.0,1.0,1.0,1.0,1.0,1.0,1.0,1.0,1.0,1.0,25,1,1.0,1.0,1.0
3516002,1.0,1.0,1.0,1.0,1.0,0.10526315789473684,1.0,1.0,0.0,0.10526315789473684,0.10526315789473684,1.0,95,2,1.0,0.7763,0.3026
3516101,1.0,1.0,1.0,1.0,1.0,1.0,1.0,1.0,0.0,1.0,1.0,1.0,40,1,1.0,1.0,0.75
3516200,1.0,1.0,1.0,1.0,1.0,0.9115204981837053,1.0,0.6372599896211728,0.043072132848988066,0.7727036844836533,0.7727036844836533,0.6504929942916451,3854,45,1.0,0.8872,0.5597
3516309,1.0,0.884657634566093,1.0,1.0,1.0,0.08934456243134382,1.0,0.12742585133650677,0.0,0.6693518857561332,0.6693518857561332,0.2954961552544855,2731,21,0.9712,0.5542,0.4085
3516408,1.0,0.9866995073891626,1.0,1.0,1.0,0.19901477832512315,1.0,0.19507389162561575,0.1206896551724138,0.28374384236453204,0.16305418719211823,0.04433497536945813,2030,22,0.9967,0.5985,0.153
3516507,1.0,1.0,1.0,1.0,1.0,1.0,1.0,1.0,0.0,0.0,0.0,1.0,30,1,1.0,1.0,0.25
3516606,1.0,1.0,1.0,1.0,1.0,1.0,1.0,1.0,0.0,1.0,1.0,1.0,60,1,1.0,1.0,0.75
3516705,1.0,0.9792746113989638,1.0,1.0,1.0,1.0,1.0,0.9792746113989638,0.10362694300518134,0.7487046632124352,0.7487046632124352,0.8186528497409327,386,9,0.9948,0.9948,0.6049
3516804,1.0,1.0,1.0,1.0,1.0,1.0,1.0,1.0,0.0,0.0,0.0,1.0,35,1,1.0,1.0,0.25
3516853,1.0,1.0,1.0,1.0,1.0,1.0,1.0,1.0,1.0,1.0,1.0,1.0,67,1,1.0,1.0,1.0
3516903,1.0,1.0,1.0,1.0,1.0,1.0,1.0,0.08571428571428572,0.0,0.9523809523809523,0.9523809523809523,0.0380952380952381,105,3,1.0,0.7714,0.4857
3517000,1.0,1.0,1.0,1.0,1.0,0.07954545454545454,1.0,1.0,0.0,0.0,0.0,1.0,88,2,1.0,0.7699,0.25
3517109,1.0,1.0,1.0,1.0,1.0,1.0,1.0,1.0,0.32727272727272727,0.32727272727272727,0.0,1.0,55,2,1.0,1.0,0.4136
3517208,1.0,1.0,1.0,1.0,1.0,1.0,1.0,1.0,0.4492753623188406,0.4492753623188406,0.4492753623188406,1.0,138,3,1.0,1.0,0.587
3517307,1.0,1.0,1.0,1.0,1.0,1.0,1.0,1.0,0.0,0.0,0.0,0.0,65,1,1.0,1.0,0.0
3517406,1.0,1.0,1.0,1.0,1.0,0.484149855907781,1.0,0.7406340057636888,0.25360230547550433,1.0,1.0,1.0,347,4,1.0,0.8062,0.8134
3517505,1.0,1.0,1.0,1.0,1.0,1.0,1.0,1.0,0.3241106719367589,0.3241106719367589,0.0,1.0,253,3,1.0,1.0,0.4121
3517604,1.0,0.5186915887850467,1.0,1.0,0.985981308411215,0.8317757009345794,0.719626168224299,0.897196261682243,0.5560747663551402,0.5560747663551402,0.19158878504672897,0.5700934579439252,214,16,0.8797,0.8586,0.4685
3517703,1.0,1.0,1.0,1.0,1.0,0.41409691629955947,1.0,0.41409691629955947,0.0,0.8678414096916299,0.8678414096916299,0.41409691629955947,227,5,1.0,0.707,0.5374
3517802,1.0,1.0,1.0,1.0,1.0,1.0,1.0,1.0,1.0,1.0,0.0,1.0,62,1,1.0,1.0,0.75
3517901,1.0,1.0,1.0,1.0,1.0,1.0,1.0,1.0,0.0,1.0,1.0,1.0,114,1,1.0,1.0,0.75
3518008,1.0,1.0,1.0,1.0,1.0,1.0,1.0,0.0,0.0,0.0,0.0,0.0,20,1,1.0,0.75,0.0
3518107,1.0,1.0,1.0,1.0,1.0,0.0,1.0,0.0,0.0,1.0,1.0,0.0,70,1,1.0,0.5,0.5
3518206,1.0,1.0,1.0,1.0,1.0,1.0,1.0,1.0,0.658703071672355,1.0,0.3412969283276451,1.0,293,3,1.0,1.0,0.75
3518305,1.0,0.9787234042553191,1.0,1.0,1.0,1.0,1.0,0.900709219858156,0.2458628841607565,0.9598108747044918,0.7139479905437353,0.8841607565011821,423,11,0.9947,0.9752,0.7009
3518404,1.0,0.9782383419689119,1.0,0.9772020725388602,1.0,0.9544041450777202,1.0,0.3015544041450777,0.6051813471502591,0.7523316062176166,0.35647668393782384,0.7046632124352331,965,21,0.9889,0.814,0.6047
3518503,1.0,1.0,1.0,1.0,0.9300699300699301,0.9300699300699301,1.0,0.9300699300699301,0.9300699300699301,0.9300699300699301,0.9300699300699301,0.9300699300699301,143,2,1.0,0.9476,0.9301
3518602,1.0,1.0,1.0,1.0,1.0,1.0,1.0,1.0,0.0,0.7149643705463183,0.7149643705463183,1.0,421,8,1.0,1.0,0.6075
3518701,1.0,0.9576315789473684,1.0,1.0,1.0,0.7055263157894737,0.9994736842105263,0.6623684210526316,0.445,0.7205263157894737,0.4113157894736842,0.5202631578947369,3800,33,0.9894,0.8418,0.5243
3518800,1.0,0.9976167778836987,1.0,1.0,0.9601406101048617,0.7949833174451859,0.9914204003813155,0.8810176358436607,0.33549809342230696,0.6148713060057197,0.4168851286939943,0.30141801715919925,16784,146,0.9994,0.9069,0.4172
3518859,1.0,1.0,1.0,1.0,1.0,1.0,1.0,1.0,0.0,0.1308411214953271,0.1308411214953271,1.0,107,2,1.0,1.0,0.3154
3518909,1.0,1.0,1.0,1.0,1.0,1.0,1.0,1.0,0.0,1.0,1.0,1.0,53,1,1.0,1.0,0.75
3519006,1.0,1.0,1.0,1.0,1.0,0.0,1.0,0.0,0.0,0.0,0.0,0.0,105,1,1.0,0.5,0.0
3519055,1.0,0.7065868263473054,1.0,1.0,1.0,0.7065868263473054,1.0,0.281437125748503,0.0,0.0,0.0,0.0,167,4,0.9266,0.747,0.0
3519071,1.0,1.0,1.0,1.0,0.9629888268156425,0.30062849162011174,0.9629888268156425,0.27967877094972066,0.0,0.8023743016759777,0.8023743016759777,0.1986731843575419,2864,31,1.0,0.6266,0.4509
3519105,1.0,1.0,1.0,1.0,1.0,1.0,1.0,0.0,0.0,1.0,1.0,1.0,121,1,1.0,0.75,0.75
3519204,1.0,1.0,1.0,1.0,1.0,1.0,1.0,1.0,0.0,1.0,1.0,1.0,65,1,1.0,1.0,0.75
3519253,1.0,1.0,1.0,1.0,1.0,1.0,1.0,1.0,0.7236842105263158,0.7236842105263158,0.7236842105263158,0.27631578947368424,76,2,1.0,1.0,0.6118
3519303,1.0,1.0,1.0,1.0,1.0,1.0,1.0,1.0,0.2784503631961259,0.6464891041162227,0.5883777239709443,0.8256658595641646,413,7,1.0,1.0,0.5847
3519402,1.0,1.0,1.0,1.0,1.0,1.0,1.0,0.41228070175438597,1.0,1.0,0.0,1.0,114,2,1.0,0.8531,0.75
3519501,1.0,1.0,1.0,1.0,1.0,1.0,1.0,1.0,0.0,1.0,1.0,1.0,68,1,1.0,1.0,0.75
3519600,1.0,1.0,1.0,1.0,1.0,0.8104575163398693,0.9934640522875817,1.0,0.27124183006535946,0.2777777777777778,0.2777777777777778,0.8104575163398693,612,6,1.0,0.951,0.4093
3519709,0.8003894839337877,0.2035053554040896,1.0,1.0,0.991236611489776,0.2638753651411879,0.9425511197663097,0.21518987341772153,0.07887049659201557,0.10126582278481013,0.022395326192794548,0.0,1027,33,0.751,0.6032,0.0506
3519808,1.0,1.0,1.0,1.0,1.0,1.0,1.0,1.0,1.0,1.0,0.0,1.0,79,1,1.0,1.0,0.75
3519907,1.0,1.0,1.0,1.0,1.0,1.0,1.0,1.0,0.0,1.0,1.0,1.0,93,1,1.0,1.0,0.75
3520004,1.0,1.0,1.0,1.0,1.0,0.8333333333333334,1.0,0.2675438596491228,0.0,0.2675438596491228,0.2675438596491228,0.8333333333333334,228,5,1.0,0.7752,0.3421
3520103,1.0,1.0,1.0,1.0,1.0,1.0,1.0,1.0,0.6343612334801763,0.6343612334801763,0.24669603524229075,1.0,227,4,1.0,1.0,0.6289
3520202,1.0,0.7456647398843931,1.0,1.0,0.884393063583815,0.884393063583815,0.884393063583815,0.5664739884393064,0.45664739884393063,0.45664739884393063,0.0,0.5664739884393064,173,6,0.9364,0.8049,0.3699
3520301,1.0,0.78,1.0,0.9828571428571429,0.9828571428571429,0.35714285714285715,0.9742857142857143,0.7342857142857143,0.78,0.8028571428571428,0.022857142857142857,0.12857142857142856,350,11,0.9407,0.7621,0.4336
3520400,1.0,0.8678038379530917,0.9850746268656716,1.0,1.0,0.31343283582089554,1.0,0.39872068230277186,0.0,0.7739872068230277,0.7739872068230277,0.15778251599147122,469,16,0.9632,0.678,0.4264
3520426,1.0,1.0,1.0,1.0,1.0,1.0,1.0,1.0,0.0,0.9009433962264151,0.9009433962264151,1.0,212,2,1.0,1.0,0.7005
3520442,1.0,1.0,1.0,1.0,1.0,0.0,1.0,0.0,1.0,1.0,0.0,0.0,252,3,1.0,0.5,0.5
3520509,1.0,0.9783080260303688,1.0,1.0,1.0,0.9645697758496024,1.0,0.9103398409255242,0.0824295010845987,0.9884309472161966,0.9645697758496024,0.7270426608821403,2766,27,0.9946,0.9687,0.6906
3520608,1.0,1.0,1.0,1.0,1.0,0.0,1.0,0.0,0.0,1.0,1.0,0.0,52,1,1.0,0.5,0.5
3520707,1.0,1.0,1.0,1.0,1.0,1.0,1.0,1.0,0.0,1.0,1.0,0.0,38,1,1.0,1.0,0.5
3520806,1.0,1.0,1.0,1.0,1.0,1.0,1.0,1.0,1.0,1.0,0.0,1.0,29,1,1.0,1.0,0.75
3520905,1.0,1.0,1.0,1.0,1.0,0.708029197080292,1.0,0.8175182481751825,1.0,1.0,0.22627737226277372,0.5182481751824818,137,4,1.0,0.8814,0.6861
3521002,1.0,1.0,1.0,1.0,1.0,0.34232365145228216,1.0,0.6410788381742739,0.16390041493775934,0.3215767634854772,0.15767634854771784,0.35269709543568467,482,8,1.0,0.7459,0.249
3521101,1.0,1.0,1.0,1.0,1.0,0.5316455696202531,1.0,1.0,0.0,0.5316455696202531,0.5316455696202531,0.5316455696202531,79,2,1.0,0.8829,0.3987
3521150,1.0,1.0,1.0,1.0,1.0,0.0,1.0,1.0,0.0,0.0,0.0,0.0,102,1,1.0,0.75,0.0
3521200,0.875,0.8,1.0,0.95,0.975,0.975,0.975,0.05,0.0,0.15,0.15,0.15,40,5,0.9062,0.7437,0.1125
3521309,1.0,1.0,1.0,1.0,1.0,0.8076923076923077,1.0,0.8076923076923077,0.0,0.9935897435897436,0.9935897435897436,0.21153846153846154,156,5,1.0,0.9038,0.5497
3521408,1.0,1.0,1.0,1.0,1.0,0.6958174904942965,1.0,1.0,0.467680608365019,0.8098859315589354,0.34220532319391633,1.0,263,4,1.0,0.924,0.6549
3521507,1.0,1.0,1.0,0.0,1.0,1.0,1.0,1.0,1.0,1.0,0.0,1.0,79,1,0.75,1.0,0.75
3521606,1.0,1.0,1.0,1.0,1.0,1.0,1.0,1.0,0.0,1.0,1.0,1.0,42,1,1.0,1.0,0.75
3521705,1.0,0.9139784946236559,1.0,1.0,1.0,1.0,1.0,1.0,0.0,0.543010752688172,0.543010752688172,0.3924731182795699,186,6,0.9785,1.0,0.3696
3521804,1.0,1.0,1.0,1.0,1.0,0.6632302405498282,1.0,1.0,0.0,1.0,1.0,0.6632302405498282,291,3,1.0,0.9158,0.6658
3521903,1.0,1.0,1.0,1.0,1.0,0.12650602409638553,1.0,0.12650602409638553,0.0,1.0,1.0,0.03614457831325301,166,3,1.0,0.5633,0.509
3522000,1.0,1.0,1.0,1.0,1.0,0.0,1.0,0.0,0.0,1.0,1.0,0.0,58,1,1.0,0.5,0.5
3522109,1.0,0.7287798408488063,0.9993368700265252,0.9993368700265252,0.9993368700265252,0.9423076923076923,0.9993368700265252,0.8149867374005305,0.09880636604774536,0.09880636604774536,0.0,0.06763925729442971,1508,26,0.9319,0.939,0.0663
3522158,1.0,0.7391304347826086,1.0,1.0,0.8478260869565217,0.8478260869565217,0.8478260869565217,0.10869565217391304,0.0,0.10869565217391304,0.10869565217391304,0.15217391304347827,46,4,0.9348,0.663,0.0924
3522208,0.9748322147651006,0.6161912751677853,1.0,1.0,1.0,0.6044463087248322,1.0,0.4714765100671141,0.08263422818791946,0.3787751677852349,0.3196308724832215,0.2726510067114094,2384,36,0.8978,0.769,0.2634
3522307,1.0,0.9877641824249166,1.0,1.0,0.9605116796440489,0.5639599555061179,0.9543937708565072,0.646273637374861,0.2135706340378198,0.771412680756396,0.5578420467185762,0.6757508342602893,1798,33,0.9969,0.7813,0.5546
3522406,1.0,0.8233333333333334,1.0,1.0,1.0,0.855,1.0,0.2225,0.16,0.9108333333333334,0.8858333333333334,0.505,1200,27,0.9558,0.7694,0.6154
3522505,1.0,0.915406976744186,1.0,1.0,1.0,0.763953488372093,0.973546511627907,0.12093023255813953,0.3752906976744186,0.46482558139534885,0.11627906976744186,0.21627906976744185,3440,38,0.9789,0.7146,0.2932
3522604,1.0,1.0,1.0,1.0,1.0,0.6277777777777778,1.0,1.0,0.2013888888888889,0.7430555555555556,0.675,0.6666666666666666,720,13,1.0,0.9069,0.5715
3522653,1.0,0.6376811594202898,1.0,1.0,1.0,1.0,1.0,0.7101449275362319,0.0,0.6376811594202898,0.6376811594202898,0.6376811594202898,69,3,0.9094,0.9275,0.4783
3522703,1.0,1.0,1.0,1.0,1.0,0.8260869565217391,1.0,0.7263427109974424,0.0,0.6086956521739131,0.6086956521739131,0.690537084398977,391,8,1.0,0.8881,0.477
3522802,1.0,0.9933774834437086,1.0,1.0,0.9933774834437086,0.5165562913907285,0.9933774834437086,1.0,0.4768211920529801,0.8675496688741722,0.8675496688741722,0.8675496688741722,151,5,0.9983,0.8758,0.7699
3522901,1.0,1.0,1.0,1.0,1.0,1.0,1.0,1.0,0.0,0.0,0.0,1.0,168,1,1.0,1.0,0.25
3523008,1.0,1.0,1.0,1.0,1.0,1.0,1.0,1.0,1.0,1.0,0.0,0.0,33,1,1.0,1.0,0.5
3523107,1.0,0.9336502277678749,1.0,1.0,1.0,0.25074272133095665,0.9992077639136463,0.2519310754604872,0.34997029114676176,0.4769261239849475,0.1269558328381858,0.2531194295900178,5049,40,0.9834,0.6255,0.3017
3523206,1.0,0.9803220035778175,1.0,1.0,1.0,0.48300536672629696,0.8193202146690519,0.27191413237924866,0.0,0.5813953488372093,0.5813953488372093,0.3953488372093023,559,12,0.9951,0.6436,0.3895
3523305,1.0,0.9639175257731959,1.0,0.9948453608247423,0.9948453608247423,0.8917525773195877,0.9639175257731959,0.5103092783505154,0.0,0.3917525773195876,0.3917525773195876,0.4793814432989691,194,7,0.9897,0.8402,0.3157
3523404,1.0,0.8727885425442291,1.0,1.0,1.0,0.8475147430497051,1.0,0.8913226621735467,0.08508845829823083,0.7733782645324347,0.7733782645324347,0.5880370682392586,1187,26,0.9682,0.9347,0.555
3523503,0.8173913043478261,1.0,1.0,1.0,1.0,0.7086956521739131,1.0,0.2391304347826087,0.0,0.29130434782608694,0.29130434782608694,0.0,230,5,0.9543,0.737,0.1457
3523602,1.0,1.0,1.0,1.0,1.0,1.0,1.0,0.7423312883435583,0.0,0.5950920245398773,0.5950920245398773,1.0,163,4,1.0,0.9356,0.5475
3523701,1.0,1.0,1.0,1.0,1.0,1.0,1.0,1.0,1.0,1.0,0.0,1.0,72,1,1.0,1.0,0.75
3523800,1.0,1.0,1.0,1.0,1.0,1.0,1.0,1.0,0.3333333333333333,0.3333333333333333,0.0,0.6666666666666666,69,2,1.0,1.0,0.3333
3523909,1.0,0.9144072301967039,1.0,1.0,1.0,0.9032429558745348,1.0,0.8851674641148325,0.6549707602339181,0.7262094630515683,0.16586921850079744,0.9521531100478469,1881,25,0.9786,0.9471,0.6248
3524006,1.0,0.9309927360774818,1.0,1.0,1.0,0.437046004842615,1.0,0.5036319612590799,0.47094430992736075,0.5605326876513317,0.14891041162227603,0.437046004842615,826,15,0.9827,0.7352,0.4044
3524105,1.0,1.0,1.0,1.0,1.0,0.6329113924050633,1.0,0.8227848101265823,0.2721518987341772,1.0,0.7278481012658228,0.8227848101265823,316,7,1.0,0.8639,0.7057
3524204,1.0,1.0,1.0,1.0,1.0,1.0,1.0,0.0,0.0,0.0,0.0,1.0,78,1,1.0,0.75,0.25
3524303,1.0,1.0,1.0,1.0,1.0,0.6058700209643606,1.0,0.5870020964360587,0.09433962264150944,0.7672955974842768,0.7672955974842768,0.8197064989517819,477,11,1.0,0.7982,0.6122
3524402,1.0,0.9987903225806452,1.0,1.0,0.9971774193548387,0.9088709677419354,1.0,0.15846774193548388,0.1342741935483871,0.7653225806451613,0.6806451612903226,0.22822580645161292,2480,29,0.9997,0.7661,0.4521
3524501,1.0,1.0,1.0,1.0,1.0,1.0,1.0,1.0,1.0,1.0,0.0,1.0,112,1,1.0,1.0,0.75
3524600,1.0,0.804,1.0,1.0,0.968,0.572,1.0,0.764,0.0,0.572,0.572,0.572,250,8,0.951,0.826,0.429
3524709,1.0,0.9734265734265735,1.0,1.0,1.0,0.9202797202797203,1.0,0.7832167832167832,0.7692307692307693,0.7692307692307693,0.0,0.8223776223776224,715,11,0.9934,0.9259,0.5902
3524808,1.0,1.0,1.0,1.0,1.0,1.0,1.0,1.0,0.4888888888888889,1.0,0.7066666666666667,1.0,450,7,1.0,1.0,0.7989
3524907,1.0,0.7362637362637363,1.0,1.0,1.0,0.7362637362637363,1.0,1.0,0.26373626373626374,1.0,0.7362637362637363,1.0,91,2,0.9341,0.9341,0.75
3525003,1.0,1.0,1.0,1.0,1.0,0.02533783783783784,1.0,0.07263513513513513,0.0472972972972973,0.33192567567567566,0.33192567567567566,0.0472972972972973,1184,14,1.0,0.5245,0.1896
3525102,1.0,1.0,1.0,1.0,1.0,0.6441717791411042,1.0,1.0,0.0,0.9222903885480572,0.9222903885480572,1.0,489,9,1.0,0.911,0.7111
3525201,1.0,0.6849894291754757,1.0,1.0,1.0,0.8266384778012685,1.0,0.9767441860465116,0.46511627906976744,0.46511627906976744,0.1733615221987315,0.9682875264270613,473,10,0.9212,0.9508,0.518
3525300,1.0,1.0,1.0,1.0,1.0,0.5324232081911263,1.0,0.8489761092150171,0.3583617747440273,0.6203071672354948,0.4283276450511945,0.8813993174061433,1172,19,1.0,0.8453,0.5721
3525409,1.0,1.0,1.0,1.0,1.0,1.0,1.0,1.0,0.0,1.0,1.0,1.0,62,1,1.0,1.0,0.75
3525508,1.0,0.9681528662420382,1.0,1.0,1.0,1.0,0.9681528662420382,0.4968152866242038,0.4968152866242038,0.4968152866242038,0.0,0.9681528662420382,157,4,0.992,0.8662,0.4904
3525607,1.0,1.0,1.0,1.0,1.0,1.0,1.0,0.0,0.0,1.0,1.0,0.0,74,1,1.0,0.75,0.5
3525706,1.0,1.0,1.0,1.0,1.0,0.8559322033898306,1.0,0.711864406779661,0.1440677966101695,1.0,0.8559322033898306,0.5084745762711864,354,6,1.0,0.8919,0.6271
3525805,1.0,1.0,1.0,1.0,1.0,1.0,1.0,0.0,0.0,1.0,1.0,1.0,68,1,1.0,0.75,0.75
3525854,1.0,1.0,1.0,1.0,1.0,1.0,1.0,1.0,0.0,1.0,1.0,1.0,45,1,1.0,1.0,0.75
3525904,1.0,0.9784033001698617,1.0,1.0,1.0,0.8881339480708565,0.9682115991264256,0.18684785246299443,0.5314244115505945,0.814608104828925,0.4760980344576559,0.06867265226886678,4121,46,0.9946,0.7608,0.4727
3526001,1.0,1.0,1.0,1.0,1.0,1.0,1.0,1.0,0.0,1.0,1.0,1.0,222,3,1.0,1.0,0.75
3526100,0.48623853211009177,0.944954128440367,1.0,0.9587155963302753,1.0,0.3073394495412844,0.9954128440366973,0.17889908256880735,0.06422018348623854,0.42201834862385323,0.3577981651376147,0.7568807339449541,218,10,0.8475,0.6204,0.4002
3526209,1.0,0.5696821515892421,1.0,1.0,0.9706601466992665,0.8190709046454768,1.0,0.5183374083129584,0.0,0.4743276283618582,0.4743276283618582,0.5183374083129584,409,13,0.8924,0.827,0.3667
3526308,1.0,1.0,1.0,1.0,1.0,1.0,1.0,1.0,0.0,1.0,1.0,1.0,48,1,1.0,1.0,0.75
3526407,1.0,0.9325842696629213,1.0,1.0,1.0,1.0,1.0,0.34269662921348315,0.0,0.3455056179775281,0.3455056179775281,0.7696629213483146,356,7,0.9831,0.8357,0.3652
3526506,1.0,1.0,1.0,1.0,1.0,1.0,1.0,1.0,1.0,1.0,0.0,1.0,51,1,1.0,1.0,0.75
3526605,1.0,0.7702702702702703,1.0,1.0,1.0,0.0,1.0,0.20270270270270271,0.7702702702702703,0.7702702702702703,0.0,0.9054054054054054,74,5,0.9426,0.5507,0.6115
3526704,1.0,1.0,1.0,1.0,1.0,1.0,1.0,0.9513513513513514,0.07657657657657657,0.8576576576576577,0.80990990990991,0.9495495495495495,1110,19,1.0,0.9878,0.6734
3526803,1.0,1.0,1.0,1.0,1.0,1.0,1.0,0.8179271708683473,0.41316526610644255,0.9355742296918768,0.5630252100840336,0.9019607843137255,714,13,1.0,0.9545,0.7034
3526902,1.0,0.9765739385065886,1.0,1.0,1.0,0.9802342606149341,1.0,0.989385065885798,0.22693997071742314,0.7529282576866764,0.5259882869692533,0.7686676427525623,2732,46,0.9941,0.9924,0.5686
3527009,1.0,1.0,1.0,1.0,1.0,1.0,1.0,1.0,0.0,1.0,1.0,0.0,81,1,1.0,1.0,0.5
3527108,1.0,1.0,1.0,1.0,1.0,0.7688022284122563,1.0,0.8091922005571031,0.0,0.4986072423398329,0.4986072423398329,0.7938718662952646,718,12,1.0,0.8945,0.4478
3527207,1.0,0.9912170639899623,1.0,0.9824341279799247,1.0,0.863237139272271,0.9974905897114178,0.33751568381430364,0.0,0.7427854454203262,0.7427854454203262,0.7967377666248432,797,20,0.9934,0.7996,0.5706
3527256,1.0,1.0,1.0,1.0,1.0,1.0,1.0,1.0,1.0,1.0,0.0,1.0,29,1,1.0,1.0,0.75
3527306,1.0,0.9631650750341064,1.0,1.0,1.0,0.897680763983629,1.0,0.8854024556616644,0.1937244201909959,0.6180081855388813,0.6180081855388813,0.2783083219645293,733,8,0.9908,0.9458,0.427
3527405,1.0,1.0,1.0,1.0,1.0,1.0,1.0,1.0,0.0,0.8059701492537313,0.8059701492537313,1.0,201,3,1.0,1.0,0.653
3527504,1.0,1.0,1.0,1.0,1.0,1.0,1.0,1.0,0.0,1.0,1.0,1.0,24,1,1.0,1.0,0.75
3527603,1.0,1.0,1.0,1.0,1.0,0.7348484848484849,1.0,1.0,1.0,1.0,0.26515151515151514,0.5151515151515151,132,3,1.0,0.9337,0.6951
3527702,1.0,1.0,1.0,1.0,1.0,1.0,1.0,1.0,0.0,1.0,1.0,1.0,67,1,1.0,1.0,0.75
3527801,1.0,1.0,1.0,1.0,1.0,0.0,1.0,0.0,0.0,0.3939393939393939,0.3939393939393939,0.3939393939393939,66,2,1.0,0.5,0.2955
3527900,1.0,1.0,1.0,1.0,1.0,1.0,1.0,0.0,0.0,1.0,1.0,0.0,27,1,1.0,0.75,0.5
3528007,1.0,1.0,1.0,1.0,1.0,1.0,1.0,1.0,1.0,1.0,0.5817307692307693,1.0,208,3,1.0,1.0,0.8954
3528106,1.0,1.0,1.0,1.0,1.0,1.0,1.0,1.0,0.0,1.0,1.0,1.0,61,1,1.0,1.0,0.75
3528205,1.0,1.0,1.0,1.0,1.0,1.0,1.0,1.0,0.0,1.0,1.0,0.0,33,1,1.0,1.0,0.5
3528304,1.0,1.0,1.0,1.0,1.0,1.0,1.0,1.0,0.0,1.0,1.0,1.0,37,1,1.0,1.0,0.75
3528403,1.0,0.7403508771929824,1.0,1.0,1.0,0.29473684210526313,0.9333333333333333,0.2719298245614035,0.15789473684210525,0.7982456140350878,0.6631578947368421,0.04912280701754386,570,13,0.9351,0.625,0.4171
3528502,1.0,0.7680461982675649,1.0,1.0,1.0,0.699711260827719,0.9663137632338787,0.08084696823869104,0.05871029836381136,0.42540904716073147,0.42540904716073147,0.12512030798845045,1039,26,0.942,0.6867,0.2587
3528601,1.0,1.0,1.0,1.0,1.0,1.0,1.0,1.0,0.0,1.0,1.0,1.0,96,3,1.0,1.0,0.75
3528700,1.0,0.9428571428571428,1.0,0.9428571428571428,1.0,0.0,1.0,0.0,0.0,1.0,1.0,0.0,35,2,0.9714,0.5,0.5
3528809,1.0,1.0,1.0,1.0,1.0,0.7272727272727273,1.0,1.0,0.2727272727272727,0.9020979020979021,0.6293706293706294,1.0,143,4,1.0,0.9318,0.701
3528858,1.0,1.0,1.0,1.0,1.0,1.0,1.0,1.0,0.0,1.0,1.0,1.0,41,1,1.0,1.0,0.75
3528908,1.0,1.0,1.0,1.0,1.0,0.0,1.0,0.0,0.0,0.0,0.0,0.0,38,1,1.0,0.5,0.0
3529005,1.0,0.9886415265788278,1.0,1.0,0.9977283053157655,0.991821899136756,1.0,0.9631985461154021,0.02044525215810995,0.9586551567469332,0.9586551567469332,0.9173103134938664,2201,32,0.9972,0.9882,0.7138
3529104,1.0,1.0,1.0,1.0,1.0,1.0,1.0,0.0,0.0,1.0,1.0,1.0,16,1,1.0,0.75,0.75
3529203,1.0,1.0,1.0,1.0,1.0,0.7899159663865546,1.0,1.0,0.3403361344537815,1.0,0.6596638655462185,1.0,238,5,1.0,0.9475,0.75
3529302,1.0,0.9941176470588236,1.0,1.0,1.0,0.9329411764705883,1.0,0.831764705882353,0.13411764705882354,0.6141176470588235,0.48,0.7035294117647058,850,14,0.9985,0.9412,0.4829
3529401,1.0,1.0,1.0,1.0,1.0,0.8763201126496127,1.0,0.7772823280919972,0.09997653133067355,0.6789486036141751,0.5789720722835016,0.6322459516545412,4261,39,1.0,0.9134,0.4975
3529500,1.0,1.0,1.0,1.0,1.0,1.0,1.0,1.0,0.0,1.0,1.0,1.0,78,1,1.0,1.0,0.75
3529609,1.0,1.0,1.0,1.0,1.0,1.0,1.0,1.0,0.0,0.0,0.0,0.0,52,2,1.0,1.0,0.0
3529658,1.0,1.0,1.0,1.0,1.0,1.0,1.0,1.0,0.0,1.0,1.0,1.0,24,1,1.0,1.0,0.75
3529708,1.0,1.0,1.0,1.0,1.0,0.0,1.0,0.0,0.0,0.3880597014925373,0.3880597014925373,0.3880597014925373,201,3,1.0,0.5,0.291
3529807,1.0,1.0,1.0,1.0,1.0,1.0,0.7863247863247863,0.7863247863247863,0.0,0.2222222222222222,0.2222222222222222,1.0,117,3,1.0,0.8932,0.3611
3529906,0.9304029304029304,0.7362637362637363,1.0,0.9304029304029304,0.9267399267399268,0.01098901098901099,0.989010989010989,0.4358974358974359,0.0,0.40293040293040294,0.40293040293040294,0.4249084249084249,273,14,0.8993,0.5907,0.3077
3530003,1.0,1.0,1.0,1.0,1.0,0.0,1.0,0.0,0.0,0.0,0.0,0.0,24,1,1.0,0.5,0.0
3530102,1.0,0.896969696969697,1.0,1.0,0.9818181818181818,0.9818181818181818,0.9818181818181818,1.0,0.0,1.0,1.0,0.9818181818181818,165,4,0.9742,0.9864,0.7455
3530201,1.0,0.5489130434782609,1.0,1.0,1.0,1.0,1.0,1.0,0.0,1.0,1.0,1.0,184,6,0.8872,1.0,0.75
3530300,1.0,1.0,1.0,1.0,1.0,1.0,1.0,1.0,0.14025500910746813,0.9271402550091075,0.7868852459016393,1.0,549,8,1.0,1.0,0.7136
3530409,1.0,0.6285714285714286,1.0,1.0,1.0,1.0,1.0,1.0,0.6285714285714286,0.6285714285714286,0.0,0.37142857142857144,70,2,0.9071,1.0,0.4071
3530508,1.0,0.9775474956822107,1.0,1.0,1.0,0.7979274611398963,1.0,0.7944732297063903,0.40414507772020725,0.9222797927461139,0.5181347150259067,0.9447322970639033,579,11,0.9944,0.8981,0.6973
3530607,0.9869169510807736,0.8627227910504361,1.0,1.0,1.0,0.9347743648084945,1.0,0.17937049677664013,0.3689799014031096,0.8363670838073568,0.6312097080015169,0.17425104285172544,5274,77,0.9624,0.7785,0.5027
3530706,1.0,0.9817927170868347,1.0,1.0,1.0,0.5763305322128851,1.0,0.38445378151260506,0.0,0.7710084033613446,0.7710084033613446,0.4964985994397759,1428,25,0.9954,0.7402,0.5096
3530805,1.0,1.0,1.0,1.0,1.0,0.955503512880562,1.0,1.0,0.2939110070257611,0.8583138173302107,0.6569086651053864,0.8430913348946136,854,16,1.0,0.9889,0.6631
3530904,1.0,1.0,1.0,1.0,1.0,1.0,1.0,1.0,0.0,0.0,0.0,0.0,54,2,1.0,1.0,0.0
3531001,1.0,1.0,1.0,1.0,1.0,1.0,1.0,1.0,0.0,0.0,0.0,0.0,20,1,1.0,1.0,0.0
3531100,1.0,0.47607655502392343,1.0,0.9940191387559809,1.0,0.819377990430622,0.9688995215311005,0.0,0.034688995215311005,0.4366028708133971,0.4019138755980861,0.5574162679425837,836,16,0.8675,0.6971,0.3577
3531209,1.0,0.84,1.0,1.0,1.0,1.0,1.0,1.0,0.84,0.84,0.84,1.0,100,3,0.96,1.0,0.88
3531308,1.0,1.0,1.0,1.0,1.0,0.9438775510204082,0.9081632653061225,0.7806122448979592,0.21428571428571427,0.7627551020408163,0.548469387755102,0.7576530612244898,392,10,1.0,0.9082,0.5708
3531407,1.0,1.0,1.0,1.0,1.0,0.9521531100478469,1.0,0.9521531100478469,0.3253588516746411,0.7416267942583732,0.41626794258373206,0.6746411483253588,209,6,1.0,0.9761,0.5395
3531506,1.0,1.0,1.0,1.0,1.0,1.0,1.0,1.0,0.0847457627118644,1.0,1.0,1.0,177,3,1.0,1.0,0.7712
3531605,1.0,1.0,1.0,1.0,1.0,1.0,1.0,1.0,0.0,1.0,1.0,0.0,41,1,1.0,1.0,0.5
3531704,1.0,1.0,1.0,1.0,1.0,1.0,1.0,1.0,0.0,0.819672131147541,0.819672131147541,1.0,61,2,1.0,1.0,0.6598
3531803,1.0,0.9221501390176089,1.0,1.0,1.0,0.2548656163113994,1.0,0.13253012048192772,0.29101019462465244,0.40037071362372567,0.10936051899907322,0.4161260426320667,1079,13,0.9805,0.5968,0.3042
3531902,1.0,1.0,1.0,1.0,1.0,1.0,1.0,0.7940298507462686,1.0,1.0,0.0,0.7940298507462686,335,6,1.0,0.9485,0.6985
3532009,1.0,1.0,1.0,1.0,1.0,1.0,1.0,0.35135135135135137,0.12837837837837837,0.12837837837837837,0.0,0.668918918918919,148,4,1.0,0.8378,0.2314
3532058,1.0,1.0,1.0,1.0,1.0,0.0,1.0,0.0,0.0,0.0,0.0,0.0,52,1,1.0,0.5,0.0
3532108,1.0,1.0,1.0,0.0,1.0,1.0,1.0,0.0,0.0,1.0,1.0,1.0,30,1,0.75,0.75,0.75
3532157,1.0,1.0,1.0,1.0,1.0,0.0,1.0,1.0,0.0,0.0,0.0,0.0,28,1,1.0,0.75,0.0
3532207,1.0,1.0,1.0,1.0,1.0,1.0,1.0,1.0,0.0,1.0,1.0,1.0,101,1,1.0,1.0,0.75
3532306,1.0,0.5714285714285714,1.0,1.0,1.0,1.0,1.0,0.31746031746031744,0.0,0.0,0.0,0.0,63,4,0.8929,0.8294,0.0
3532405,1.0,0.44782608695652176,1.0,1.0,1.0,0.4043478260869565,1.0,0.0,0.0,0.0,0.0,0.13043478260869565,230,5,0.862,0.6011,0.0326
3532504,1.0,1.0,1.0,1.0,1.0,0.44565217391304346,1.0,1.0,1.0,1.0,0.0,0.44565217391304346,92,2,1.0,0.8614,0.6114
3532603,1.0,1.0,1.0,1.0,1.0,1.0,1.0,1.0,0.4166666666666667,1.0,0.5833333333333334,0.4166666666666667,84,3,1.0,1.0,0.6042
3532702,1.0,1.0,1.0,1.0,1.0,0.0,1.0,1.0,0.0,1.0,1.0,0.0,68,1,1.0,0.75,0.5
3532801,1.0,1.0,1.0,1.0,1.0,1.0,1.0,1.0,0.0,0.11650485436893204,0.11650485436893204,1.0,103,2,1.0,1.0,0.3083
3532827,1.0,0.6338028169014085,1.0,1.0,1.0,0.6901408450704225,1.0,1.0,0.7183098591549296,0.7183098591549296,0.0,0.8450704225352113,142,6,0.9085,0.9225,0.5704
3532843,1.0,1.0,1.0,1.0,1.0,1.0,1.0,1.0,0.0,1.0,1.0,1.0,19,1,1.0,1.0,0.75
3532868,1.0,1.0,1.0,1.0,1.0,0.0,1.0,0.0,0.0,1.0,1.0,0.0,20,1,1.0,0.5,0.5
3532900,1.0,1.0,1.0,1.0,0.5,0.5,1.0,1.0,0.0,1.0,1.0,1.0,102,3,1.0,0.75,0.75
3533007,1.0,1.0,1.0,1.0,1.0,0.0,1.0,0.5305164319248826,0.4694835680751174,1.0,0.5305164319248826,1.0,213,2,1.0,0.6326,0.75
3533106,1.0,1.0,1.0,1.0,1.0,0.0,1.0,1.0,1.0,1.0,0.0,0.0,25,1,1.0,0.75,0.5
3533205,1.0,1.0,1.0,1.0,1.0,1.0,1.0,1.0,0.0,1.0,1.0,1.0,63,1,1.0,1.0,0.75
3533254,1.0,1.0,1.0,1.0,1.0,1.0,1.0,1.0,0.0,1.0,1.0,1.0,66,1,1.0,1.0,0.75
3533304,1.0,1.0,1.0,1.0,1.0,1.0,1.0,1.0,0.0,1.0,1.0,1.0,31,1,1.0,1.0,0.75
3533403,1.0,1.0,1.0,1.0,1.0,0.7397959183673469,1.0,0.5102040816326531,0.7040816326530612,0.7040816326530612,0.1377551020408163,0.5986394557823129,588,12,1.0,0.8125,0.5361
3533502,1.0,1.0,1.0,1.0,1.0,0.44148936170212766,1.0,0.0,0.31117021276595747,0.7632978723404256,0.4521276595744681,0.0,376,6,1.0,0.6104,0.3816
3533601,1.0,1.0,1.0,1.0,1.0,1.0,1.0,1.0,1.0,1.0,1.0,1.0,92,2,1.0,1.0,1.0
3533700,1.0,1.0,1.0,1.0,1.0,1.0,1.0,1.0,0.0,0.0,0.0,1.0,67,1,1.0,1.0,0.25
3533809,1.0,1.0,1.0,1.0,1.0,1.0,0.5238095238095238,1.0,0.38095238095238093,0.38095238095238093,0.38095238095238093,0.9047619047619048,21,3,1.0,0.881,0.5119
3533908,1.0,1.0,1.0,1.0,1.0,1.0,1.0,0.656298600311042,0.11975116640746501,0.8506998444790047,0.8506998444790047,0.7978227060653188,643,10,1.0,0.9141,0.6547
3534005,1.0,1.0,1.0,1.0,1.0,1.0,1.0,1.0,1.0,1.0,0.0,1.0,68,1,1.0,1.0,0.75
3534104,1.0,1.0,1.0,1.0,1.0,0.0,1.0,0.0,0.0,0.0,0.0,0.0,70,1,1.0,0.5,0.0
3534203,1.0,1.0,1.0,1.0,1.0,0.0,1.0,0.0,1.0,1.0,1.0,0.0,63,1,1.0,0.5,0.75
3534302,1.0,1.0,1.0,1.0,1.0,0.33156498673740054,1.0,0.4960212201591512,1.0,1.0,0.0,0.9151193633952255,377,6,1.0,0.7069,0.7288
3534401,0.9863381312515248,1.0,1.0,1.0,0.9998780190290315,0.7415223225176872,0.9998780190290315,0.9387655525737985,0.6543059282751891,0.9269333983898512,0.47023664308367896,0.9717004147353013,8198,57,0.9966,0.92,0.7558
3534500,1.0,1.0,1.0,1.0,1.0,1.0,1.0,1.0,0.0,1.0,1.0,0.0,30,1,1.0,1.0,0.5
3534609,1.0,1.0,1.0,1.0,1.0,1.0,1.0,1.0,0.0,0.8398268398268398,0.8398268398268398,1.0,231,5,1.0,1.0,0.6699
3534708,1.0,0.9970238095238095,1.0,1.0,1.0,0.7708333333333334,1.0,1.0,0.0992063492063492,0.6498015873015873,0.5505952380952381,0.9573412698412699,1008,16,0.9993,0.9427,0.5642
3534757,1.0,1.0,1.0,1.0,1.0,1.0,1.0,1.0,1.0,1.0,0.9264705882352942,1.0,136,2,1.0,1.0,0.9816
3534807,1.0,1.0,1.0,1.0,1.0,1.0,1.0,0.0,0.0,0.9024390243902439,0.9024390243902439,0.9024390243902439,82,2,1.0,0.75,0.6768
3534906,1.0,1.0,1.0,1.0,1.0,0.0,1.0,1.0,0.0,1.0,1.0,1.0,99,1,1.0,0.75,0.75
3535002,1.0,0.9051724137931034,1.0,1.0,1.0,0.9051724137931034,1.0,0.0,0.0,0.9051724137931034,0.9051724137931034,0.09482758620689655,116,2,0.9763,0.7263,0.4763
3535101,1.0,1.0,1.0,1.0,1.0,1.0,1.0,0.0,0.5603448275862069,1.0,1.0,0.4396551724137931,116,2,1.0,0.75,0.75
3535200,1.0,1.0,1.0,1.0,1.0,1.0,1.0,1.0,0.0,1.0,1.0,1.0,79,1,1.0,1.0,0.75
3535309,1.0,1.0,1.0,1.0,1.0,1.0,1.0,1.0,0.22167487684729065,1.0,0.7783251231527094,1.0,203,4,1.0,1.0,0.75
3535408,1.0,1.0,1.0,1.0,1.0,1.0,1.0,0.5297029702970297,0.0,0.0,0.0,0.2722772277227723,202,4,1.0,0.8824,0.0681
3535507,1.0,1.0,1.0,1.0,1.0,0.9002267573696145,1.0,1.0,0.4421768707482993,0.9002267573696145,0.7165532879818595,1.0,441,9,1.0,0.9751,0.7647
3535606,1.0,0.6536312849162011,1.0,1.0,0.8938547486033519,0.0,1.0,0.10614525139664804,0.0,0.6536312849162011,0.6536312849162011,0.0,179,5,0.9134,0.5,0.3268
3535705,1.0,1.0,1.0,1.0,1.0,1.0,1.0,1.0,1.0,1.0,0.0,1.0,61,1,1.0,1.0,0.75
3535804,1.0,0.9422222222222222,1.0,1.0,1.0,1.0,1.0,0.0,0.32,0.8,0.8,0.0,225,5,0.9856,0.75,0.48
3535903,1.0,1.0,1.0,1.0,1.0,0.0,1.0,0.0,0.0,0.0,0.0,0.0,49,1,1.0,0.5,0.0
3536000,1.0,0.8090909090909091,1.0,1.0,1.0,1.0,1.0,1.0,0.0,0.6,0.6,1.0,110,3,0.9523,1.0,0.55
3536109,1.0,1.0,1.0,1.0,1.0,1.0,1.0,1.0,0.0,0.0,0.0,0.0,105,1,1.0,1.0,0.0
3536208,1.0,0.6968325791855203,1.0,0.8461538461538461,0.8823529411764706,0.0,0.9819004524886877,0.0,0.049773755656108594,0.19909502262443438,0.1493212669683258,0.248868778280543,221,9,0.8857,0.4661,0.1618
3536257,1.0,1.0,1.0,1.0,1.0,1.0,1.0,1.0,0.0,1.0,1.0,1.0,48,1,1.0,1.0,0.75
3536307,1.0,1.0,1.0,1.0,1.0,1.0,1.0,1.0,0.0,0.48205128205128206,0.48205128205128206,0.48205128205128206,195,2,1.0,1.0,0.3615
3536406,1.0,0.0,1.0,1.0,1.0,1.0,1.0,1.0,0.0,1.0,1.0,1.0,103,1,0.75,1.0,0.75
3536505,1.0,0.9614754098360656,1.0,1.0,1.0,0.260655737704918,1.0,0.3795081967213115,0.8885245901639345,0.9467213114754098,0.4081967213114754,0.5024590163934426,1220,12,0.9904,0.66,0.6865
3536570,1.0,1.0,1.0,1.0,1.0,1.0,1.0,1.0,0.0,1.0,1.0,1.0,33,1,1.0,1.0,0.75
3536604,1.0,1.0,1.0,1.0,1.0,1.0,1.0,1.0,0.0,0.987012987012987,0.987012987012987,0.0,77,2,1.0,1.0,0.4935
3536703,1.0,1.0,1.0,1.0,1.0,1.0,1.0,0.9669421487603306,0.0,0.5041322314049587,0.5041322314049587,0.8243801652892562,484,10,1.0,0.9917,0.4582
3536802,1.0,0.0,1.0,1.0,0.8939393939393939,0.5303030303030303,1.0,0.9242424242424242,0.10606060606060606,0.5454545454545454,0.4393939393939394,0.5303030303030303,66,7,0.75,0.8371,0.4053
3536901,1.0,1.0,1.0,1.0,1.0,1.0,1.0,1.0,0.0,1.0,1.0,1.0,24,1,1.0,1.0,0.75
3537008,1.0,1.0,1.0,1.0,1.0,0.21794871794871795,1.0,0.017094017094017096,0.0,0.7606837606837606,0.7606837606837606,0.0,234,6,1.0,0.5588,0.3803
3537107,1.0,1.0,1.0,1.0,1.0,0.7888631090487239,1.0,1.0,0.0,0.7563805104408353,0.7563805104408353,0.7238979118329466,431,7,1.0,0.9472,0.5592
3537156,1.0,1.0,1.0,1.0,1.0,0.0,1.0,0.0,0.0,0.0,0.0,0.0,34,1,1.0,0.5,0.0
3537206,1.0,0.897196261682243,1.0,0.9626168224299065,0.9252336448598131,0.08411214953271028,0.8878504672897196,0.8411214953271028,0.0,0.0,0.0,0.8878504672897196,107,7,0.965,0.6846,0.222
3537305,1.0,1.0,1.0,1.0,1.0,1.0,1.0,1.0,0.07281553398058252,0.5938511326860841,0.5210355987055016,1.0,618,12,1.0,1.0,0.5469
3537404,1.0,0.972,1.0,0.972,1.0,0.972,1.0,0.972,0.0,0.972,0.972,0.684,250,4,0.986,0.986,0.657
3537503,1.0,1.0,1.0,1.0,1.0,0.6296296296296297,1.0,1.0,0.37037037037037035,0.37037037037037035,0.0,1.0,135,3,1.0,0.9074,0.4352
3537602,1.0,0.7663755458515283,1.0,0.9879912663755459,0.9890829694323144,0.9814410480349345,0.9978165938864629,0.18013100436681223,0.4923580786026201,0.8799126637554585,0.5480349344978166,0.22707423580786026,916,19,0.9386,0.7871,0.5368
3537701,1.0,1.0,1.0,1.0,1.0,1.0,1.0,1.0,0.0,1.0,1.0,1.0,55,1,1.0,1.0,0.75
3537800,1.0,0.5606060606060606,0.9696969696969697,1.0,1.0,0.4158249158249158,1.0,0.6666666666666666,0.02861952861952862,0.5387205387205387,0.51010101010101,0.19865319865319866,594,18,0.8826,0.7706,0.319
3537909,1.0,0.8571428571428571,1.0,1.0,1.0,0.9688311688311688,1.0,0.9688311688311688,0.8415584415584415,0.8415584415584415,0.0,0.9844155844155844,385,6,0.9643,0.9844,0.6669
3538006,1.0,0.990515708358032,1.0,1.0,1.0,0.6295198577356254,1.0,0.05038529934795495,0.13574392412566685,0.5032602252519265,0.4706579727326615,0.0,1687,37,0.9976,0.67,0.2774
3538105,1.0,1.0,1.0,1.0,1.0,0.6013986013986014,1.0,1.0,0.0,0.6013986013986014,0.6013986013986014,0.45454545454545453,143,4,1.0,0.9003,0.4143
3538204,1.0,0.8653846153846154,1.0,1.0,1.0,0.9230769230769231,1.0,1.0,0.0,0.8653846153846154,0.8653846153846154,0.10256410256410256,156,4,0.9663,0.9808,0.4583
3538303,1.0,1.0,1.0,1.0,1.0,1.0,1.0,1.0,0.0,1.0,1.0,1.0,38,1,1.0,1.0,0.75
3538501,1.0,1.0,1.0,1.0,1.0,1.0,1.0,1.0,0.46551724137931033,0.7241379310344828,0.25862068965517243,1.0,116,3,1.0,1.0,0.6121
3538600,1.0,0.7349726775956285,1.0,1.0,1.0,1.0,1.0,0.6639344262295082,0.3551912568306011,0.3551912568306011,0.0,0.48360655737704916,366,11,0.9337,0.916,0.2985
3538709,1.0,0.9920058139534884,1.0,1.0,1.0,0.8406007751937985,1.0,0.33018410852713176,0.0,0.7584786821705426,0.7584786821705426,0.27398255813953487,4128,55,0.998,0.7927,0.4477
3538808,1.0,1.0,1.0,1.0,1.0,0.06845238095238096,1.0,0.4255952380952381,0.0,0.8898809523809523,0.8898809523809523,0.6934523809523809,336,8,1.0,0.6235,0.6183
3538907,1.0,1.0,1.0,1.0,1.0,1.0,1.0,1.0,0.441340782122905,1.0,1.0,0.0,179,2,1.0,1.0,0.6103
3539004,1.0,1.0,1.0,1.0,1.0,1.0,1.0,1.0,1.0,1.0,0.0,1.0,102,1,1.0,1.0,0.75
3539103,1.0,0.9883720930232558,1.0,1.0,1.0,0.011627906976744186,1.0,1.0,0.4806201550387597,0.7403100775193798,0.2596899224806202,0.0,258,4,0.9971,0.7529,0.3702
3539202,1.0,0.9659863945578231,1.0,1.0,1.0,1.0,1.0,1.0,0.48299319727891155,0.8027210884353742,0.35374149659863946,0.8503401360544217,294,6,0.9915,1.0,0.6224
3539301,1.0,1.0,1.0,0.9818548387096774,1.0,0.9596774193548387,1.0,0.9415322580645161,0.375,0.6673387096774194,0.5383064516129032,0.9818548387096774,496,15,0.9955,0.9753,0.6406
3539400,1.0,1.0,1.0,1.0,1.0,1.0,1.0,1.0,0.0,0.9530201342281879,0.9530201342281879,0.9530201342281879,149,2,1.0,1.0,0.7148
3539509,1.0,1.0,1.0,1.0,1.0,0.4015151515151515,1.0,0.4898989898989899,0.255050505050505,0.7424242424242424,0.48737373737373735,0.2297979797979798,396,8,1.0,0.7229,0.4287
3539608,1.0,1.0,1.0,1.0,1.0,1.0,1.0,1.0,0.0,1.0,1.0,1.0,38,1,1.0,1.0,0.75
3539707,1.0,1.0,1.0,1.0,1.0,1.0,1.0,1.0,0.0,1.0,1.0,0.0,38,1,1.0,1.0,0.5
3539806,1.0,1.0,1.0,1.0,1.0,0.2322383498854087,1.0,0.3025210084033613,0.03361344537815126,0.3032849503437739,0.2696715049656226,0.44537815126050423,1309,18,1.0,0.6337,0.263
3539905,1.0,1.0,1.0,1.0,1.0,1.0,1.0,1.0,0.0,0.0,0.0,0.0,62,1,1.0,1.0,0.0
3540002,1.0,1.0,1.0,1.0,1.0,0.8823529411764706,1.0,0.8823529411764706,0.0,1.0,1.0,0.8823529411764706,238,3,1.0,0.9412,0.7206
3540101,1.0,1.0,1.0,1.0,1.0,1.0,1.0,1.0,0.0,0.0,0.0,1.0,42,1,1.0,1.0,0.25
3540200,1.0,1.0,1.0,1.0,1.0,0.36104513064133015,1.0,0.1543942992874109,0.0,0.9453681710213777,0.9453681710213777,0.16152019002375298,421,7,1.0,0.6289,0.5131
3540259,1.0,1.0,1.0,1.0,1.0,1.0,1.0,1.0,0.0,1.0,1.0,1.0,48,1,1.0,1.0,0.75
3540309,1.0,1.0,1.0,1.0,1.0,1.0,1.0,1.0,0.0,1.0,1.0,1.0,26,1,1.0,1.0,0.75
3540408,1.0,1.0,1.0,1.0,1.0,1.0,1.0,1.0,1.0,1.0,0.0,1.0,43,1,1.0,1.0,0.75
3540507,1.0,1.0,1.0,1.0,1.0,1.0,1.0,1.0,0.0,1.0,1.0,1.0,108,1,1.0,1.0,0.75
3540606,1.0,0.8979591836734694,1.0,1.0,1.0,1.0,1.0,0.9778911564625851,0.7789115646258503,0.9778911564625851,0.3469387755102041,0.9778911564625851,588,8,0.9745,0.9945,0.7704
3540705,1.0,1.0,1.0,1.0,1.0,0.7632933104631218,1.0,0.40308747855917665,0.36192109777015435,0.8319039451114922,0.4699828473413379,0.660377358490566,583,8,1.0,0.7916,0.581
3540754,1.0,1.0,0.8262910798122066,1.0,1.0,0.647887323943662,1.0,0.7230046948356808,0.0,0.352112676056338,0.352112676056338,0.7230046948356808,213,4,0.9566,0.8427,0.3568
3540804,1.0,1.0,1.0,1.0,1.0,1.0,1.0,1.0,0.0,1.0,1.0,1.0,233,2,1.0,1.0,0.75
3540853,1.0,1.0,1.0,1.0,1.0,0.0,1.0,0.0,0.0,0.0,0.0,0.0,19,1,1.0,0.5,0.0
3540903,1.0,1.0,1.0,1.0,1.0,0.5191256830601093,1.0,1.0,0.0,1.0,1.0,1.0,183,3,1.0,0.8798,0.75
3541000,1.0,0.9851789117086598,1.0,0.9997882701672666,0.9997882701672666,0.9263180182087656,1.0,0.766250264662291,0.30806690662714376,0.6555155621427059,0.34744865551556214,0.6148634342578869,4723,33,0.9962,0.9231,0.4815
3541059,1.0,1.0,1.0,1.0,1.0,1.0,1.0,1.0,0.0,1.0,1.0,1.0,82,1,1.0,1.0,0.75
3541109,1.0,1.0,1.0,1.0,1.0,1.0,1.0,1.0,0.0,0.775,0.775,1.0,40,2,1.0,1.0,0.6375
3541208,1.0,0.7534246575342466,1.0,1.0,1.0,0.9041095890410958,1.0,0.9041095890410958,0.0,0.9041095890410958,0.9041095890410958,0.2465753424657534,73,4,0.9384,0.9521,0.5137
3541307,1.0,0.9664082687338501,1.0,1.0,1.0,1.0,1.0,0.7881136950904393,0.03359173126614987,0.7312661498708011,0.7312661498708011,0.5813953488372093,387,8,0.9916,0.947,0.5194
3541406,0.997926386728875,1.0,1.0,1.0,1.0,0.4370139968895801,1.0,0.7148781752203214,0.27527216174183516,0.8506998444790047,0.5754276827371695,0.6837739761534474,1929,30,0.9995,0.788,0.5963
3541505,1.0,0.9929078014184397,1.0,1.0,1.0,0.2198581560283688,0.9219858156028369,0.2198581560283688,0.5851063829787234,0.9219858156028369,0.9219858156028369,0.2978723404255319,282,7,0.9982,0.5904,0.6817
3541604,1.0,0.9637883008356546,1.0,0.871866295264624,0.9888579387186629,0.6545961002785515,0.9888579387186629,0.5376044568245125,0.0,0.8328690807799443,0.8328690807799443,0.6573816155988857,359,7,0.9589,0.7925,0.5808
3541653,1.0,1.0,1.0,1.0,1.0,0.0,1.0,0.0,0.0,0.0,0.0,0.0,63,1,1.0,0.5,0.0
3541703,1.0,1.0,1.0,1.0,1.0,1.0,1.0,0.4409937888198758,1.0,1.0,0.0,0.5590062111801242,161,2,1.0,0.8602,0.6398
3541802,1.0,1.0,1.0,1.0,1.0,1.0,1.0,0.0,0.0,0.0,0.0,0.0,56,1,1.0,0.75,0.0
3541901,1.0,0.9609375,1.0,1.0,0.9609375,0.28125,0.9609375,0.9609375,0.0,0.0,0.0,0.8125,128,4,0.9902,0.791,0.2031
3542008,1.0,1.0,1.0,1.0,1.0,0.0,1.0,0.0,0.0,0.0,0.0,0.0,76,1,1.0,0.5,0.0
3542107,1.0,1.0,1.0,1.0,1.0,1.0,1.0,1.0,0.8333333333333334,0.8333333333333334,0.0,1.0,126,3,1.0,1.0,0.6667
3542206,1.0,1.0,1.0,1.0,1.0,0.976063829787234,1.0,0.8138297872340425,0.0,0.976063829787234,0.976063829787234,0.8138297872340425,376,7,1.0,0.9475,0.6915
3542305,1.0,1.0,1.0,1.0,1.0,1.0,1.0,1.0,0.0,1.0,1.0,1.0,32,1,1.0,1.0,0.75
3542404,1.0,1.0,1.0,1.0,1.0,0.14285714285714285,0.989010989010989,0.14285714285714285,0.9230769230769231,0.989010989010989,0.06593406593406594,0.9230769230769231,182,6,1.0,0.5687,0.7253
3542503,1.0,1.0,1.0,1.0,1.0,1.0,1.0,1.0,0.0,1.0,1.0,0.0,71,1,1.0,1.0,0.5
3542602,1.0,0.9135802469135802,1.0,0.9768518518518519,0.9629629629629629,0.2932098765432099,0.9753086419753086,0.24228395061728394,0.0,0.4783950617283951,0.4783950617283951,0.24228395061728394,648,19,0.9726,0.6184,0.2998
3542701,1.0,1.0,1.0,1.0,1.0,0.0,1.0,0.0,0.0,0.0,0.0,0.0,112,1,1.0,0.5,0.0
3542800,1.0,0.6,1.0,1.0,1.0,1.0,1.0,0.0,0.0,0.0,0.0,0.06666666666666667,45,3,0.9,0.75,0.0167
3542909,1.0,1.0,1.0,1.0,1.0,0.0,1.0,0.0,0.5,0.7602739726027398,0.636986301369863,0.6232876712328768,146,4,1.0,0.5,0.6301
3543006,1.0,0.7781954887218046,1.0,1.0,1.0,0.35714285714285715,0.9887218045112782,0.7518796992481203,0.0,0.8609022556390977,0.8609022556390977,0.0,266,9,0.9445,0.7744,0.4305
3543105,1.0,1.0,1.0,1.0,1.0,1.0,1.0,1.0,0.0,1.0,1.0,1.0,62,1,1.0,1.0,0.75
3543204,1.0,1.0,1.0,1.0,1.0,1.0,1.0,1.0,0.0,1.0,1.0,1.0,56,1,1.0,1.0,0.75
3543238,1.0,1.0,1.0,1.0,1.0,0.0,1.0,0.0,0.0,1.0,1.0,1.0,16,1,1.0,0.5,0.75
3543253,1.0,0.5268817204301075,1.0,1.0,1.0,1.0,0.8709677419354839,0.5268817204301075,0.0,0.7634408602150538,0.7634408602150538,0.7634408602150538,93,5,0.8817,0.8495,0.5726
3543303,1.0,0.9655172413793104,1.0,1.0,0.9827586206896551,0.5172413793103449,1.0,0.4047186932849365,0.14972776769509982,0.6161524500907442,0.5989110707803993,0.49637023593466423,1102,26,0.9914,0.7262,0.4653
3543402,1.0,0.9964717741935484,1.0,1.0,1.0,0.9164986559139785,1.0,0.9037298387096774,0.3019153225806452,0.8832325268817204,0.6854838709677419,0.8770161290322581,5952,67,0.9991,0.9551,0.6869
3543501,1.0,0.864406779661017,1.0,1.0,1.0,0.864406779661017,1.0,1.0,0.0,1.0,1.0,0.7288135593220338,59,3,0.9661,0.9661,0.6822
3543600,1.0,1.0,1.0,1.0,1.0,1.0,1.0,1.0,0.0,1.0,1.0,0.0,48,1,1.0,1.0,0.5
3543709,1.0,1.0,1.0,1.0,1.0,0.8315789473684211,1.0,1.0,0.07368421052631578,0.07368421052631578,0.0,0.8315789473684211,95,3,1.0,0.9579,0.2447
3543808,1.0,1.0,1.0,1.0,1.0,1.0,1.0,1.0,0.0,1.0,1.0,1.0,81,2,1.0,1.0,0.75
3543907,0.9622739018087856,0.9746770025839794,1.0,1.0,1.0,0.4129198966408269,1.0,0.5054263565891473,0.22635658914728682,0.7302325581395349,0.6149870801033591,0.3855297157622739,1935,29,0.9842,0.7296,0.4893
3544004,1.0,1.0,1.0,1.0,0.9432989690721649,0.6314432989690721,1.0,0.25773195876288657,0.0,0.9020618556701031,0.9020618556701031,0.0,388,7,1.0,0.7081,0.451
3544103,1.0,0.9386138613861386,1.0,1.0,1.0,0.8554455445544554,1.0,0.5584158415841585,0.09108910891089109,0.7188118811881188,0.7188118811881188,0.7188118811881188,505,11,0.9847,0.8535,0.5619
3544202,1.0,1.0,1.0,1.0,1.0,0.0,1.0,1.0,1.0,1.0,0.0,1.0,124,1,1.0,0.75,0.75
3544251,1.0,0.8197674418604651,1.0,1.0,1.0,0.8837209302325582,1.0,0.8837209302325582,0.0,0.8197674418604651,0.8197674418604651,0.8837209302325582,172,8,0.9549,0.9419,0.6308
3544301,1.0,1.0,1.0,1.0,1.0,0.22727272727272727,1.0,1.0,0.4166666666666667,1.0,0.7727272727272727,0.7727272727272727,132,4,1.0,0.8068,0.7405
3544400,1.0,1.0,1.0,1.0,1.0,0.0,1.0,0.0,0.0,0.7446808510638298,0.7446808510638298,0.7446808510638298,47,2,1.0,0.5,0.5585
3544509,1.0,1.0,1.0,1.0,1.0,0.8809523809523809,1.0,1.0,0.0,0.0,0.0,0.8809523809523809,42,2,1.0,0.9702,0.2202
3544608,1.0,1.0,1.0,1.0,1.0,1.0,1.0,1.0,0.0,1.0,1.0,1.0,51,1,1.0,1.0,0.75
3544707,1.0,1.0,1.0,1.0,1.0,1.0,1.0,1.0,1.0,1.0,0.0,1.0,27,1,1.0,1.0,0.75
3544806,1.0,1.0,1.0,1.0,1.0,1.0,1.0,1.0,0.0,1.0,1.0,1.0,60,1,1.0,1.0,0.75
3544905,1.0,1.0,1.0,1.0,1.0,0.0,1.0,1.0,0.0,1.0,1.0,0.0,87,1,1.0,0.75,0.5
3545001,1.0,1.0,1.0,1.0,1.0,0.3317307692307692,1.0,0.0,0.0,0.40865384615384615,0.40865384615384615,0.0,208,4,1.0,0.5829,0.2043
3545100,1.0,1.0,1.0,1.0,1.0,1.0,1.0,0.0,1.0,1.0,1.0,0.0,52,1,1.0,0.75,0.75
3545159,1.0,1.0,1.0,1.0,1.0,1.0,1.0,0.39285714285714285,0.0,1.0,1.0,0.6071428571428571,112,2,1.0,0.8482,0.6518
3545209,1.0,1.0,1.0,1.0,1.0,0.9371946964410328,1.0,0.685973482205164,0.07606420097697139,0.8046057222609909,0.8046057222609909,0.4982554082344731,1433,16,1.0,0.9058,0.5459
3545308,1.0,0.8665413533834586,1.0,1.0,1.0,0.8571428571428571,1.0,0.9793233082706767,0.6879699248120301,0.768796992481203,0.2236842105263158,0.38533834586466165,532,10,0.9666,0.9591,0.5164
3545407,1.0,1.0,1.0,1.0,1.0,1.0,1.0,1.0,0.0,1.0,1.0,1.0,108,2,1.0,1.0,0.75
3545506,1.0,1.0,1.0,1.0,1.0,1.0,1.0,1.0,0.0,1.0,1.0,1.0,38,1,1.0,1.0,0.75
3545605,1.0,1.0,1.0,1.0,1.0,0.7961783439490446,1.0,1.0,0.0,0.7515923566878981,0.7515923566878981,0.7006369426751592,157,4,1.0,0.949,0.551
3545704,1.0,1.0,1.0,1.0,1.0,1.0,1.0,1.0,0.0,1.0,1.0,1.0,66,1,1.0,1.0,0.75
3545803,1.0,1.0,1.0,1.0,0.9740721911540416,0.9588205388917133,0.9740721911540416,0.7305541433655313,0.0,0.9359430604982206,0.9359430604982206,0.5582104728012202,1967,31,1.0,0.9094,0.6075
3546009,1.0,0.8741258741258742,1.0,1.0,0.9440559440559441,0.0,1.0,0.0,0.0,0.0,0.0,0.24475524475524477,143,5,0.9685,0.486,0.0612
3546108,1.0,1.0,1.0,1.0,1.0,1.0,1.0,1.0,0.0,1.0,1.0,1.0,23,1,1.0,1.0,0.75
3546207,1.0,1.0,1.0,1.0,1.0,1.0,1.0,1.0,0.0,0.0,0.0,1.0,53,2,1.0,1.0,0.25
3546256,1.0,1.0,1.0,1.0,1.0,1.0,1.0,1.0,1.0,1.0,0.0,1.0,27,1,1.0,1.0,0.75
3546306,1.0,1.0,1.0,0.7745664739884393,1.0,0.7630057803468208,0.7745664739884393,0.7745664739884393,0.7601156069364162,0.7601156069364162,0.0,0.7745664739884393,346,4,0.9436,0.828,0.5737
3546405,1.0,1.0,1.0,1.0,1.0,0.970276008492569,1.0,0.970276008492569,0.0,1.0,1.0,1.0,471,7,1.0,0.9851,0.75
3546504,1.0,1.0,1.0,1.0,1.0,1.0,1.0,1.0,0.0,1.0,1.0,1.0,56,2,1.0,1.0,0.75
3546603,1.0,1.0,1.0,1.0,1.0,0.7357954545454546,1.0,1.0,0.13636363636363635,1.0,1.0,0.875,352,5,1.0,0.9339,0.7528
3546702,1.0,1.0,1.0,1.0,1.0,1.0,1.0,0.5169230769230769,0.20615384615384616,0.7046153846153846,0.49846153846153846,0.20615384615384616,325,5,1.0,0.8792,0.4038
3546801,1.0,0.7903225806451613,1.0,1.0,1.0,0.24486803519061584,1.0,0.0,0.25513196480938416,0.48826979472140764,0.23313782991202345,0.18475073313782991,682,11,0.9476,0.5612,0.2903
3546900,1.0,1.0,1.0,1.0,1.0,1.0,1.0,1.0,0.6388888888888888,1.0,0.3611111111111111,1.0,72,2,1.0,1.0,0.75
3547007,1.0,1.0,1.0,1.0,1.0,1.0,1.0,1.0,0.0,1.0,1.0,1.0,76,1,1.0,1.0,0.75
3547106,1.0,1.0,1.0,1.0,1.0,1.0,1.0,1.0,0.0,1.0,1.0,1.0,33,1,1.0,1.0,0.75
3547205,1.0,1.0,1.0,1.0,1.0,1.0,1.0,1.0,0.0,0.0,0.0,1.0,14,1,1.0,1.0,0.25
3547304,1.0,0.4392212725546059,1.0,1.0,1.0,0.8176638176638177,1.0,0.7962962962962963,0.9192782526115859,0.9629629629629629,0.1932573599240266,0.8057929724596391,2106,39,0.8598,0.9035,0.7203
3547403,1.0,1.0,1.0,1.0,1.0,1.0,1.0,1.0,0.0,0.0,0.0,0.0,25,1,1.0,1.0,0.0
3547502,1.0,1.0,1.0,1.0,1.0,1.0,1.0,1.0,0.2356687898089172,1.0,0.7643312101910829,1.0,157,4,1.0,1.0,0.75
3547601,1.0,1.0,1.0,1.0,1.0,0.20588235294117646,1.0,0.23529411764705882,0.0,0.7941176470588235,0.7941176470588235,0.5378151260504201,238,4,1.0,0.6103,0.5315
3547650,1.0,1.0,1.0,1.0,1.0,0.6129032258064516,1.0,0.6129032258064516,0.0,1.0,1.0,0.6129032258064516,31,2,1.0,0.8065,0.6532
3547700,1.0,1.0,1.0,1.0,1.0,0.7521367521367521,1.0,0.7521367521367521,0.0,1.0,1.0,1.0,117,3,1.0,0.8761,0.75
3547809,1.0,1.0,1.0,1.0,0.9805128205128205,0.9186324786324787,1.0,0.9353846153846154,0.29777777777777775,0.6365811965811966,0.3861538461538462,0.8796581196581197,5850,81,1.0,0.9586,0.55
3547908,1.0,1.0,1.0,1.0,1.0,1.0,1.0,0.7283950617283951,0.0,0.2716049382716049,0.2716049382716049,0.7283950617283951,81,2,1.0,0.9321,0.3179
3548005,1.0,0.9608540925266904,1.0,1.0,1.0,1.0,1.0,0.5373665480427047,0.16370106761565836,0.2918149466192171,0.12811387900355872,0.18505338078291814,281,7,0.9902,0.8843,0.1922
3548054,1.0,1.0,1.0,1.0,1.0,1.0,1.0,1.0,0.0,0.8403361344537815,0.8403361344537815,1.0,119,3,1.0,1.0,0.6702
3548104,1.0,0.9375,1.0,1.0,1.0,1.0,1.0,1.0,0.0,1.0,1.0,1.0,64,2,0.9844,1.0,0.75
3548203,1.0,0.7878787878787878,1.0,1.0,1.0,0.3333333333333333,0.8383838383838383,0.24242424242424243,0.050505050505050504,0.29292929292929293,0.24242424242424243,0.7878787878787878,99,5,0.947,0.6035,0.3434
3548302,1.0,1.0,1.0,1.0,1.0,0.0,1.0,0.0,1.0,1.0,0.0,0.0,37,1,1.0,0.5,0.5
3548401,1.0,1.0,1.0,1.0,1.0,1.0,1.0,1.0,0.0,1.0,1.0,0.0,47,1,1.0,1.0,0.5
3548500,1.0,0.9996637525218561,1.0,1.0,0.9996637525218561,0.8500336247478144,1.0,0.9139206455951581,0.9700739744451916,0.9808338937457969,0.12575655682582382,0.7242770679219905,2974,38,0.9999,0.9409,0.7002
3548609,1.0,0.7916666666666666,1.0,1.0,1.0,0.8833333333333333,0.7916666666666666,1.0,0.0,0.175,0.175,0.7916666666666666,120,4,0.9479,0.9188,0.2854
3548708,1.0,0.9510824064107164,1.0,1.0,1.0,0.9290754694414544,1.0,1.0,0.9878005023322569,0.9878005023322569,0.06781485468245425,0.9922258103097715,8361,75,0.9878,0.9823,0.7589
3548807,1.0,1.0,1.0,1.0,1.0,1.0,1.0,0.221379833206975,0.0,0.9598180439727066,0.9598180439727066,0.5519332827899924,1319,18,1.0,0.8053,0.6179
3548906,1.0,1.0,1.0,1.0,1.0,0.8101371001246365,1.0,0.6767760697964271,0.4245949314499377,0.7615288741171583,0.5475695886996261,0.6240132945575405,2407,25,1.0,0.8717,0.5894
3549003,1.0,1.0,1.0,1.0,1.0,1.0,1.0,1.0,0.0,1.0,1.0,1.0,25,1,1.0,1.0,0.75
3549102,1.0,0.972027972027972,1.0,1.0,1.0,0.7426573426573426,1.0,0.15244755244755245,0.28251748251748254,0.7902097902097902,0.6153846153846154,0.9426573426573427,715,13,0.993,0.7238,0.6577
3549201,1.0,1.0,1.0,1.0,1.0,0.0,1.0,0.0,0.0,1.0,1.0,0.0,27,1,1.0,0.5,0.5
3549250,1.0,1.0,1.0,0.0,1.0,1.0,1.0,1.0,0.0,1.0,1.0,0.0,26,1,0.75,1.0,0.5
3549300,1.0,1.0,1.0,1.0,1.0,1.0,1.0,1.0,0.0,0.0,0.0,1.0,23,1,1.0,1.0,0.25
3549409,1.0,1.0,1.0,1.0,1.0,0.8921161825726142,1.0,0.7676348547717843,0.3879668049792531,0.8921161825726142,0.504149377593361,0.18464730290456433,482,5,1.0,0.9149,0.4922
3549508,1.0,1.0,1.0,1.0,1.0,1.0,1.0,1.0,0.0,0.0,0.0,1.0,99,1,1.0,1.0,0.25
3549607,1.0,0.9375,1.0,1.0,1.0,0.9791666666666666,0.9375,0.9583333333333334,0.0,0.0,0.0,0.9375,48,4,0.9844,0.9688,0.2344
3549706,1.0,0.9386363636363636,1.0,0.9795454545454545,1.0,0.44772727272727275,0.9795454545454545,0.5363636363636364,0.0,0.5704545454545454,0.5704545454545454,0.4340909090909091,440,11,0.9795,0.7409,0.3938
3549805,1.0,1.0,1.0,1.0,1.0,0.8900409934892693,1.0,0.9047504219918013,0.9271762720038582,0.9271762720038582,0.09934892693513384,0.8589341692789969,4147,43,1.0,0.9487,0.7032
3549904,1.0,0.9686147186147186,1.0,0.9875541125541125,1.0,0.9180194805194806,1.0,0.8125,0.027326839826839828,0.849025974025974,0.8348214285714286,0.8798701298701299,7392,90,0.989,0.9326,0.6478
3549953,1.0,0.703125,1.0,1.0,0.984375,0.546875,1.0,0.4270833333333333,0.0,0.057291666666666664,0.057291666666666664,0.21875,192,8,0.9258,0.7396,0.0833
3550001,1.0,0.6565656565656566,1.0,1.0,1.0,1.0,1.0,1.0,0.0,0.7474747474747475,0.7474747474747475,1.0,99,6,0.9141,1.0,0.6237
3550100,1.0,1.0,1.0,1.0,1.0,1.0,1.0,1.0,0.08933002481389578,0.6377171215880894,0.5483870967741935,1.0,403,7,1.0,1.0,0.5689
3550209,1.0,0.849009900990099,1.0,1.0,1.0,0.6138613861386139,1.0,0.19306930693069307,0.06683168316831684,0.3069306930693069,0.2400990099009901,0.35396039603960394,404,14,0.9623,0.7017,0.242
3550308,1.0,0.9746886511138397,1.0,0.9987809156288371,0.9999912296088406,0.5639186107700404,0.9999824592176811,0.8248377477635502,0.059480792843360816,0.8475355200841957,0.830126293632696,0.8997719698298544,114020,1128,0.9934,0.8472,0.6592
3550407,1.0,0.9308510638297872,1.0,1.0,1.0,0.6595744680851063,1.0,0.8111702127659575,0.848404255319149,0.848404255319149,0.13031914893617022,0.8111702127659575,376,10,0.9827,0.8677,0.6596
3550506,1.0,1.0,1.0,1.0,1.0,1.0,1.0,1.0,0.0,1.0,1.0,1.0,96,1,1.0,1.0,0.75
3550605,1.0,0.8140643623361145,1.0,1.0,1.0,0.564958283671037,1.0,0.8831942789034565,0.1430274135876043,0.8295589988081049,0.6865315852205006,0.8796185935637664,839,19,0.9535,0.862,0.6347
3550704,1.0,0.6785095320623917,1.0,1.0,1.0,0.2937608318890815,1.0,0.22357019064124783,0.07192374350086655,0.7461005199306759,0.7461005199306759,0.5025996533795494,1154,18,0.9196,0.6293,0.5167
3550803,1.0,1.0,1.0,1.0,1.0,0.8842105263157894,1.0,0.4421052631578947,0.3263157894736842,1.0,0.6736842105263158,0.4421052631578947,95,3,1.0,0.8316,0.6105
3550902,1.0,1.0,1.0,1.0,1.0,0.24175824175824176,1.0,0.24175824175824176,0.27472527472527475,0.7142857142857143,0.43956043956043955,0.4835164835164835,91,5,1.0,0.6209,0.478
3551009,1.0,0.9123943661971831,1.0,1.0,1.0,0.18140845070422534,0.9819718309859155,0.10901408450704225,0.29577464788732394,0.5608450704225352,0.4543661971830986,0.41859154929577463,3550,36,0.9781,0.5681,0.4324
3551108,1.0,1.0,1.0,1.0,1.0,0.6165413533834586,1.0,0.6165413533834586,0.0,0.0,0.0,0.6165413533834586,133,3,1.0,0.8083,0.1541
3551207,1.0,1.0,1.0,1.0,1.0,1.0,1.0,1.0,0.0,1.0,1.0,1.0,46,1,1.0,1.0,0.75
3551306,1.0,1.0,1.0,1.0,1.0,1.0,1.0,1.0,0.0,0.0,0.0,0.0,34,1,1.0,1.0,0.0
3551405,1.0,0.9645390070921985,1.0,1.0,1.0,0.0,1.0,0.36879432624113473,0.5957446808510638,0.5957446808510638,0.0,0.9645390070921985,141,4,0.9911,0.5922,0.539
3551504,1.0,1.0,1.0,1.0,1.0,0.4610169491525424,1.0,0.18135593220338983,0.8135593220338984,0.8135593220338984,0.0,0.9101694915254237,590,7,1.0,0.6606,0.6343
3551603,1.0,0.9438943894389439,1.0,1.0,1.0,1.0,1.0,1.0,0.0,0.6765676567656765,0.6765676567656765,0.8250825082508251,303,6,0.986,1.0,0.5446
3551702,1.0,1.0,1.0,1.0,1.0,1.0,1.0,1.0,0.26118067978533094,0.8085867620751341,0.7191413237924866,0.7686344663088849,1677,15,1.0,1.0,0.6394
3551801,1.0,0.93048128342246,1.0,1.0,0.93048128342246,0.8235294117647058,0.8449197860962567,0.8235294117647058,0.0,0.5828877005347594,0.5828877005347594,0.5828877005347594,187,7,0.9826,0.8556,0.4372
3551900,1.0,1.0,1.0,1.0,1.0,1.0,1.0,1.0,0.0,1.0,1.0,1.0,167,3,1.0,1.0,0.75
3552007,1.0,0.8732394366197183,1.0,1.0,1.0,1.0,1.0,1.0,0.676056338028169,0.676056338028169,0.0,0.0,71,3,0.9683,1.0,0.338
3552106,1.0,0.716374269005848,1.0,1.0,1.0,0.7719298245614035,1.0,0.8625730994152047,0.0,0.7339181286549707,0.7339181286549707,0.868421052631579,342,14,0.9291,0.9086,0.5841
3552205,1.0,0.9940013633265167,1.0,1.0,1.0,0.6614860259032038,1.0,0.28411724608043626,0.12678936605316973,0.874573960463531,0.7769597818677574,0.36332651670074984,7335,73,0.9985,0.7364,0.5354
3552304,1.0,1.0,1.0,1.0,1.0,1.0,1.0,0.21794871794871795,0.0,1.0,1.0,0.21794871794871795,78,2,1.0,0.8045,0.5545
3552403,1.0,0.9361493123772102,1.0,1.0,1.0,1.0,1.0,0.9790438768827767,0.08153241650294696,0.6535690897184021,0.5720366732154551,0.7590045841519318,3054,32,0.984,0.9948,0.5165
3552502,1.0,0.9516203703703704,1.0,1.0,1.0,0.8645833333333334,1.0,0.41203703703703703,0.19745370370370371,0.43171296296296297,0.23425925925925925,0.3384259259259259,4320,47,0.9879,0.8192,0.3005
3552551,1.0,1.0,1.0,1.0,1.0,0.0,1.0,0.0,0.0,1.0,1.0,1.0,43,1,1.0,0.5,0.75
3552601,1.0,1.0,1.0,1.0,1.0,0.5769230769230769,1.0,1.0,1.0,1.0,1.0,0.5769230769230769,130,2,1.0,0.8942,0.8942
3552700,1.0,1.0,1.0,0.6559139784946236,1.0,1.0,1.0,1.0,0.0,1.0,1.0,1.0,186,4,0.914,1.0,0.75
3552809,1.0,0.9012738853503185,1.0,0.9570063694267515,1.0,1.0,1.0,0.2461783439490446,0.029936305732484077,0.3203821656050955,0.29044585987261146,0.8652866242038216,3140,26,0.9646,0.8115,0.3765
3552908,1.0,1.0,1.0,1.0,1.0,1.0,1.0,1.0,0.0,0.0,0.0,1.0,95,1,1.0,1.0,0.25
3553005,1.0,1.0,1.0,1.0,1.0,1.0,1.0,0.7098765432098766,0.0,0.29012345679012347,0.29012345679012347,1.0,162,3,1.0,0.9275,0.3951
3553104,1.0,1.0,1.0,1.0,1.0,1.0,1.0,1.0,0.0,1.0,1.0,1.0,70,1,1.0,1.0,0.75
3553203,1.0,1.0,1.0,1.0,1.0,0.0,1.0,0.0,0.0,1.0,1.0,0.0,63,1,1.0,0.5,0.5
3553302,1.0,0.9611650485436893,1.0,1.0,1.0,0.7669902912621359,1.0,1.0,0.038834951456310676,0.2766990291262136,0.23786407766990292,0.7621359223300971,206,5,0.9903,0.9417,0.3289
3553401,1.0,1.0,1.0,1.0,0.9444444444444444,0.9444444444444444,1.0,1.0,0.0,0.24206349206349206,0.24206349206349206,1.0,252,6,1.0,0.9722,0.371
3553500,1.0,1.0,1.0,1.0,1.0,1.0,1.0,1.0,0.0,0.0,0.0,1.0,122,2,1.0,1.0,0.25
3553609,1.0,1.0,1.0,1.0,1.0,1.0,1.0,1.0,0.0,0.5673076923076923,0.5673076923076923,0.17307692307692307,104,3,1.0,1.0,0.3269
3553658,1.0,1.0,1.0,1.0,1.0,1.0,1.0,0.0,0.0,0.0,0.0,0.0,28,1,1.0,0.75,0.0
3553708,1.0,1.0,1.0,1.0,1.0,0.14763779527559054,1.0,0.1968503937007874,0.3641732283464567,0.8877952755905512,0.6496062992125984,0.2874015748031496,508,12,1.0,0.5861,0.5472
3553807,1.0,1.0,1.0,1.0,1.0,0.7689530685920578,1.0,0.20216606498194944,0.0,0.0,0.0,0.6859205776173285,277,5,1.0,0.7428,0.1715
3553856,1.0,0.8390804597701149,1.0,1.0,1.0,1.0,1.0,1.0,1.0,1.0,0.0,1.0,87,3,0.9598,1.0,0.75
3553906,1.0,1.0,1.0,1.0,1.0,1.0,1.0,1.0,0.0,1.0,1.0,1.0,96,1,1.0,1.0,0.75
3553955,1.0,1.0,1.0,1.0,1.0,1.0,1.0,1.0,0.0,0.771689497716895,0.771689497716895,1.0,219,4,1.0,1.0,0.6358
3554003,1.0,0.9880952380952381,1.0,1.0,0.9617346938775511,0.8001700680272109,0.9379251700680272,0.9277210884353742,0.15731292517006804,0.6164965986394558,0.45918367346938777,0.7482993197278912,1176,20,0.997,0.9069,0.4953
3554102,1.0,0.9761606022584692,1.0,1.0,0.9777289836888331,0.7283563362609786,0.9808657465495608,0.9808657465495608,0.26693851944792973,0.4535759096612296,0.2242785445420326,0.9366373902132998,3188,47,0.994,0.917,0.4704
3554201,1.0,1.0,1.0,1.0,1.0,0.0,1.0,0.0,0.0,0.6875,0.6875,0.3125,48,3,1.0,0.5,0.4219
3554300,1.0,0.8789808917197452,1.0,0.8789808917197452,1.0,1.0,1.0,1.0,0.0,0.9872611464968153,0.9872611464968153,0.9681528662420382,314,7,0.9395,1.0,0.7357
3554409,1.0,1.0,1.0,1.0,1.0,1.0,1.0,1.0,0.0,1.0,1.0,1.0,87,2,1.0,1.0,0.75
3554508,1.0,1.0,1.0,1.0,1.0,0.9864864864864865,1.0,0.9864864864864865,0.3783783783783784,0.3783783783783784,0.17297297297297298,0.4810810810810811,370,7,1.0,0.9932,0.3527
3554607,1.0,1.0,1.0,1.0,1.0,0.0,1.0,0.0,0.0,0.0,0.0,0.0,31,1,1.0,0.5,0.0
3554656,1.0,1.0,1.0,1.0,1.0,0.0,1.0,0.0,0.0,1.0,1.0,1.0,29,1,1.0,0.5,0.75
3554706,1.0,1.0,1.0,1.0,1.0,1.0,1.0,1.0,1.0,1.0,1.0,1.0,100,1,1.0,1.0,1.0
3554755,1.0,1.0,1.0,1.0,1.0,1.0,1.0,1.0,0.0,1.0,1.0,1.0,13,1,1.0,1.0,0.75
3554805,1.0,0.9424657534246575,1.0,1.0,1.0,0.5589041095890411,1.0,0.057534246575342465,0.0,0.5013698630136987,0.5013698630136987,0.29863013698630136,365,12,0.9856,0.6541,0.3253
3554904,1.0,1.0,1.0,1.0,1.0,1.0,1.0,1.0,0.0,1.0,1.0,1.0,73,1,1.0,1.0,0.75
3554953,1.0,0.7391304347826086,1.0,1.0,1.0,1.0,1.0,1.0,0.0,0.2608695652173913,0.2608695652173913,0.2608695652173913,69,3,0.9348,1.0,0.1957
3555000,1.0,1.0,1.0,1.0,1.0,0.9901639344262295,1.0,0.9901639344262295,0.21639344262295082,0.8163934426229508,0.6852459016393443,0.8163934426229508,610,12,1.0,0.9951,0.6336
3555109,1.0,1.0,1.0,1.0,1.0,0.8053097345132744,1.0,1.0,0.0,1.0,1.0,0.8053097345132744,113,3,1.0,0.9513,0.7013
3555208,1.0,1.0,1.0,1.0,1.0,0.0,1.0,0.0,0.0,1.0,1.0,0.0,16,1,1.0,0.5,0.5
3555307,1.0,1.0,1.0,1.0,1.0,1.0,1.0,1.0,1.0,1.0,0.0,1.0,12,1,1.0,1.0,0.75
3555356,1.0,1.0,1.0,1.0,1.0,1.0,1.0,1.0,0.0,1.0,1.0,1.0,60,1,1.0,1.0,0.75
3555406,1.0,0.5650190114068441,0.9954372623574145,1.0,1.0,0.9011406844106464,1.0,0.9049429657794676,0.20532319391634982,0.39011406844106467,0.18479087452471482,0.3916349809885932,1315,27,0.8901,0.9515,0.293
3555505,1.0,1.0,1.0,1.0,1.0,1.0,1.0,1.0,1.0,1.0,1.0,1.0,69,1,1.0,1.0,1.0
3555604,1.0,1.0,1.0,1.0,1.0,1.0,1.0,1.0,1.0,1.0,0.6067415730337079,1.0,89,2,1.0,1.0,0.9017
3555703,1.0,1.0,1.0,1.0,1.0,1.0,1.0,1.0,0.0,1.0,1.0,1.0,18,1,1.0,1.0,0.75
3555802,1.0,1.0,1.0,1.0,1.0,1.0,1.0,1.0,0.0,1.0,1.0,1.0,86,2,1.0,1.0,0.75
3555901,1.0,1.0,1.0,1.0,1.0,1.0,1.0,1.0,0.0,1.0,1.0,1.0,27,1,1.0,1.0,0.75
3556008,1.0,1.0,1.0,1.0,1.0,1.0,1.0,1.0,0.0,1.0,1.0,1.0,131,2,1.0,1.0,0.75
3556107,1.0,1.0,1.0,1.0,1.0,1.0,1.0,1.0,0.0,0.0,0.0,1.0,169,1,1.0,1.0,0.25
3556206,1.0,0.98998998998999,1.0,1.0,1.0,0.8858858858858859,1.0,0.7767767767767768,0.2502502502502503,0.8908908908908909,0.8338338338338338,0.8458458458458459,999,19,0.9975,0.9157,0.7052
3556305,1.0,1.0,1.0,1.0,1.0,0.49469964664310956,1.0,0.7667844522968198,0.26148409893992935,0.7667844522968198,0.7667844522968198,0.7667844522968198,283,4,1.0,0.8154,0.6405
3556354,1.0,0.4881889763779528,1.0,1.0,0.4881889763779528,0.0,0.4881889763779528,0.4881889763779528,0.0,0.5984251968503937,0.5984251968503937,0.41732283464566927,127,6,0.872,0.3661,0.4035
3556404,0.8811188811188811,1.0,1.0,1.0,1.0,0.5221445221445221,1.0,0.20046620046620048,0.0,0.6013986013986014,0.6013986013986014,0.08624708624708624,429,7,0.9703,0.6807,0.3223
3556453,1.0,0.8245901639344262,1.0,0.8573770491803279,1.0,0.6786885245901639,1.0,0.08032786885245902,0.0,0.26885245901639343,0.26885245901639343,0.0,610,14,0.9205,0.6898,0.1344
3556503,1.0,1.0,1.0,1.0,1.0,1.0,1.0,1.0,0.5526315789473685,0.6388888888888888,0.08625730994152046,0.8845029239766082,1368,13,1.0,1.0,0.5406
3556602,1.0,1.0,1.0,1.0,1.0,1.0,1.0,1.0,0.0,0.5376344086021505,0.5376344086021505,0.5376344086021505,93,2,1.0,1.0,0.4032
3556701,1.0,0.9748201438848921,1.0,1.0,1.0,0.5635491606714629,1.0,0.5059952038369304,0.8836930455635491,0.8836930455635491,0.0,0.1882494004796163,834,9,0.9937,0.7674,0.4889
3556800,1.0,1.0,0.4885057471264368,1.0,1.0,0.0,1.0,1.0,0.0,1.0,1.0,1.0,174,2,0.8721,0.75,0.75
3556909,1.0,1.0,1.0,1.0,1.0,1.0,1.0,1.0,1.0,1.0,1.0,1.0,96,1,1.0,1.0,1.0
3556958,1.0,1.0,1.0,1.0,1.0,1.0,1.0,1.0,0.0,1.0,1.0,1.0,17,1,1.0,1.0,0.75
3557006,1.0,1.0,1.0,1.0,1.0,0.6867658574784652,1.0,0.7658574784651527,0.5943617854346124,0.7047768206734534,0.18794048551292092,0.6953797963978073,1277,25,1.0,0.8632,0.5456
3557105,1.0,1.0,1.0,1.0,1.0,1.0,1.0,0.9158986175115207,0.07142857142857142,0.28225806451612906,0.2108294930875576,0.3433179723502304,868,12,1.0,0.979,0.227
3557154,1.0,1.0,1.0,1.0,1.0,0.0,1.0,1.0,1.0,1.0,0.0,1.0,32,1,1.0,0.75,0.75
3557204,1.0,1.0,1.0,1.0,1.0,1.0,1.0,1.0,0.0,0.6577181208053692,0.6577181208053692,1.0,149,3,1.0,1.0,0.5789
3557303,1.0,1.0,1.0,1.0,1.0,0.0,1.0,0.8333333333333334,0.0,0.0,0.0,0.0,114,3,1.0,0.7083,0.0
4100103,1.0,0.9787234042553191,1.0,1.0,1.0,0.9787234042553191,1.0,1.0,0.02127659574468085,0.02127659574468085,0.0,0.0,94,2,0.9947,0.9947,0.0106
4100202,1.0,0.9166666666666666,1.0,0.9642857142857143,1.0,0.0,1.0,0.4642857142857143,0.35714285714285715,0.35714285714285715,0.0,0.0,84,7,0.9702,0.6161,0.1786
4100301,1.0,0.42424242424242425,1.0,1.0,1.0,0.0,1.0,0.42424242424242425,0.42424242424242425,0.42424242424242425,0.0,0.0,165,4,0.8561,0.6061,0.2121
4100400,0.9944521497919556,0.6768377253814147,1.0,1.0,0.978502080443828,0.2656033287101248,1.0,0.4826629680998613,0.5027739251040222,0.5027739251040222,0.03467406380027739,0.18723994452149792,1442,33,0.9178,0.6817,0.3069
4100459,1.0,1.0,1.0,1.0,1.0,0.0,1.0,0.0,0.0,1.0,1.0,0.0,59,1,1.0,0.5,0.5
4100509,1.0,0.8651162790697674,1.0,1.0,1.0,0.6046511627906976,1.0,1.0,0.9162790697674419,0.9162790697674419,0.5116279069767442,0.5813953488372093,215,7,0.9663,0.9012,0.7314
4100608,1.0,0.812807881773399,1.0,1.0,1.0,0.4236453201970443,1.0,0.47783251231527096,0.812807881773399,0.8423645320197044,0.029556650246305417,0.29064039408866993,203,5,0.9532,0.7254,0.4938
4100707,1.0,0.0,1.0,1.0,1.0,0.7154471544715447,1.0,0.9186991869918699,0.34959349593495936,0.34959349593495936,0.34959349593495936,0.0,123,5,0.75,0.9085,0.2622
4100806,1.0,0.0,1.0,1.0,1.0,0.0,1.0,1.0,0.0,0.0,0.0,1.0,106,1,0.75,0.75,0.25
4100905,1.0,0.6727272727272727,1.0,1.0,1.0,0.0,0.6727272727272727,0.0,1.0,1.0,0.0,0.0,55,2,0.9182,0.4182,0.5
4101002,1.0,0.9193548387096774,1.0,0.9516129032258065,1.0,0.0846774193548387,1.0,0.5282258064516129,0.9435483870967742,0.9435483870967742,0.0,0.6290322580645161,248,8,0.9677,0.6532,0.629
4101051,1.0,0.0,1.0,1.0,1.0,0.0,1.0,1.0,1.0,1.0,1.0,1.0,32,1,0.75,0.75,1.0
4101101,1.0,0.9743589743589743,1.0,1.0,1.0,0.34615384615384615,1.0,0.11965811965811966,0.6623931623931624,0.9743589743589743,0.31196581196581197,0.0,234,6,0.9936,0.6165,0.4872
4101150,1.0,0.0,1.0,1.0,1.0,0.0,1.0,0.0,1.0,1.0,0.0,0.0,59,1,0.75,0.5,0.5
4101200,1.0,0.9193548387096774,1.0,0.8629032258064516,1.0,0.0,1.0,0.4838709677419355,0.8306451612903226,0.8306451612903226,0.0,0.3225806451612903,248,10,0.9456,0.621,0.496
4101309,1.0,0.0,1.0,1.0,1.0,0.782608695652174,1.0,1.0,0.7282608695652174,0.7282608695652174,0.0,0.5108695652173914,92,4,0.75,0.9457,0.4918
4101408,1.0,0.8858733472512178,1.0,1.0,1.0,0.6367432150313153,1.0,0.7223382045929019,0.7230340988169798,0.7230340988169798,0.0,0.5942936673625608,1437,36,0.9715,0.8398,0.5101
4101507,1.0,0.8066176470588236,1.0,1.0,1.0,0.3654411764705882,1.0,0.6948529411764706,0.7294117647058823,0.8764705882352941,0.1786764705882353,0.3411764705882353,1360,24,0.9517,0.7651,0.5314
4101606,1.0,0.8432432432432433,1.0,1.0,1.0,0.15405405405405406,1.0,0.21351351351351353,0.7756756756756756,0.7756756756756756,0.02972972972972973,0.12432432432432433,370,7,0.9608,0.5919,0.4264
4101655,1.0,0.0,1.0,1.0,1.0,0.0,1.0,0.8979591836734694,0.0,0.0,0.0,0.0,49,3,0.75,0.7245,0.0
4101705,1.0,0.8578947368421053,1.0,1.0,1.0,0.0,1.0,0.8578947368421053,0.47368421052631576,0.47368421052631576,0.0,0.0,190,4,0.9645,0.7145,0.2368
4101804,1.0,0.8838896952104499,1.0,1.0,1.0,0.02999516207063377,1.0,0.21915820029027577,0.9854862119013063,0.9854862119013063,0.0648282535074988,0.29027576197387517,2067,31,0.971,0.5623,0.5815
4101853,1.0,0.0,1.0,1.0,1.0,0.0,1.0,0.0,0.0,0.0,0.0,0.0,30,1,0.75,0.5,0.0
4101903,1.0,0.5102040816326531,1.0,1.0,1.0,0.5918367346938775,1.0,1.0,0.40816326530612246,0.9183673469387755,0.5102040816326531,1.0,196,4,0.8776,0.898,0.7092
4102000,1.0,0.7016706443914081,1.0,1.0,1.0,0.9260143198090692,1.0,1.0,0.4701670644391408,0.4701670644391408,0.0,1.0,419,15,0.9254,0.9815,0.4851
4102109,1.0,0.7673611111111112,1.0,1.0,1.0,0.05555555555555555,1.0,0.5381944444444444,0.7777777777777778,0.8333333333333334,0.19444444444444445,0.0,288,8,0.9418,0.6484,0.4514
4102208,1.0,0.0,1.0,1.0,1.0,0.0,1.0,1.0,1.0,1.0,1.0,0.0,49,1,0.75,0.75,0.75
4102307,1.0,0.2157676348547718,1.0,1.0,1.0,0.7717842323651453,1.0,0.22406639004149378,0.48132780082987553,0.48132780082987553,0.0954356846473029,0.0954356846473029,241,9,0.8039,0.749,0.2884
4102406,1.0,0.972972972972973,1.0,0.972972972972973,1.0,0.45045045045045046,1.0,0.7297297297297297,0.0,0.2732732732732733,0.2732732732732733,0.21621621621621623,333,10,0.9865,0.795,0.1907
4102505,1.0,0.8571428571428571,1.0,1.0,1.0,0.8163265306122449,0.9591836734693877,0.8163265306122449,0.07142857142857142,0.8877551020408163,0.8163265306122449,0.8163265306122449,98,4,0.9643,0.898,0.648
4102604,1.0,0.0,1.0,1.0,1.0,0.6335403726708074,1.0,0.9813664596273292,0.043478260869565216,0.043478260869565216,0.0,0.6335403726708074,161,8,0.75,0.9037,0.1801
4102703,1.0,0.0,1.0,1.0,1.0,1.0,1.0,1.0,1.0,1.0,0.0,0.0,27,1,0.75,1.0,0.5
4102752,1.0,0.0,1.0,1.0,1.0,1.0,1.0,1.0,0.0,0.0,0.0,1.0,45,1,0.75,1.0,0.25
4102802,1.0,0.2962962962962963,1.0,1.0,1.0,0.7248677248677249,1.0,0.7248677248677249,0.4708994708994709,0.6296296296296297,0.15873015873015872,0.0,189,5,0.8241,0.8624,0.3148
4102901,1.0,0.7801724137931034,1.0,1.0,1.0,0.20689655172413793,1.0,0.3879310344827586,0.6724137931034483,0.6724137931034483,0.20689655172413793,0.20689655172413793,232,8,0.945,0.6487,0.4397
4103008,1.0,0.0,1.0,1.0,1.0,1.0,1.0,0.0,1.0,1.0,0.0,0.0,54,2,0.75,0.75,0.5
4103024,1.0,1.0,1.0,1.0,1.0,0.0,1.0,0.0,1.0,1.0,0.0,0.0,36,1,1.0,0.5,0.5
4103040,1.0,0.0,1.0,1.0,1.0,0.0,1.0,0.18811881188118812,0.8811881188118812,0.9306930693069307,0.04950495049504951,0.0,101,7,0.75,0.547,0.4653
4103057,1.0,0.0,1.0,1.0,1.0,0.0,1.0,0.8346456692913385,0.8346456692913385,0.8346456692913385,0.0,0.36220472440944884,127,6,0.75,0.7087,0.5079
4103107,1.0,0.773109243697479,1.0,1.0,0.8907563025210085,0.680672268907563,0.8907563025210085,0.0,0.09243697478991597,0.15126050420168066,0.058823529411764705,0.09243697478991597,238,7,0.9433,0.6155,0.0987
4103156,1.0,0.0,1.0,1.0,1.0,0.0,1.0,0.0,0.0,0.0,0.0,0.0,69,1,0.75,0.5,0.0
4103206,1.0,0.0,1.0,1.0,1.0,0.0,1.0,1.0,0.0,0.0,0.0,0.0,111,1,0.75,0.75,0.0
4103222,1.0,0.0,1.0,1.0,1.0,1.0,1.0,1.0,1.0,1.0,0.0,1.0,51,1,0.75,1.0,0.75
4103305,1.0,0.0,1.0,1.0,1.0,0.0,1.0,0.5384615384615384,1.0,1.0,0.0,0.0,78,2,0.75,0.6346,0.5
4103354,1.0,0.6491228070175439,1.0,0.8245614035087719,1.0,0.0,1.0,0.17543859649122806,1.0,1.0,0.17543859649122806,0.0,57,3,0.8684,0.5439,0.5439
4103370,1.0,0.0,1.0,1.0,1.0,0.0,1.0,1.0,0.0,0.8888888888888888,0.8888888888888888,0.0,54,2,0.75,0.75,0.4444
4103404,1.0,0.0,1.0,1.0,1.0,0.0,1.0,1.0,0.0,1.0,1.0,0.0,36,1,0.75,0.75,0.5
4103453,1.0,0.5948905109489051,1.0,1.0,1.0,1.0,1.0,0.4708029197080292,0.8284671532846716,1.0,0.17153284671532848,0.4708029197080292,274,4,0.8987,0.8677,0.6177
4103479,1.0,0.0,1.0,1.0,1.0,0.0,1.0,0.5531914893617021,1.0,1.0,0.1702127659574468,0.0,47,3,0.75,0.6383,0.5426
4103503,1.0,0.40310077519379844,1.0,1.0,1.0,0.5968992248062015,1.0,0.5968992248062015,1.0,1.0,0.0,0.0,129,2,0.8508,0.7984,0.5
4103602,1.0,1.0,1.0,1.0,1.0,0.4966442953020134,1.0,0.825503355704698,0.714765100671141,0.889261744966443,0.174496644295302,0.714765100671141,298,5,1.0,0.8305,0.6233
4103701,1.0,0.9754098360655737,1.0,1.0,1.0,0.0,1.0,0.4131147540983607,0.3081967213114754,1.0,0.8827868852459017,0.06639344262295081,1220,17,0.9939,0.6033,0.5643
4103800,1.0,0.0,1.0,1.0,1.0,0.0,1.0,0.0,0.0,0.0,0.0,0.0,142,1,0.75,0.5,0.0
4103909,1.0,0.0,1.0,1.0,1.0,0.07264957264957266,1.0,1.0,0.8803418803418803,0.8803418803418803,0.0,0.9273504273504274,234,4,0.75,0.7682,0.672
4103958,1.0,0.0,1.0,1.0,1.0,0.875,1.0,0.875,1.0,1.0,0.0,1.0,64,4,0.75,0.9375,0.75
4104006,1.0,0.8580729166666666,1.0,1.0,1.0,0.30859375,1.0,0.6106770833333334,0.5143229166666666,0.6953125,0.4583333333333333,0.23828125,768,12,0.9645,0.7298,0.4766
4104055,1.0,0.0,1.0,0.8688524590163934,1.0,0.8688524590163934,1.0,1.0,1.0,1.0,0.0,0.8688524590163934,61,2,0.7172,0.9672,0.7172
4104105,1.0,0.05263157894736842,1.0,1.0,1.0,0.8195488721804511,1.0,0.8721804511278195,0.8571428571428571,0.8571428571428571,0.0,0.3082706766917293,133,5,0.7632,0.9229,0.5056
4104204,1.0,0.7770700636942676,1.0,1.0,1.0,0.6666666666666666,1.0,0.767515923566879,0.7871549893842887,0.8349256900212314,0.11571125265392782,0.75,1884,37,0.9443,0.8585,0.6219
4104253,1.0,0.5492957746478874,1.0,0.9915492957746479,1.0,0.0,1.0,0.27605633802816903,0.061971830985915494,0.7943661971830986,0.7323943661971831,0.061971830985915494,355,9,0.8852,0.569,0.4127
4104303,1.0,0.894257064721969,1.0,1.0,1.0,1.0,1.0,0.536918869644485,0.8805834092980857,1.0,0.18596171376481313,0.31631722880583407,1097,22,0.9736,0.8842,0.5957
4104402,1.0,0.5681818181818182,1.0,0.7954545454545454,0.9,0.7818181818181819,0.8545454545454545,0.4090909090909091,0.4818181818181818,0.4818181818181818,0.0,0.38636363636363635,220,17,0.8409,0.7364,0.3375
4104428,1.0,0.592274678111588,1.0,1.0,1.0,0.592274678111588,1.0,0.8068669527896996,0.6051502145922747,0.7167381974248928,0.5665236051502146,0.6051502145922747,233,7,0.8981,0.8498,0.6234
4104451,1.0,0.5121951219512195,1.0,1.0,1.0,0.0,1.0,0.22926829268292684,0.8731707317073171,0.8731707317073171,0.0,0.35609756097560974,205,6,0.878,0.5573,0.5256
4104501,1.0,0.6946564885496184,1.0,1.0,1.0,0.25190839694656486,1.0,0.25190839694656486,0.33587786259541985,0.549618320610687,0.21374045801526717,0.21374045801526717,262,9,0.9237,0.626,0.3282
4104600,1.0,0.0,1.0,1.0,1.0,0.7168949771689498,1.0,0.7168949771689498,0.5342465753424658,1.0,0.4657534246575342,0.7168949771689498,219,5,0.75,0.8584,0.6792
4104659,1.0,0.8375451263537906,1.0,1.0,1.0,0.0,1.0,0.4657039711191336,0.24187725631768953,0.24187725631768953,0.0,0.0,277,7,0.9594,0.6164,0.1209
4104709,1.0,1.0,1.0,1.0,1.0,0.9502487562189055,1.0,0.32338308457711445,0.9502487562189055,0.9502487562189055,0.0,0.0,201,3,1.0,0.8184,0.4751
4104808,1.0,0.9266161910308678,1.0,0.9979615608619685,1.0,0.8474082702387886,1.0,0.9609784507862551,0.9790331974373908,0.9790331974373908,0.07979033197437391,0.9854397204426325,3434,62,0.9811,0.9521,0.7558
4104907,1.0,0.7424511545293073,1.0,0.9271758436944938,0.9973357015985791,0.9973357015985791,1.0,1.0,0.0,0.8792184724689165,0.8792184724689165,0.7868561278863233,1126,25,0.9174,0.9987,0.6363
4105003,1.0,0.512396694214876,1.0,1.0,1.0,0.9090909090909091,1.0,0.9008264462809917,1.0,1.0,0.0,1.0,121,5,0.8781,0.9525,0.75
4105102,1.0,0.0,1.0,1.0,1.0,0.45161290322580644,1.0,0.0,0.45161290322580644,1.0,0.5483870967741935,0.45161290322580644,124,4,0.75,0.6129,0.6129
4105201,1.0,0.4393305439330544,1.0,0.6150627615062761,1.0,0.0,1.0,0.2928870292887029,0.26778242677824265,0.4686192468619247,0.200836820083682,0.0,239,19,0.7636,0.5732,0.2343
4105300,1.0,0.6643835616438356,1.0,1.0,1.0,0.0,1.0,0.0,0.0,0.8835616438356164,0.8835616438356164,0.0,146,5,0.9161,0.5,0.4418
4105409,1.0,0.5487804878048781,1.0,0.9308943089430894,1.0,0.6382113821138211,1.0,0.8089430894308943,0.8414634146341463,0.8414634146341463,0.0,0.7967479674796748,246,11,0.8699,0.8618,0.6199
4105508,1.0,0.4793863854266539,1.0,1.0,1.0,0.8648130393096836,1.0,0.8187919463087249,1.0,1.0,0.0,0.0,1043,15,0.8698,0.9209,0.5
4105607,1.0,1.0,1.0,1.0,1.0,1.0,1.0,1.0,1.0,1.0,0.0,1.0,167,2,1.0,1.0,0.75
4105706,1.0,0.8846153846153846,1.0,1.0,1.0,0.19230769230769232,1.0,0.37606837606837606,0.7435897435897436,0.7435897435897436,0.0,0.1452991452991453,234,9,0.9712,0.6421,0.4081
4105805,1.0,0.9300388672959466,1.0,1.0,1.0,0.10327595780122155,1.0,1.0,0.6668517490283176,0.67129372570794,0.07412548584119934,1.0,3602,43,0.9825,0.7758,0.6031
4105904,1.0,1.0,1.0,1.0,1.0,0.33976833976833976,1.0,0.6602316602316602,0.5714285714285714,0.5714285714285714,0.0,0.0,259,6,1.0,0.75,0.2857
4106001,1.0,0.6476190476190476,1.0,1.0,1.0,0.2761904761904762,1.0,0.9238095238095239,0.3333333333333333,0.3333333333333333,0.0761904761904762,0.0,105,5,0.9119,0.8,0.1857
4106100,1.0,1.0,1.0,1.0,1.0,0.0,1.0,1.0,1.0,1.0,0.0,1.0,55,1,1.0,0.75,0.75
4106209,1.0,0.903010033444816,1.0,1.0,1.0,0.1605351170568562,1.0,0.4882943143812709,0.4080267558528428,0.568561872909699,0.1605351170568562,0.13043478260869565,299,8,0.9758,0.6622,0.3169
4106308,1.0,0.8933333333333333,1.0,1.0,0.8933333333333333,0.24888888888888888,0.8933333333333333,0.4888888888888889,0.39111111111111113,0.39111111111111113,0.0,0.07111111111111111,225,7,0.9733,0.6311,0.2133
4106407,1.0,0.9558823529411765,1.0,1.0,1.0,0.8025210084033614,1.0,0.8025210084033614,0.2542016806722689,0.4054621848739496,0.15126050420168066,0.21638655462184875,476,15,0.989,0.9013,0.2568
4106456,1.0,0.0,1.0,0.85,0.9666666666666667,0.9666666666666667,0.9666666666666667,0.95,0.9666666666666667,0.9666666666666667,0.25833333333333336,0.06666666666666667,120,9,0.7125,0.9625,0.5646
4106506,1.0,0.7098976109215017,1.0,0.9522184300341296,1.0,0.689419795221843,1.0,0.48464163822525597,0.7542662116040956,0.7542662116040956,0.0,0.15699658703071673,293,10,0.9155,0.7935,0.4164
4106555,1.0,1.0,1.0,1.0,1.0,0.0,1.0,1.0,1.0,1.0,0.0,0.0,44,1,1.0,0.75,0.5
4106571,1.0,0.0,1.0,1.0,1.0,0.8082191780821918,1.0,0.4520547945205479,1.0,1.0,0.0,0.4520547945205479,73,3,0.75,0.8151,0.613
4106605,1.0,0.9775280898876404,1.0,1.0,1.0,0.7116104868913857,1.0,0.7340823970037453,1.0,1.0,0.0,0.9775280898876404,267,5,0.9944,0.8614,0.7444
4106704,1.0,0.0,1.0,1.0,1.0,0.0,1.0,0.0,1.0,1.0,0.0,0.0,52,1,0.75,0.5,0.5
4106803,1.0,0.2570093457943925,1.0,0.9766355140186916,1.0,0.29906542056074764,1.0,0.5700934579439252,0.6869158878504673,0.6869158878504673,0.27102803738317754,0.0,214,7,0.8084,0.7173,0.4112
4106852,1.0,0.0,1.0,1.0,1.0,1.0,1.0,1.0,0.7608695652173914,0.7608695652173914,0.0,1.0,46,2,0.75,1.0,0.6304
4106902,1.0,0.9966598150051388,1.0,1.0,1.0,0.8432040082219938,1.0,0.9290853031860226,0.9628083247687564,0.964735354573484,0.05845323741007194,0.8922790339157246,15568,189,0.9992,0.9431,0.7196
4107009,1.0,0.0,1.0,1.0,1.0,0.024154589371980676,1.0,0.024154589371980676,0.5507246376811594,0.5507246376811594,0.0,0.0,207,5,0.75,0.5121,0.2754
4107108,1.0,1.0,1.0,1.0,1.0,0.0,1.0,0.0,0.0,0.0,0.0,0.0,58,1,1.0,0.5,0.0
4107124,1.0,0.0,1.0,1.0,1.0,0.0,1.0,0.14634146341463414,0.8536585365853658,0.8536585365853658,0.0,0.8536585365853658,41,2,0.75,0.5366,0.6402
4107157,1.0,0.0,1.0,1.0,1.0,0.0945945945945946,1.0,0.0945945945945946,0.0945945945945946,0.0945945945945946,0.0,0.0945945945945946,74,3,0.75,0.5473,0.0709
4107207,1.0,0.8156996587030717,1.0,1.0,1.0,0.28498293515358364,1.0,0.46245733788395904,0.6279863481228669,0.674061433447099,0.04607508532423208,0.12798634812286688,586,13,0.9539,0.6869,0.369
4107256,1.0,0.0,1.0,1.0,1.0,0.0,1.0,0.0,1.0,1.0,1.0,0.0,108,1,0.75,0.5,0.75
4107306,1.0,0.352112676056338,1.0,1.0,1.0,0.647887323943662,1.0,0.647887323943662,1.0,1.0,0.0,0.0,71,2,0.838,0.8239,0.5
4107405,1.0,0.0,1.0,1.0,1.0,0.0,1.0,0.0,1.0,1.0,1.0,0.0,92,2,0.75,0.5,0.75
4107504,1.0,0.6153846153846154,1.0,1.0,1.0,0.7846153846153846,1.0,0.8461538461538461,0.8307692307692308,0.8307692307692308,0.15384615384615385,0.0,130,5,0.9038,0.9077,0.4538
4107520,1.0,0.0,1.0,1.0,1.0,0.0,1.0,1.0,1.0,1.0,0.0,0.0,16,1,0.75,0.75,0.5
4107538,1.0,0.0,1.0,1.0,1.0,0.0,1.0,1.0,1.0,1.0,1.0,0.0,76,1,0.75,0.75,0.75
4107546,1.0,0.0,1.0,1.0,1.0,0.47761194029850745,1.0,0.44776119402985076,0.1791044776119403,0.1791044776119403,0.0,0.16417910447761194,67,5,0.75,0.7313,0.1306
4107553,1.0,0.0,1.0,1.0,1.0,0.0,1.0,1.0,0.0,1.0,1.0,0.0,40,1,0.75,0.75,0.5
4107603,1.0,0.11917098445595854,1.0,1.0,1.0,0.48186528497409326,1.0,0.39378238341968913,0.0,0.44559585492227977,0.44559585492227977,0.0,193,6,0.7798,0.7189,0.2228
4107652,1.0,0.9048034934497816,1.0,1.0,1.0,0.04017467248908297,0.8965065502183406,0.5449781659388646,0.3052401746724891,0.4960698689956332,0.3349344978165939,0.0,2290,22,0.9762,0.6204,0.2841
4107702,1.0,0.0,1.0,1.0,1.0,0.0,1.0,0.896551724137931,0.896551724137931,0.896551724137931,0.0,0.0,58,2,0.75,0.7241,0.4483
4107736,1.0,0.0,1.0,0.8314606741573034,1.0,0.0,1.0,0.0,0.5617977528089888,1.0,0.43820224719101125,0.21348314606741572,89,4,0.7079,0.5,0.5534
4107751,1.0,0.0,1.0,1.0,1.0,0.0,1.0,0.0,0.8144329896907216,0.8144329896907216,0.0,0.0,97,2,0.75,0.5,0.4072
4107801,1.0,0.0,1.0,0.0,1.0,1.0,1.0,1.0,1.0,1.0,0.0,1.0,55,1,0.5,1.0,0.75
4107850,1.0,0.0,1.0,1.0,1.0,0.8055555555555556,1.0,0.8055555555555556,1.0,1.0,0.0,0.0,72,2,0.75,0.9028,0.5
4107900,1.0,0.304635761589404,1.0,1.0,1.0,0.695364238410596,1.0,0.695364238410596,1.0,1.0,0.0,0.695364238410596,151,2,0.8262,0.8477,0.6738
4108007,1.0,0.01818181818181818,1.0,1.0,1.0,1.0,1.0,0.5909090909090909,1.0,1.0,0.0,0.01818181818181818,110,3,0.7545,0.8977,0.5045
4108106,1.0,1.0,1.0,1.0,1.0,1.0,1.0,1.0,1.0,1.0,0.0,0.0,30,1,1.0,1.0,0.5
4108205,1.0,0.0,1.0,1.0,1.0,1.0,1.0,1.0,0.0,1.0,1.0,1.0,67,1,0.75,1.0,0.75
4108304,1.0,0.8288387451843698,1.0,1.0,1.0,0.5090809025866814,1.0,1.0,0.488442487616951,0.6997798569069895,0.38387451843698406,0.9840396257567419,3634,50,0.9572,0.8773,0.639
4108320,1.0,0.0,1.0,1.0,1.0,0.0,1.0,0.7523809523809524,0.8952380952380953,0.8952380952380953,0.0,0.7523809523809524,105,3,0.75,0.6881,0.6357
4108403,1.0,0.8847517730496454,1.0,1.0,1.0,0.5,1.0,0.8226950354609929,0.8953900709219859,0.9583333333333334,0.2429078014184397,0.5062056737588653,1128,21,0.9712,0.8307,0.6507
4108452,1.0,0.0,1.0,1.0,1.0,0.0,1.0,0.0,1.0,1.0,1.0,0.0,77,1,0.75,0.5,0.75
4108502,1.0,0.7262569832402235,1.0,0.8268156424581006,0.659217877094972,0.08379888268156424,0.659217877094972,0.659217877094972,0.0,0.0,0.0,0.17318435754189945,179,15,0.8883,0.5154,0.0433
4108551,1.0,0.0,1.0,1.0,1.0,0.0,1.0,0.0,0.0,0.0,0.0,0.0,22,1,0.75,0.5,0.0
4108601,1.0,0.4507042253521127,1.0,1.0,1.0,0.24788732394366197,1.0,0.7690140845070422,0.8169014084507042,0.8169014084507042,0.0,0.16901408450704225,355,8,0.8627,0.7542,0.4507
4108650,0.98,0.0,1.0,0.94,1.0,0.9,1.0,1.0,0.79,0.79,0.0,0.89,100,6,0.73,0.975,0.6175
4108700,1.0,0.0,1.0,1.0,1.0,0.4186046511627907,1.0,1.0,1.0,1.0,0.0,1.0,86,3,0.75,0.8547,0.75
4108809,1.0,0.7256637168141593,1.0,1.0,1.0,0.42035398230088494,1.0,0.7411504424778761,0.49557522123893805,0.49557522123893805,0.0,0.5995575221238938,452,15,0.9314,0.7904,0.3977
4108908,1.0,0.0,1.0,1.0,1.0,0.0,1.0,1.0,1.0,1.0,0.0,1.0,90,1,0.75,0.75,0.75
4108957,1.0,0.0,1.0,1.0,1.0,0.0,1.0,0.0,0.9385964912280702,0.9385964912280702,0.0,0.6052631578947368,114,3,0.75,0.5,0.6206
4109005,1.0,1.0,1.0,1.0,1.0,0.0,1.0,1.0,0.0,1.0,1.0,0.0,90,1,1.0,0.75,0.5
4109104,1.0,0.0,1.0,1.0,1.0,1.0,1.0,1.0,1.0,1.0,0.0,1.0,36,1,0.75,1.0,0.75
4109203,1.0,0.0,1.0,1.0,1.0,0.0,1.0,0.0,0.0,1.0,1.0,0.0,65,2,0.75,0.5,0.5
4109302,1.0,0.8246445497630331,1.0,0.933649289099526,1.0,0.0,1.0,0.4881516587677725,1.0,1.0,0.052132701421800945,0.46445497630331756,211,8,0.9396,0.622,0.6291
4109401,0.9981678270428729,0.9036277024551118,1.0,0.9981678270428729,1.0,0.9248809087577867,1.0,0.9714181018688164,0.4496152436790033,0.5775009160864786,0.17772077684133383,0.989006962257237,2729,43,0.975,0.9741,0.5485
4109500,1.0,0.3269230769230769,0.9326923076923077,0.33653846153846156,0.8461538461538461,0.009615384615384616,0.8461538461538461,0.009615384615384616,0.41346153846153844,0.41346153846153844,0.0,0.0,104,20,0.649,0.4279,0.2067
4109609,1.0,0.9346666666666666,1.0,1.0,1.0,0.25333333333333335,1.0,0.6133333333333333,0.25866666666666666,0.3546666666666667,0.132,0.0,750,17,0.9837,0.7167,0.1863
4109658,1.0,0.0,1.0,1.0,1.0,0.11363636363636363,1.0,0.11363636363636363,0.0,0.11363636363636363,0.11363636363636363,0.0,88,2,0.75,0.5568,0.0568
4109708,1.0,0.2551928783382789,1.0,1.0,1.0,0.4362017804154303,1.0,0.8130563798219584,0.9228486646884273,0.9228486646884273,0.0,0.032640949554896145,337,12,0.8138,0.8123,0.4696
4109757,1.0,0.0,1.0,1.0,1.0,1.0,1.0,1.0,1.0,1.0,0.0,1.0,79,2,0.75,1.0,0.75
4109807,1.0,1.0,1.0,1.0,1.0,0.7062228654124457,1.0,0.959479015918958,0.6324167872648335,0.9421128798842258,0.3096960926193922,0.8321273516642547,691,14,1.0,0.9164,0.6791
4109906,1.0,0.0,1.0,1.0,1.0,0.0,1.0,1.0,1.0,1.0,0.0,0.13274336283185842,113,3,0.75,0.75,0.5332
4110003,1.0,0.0,1.0,1.0,1.0,0.0,1.0,0.0,1.0,1.0,0.0,0.0,86,1,0.75,0.5,0.5
4110052,1.0,0.0,1.0,1.0,1.0,0.0,1.0,1.0,1.0,1.0,0.0,1.0,22,1,0.75,0.75,0.75
4110078,1.0,0.9191919191919192,1.0,1.0,1.0,1.0,1.0,0.9191919191919192,1.0,1.0,0.0,0.0,198,6,0.9798,0.9798,0.5
4110102,1.0,0.7834821428571429,1.0,1.0,1.0,0.5200892857142857,1.0,0.5178571428571429,0.875,0.875,0.09598214285714286,0.49107142857142855,448,15,0.9459,0.7595,0.5843
4110201,1.0,0.6453488372093024,1.0,0.9825581395348837,0.9709302325581395,0.01744186046511628,0.9709302325581395,0.7267441860465116,0.16279069767441862,0.436046511627907,0.27325581395348836,0.01744186046511628,172,10,0.907,0.6715,0.2224
4110300,1.0,0.0,1.0,1.0,1.0,0.0,1.0,0.0,1.0,1.0,0.0,0.0,29,1,0.75,0.5,0.5
4110409,1.0,0.0,1.0,1.0,1.0,0.0,1.0,1.0,1.0,1.0,0.0,1.0,81,1,0.75,0.75,0.75
4110508,1.0,0.4161849710982659,1.0,1.0,1.0,0.19653179190751446,1.0,0.5953757225433526,0.3699421965317919,0.6936416184971098,0.3236994219653179,0.0,173,8,0.854,0.698,0.3468
4110607,1.0,0.8625954198473282,1.0,1.0,1.0,0.0,1.0,0.5343511450381679,1.0,1.0,0.0,0.0,131,4,0.9656,0.6336,0.5
4110656,1.0,0.0,1.0,1.0,1.0,1.0,1.0,1.0,1.0,1.0,0.0,1.0,16,1,0.75,1.0,0.75
4110706,1.0,0.8716302952503209,1.0,0.9435173299101413,1.0,0.2092426187419769,1.0,0.496790757381258,0.6572528883183568,0.7984595635430038,0.14120667522464697,0.4056482670089859,779,24,0.9538,0.6765,0.5006
4110805,1.0,0.0,1.0,1.0,1.0,0.0,1.0,0.6486486486486487,0.7972972972972973,0.7972972972972973,0.0,0.0,148,5,0.75,0.6622,0.3986
4110904,1.0,1.0,1.0,1.0,1.0,0.0,1.0,1.0,0.0,0.0,0.0,0.0,61,1,1.0,0.75,0.0
4110953,1.0,0.5085714285714286,1.0,1.0,1.0,1.0,1.0,1.0,0.9714285714285714,0.9714285714285714,0.7142857142857143,0.96,175,6,0.8771,1.0,0.9043
4111001,1.0,1.0,1.0,1.0,1.0,0.6727272727272727,1.0,1.0,0.6727272727272727,0.6727272727272727,0.0,0.6727272727272727,55,2,1.0,0.9182,0.5045
4111100,1.0,1.0,1.0,1.0,1.0,1.0,1.0,1.0,1.0,1.0,0.0,1.0,53,1,1.0,1.0,0.75
4111209,1.0,0.0,1.0,1.0,1.0,0.26519337016574585,1.0,1.0,0.6132596685082873,0.8674033149171271,0.2541436464088398,1.0,181,4,0.75,0.8163,0.6837
4111258,1.0,0.9117647058823529,1.0,1.0,1.0,0.0,1.0,0.8725490196078431,0.0,0.0,0.0,0.6529411764705882,510,7,0.9779,0.7181,0.1632
4111308,1.0,0.0,1.0,1.0,1.0,1.0,1.0,1.0,1.0,1.0,0.0,1.0,40,1,0.75,1.0,0.75
4111407,1.0,0.5764705882352941,1.0,1.0,1.0,0.4235294117647059,1.0,1.0,0.4588235294117647,0.4588235294117647,0.0,0.4588235294117647,170,5,0.8941,0.8559,0.3441
4111506,1.0,0.30344827586206896,1.0,1.0,1.0,0.04827586206896552,1.0,0.9310344827586207,0.38620689655172413,0.40344827586206894,0.06206896551724138,0.41379310344827586,290,10,0.8259,0.7448,0.3164
4111555,1.0,0.8085106382978723,1.0,1.0,1.0,0.0,1.0,0.8085106382978723,0.8085106382978723,1.0,0.19148936170212766,0.8085106382978723,94,2,0.9521,0.7021,0.7021
4111605,1.0,0.0,1.0,1.0,1.0,1.0,1.0,1.0,1.0,1.0,0.0,1.0,27,1,0.75,1.0,0.75
4111704,1.0,0.0,1.0,1.0,1.0,0.0,1.0,1.0,1.0,1.0,0.0,1.0,63,1,0.75,0.75,0.75
4111803,1.0,0.9429824561403509,1.0,1.0,1.0,0.7828947368421053,1.0,0.8859649122807017,0.44956140350877194,0.5548245614035088,0.10526315789473684,0.2916666666666667,456,11,0.9857,0.9172,0.3503
4111902,1.0,1.0,1.0,1.0,1.0,1.0,1.0,1.0,1.0,1.0,1.0,1.0,232,2,1.0,1.0,1.0
4112009,1.0,0.9346534653465347,1.0,1.0,0.9841584158415841,0.9841584158415841,1.0,1.0,0.801980198019802,0.801980198019802,0.0,0.9861386138613861,505,13,0.9837,0.9921,0.6475
4112108,1.0,0.9230769230769231,1.0,1.0,1.0,0.4666666666666667,1.0,0.24102564102564103,0.4307692307692308,0.4307692307692308,0.0,0.0,195,5,0.9808,0.6769,0.2154
4112207,1.0,0.0,1.0,1.0,1.0,0.9090909090909091,1.0,0.09090909090909091,0.09090909090909091,1.0,0.9090909090909091,0.9090909090909091,66,2,0.75,0.75,0.7273
4112306,1.0,0.0,1.0,1.0,1.0,0.0,1.0,0.0,0.0,0.0,0.0,0.0,65,1,0.75,0.5,0.0
4112405,1.0,1.0,1.0,1.0,1.0,1.0,1.0,1.0,1.0,1.0,0.0,1.0,108,1,1.0,1.0,0.75
4112504,1.0,0.4153846153846154,1.0,1.0,1.0,0.9615384615384616,1.0,1.0,0.9153846153846154,0.9153846153846154,0.3923076923076923,1.0,130,5,0.8538,0.9904,0.8058
4112603,1.0,0.0,1.0,1.0,1.0,0.0,1.0,1.0,1.0,1.0,0.0,0.0,19,1,0.75,0.75,0.5
4112702,1.0,1.0,1.0,1.0,1.0,0.3352272727272727,1.0,0.6647727272727273,0.6647727272727273,1.0,0.3352272727272727,0.8579545454545454,176,4,1.0,0.75,0.7145
4112751,1.0,0.0,1.0,1.0,1.0,0.0,1.0,0.8571428571428571,0.8571428571428571,0.8571428571428571,0.0,0.8571428571428571,70,2,0.75,0.7143,0.6429
4112801,1.0,0.9605911330049262,1.0,1.0,1.0,0.0,1.0,0.2955665024630542,0.6157635467980296,0.6157635467980296,0.0,0.2561576354679803,203,5,0.9901,0.5739,0.3719
4112900,1.0,0.0,1.0,1.0,1.0,0.0,1.0,1.0,1.0,1.0,0.0,1.0,46,1,0.75,0.75,0.75
4112959,1.0,0.0,1.0,1.0,1.0,1.0,1.0,0.8271604938271605,1.0,1.0,0.0,0.0,81,3,0.75,0.9568,0.5
4113007,1.0,1.0,1.0,1.0,1.0,0.0,1.0,1.0,1.0,1.0,0.0,0.0,98,1,1.0,0.75,0.5
4113106,1.0,0.0,1.0,1.0,1.0,0.8648648648648649,1.0,0.8648648648648649,1.0,1.0,0.0,0.0,74,2,0.75,0.9324,0.5
4113205,1.0,0.6998368678629691,1.0,0.9249592169657422,1.0,0.5269168026101142,1.0,0.8548123980424144,0.15823817292006526,0.802610114192496,0.6884176182707994,0.636215334420881,613,22,0.9062,0.8454,0.5714
4113254,1.0,0.0,1.0,0.8518518518518519,1.0,0.0,1.0,0.2962962962962963,0.7037037037037037,0.7037037037037037,0.0,0.0,108,3,0.713,0.5741,0.3519
4113304,1.0,0.7992633517495396,1.0,0.990791896869245,1.0,1.0,1.0,0.007366482504604052,0.27255985267034993,0.35174953959484345,0.07918968692449356,0.007366482504604052,543,14,0.9475,0.7518,0.1777
4113403,1.0,0.0,1.0,1.0,1.0,0.8775510204081632,1.0,0.8775510204081632,0.061224489795918366,0.061224489795918366,0.0,0.8775510204081632,49,3,0.75,0.9388,0.25
4113429,1.0,0.0,1.0,1.0,1.0,0.75,1.0,1.0,0.0,0.0,0.0,1.0,36,2,0.75,0.9375,0.25
4113452,1.0,0.0,1.0,0.8939393939393939,1.0,0.6818181818181818,1.0,0.8939393939393939,0.0,0.0,0.0,0.21212121212121213,66,3,0.7235,0.8939,0.053
4113502,1.0,0.6225165562913907,1.0,1.0,1.0,0.0,1.0,0.2119205298013245,0.0,0.4867549668874172,0.4867549668874172,0.0,302,5,0.9056,0.553,0.2434
4113601,1.0,1.0,1.0,1.0,1.0,1.0,1.0,1.0,1.0,1.0,0.0,0.0,55,1,1.0,1.0,0.5
4113700,1.0,0.9300674476393326,1.0,0.9875754348597799,0.9966276180333689,0.793574724884629,1.0,0.6831735889243876,0.08484203052893148,0.8940362087326944,0.8310259140930067,0.26641817536386225,5634,89,0.9794,0.8683,0.5191
4113734,1.0,0.0,1.0,1.0,1.0,1.0,1.0,1.0,1.0,1.0,0.0,1.0,85,1,0.75,1.0,0.75
4113759,1.0,0.0,1.0,1.0,1.0,0.9354838709677419,1.0,0.9354838709677419,0.9354838709677419,0.9354838709677419,0.0,0.9354838709677419,62,2,0.75,0.9677,0.7016
4113809,1.0,0.0,1.0,1.0,1.0,0.0,1.0,1.0,1.0,1.0,0.0,1.0,27,1,0.75,0.75,0.75
4113908,1.0,0.6928104575163399,1.0,1.0,1.0,0.0,1.0,0.8104575163398693,0.0,0.35294117647058826,0.35294117647058826,0.0,153,6,0.9232,0.7026,0.1765
4114005,1.0,1.0,1.0,1.0,1.0,0.0,1.0,1.0,0.0,0.3284671532846715,0.3284671532846715,0.0,137,4,1.0,0.75,0.1642
4114104,1.0,0.9534883720930233,1.0,1.0,1.0,0.0,1.0,0.0,0.32041343669250644,0.32041343669250644,0.0,0.0,387,5,0.9884,0.5,0.1602
4114203,1.0,1.0,1.0,1.0,1.0,1.0,1.0,1.0,0.8631346578366446,0.8631346578366446,0.0,1.0,453,6,1.0,1.0,0.6816
4114302,1.0,0.5582655826558266,1.0,1.0,1.0,0.0,1.0,0.7398373983739838,0.5582655826558266,1.0,0.6341463414634146,0.0,369,4,0.8896,0.685,0.5481
4114351,1.0,0.6,1.0,1.0,1.0,0.4,1.0,1.0,1.0,1.0,0.0,0.4,25,2,0.9,0.85,0.6
4114401,1.0,0.696113074204947,1.0,1.0,1.0,0.09187279151943463,1.0,0.09187279151943463,0.9575971731448764,0.9575971731448764,0.06007067137809187,0.09187279151943463,283,9,0.924,0.5459,0.5168
4114500,1.0,0.0,1.0,0.9222797927461139,1.0,0.538860103626943,1.0,0.46113989637305697,0.538860103626943,0.538860103626943,0.538860103626943,0.20207253886010362,193,7,0.7306,0.75,0.4547
4114609,1.0,0.45667125171939477,1.0,1.0,1.0,0.3356258596973865,1.0,0.6822558459422283,0.2668500687757909,0.312242090784044,0.0453920220082531,0.0453920220082531,727,17,0.8642,0.7545,0.1675
4114708,1.0,0.0,1.0,1.0,1.0,0.0,1.0,0.0,1.0,1.0,0.0,0.922077922077922,77,2,0.75,0.5,0.7305
4114807,1.0,0.676923076923077,1.0,1.0,1.0,0.0,1.0,0.35,0.3903846153846154,0.875,0.4846153846153846,0.0,520,9,0.9192,0.5875,0.4375
4114906,1.0,0.8,1.0,1.0,1.0,0.0,1.0,1.0,0.0,0.0,0.0,0.12727272727272726,110,4,0.95,0.75,0.0318
4115002,1.0,0.0,1.0,1.0,1.0,0.41346153846153844,1.0,0.0,0.0,0.0,0.0,0.0,104,2,0.75,0.6034,0.0
4115101,1.0,0.8571428571428571,1.0,1.0,1.0,0.0,1.0,0.0,0.14285714285714285,1.0,0.8571428571428571,0.0,168,2,0.9643,0.5,0.5
4115200,1.0,0.8983647798742138,1.0,1.0,1.0,0.7152201257861636,1.0,0.579622641509434,0.9738364779874213,0.9738364779874213,0.0940880503144654,0.8744654088050314,3975,53,0.9746,0.8237,0.7291
4115309,1.0,0.5319148936170213,1.0,1.0,1.0,0.0,1.0,1.0,1.0,1.0,0.0,0.0,94,2,0.883,0.75,0.5
4115358,1.0,0.0,0.9320388349514563,1.0,1.0,0.883495145631068,1.0,0.0,0.0,1.0,1.0,0.883495145631068,103,3,0.733,0.7209,0.7209
4115408,1.0,0.9765258215962441,1.0,1.0,1.0,0.7136150234741784,1.0,1.0,0.45539906103286387,0.45539906103286387,0.0,0.4647887323943662,213,6,0.9941,0.9284,0.3439
4115457,1.0,0.0,1.0,1.0,1.0,1.0,1.0,1.0,0.0,1.0,1.0,1.0,50,3,0.75,1.0,0.75
4115507,1.0,0.0,1.0,1.0,1.0,1.0,1.0,1.0,1.0,1.0,0.0,1.0,65,1,0.75,1.0,0.75
4115606,1.0,0.5135135135135135,1.0,1.0,1.0,0.637065637065637,1.0,0.3436293436293436,0.15444015444015444,0.7027027027027027,0.5482625482625483,0.19305019305019305,259,7,0.8784,0.7452,0.3996
4115705,1.0,0.7993421052631579,1.0,1.0,1.0,0.15625,1.0,0.3569078947368421,1.0,1.0,0.15625,0.15625,608,7,0.9498,0.6283,0.5781
4115739,1.0,0.0,1.0,1.0,1.0,0.7777777777777778,1.0,1.0,0.2222222222222222,0.2222222222222222,0.0,0.0,45,2,0.75,0.9444,0.1111
4115754,1.0,0.0,1.0,0.43125,1.0,0.0,1.0,0.56875,0.8625,1.0,0.1375,0.0,160,4,0.6078,0.6422,0.5
4115804,1.0,0.22911051212938005,1.0,1.0,1.0,0.6347708894878706,1.0,0.6522911051212938,0.35983827493261455,0.4865229110512129,0.12668463611859837,0.2857142857142857,742,13,0.8073,0.8218,0.3147
4115853,1.0,0.0,1.0,1.0,1.0,1.0,1.0,1.0,1.0,1.0,0.0,1.0,85,2,0.75,1.0,0.75
4115903,1.0,0.0,1.0,1.0,1.0,0.0,1.0,0.0,0.7906976744186046,0.7906976744186046,0.0,0.0,43,2,0.75,0.5,0.3953
4116000,1.0,0.0,1.0,1.0,1.0,1.0,1.0,1.0,1.0,1.0,0.0,1.0,37,1,0.75,1.0,0.75
4116059,1.0,0.0,1.0,1.0,1.0,0.6737588652482269,1.0,1.0,0.46099290780141844,0.9290780141843972,0.46808510638297873,0.20567375886524822,141,6,0.75,0.9184,0.516
4116109,1.0,0.0,1.0,1.0,1.0,0.3358208955223881,1.0,0.3880597014925373,0.7835820895522388,0.835820895522388,0.05223880597014925,0.0,134,5,0.75,0.681,0.4179
4116208,1.0,0.8505747126436781,1.0,1.0,1.0,0.14942528735632185,1.0,0.4942528735632184,0.3563218390804598,0.3563218390804598,0.007662835249042145,0.0,261,13,0.9626,0.6609,0.1801
4116307,1.0,0.0,1.0,1.0,1.0,0.0,1.0,1.0,1.0,1.0,0.0,0.0,48,1,0.75,0.75,0.5
4116406,1.0,0.0,1.0,1.0,1.0,0.0,1.0,0.0,1.0,1.0,0.0,0.0,58,1,0.75,0.5,0.5
4116505,1.0,1.0,1.0,1.0,1.0,0.0,1.0,0.0,1.0,1.0,0.0,0.0,22,1,1.0,0.5,0.5
4116604,1.0,0.0,1.0,1.0,1.0,0.0,1.0,0.0,0.0,0.0,0.0,0.0,37,1,0.75,0.5,0.0
4116703,1.0,0.9432624113475178,1.0,1.0,1.0,0.0,1.0,0.624113475177305,0.9432624113475178,0.9432624113475178,0.0,0.0,141,5,0.9858,0.656,0.4716
4116802,1.0,0.14583333333333334,1.0,1.0,1.0,0.125,1.0,1.0,0.8541666666666666,0.8541666666666666,0.0,0.125,96,3,0.7865,0.7812,0.4583
4116901,1.0,0.8265682656826568,1.0,1.0,1.0,0.2029520295202952,1.0,0.988929889298893,0.16236162361623616,0.41697416974169743,0.25461254612546125,0.5092250922509225,271,7,0.9566,0.798,0.3358
4116950,1.0,0.0,1.0,1.0,1.0,0.0,1.0,0.0,0.9375,0.9375,0.0,0.0,80,3,0.75,0.5,0.4688
4117008,1.0,0.0,1.0,1.0,1.0,0.0425531914893617,1.0,0.851063829787234,0.8085106382978723,0.8085106382978723,0.8085106382978723,0.0,94,3,0.75,0.7234,0.6064
4117057,1.0,0.41509433962264153,1.0,0.9056603773584906,1.0,0.7987421383647799,1.0,0.9056603773584906,1.0,1.0,0.0,0.7610062893081762,159,11,0.8302,0.9261,0.6903
4117107,1.0,1.0,1.0,1.0,1.0,0.0,1.0,1.0,0.5202020202020202,0.5202020202020202,0.37373737373737376,0.5909090909090909,198,4,1.0,0.75,0.5013
4117206,1.0,0.0,1.0,1.0,1.0,1.0,1.0,1.0,0.0,1.0,1.0,1.0,63,1,0.75,1.0,0.75
4117214,1.0,0.5769230769230769,1.0,1.0,1.0,1.0,1.0,1.0,1.0,1.0,0.4230769230769231,0.5769230769230769,52,2,0.8942,1.0,0.75
4117222,1.0,0.0,1.0,1.0,1.0,0.8571428571428571,1.0,0.8571428571428571,0.8571428571428571,0.8571428571428571,0.0,0.0,147,4,0.75,0.9286,0.4286
4117255,1.0,0.0,1.0,1.0,1.0,0.0,1.0,1.0,0.5290322580645161,0.5290322580645161,0.0,0.0,155,3,0.75,0.75,0.2645
4117271,1.0,0.0,1.0,1.0,1.0,0.7375,1.0,0.7375,0.4,0.4,0.0,0.1375,80,6,0.75,0.8688,0.2344
4117297,1.0,0.0,1.0,1.0,1.0,0.0,1.0,1.0,1.0,1.0,0.0,0.0,37,1,0.75,0.75,0.5
4117305,0.985632183908046,0.5747126436781609,1.0,0.9540229885057471,1.0,0.9712643678160919,1.0,0.7931034482758621,0.42528735632183906,0.42528735632183906,0.0,0.25287356321839083,348,14,0.8786,0.9411,0.2759
4117404,1.0,0.0,1.0,1.0,1.0,1.0,1.0,1.0,1.0,1.0,0.0,1.0,45,1,0.75,1.0,0.75
4117453,1.0,0.0,1.0,1.0,1.0,1.0,1.0,1.0,1.0,1.0,0.0,1.0,102,2,0.75,1.0,0.75
4117503,1.0,0.7470198675496689,1.0,1.0,1.0,0.14437086092715232,1.0,0.33642384105960266,0.19205298013245034,0.20927152317880796,0.017218543046357615,0.0,755,8,0.9368,0.6202,0.1046
4117602,1.0,0.8442521631644005,1.0,0.9740420271940667,1.0,0.9258343634116193,1.0,0.9035846724351051,0.9629171817058096,0.9629171817058096,0.13720642768850433,0.8318912237330037,809,15,0.9546,0.9574,0.7237
4117701,1.0,0.7413394919168591,1.0,1.0,1.0,0.15011547344110854,1.0,0.7321016166281755,0.7251732101616628,0.7251732101616628,0.0,0.23094688221709006,433,13,0.9353,0.7206,0.4203
4117800,1.0,0.0,1.0,0.8457142857142858,1.0,0.011428571428571429,1.0,0.08571428571428572,0.49142857142857144,0.49142857142857144,0.0,0.0,175,10,0.7114,0.5243,0.2457
4117909,1.0,0.3954022988505747,1.0,1.0,1.0,0.9379310344827586,1.0,0.496551724137931,1.0,1.0,0.0,0.11494252873563218,435,10,0.8489,0.8586,0.5287
4118006,1.0,1.0,1.0,1.0,1.0,1.0,1.0,1.0,0.0,1.0,1.0,1.0,155,2,1.0,1.0,0.75
4118105,1.0,1.0,1.0,1.0,1.0,0.2962962962962963,1.0,1.0,0.0,1.0,1.0,1.0,135,2,1.0,0.8241,0.75
4118204,1.0,0.9801749271137026,0.9988338192419826,1.0,0.9889212827988338,0.4075801749271137,0.9988338192419826,0.8297376093294461,0.43673469387755104,0.5737609329446064,0.353935860058309,0.7335276967930029,1715,45,0.9948,0.8063,0.5245
4118303,1.0,0.0,1.0,1.0,1.0,0.0,1.0,1.0,0.0,1.0,1.0,1.0,38,1,0.75,0.75,0.75
4118402,1.0,0.8427860696517413,1.0,1.0,1.0,0.13333333333333333,1.0,0.5263681592039801,0.2099502487562189,0.6537313432835821,0.4437810945273632,0.030845771144278607,1005,19,0.9607,0.6649,0.3346
4118451,1.0,0.0,1.0,1.0,1.0,1.0,1.0,1.0,1.0,1.0,0.0,1.0,87,1,0.75,1.0,0.75
4118501,1.0,0.9083484573502723,1.0,0.9954627949183303,1.0,0.9482758620689655,1.0,0.25499092558983666,0.0018148820326678765,0.690562613430127,0.6887477313974592,0.08983666061705989,1102,27,0.976,0.8008,0.3677
4118600,1.0,0.2823529411764706,1.0,1.0,1.0,1.0,1.0,1.0,1.0,1.0,0.0,0.5411764705882353,85,4,0.8206,1.0,0.6353
4118709,1.0,0.0,1.0,1.0,1.0,0.1935483870967742,1.0,0.7096774193548387,0.0,0.0,0.0,0.1935483870967742,93,4,0.75,0.7258,0.0484
4118808,1.0,0.0,1.0,1.0,1.0,1.0,1.0,1.0,1.0,1.0,0.32967032967032966,0.6703296703296703,182,5,0.75,1.0,0.75
4118857,1.0,0.9405940594059405,1.0,1.0,1.0,1.0,1.0,1.0,0.0,0.0,0.0,1.0,101,2,0.9851,1.0,0.25
4118907,1.0,0.0,1.0,1.0,1.0,0.379746835443038,1.0,1.0,1.0,1.0,0.379746835443038,0.379746835443038,158,2,0.75,0.8449,0.6899
4119004,1.0,0.8028169014084507,1.0,0.9295774647887324,1.0,0.647887323943662,1.0,0.8028169014084507,0.8450704225352113,0.8450704225352113,0.0,0.9295774647887324,71,4,0.9331,0.8627,0.6549
4119103,1.0,0.2815533980582524,1.0,1.0,1.0,0.6310679611650486,1.0,0.7378640776699029,0.7378640776699029,0.7378640776699029,0.10679611650485436,0.616504854368932,206,7,0.8204,0.8422,0.5498
4119152,1.0,1.0,1.0,1.0,1.0,0.8783000643915003,1.0,0.9220862846104314,0.7649710238248552,0.8512556342562781,0.12491951062459755,0.9607211848036059,1553,22,1.0,0.9501,0.6755
4119202,1.0,0.0,1.0,1.0,1.0,0.0,1.0,0.0,1.0,1.0,0.0,0.10843373493975904,83,3,0.75,0.5,0.5271
4119251,1.0,0.0,1.0,1.0,1.0,1.0,1.0,1.0,1.0,1.0,1.0,1.0,35,1,0.75,1.0,1.0
4119301,1.0,0.7127882599580713,0.9916142557651991,0.9727463312368972,1.0,0.13836477987421383,1.0,0.7756813417190775,0.8238993710691824,0.8406708595387841,0.0649895178197065,0.40461215932914046,477,15,0.9193,0.7285,0.5335
4119400,1.0,0.8173374613003096,1.0,0.9256965944272446,1.0,0.9752321981424149,1.0,1.0,0.9597523219814241,0.9597523219814241,0.0,0.30340557275541796,323,10,0.9358,0.9938,0.5557
4119509,1.0,0.9904076738609112,1.0,1.0,1.0,0.6163069544364509,1.0,0.6938449240607514,0.9112709832134293,0.9112709832134293,0.01838529176658673,0.3780975219824141,1251,20,0.9976,0.8275,0.5548
4119608,1.0,0.5714285714285714,1.0,0.9478458049886621,1.0,0.6961451247165533,1.0,0.9251700680272109,0.049886621315192746,0.20861678004535147,0.15873015873015872,0.4126984126984127,441,16,0.8798,0.9053,0.2075
4119657,1.0,0.0,1.0,1.0,1.0,1.0,1.0,1.0,0.0,1.0,1.0,1.0,34,1,0.75,1.0,0.75
4119707,1.0,0.0,1.0,1.0,1.0,0.0,1.0,1.0,1.0,1.0,0.0,1.0,75,1,0.75,0.75,0.75
4119806,1.0,0.0,1.0,1.0,1.0,0.0,1.0,0.0,1.0,1.0,0.0,0.0,149,6,0.75,0.5,0.5
4119905,0.9962825278810409,0.9705981750591416,1.0,1.0,0.9854680635349781,0.20412301453193646,0.9854680635349781,0.45454545454545453,0.8840824602906387,0.8840824602906387,0.1155795876985468,0.22608989523487666,2959,88,0.9917,0.6574,0.5275
4119954,1.0,0.9401709401709402,1.0,1.0,1.0,0.6623931623931624,1.0,0.4636752136752137,0.9978632478632479,0.9978632478632479,0.1623931623931624,0.6688034188034188,468,10,0.985,0.7815,0.7067
4120002,1.0,1.0,1.0,1.0,1.0,0.08602150537634409,1.0,0.08602150537634409,1.0,1.0,0.0,0.08602150537634409,93,4,1.0,0.543,0.5215
4120101,1.0,1.0,1.0,1.0,1.0,0.0,1.0,0.5714285714285714,0.0,1.0,1.0,0.0,63,2,1.0,0.6429,0.5
4120150,1.0,0.0,1.0,0.7727272727272727,1.0,0.0,1.0,0.0,0.0,0.0,0.0,0.0,44,4,0.6932,0.5,0.0
4120200,1.0,1.0,1.0,1.0,1.0,0.0,1.0,1.0,1.0,1.0,0.0,1.0,50,1,1.0,0.75,0.75
4120309,1.0,0.0,1.0,1.0,1.0,1.0,1.0,1.0,0.0,0.0,0.0,0.9107142857142857,56,3,0.75,1.0,0.2277
4120333,1.0,1.0,1.0,1.0,1.0,1.0,1.0,1.0,1.0,1.0,1.0,1.0,78,1,1.0,1.0,1.0
4120358,1.0,0.0,1.0,1.0,1.0,0.0,1.0,0.0,0.6,0.6,0.0,0.08,100,4,0.75,0.5,0.32
4120408,1.0,1.0,1.0,1.0,1.0,0.0,1.0,0.4117647058823529,0.0,0.4117647058823529,0.4117647058823529,0.0,51,2,1.0,0.6029,0.2059
4120507,1.0,1.0,1.0,1.0,1.0,0.7731958762886598,1.0,1.0,0.7731958762886598,0.7731958762886598,0.0,0.0,97,3,1.0,0.9433,0.3866
4120606,1.0,0.5181268882175226,1.0,0.9259818731117825,1.0,0.09818731117824774,1.0,0.2598187311178248,0.4229607250755287,0.4229607250755287,0.0,0.0,662,42,0.861,0.5895,0.2115
4120655,1.0,0.23636363636363636,1.0,1.0,1.0,0.0,1.0,0.0,0.7636363636363637,0.7636363636363637,0.0,0.0,55,2,0.8091,0.5,0.3818
4120705,1.0,1.0,1.0,1.0,1.0,1.0,1.0,1.0,1.0,1.0,1.0,0.0,90,1,1.0,1.0,0.75
4120804,1.0,0.9169329073482428,1.0,1.0,1.0,0.2715654952076677,1.0,1.0,0.7220447284345048,0.7220447284345048,0.0,0.6645367412140575,313,7,0.9792,0.8179,0.5272
4120853,1.0,0.0,1.0,1.0,1.0,1.0,1.0,1.0,0.0,1.0,1.0,1.0,65,1,0.75,1.0,0.75
4120903,1.0,0.5133928571428571,1.0,0.7700892857142857,1.0,0.8928571428571429,1.0,0.9754464285714286,0.1875,0.6227678571428571,0.578125,0.8928571428571429,448,17,0.8209,0.9671,0.5703
4121000,1.0,0.01092896174863388,1.0,1.0,1.0,0.0,1.0,0.8415300546448088,0.5191256830601093,0.5300546448087432,0.01092896174863388,0.0,183,5,0.7527,0.7104,0.265
4121109,1.0,0.0,1.0,1.0,1.0,0.0,1.0,1.0,1.0,1.0,0.0,1.0,66,1,0.75,0.75,0.75
4121208,1.0,0.5228215767634855,1.0,1.0,1.0,0.07468879668049792,1.0,0.07468879668049792,0.5767634854771784,0.5767634854771784,0.0,0.0,241,7,0.8807,0.5373,0.2884
4121257,1.0,0.0,1.0,1.0,1.0,1.0,1.0,1.0,1.0,1.0,0.0,1.0,63,1,0.75,1.0,0.75
4121307,1.0,0.0,1.0,1.0,1.0,1.0,1.0,1.0,1.0,1.0,0.0,1.0,41,1,0.75,1.0,0.75
4121356,1.0,0.0,1.0,1.0,1.0,1.0,1.0,1.0,1.0,1.0,0.0,1.0,39,1,0.75,1.0,0.75
4121406,1.0,0.8938053097345132,1.0,1.0,1.0,0.6061946902654868,1.0,0.9026548672566371,0.8893805309734514,0.8893805309734514,0.09734513274336283,0.6150442477876106,226,8,0.9735,0.8772,0.6228
4121505,1.0,0.6509803921568628,1.0,0.9372549019607843,1.0,0.5686274509803921,1.0,0.47058823529411764,0.12549019607843137,0.5333333333333333,0.40784313725490196,0.0,255,8,0.8971,0.7598,0.2667
4121604,1.0,1.0,1.0,1.0,1.0,1.0,1.0,1.0,1.0,1.0,1.0,1.0,83,1,1.0,1.0,1.0
4121703,1.0,0.7525773195876289,1.0,0.9432989690721649,0.9664948453608248,0.16494845360824742,1.0,0.27835051546391754,0.8144329896907216,0.8144329896907216,0.0,0.0,388,11,0.924,0.6024,0.4072
4121752,1.0,0.8652482269503546,1.0,0.9078014184397163,1.0,0.723404255319149,1.0,0.9078014184397163,0.9078014184397163,0.9078014184397163,0.0,0.0,141,4,0.9433,0.9078,0.4539
4121802,1.0,1.0,1.0,1.0,1.0,0.6623376623376623,1.0,0.922077922077922,0.38961038961038963,0.42857142857142855,0.03896103896103896,0.03896103896103896,154,6,1.0,0.8961,0.224
4121901,1.0,0.9285714285714286,1.0,1.0,1.0,0.0,0.9285714285714286,0.2922077922077922,0.0,0.512987012987013,0.512987012987013,0.0,154,5,0.9821,0.5552,0.2565
4122008,1.0,0.5406976744186046,1.0,1.0,1.0,0.622093023255814,1.0,0.622093023255814,0.7790697674418605,0.7790697674418605,0.0755813953488372,0.5406976744186046,172,8,0.8852,0.811,0.5436
4122107,1.0,0.0,1.0,1.0,1.0,0.0,1.0,1.0,0.8421052631578947,1.0,0.15789473684210525,0.8421052631578947,38,2,0.75,0.75,0.7105
4122156,0.6,0.0,1.0,0.5625,1.0,0.6666666666666666,1.0,0.7375,0.1875,1.0,0.8125,0.3375,240,9,0.5406,0.851,0.5844
4122172,1.0,0.6268656716417911,1.0,1.0,0.9104477611940298,0.0,0.9104477611940298,0.6268656716417911,0.6268656716417911,0.6268656716417911,0.0,0.0,67,4,0.9067,0.6119,0.3134
4122206,0.9555555555555556,0.8085470085470086,1.0,0.9658119658119658,0.9794871794871794,0.17264957264957265,0.9794871794871794,0.3230769230769231,0.37435897435897436,0.4495726495726496,0.07521367521367521,0.07521367521367521,585,24,0.9325,0.6137,0.2436
4122305,1.0,0.5616740088105727,1.0,1.0,1.0,1.0,1.0,0.9515418502202643,0.7268722466960352,0.7268722466960352,0.0,0.22026431718061673,454,14,0.8904,0.9879,0.4185
4122404,1.0,0.7911857292759706,1.0,1.0,1.0,0.18992654774396642,1.0,0.4249737670514166,0.0,0.8688352570828961,0.8688352570828961,0.19622245540398742,953,12,0.9478,0.6537,0.4835
4122503,1.0,0.0,1.0,1.0,1.0,0.3870967741935484,1.0,1.0,0.8951612903225806,1.0,0.10483870967741936,1.0,124,3,0.75,0.8468,0.75
4122602,1.0,0.9611650485436893,1.0,1.0,1.0,0.0,1.0,0.0,0.9611650485436893,0.9611650485436893,0.0,0.0,103,2,0.9903,0.5,0.4806
4122651,1.0,0.8928571428571429,1.0,1.0,1.0,0.8928571428571429,1.0,0.8928571428571429,0.8928571428571429,0.8928571428571429,0.0,0.0,56,3,0.9732,0.9464,0.4464
4122701,1.0,0.0,1.0,1.0,1.0,0.0,1.0,0.0,0.0,0.4728682170542636,0.4728682170542636,0.0,129,2,0.75,0.5,0.2364
4122800,1.0,0.0,1.0,1.0,1.0,0.0,1.0,0.0,0.0,0.0,0.0,0.0,63,1,0.75,0.5,0.0
4122909,1.0,1.0,1.0,1.0,1.0,0.0,1.0,0.0,0.9411764705882353,0.9411764705882353,0.0,0.0,68,2,1.0,0.5,0.4706
4123006,1.0,0.5314009661835749,1.0,0.8405797101449275,1.0,0.8405797101449275,1.0,1.0,0.9227053140096618,0.9227053140096618,0.0,0.8405797101449275,207,7,0.843,0.9601,0.6715
4123105,1.0,0.16,1.0,1.0,1.0,0.1,1.0,0.1,0.74,0.74,0.0,0.0,50,3,0.79,0.55,0.37
4123204,1.0,1.0,1.0,1.0,1.0,0.0,1.0,1.0,0.0,1.0,1.0,1.0,41,1,1.0,0.75,0.75
4123303,1.0,0.5087719298245614,1.0,1.0,1.0,0.06140350877192982,1.0,0.45614035087719296,1.0,1.0,0.0,0.06140350877192982,114,4,0.8772,0.6294,0.5154
4123402,1.0,0.3492063492063492,1.0,1.0,1.0,1.0,1.0,0.0,1.0,1.0,0.6507936507936508,0.0,126,2,0.8373,0.75,0.6627
4123501,1.0,0.5470737913486005,1.0,1.0,1.0,0.6335877862595419,1.0,0.8676844783715013,1.0,1.0,0.0,0.7404580152671756,393,9,0.8868,0.8753,0.6851
4123600,1.0,0.0,1.0,1.0,1.0,0.0,1.0,0.0,0.0,0.0,0.0,0.0,27,1,0.75,0.5,0.0
4123709,1.0,1.0,1.0,1.0,1.0,1.0,1.0,1.0,1.0,1.0,0.3925233644859813,0.1308411214953271,107,3,1.0,1.0,0.6308
4123808,1.0,0.10526315789473684,1.0,1.0,1.0,0.3223684210526316,1.0,0.9605263157894737,1.0,1.0,0.0,0.9802631578947368,152,6,0.7763,0.8207,0.7451
4123824,1.0,0.0,1.0,1.0,1.0,0.0,1.0,1.0,1.0,1.0,0.0,0.125,48,2,0.75,0.75,0.5312
4123857,1.0,0.0,1.0,0.8870967741935484,1.0,0.6532258064516129,1.0,0.6532258064516129,0.0967741935483871,0.0967741935483871,0.0,0.75,124,9,0.7218,0.8266,0.2359
4123907,1.0,0.4,1.0,1.0,1.0,1.0,1.0,1.0,1.0,1.0,0.0,0.6,105,3,0.85,1.0,0.65
4123956,1.0,0.0,1.0,1.0,1.0,0.0,1.0,0.0,0.0,0.0,0.0,0.0,51,2,0.75,0.5,0.0
4124004,1.0,0.0,1.0,1.0,1.0,1.0,1.0,1.0,1.0,1.0,1.0,1.0,73,1,0.75,1.0,1.0
4124020,1.0,0.0,1.0,1.0,1.0,0.0,1.0,0.6355140186915887,1.0,1.0,0.0,0.0,214,4,0.75,0.6589,0.5
4124053,1.0,1.0,1.0,1.0,1.0,0.686411149825784,1.0,1.0,1.0,1.0,0.0,1.0,287,5,1.0,0.9216,0.75
4124103,1.0,0.9714285714285714,1.0,0.9969924812030075,0.9969924812030075,0.21353383458646616,0.9954887218045113,0.8150375939849624,0.5834586466165413,0.5834586466165413,0.0,0.38345864661654133,665,12,0.9921,0.7553,0.3876
4124202,1.0,0.0,1.0,1.0,1.0,0.0,1.0,0.0,1.0,1.0,0.0,0.0,37,1,0.75,0.5,0.5
4124301,1.0,0.0,1.0,1.0,1.0,0.0,1.0,0.0,0.0,0.0,0.0,1.0,19,1,0.75,0.5,0.25
4124400,1.0,0.6176470588235294,1.0,1.0,1.0,0.6838235294117647,1.0,0.9522058823529411,0.9742647058823529,0.9742647058823529,0.23529411764705882,0.8823529411764706,272,11,0.9044,0.909,0.7665
4124509,1.0,1.0,1.0,1.0,1.0,1.0,1.0,1.0,1.0,1.0,0.0,1.0,94,1,1.0,1.0,0.75
4124608,1.0,0.0,1.0,1.0,1.0,1.0,1.0,1.0,0.0,1.0,1.0,1.0,107,1,0.75,1.0,0.75
4124707,1.0,0.03076923076923077,1.0,1.0,1.0,0.2,1.0,0.46923076923076923,0.08461538461538462,0.08461538461538462,0.0,0.13846153846153847,130,9,0.7577,0.6673,0.0769
4124806,1.0,0.5032679738562091,1.0,1.0,1.0,0.27450980392156865,1.0,0.7254901960784313,0.7973856209150327,0.8627450980392157,0.06535947712418301,0.2875816993464052,153,6,0.8758,0.75,0.5033
4124905,1.0,1.0,1.0,1.0,1.0,1.0,1.0,1.0,0.0,0.0,0.0,1.0,88,1,1.0,1.0,0.25
4125001,1.0,0.44545454545454544,1.0,1.0,1.0,0.44545454545454544,1.0,0.4818181818181818,0.9181818181818182,0.9181818181818182,0.0,0.0,110,5,0.8614,0.7318,0.4591
4125100,1.0,0.33962264150943394,1.0,1.0,1.0,1.0,1.0,0.4591194968553459,0.5031446540880503,0.610062893081761,0.1069182389937107,0.33962264150943394,159,8,0.8349,0.8648,0.3899
4125209,1.0,0.0,0.6033057851239669,1.0,1.0,0.5289256198347108,1.0,1.0,0.9669421487603306,0.9669421487603306,0.38016528925619836,0.39669421487603307,121,6,0.6508,0.8822,0.6777
4125308,1.0,1.0,1.0,1.0,1.0,1.0,1.0,1.0,0.0,1.0,1.0,1.0,52,1,1.0,1.0,0.75
4125357,1.0,0.0,1.0,1.0,1.0,1.0,1.0,0.0,0.0,1.0,1.0,1.0,79,1,0.75,0.75,0.75
4125407,1.0,0.0,1.0,1.0,1.0,1.0,1.0,1.0,1.0,1.0,0.0,1.0,73,1,0.75,1.0,0.75
4125456,1.0,0.0,1.0,1.0,1.0,0.0,1.0,0.0,1.0,1.0,0.0,0.0,54,1,0.75,0.5,0.5
4125506,1.0,0.8029177718832892,1.0,1.0,1.0,0.176657824933687,0.9811671087533157,0.43050397877984087,0.6519893899204244,0.7663129973474802,0.1843501326259947,0.18275862068965518,3770,60,0.9507,0.6471,0.4464
4125555,1.0,0.0,1.0,1.0,1.0,1.0,1.0,1.0,1.0,1.0,0.0,0.0,23,1,0.75,1.0,0.5
4125605,0.9650485436893204,0.47572815533980584,1.0,1.0,1.0,0.5242718446601942,1.0,0.6407766990291263,0.3048543689320388,0.3048543689320388,0.0,0.0,515,20,0.8602,0.7913,0.1524
4125704,1.0,0.571072319201995,1.0,0.9825436408977556,1.0,0.286783042394015,1.0,0.5261845386533666,0.4763092269326683,0.4763092269326683,0.034912718204488775,0.1172069825436409,401,14,0.8884,0.7032,0.2762
4125753,1.0,0.0,1.0,1.0,1.0,0.5733333333333334,1.0,0.5733333333333334,0.7333333333333333,0.7333333333333333,0.0,0.5733333333333334,75,3,0.75,0.7867,0.51
4125803,1.0,0.5543478260869565,1.0,1.0,1.0,0.9782608695652174,1.0,1.0,0.5760869565217391,1.0,0.42391304347826086,0.9782608695652174,92,3,0.8886,0.9946,0.7446
4125902,1.0,0.0,1.0,1.0,1.0,0.0,1.0,0.4358974358974359,0.5641025641025641,0.5641025641025641,0.0,0.0,39,2,0.75,0.609,0.2821
4126009,1.0,0.0,1.0,1.0,1.0,0.0,1.0,0.5,0.5,0.5,0.0,0.5,82,2,0.75,0.625,0.375
4126108,1.0,0.0,1.0,1.0,1.0,0.0,1.0,1.0,1.0,1.0,0.0,0.0,81,1,0.75,0.75,0.5
4126207,1.0,0.0,1.0,1.0,1.0,0.5412844036697247,1.0,0.4954128440366973,0.0,0.9174311926605505,0.9174311926605505,0.0,109,6,0.75,0.7592,0.4587
4126256,1.0,0.3782166367444644,1.0,1.0,1.0,0.5972471573907839,1.0,0.4805505685218432,0.5391980849790544,0.6810293237582286,0.38479952124476363,0.0,1671,17,0.8446,0.7694,0.4013
4126272,1.0,0.0,1.0,1.0,1.0,1.0,1.0,1.0,1.0,1.0,1.0,1.0,107,1,0.75,1.0,1.0
4126306,1.0,0.8091286307053942,1.0,1.0,1.0,0.45643153526970953,1.0,0.5145228215767634,0.995850622406639,0.995850622406639,0.0,0.43568464730290457,241,8,0.9523,0.7427,0.6068
4126355,1.0,0.0,1.0,1.0,1.0,1.0,1.0,1.0,1.0,1.0,0.0,1.0,59,1,0.75,1.0,0.75
4126405,1.0,0.0967741935483871,1.0,1.0,1.0,0.06451612903225806,1.0,0.16129032258064516,0.8387096774193549,0.8387096774193549,0.0,0.0,62,4,0.7742,0.5565,0.4194
4126504,1.0,1.0,1.0,1.0,1.0,0.0,1.0,1.0,1.0,1.0,0.0,0.1564625850340136,147,4,1.0,0.75,0.5391
4126603,1.0,0.8868501529051988,1.0,1.0,1.0,0.22935779816513763,1.0,1.0,0.27522935779816515,0.27522935779816515,0.0,0.0,327,9,0.9717,0.8073,0.1376
4126652,1.0,0.0,1.0,1.0,1.0,1.0,1.0,1.0,1.0,1.0,0.0,1.0,31,1,0.75,1.0,0.75
4126678,1.0,0.6839080459770115,1.0,0.9885057471264368,0.9195402298850575,0.6494252873563219,1.0,0.6494252873563219,0.9885057471264368,0.9885057471264368,0.0,0.22413793103448276,174,5,0.9181,0.8046,0.5503
4126702,1.0,0.0,1.0,1.0,1.0,1.0,1.0,1.0,1.0,1.0,0.0,1.0,58,1,0.75,1.0,0.75
4126801,0.6666666666666666,1.0,1.0,1.0,1.0,0.2347417840375587,1.0,0.8732394366197183,1.0,1.0,0.0,0.7652582159624414,213,4,0.9167,0.777,0.6913
4126900,1.0,0.0,1.0,1.0,1.0,1.0,1.0,1.0,1.0,1.0,0.10526315789473684,1.0,57,3,0.75,1.0,0.7763
4127007,1.0,0.46938775510204084,1.0,1.0,1.0,0.24489795918367346,1.0,0.5170068027210885,0.1836734693877551,0.6530612244897959,0.46938775510204084,0.1836734693877551,147,6,0.8673,0.6905,0.3724
4127106,1.0,0.9489695780176644,1.0,1.0,1.0,0.6928361138370952,1.0,0.2718351324828263,0.5819430814524044,0.8949950932286556,0.31305201177625125,0.17762512266928362,1019,23,0.9872,0.7412,0.4919
4127205,1.0,0.691304347826087,1.0,0.7130434782608696,1.0,0.28695652173913044,1.0,0.28695652173913044,0.9782608695652174,0.9782608695652174,0.0,0.0,230,6,0.8511,0.6435,0.4891
4127304,1.0,0.6951871657754011,1.0,1.0,1.0,0.06417112299465241,1.0,0.06417112299465241,0.47058823529411764,1.0,0.5294117647058824,0.5347593582887701,187,4,0.9238,0.5321,0.6337
4127403,1.0,0.8502024291497976,1.0,1.0,1.0,0.9392712550607287,1.0,0.9595141700404858,0.9230769230769231,0.9230769230769231,0.0,0.9595141700404858,247,7,0.9626,0.9747,0.7014
4127502,1.0,0.646875,1.0,1.0,1.0,1.0,1.0,1.0,0.36875,0.36875,0.153125,1.0,320,5,0.9117,1.0,0.4727
4127601,1.0,0.0,1.0,1.0,1.0,0.0,1.0,0.7526881720430108,0.6093189964157706,0.6093189964157706,0.0,0.0,279,10,0.75,0.6882,0.3047
4127700,1.0,0.7188591385331781,1.0,1.0,1.0,0.9610011641443539,1.0,1.0,0.490104772991851,0.9610011641443539,0.5325960419091967,1.0,1718,36,0.9297,0.9903,0.7459
4127809,1.0,0.691358024691358,1.0,0.9876543209876543,1.0,0.691358024691358,1.0,0.6790123456790124,0.691358024691358,0.691358024691358,0.6790123456790124,0.012345679012345678,81,6,0.9198,0.8426,0.5185
4127858,1.0,0.5838926174496645,1.0,1.0,1.0,0.9731543624161074,1.0,1.0,0.28859060402684567,0.87248322147651,0.5838926174496645,0.9463087248322147,149,5,0.896,0.9933,0.6728
4127882,1.0,1.0,1.0,1.0,1.0,0.8317757009345794,1.0,1.0,1.0,1.0,0.16822429906542055,0.0,107,2,1.0,0.9579,0.5421
4127908,1.0,0.648854961832061,1.0,1.0,1.0,0.8549618320610687,1.0,0.8549618320610687,1.0,1.0,0.0,0.7557251908396947,131,4,0.9122,0.9275,0.6889
4127957,1.0,0.0,1.0,1.0,1.0,0.0,1.0,0.1506849315068493,0.0,1.0,1.0,0.0,73,3,0.75,0.5377,0.5
4127965,1.0,0.6174242424242424,0.8636363636363636,1.0,1.0,0.007575757575757576,1.0,0.045454545454545456,0.9053030303030303,0.9545454545454546,0.04924242424242424,0.045454545454545456,264,7,0.8703,0.5133,0.4886
4128005,1.0,0.7527272727272727,1.0,1.0,1.0,0.6909090909090909,1.0,0.5745454545454546,0.5054545454545455,0.5854545454545454,0.4218181818181818,0.49818181818181817,275,8,0.9382,0.8164,0.5027
4128104,1.0,0.9421560035056967,1.0,1.0,1.0,0.8571428571428571,1.0,0.4163014899211218,0.05959684487291849,0.3584574934268186,0.2988606485539001,0.0,1141,22,0.9855,0.8184,0.1792
4128203,1.0,0.8851251840942562,1.0,1.0,1.0,0.792341678939617,1.0,0.882179675994109,0.3961708394698085,0.3961708394698085,0.0,0.6067746686303387,679,24,0.9713,0.9186,0.3498
4128302,1.0,0.0,1.0,1.0,1.0,0.0,1.0,1.0,1.0,1.0,0.0,0.0,29,1,0.75,0.75,0.5
4128401,1.0,0.9262295081967213,1.0,1.0,1.0,0.9262295081967213,1.0,0.9262295081967213,1.0,1.0,0.0,0.0,122,3,0.9816,0.9631,0.5
4128500,1.0,0.7038461538461539,1.0,1.0,1.0,0.6692307692307692,1.0,0.36923076923076925,0.5192307692307693,0.6692307692307692,0.3730769230769231,0.2692307692307692,260,6,0.926,0.7596,0.4577
4128534,1.0,0.5109489051094891,1.0,1.0,1.0,0.5109489051094891,1.0,0.5109489051094891,0.8175182481751825,0.8175182481751825,0.0,0.0,137,4,0.8777,0.7555,0.4088
4128559,1.0,1.0,1.0,1.0,1.0,1.0,1.0,1.0,0.6595744680851063,0.6595744680851063,0.07446808510638298,0.07446808510638298,94,4,1.0,1.0,0.367
4128609,1.0,0.0,1.0,1.0,1.0,0.13793103448275862,1.0,0.9195402298850575,0.7816091954022989,0.7816091954022989,0.0,0.9195402298850575,87,4,0.75,0.7644,0.6207
4128625,1.0,0.0,1.0,1.0,1.0,1.0,1.0,1.0,1.0,1.0,1.0,0.0,35,1,0.75,1.0,0.75
4128633,0.6623376623376623,0.44155844155844154,1.0,0.4675324675324675,0.922077922077922,0.0,0.948051948051948,0.948051948051948,0.0,0.0,0.0,0.0,77,8,0.6429,0.7045,0.0
4128658,1.0,1.0,1.0,1.0,1.0,1.0,1.0,1.0,1.0,1.0,0.0,1.0,75,1,1.0,1.0,0.75
4128708,1.0,0.0,1.0,1.0,1.0,0.0,1.0,0.256,0.0,1.0,1.0,0.0,125,3,0.75,0.564,0.5
4128807,1.0,0.5348837209302325,1.0,1.0,1.0,0.0,1.0,0.5348837209302325,0.5348837209302325,0.5348837209302325,0.0,0.0,86,3,0.8837,0.6337,0.2674
4200051,1.0,1.0,1.0,1.0,1.0,1.0,1.0,1.0,1.0,1.0,0.0,0.0,32,1,1.0,1.0,0.5
4200101,1.0,0.0,1.0,0.7580071174377224,1.0,0.4128113879003559,1.0,0.900355871886121,0.9466192170818505,0.9466192170818505,0.0,0.4555160142348754,281,10,0.6895,0.8283,0.5872
4200200,1.0,0.9664804469273743,1.0,1.0,1.0,0.0,1.0,0.48044692737430167,0.35195530726256985,1.0,0.6480446927374302,0.16201117318435754,179,4,0.9916,0.6201,0.5405
4200309,1.0,0.0,1.0,1.0,1.0,0.0,1.0,1.0,0.0,0.17391304347826086,0.17391304347826086,0.0,69,2,0.75,0.75,0.087
4200408,1.0,0.6176470588235294,1.0,0.6176470588235294,1.0,0.6176470588235294,0.6176470588235294,0.6176470588235294,0.6176470588235294,0.6176470588235294,0.0,0.6176470588235294,102,4,0.8088,0.7132,0.4632
4200507,1.0,0.0,1.0,1.0,1.0,1.0,1.0,1.0,0.4878048780487805,0.4878048780487805,0.0,0.6219512195121951,82,5,0.75,1.0,0.3994
4200556,1.0,0.68,1.0,1.0,1.0,1.0,1.0,1.0,0.0,1.0,1.0,1.0,50,2,0.92,1.0,0.75
4200606,1.0,0.0,1.0,1.0,1.0,1.0,1.0,0.0,0.5514018691588785,0.5514018691588785,0.0,0.0,107,2,0.75,0.75,0.2757
4200705,1.0,0.6904761904761905,1.0,1.0,1.0,0.0,1.0,0.9464285714285714,0.5178571428571429,0.5178571428571429,0.0,0.0,168,6,0.9226,0.7366,0.2589
4200754,1.0,0.0,1.0,1.0,1.0,1.0,1.0,0.0,1.0,1.0,0.0,1.0,17,1,0.75,0.75,0.75
4200804,1.0,0.5,1.0,1.0,1.0,0.828125,1.0,1.0,1.0,1.0,0.0,0.828125,64,4,0.875,0.957,0.707
4200903,1.0,0.0,1.0,1.0,1.0,1.0,1.0,0.864406779661017,1.0,1.0,0.0,0.6610169491525424,59,4,0.75,0.9661,0.6653
4201000,1.0,0.0,1.0,1.0,1.0,1.0,1.0,1.0,0.7053571428571429,0.7053571428571429,0.7053571428571429,0.8303571428571429,112,6,0.75,1.0,0.7366
4201109,1.0,0.0,1.0,1.0,1.0,1.0,1.0,0.0,0.0,0.0,0.0,1.0,45,1,0.75,0.75,0.25
4201208,1.0,0.24210526315789474,1.0,1.0,1.0,0.7578947368421053,1.0,0.7578947368421053,0.24210526315789474,0.8947368421052632,0.6526315789473685,1.0,190,4,0.8105,0.8789,0.6974
4201257,1.0,0.6486486486486487,1.0,0.918918918918919,1.0,0.27702702702702703,1.0,0.34459459459459457,0.8040540540540541,0.8040540540540541,0.0,0.3108108108108108,148,8,0.8919,0.6554,0.4797
4201273,1.0,0.0,1.0,1.0,1.0,1.0,1.0,0.22950819672131148,1.0,1.0,0.7704918032786885,1.0,61,2,0.75,0.8074,0.9426
4201307,1.0,0.45240893066980026,1.0,1.0,0.9988249118683902,0.009400705052878966,1.0,0.010575793184488837,0.16803760282021152,0.5076380728554641,0.3396004700352526,0.08225616921269095,851,11,0.8631,0.5047,0.2744
4201406,0.915445321307779,0.7012401352874859,1.0,1.0,1.0,0.7632468996617813,1.0,0.4983089064261556,0.6843291995490417,0.705749718151071,0.02142051860202931,0.5310033821871477,887,25,0.9042,0.8154,0.4856
4201505,1.0,0.7372262773722628,1.0,1.0,1.0,0.6131386861313869,1.0,0.23357664233576642,0.6131386861313869,0.6131386861313869,0.0,0.48905109489051096,137,6,0.9343,0.7117,0.4288
4201604,1.0,1.0,1.0,1.0,1.0,0.0,1.0,0.0,1.0,1.0,1.0,0.0,32,1,1.0,0.5,0.75
4201653,1.0,0.0,1.0,1.0,1.0,1.0,1.0,1.0,1.0,1.0,0.0,1.0,33,1,0.75,1.0,0.75
4201703,1.0,1.0,1.0,1.0,1.0,0.7478991596638656,1.0,0.5042016806722689,0.7478991596638656,0.7478991596638656,0.0,0.7478991596638656,119,3,1.0,0.813,0.5609
4201802,1.0,0.0,1.0,1.0,1.0,1.0,1.0,0.8333333333333334,1.0,1.0,0.0,0.16666666666666666,36,2,0.75,0.9583,0.5417
4201901,1.0,0.8803418803418803,1.0,1.0,1.0,0.9316239316239316,1.0,1.0,0.8803418803418803,0.8803418803418803,0.0,0.2905982905982906,117,4,0.9701,0.9829,0.5128
4201950,1.0,0.0,1.0,1.0,1.0,0.0,1.0,0.44776119402985076,0.44776119402985076,0.44776119402985076,0.0,0.24378109452736318,201,3,0.75,0.6119,0.2848
4202008,1.0,0.9688212927756654,1.0,1.0,1.0,0.8965779467680608,1.0,0.7277566539923954,0.9475285171102662,0.9475285171102662,0.5779467680608364,0.9011406844106464,1315,16,0.9922,0.9061,0.8435
4202057,1.0,0.39,1.0,1.0,1.0,0.0,0.61,0.39,0.39,0.55,0.55,0.0,200,4,0.8475,0.5,0.3725
4202073,1.0,0.0,1.0,1.0,1.0,0.4711111111111111,1.0,0.21777777777777776,1.0,1.0,0.0,0.25333333333333335,225,4,0.75,0.6722,0.5633
4202081,1.0,0.0,1.0,1.0,1.0,1.0,1.0,1.0,1.0,1.0,0.0,1.0,48,2,0.75,1.0,0.75
4202099,1.0,0.0,1.0,1.0,1.0,1.0,1.0,1.0,0.2631578947368421,0.2631578947368421,0.2631578947368421,1.0,19,2,0.75,1.0,0.4474
4202107,1.0,0.7340569877883311,1.0,0.8616010854816825,1.0,1.0,1.0,0.7964721845318861,0.757123473541384,0.8724559023066486,0.8073270013568521,0.8616010854816825,737,11,0.8989,0.9491,0.8246
4202131,1.0,0.0,1.0,1.0,1.0,0.4642857142857143,1.0,0.5595238095238095,0.7619047619047619,0.7619047619047619,0.0,0.5595238095238095,84,5,0.75,0.756,0.5208
4202156,1.0,0.0,1.0,1.0,1.0,0.0,1.0,1.0,1.0,1.0,0.0,0.0,32,1,0.75,0.75,0.5
4202206,1.0,0.8861788617886179,1.0,1.0,1.0,1.0,1.0,0.16260162601626016,0.8861788617886179,0.8861788617886179,0.2764227642276423,0.2601626016260163,123,5,0.9715,0.7907,0.5772
4202305,1.0,0.7820646506777894,1.0,1.0,1.0,0.42857142857142855,1.0,0.34306569343065696,0.6673618352450469,0.8425443169968717,0.17518248175182483,0.23774765380604795,959,21,0.9455,0.6929,0.4807
4202404,1.0,0.8862583633556356,1.0,1.0,1.0,0.8736489963973237,1.0,0.968605249613999,0.34431291816778176,0.9333504889346371,0.6433350488934637,0.8926917138445702,3886,71,0.9716,0.9606,0.7034
4202438,1.0,0.782608695652174,1.0,1.0,1.0,0.782608695652174,1.0,0.782608695652174,0.782608695652174,0.927536231884058,0.14492753623188406,0.782608695652174,69,3,0.9457,0.8913,0.6594
4202453,1.0,0.1507537688442211,1.0,1.0,1.0,0.8542713567839196,1.0,1.0,1.0,1.0,0.1507537688442211,0.8542713567839196,398,5,0.7877,0.9636,0.7513
4202503,1.0,0.4,1.0,1.0,1.0,0.6,1.0,1.0,1.0,1.0,0.12307692307692308,1.0,65,3,0.85,0.9,0.7808
4202537,1.0,0.0,1.0,1.0,1.0,1.0,1.0,1.0,1.0,1.0,1.0,1.0,59,1,0.75,1.0,1.0
4202578,1.0,0.0,1.0,1.0,1.0,1.0,1.0,1.0,1.0,1.0,1.0,1.0,30,1,0.75,1.0,1.0
4202602,1.0,0.8320610687022901,1.0,1.0,1.0,0.32061068702290074,1.0,0.32061068702290074,0.5877862595419847,0.9541984732824428,0.366412213740458,0.31297709923664124,131,7,0.958,0.6603,0.5553
4202701,1.0,1.0,1.0,1.0,1.0,0.7578947368421053,1.0,0.6105263157894737,0.3894736842105263,1.0,0.6105263157894737,0.3894736842105263,95,3,1.0,0.8421,0.5974
4202800,1.0,0.7841140529531568,1.0,1.0,1.0,0.6924643584521385,1.0,0.6496945010183299,0.6843177189409368,0.6843177189409368,0.0,0.3910386965376782,491,10,0.946,0.8355,0.4399
4202859,1.0,1.0,1.0,1.0,1.0,1.0,1.0,1.0,1.0,1.0,0.0,0.5932203389830508,59,3,1.0,1.0,0.6483
4202875,1.0,0.0,1.0,0.90625,1.0,0.46875,1.0,0.46875,0.90625,0.90625,0.0,0.46875,32,3,0.7266,0.7344,0.5703
4202909,1.0,0.8035509736540665,1.0,1.0,1.0,0.6890034364261168,1.0,0.6391752577319587,0.8241695303550973,0.9879725085910653,0.44100801832760594,0.6792668957617412,1746,33,0.9509,0.832,0.7331
4203006,1.0,0.7947947947947948,1.0,1.0,1.0,0.9669669669669669,1.0,0.9529529529529529,0.8988988988988988,0.8988988988988988,0.14714714714714713,1.0,999,24,0.9487,0.98,0.7362
4203105,1.0,0.40963855421686746,1.0,1.0,1.0,1.0,1.0,1.0,1.0,1.0,0.0,1.0,83,3,0.8524,1.0,0.75
4203154,1.0,0.0,1.0,0.85,1.0,0.0,1.0,0.0,0.0,0.0,0.0,0.0,80,2,0.7125,0.5,0.0
4203204,1.0,1.0,1.0,1.0,1.0,0.3856041131105398,1.0,0.4736503856041131,0.6259640102827764,0.6259640102827764,0.35411311053984573,0.36632390745501286,1556,14,1.0,0.7148,0.4931
4203253,1.0,0.0,1.0,1.0,1.0,0.5142857142857142,1.0,0.0,0.5142857142857142,0.5142857142857142,0.0,0.0,35,2,0.75,0.6286,0.2571
4203303,1.0,0.0,1.0,1.0,1.0,0.5120481927710844,1.0,0.3493975903614458,0.0,0.7891566265060241,0.7891566265060241,0.0,166,5,0.75,0.7154,0.3946
4203402,1.0,0.6351351351351351,1.0,1.0,1.0,1.0,0.8918918918918919,0.7162162162162162,0.36486486486486486,0.5405405405405406,0.17567567567567569,0.36486486486486486,74,4,0.9088,0.902,0.3615
4203501,1.0,0.0,1.0,1.0,1.0,1.0,1.0,0.1830065359477124,0.05228758169934641,0.05228758169934641,0.0,0.1830065359477124,153,3,0.75,0.7958,0.0719
4203600,1.0,0.8461538461538461,1.0,0.9349112426035503,1.0,1.0,1.0,0.8856015779092702,0.834319526627219,0.834319526627219,0.0,0.9211045364891519,507,20,0.9453,0.9714,0.6474
4203709,1.0,0.0,1.0,1.0,1.0,0.8482758620689655,1.0,0.8551724137931035,0.32413793103448274,0.32413793103448274,0.15172413793103448,0.14482758620689656,145,6,0.75,0.9259,0.2362
4203808,0.989769820971867,0.3887468030690537,1.0,0.9948849104859335,1.0,0.9923273657289002,1.0,0.9923273657289002,0.9667519181585678,0.9923273657289002,0.11253196930946291,0.9578005115089514,782,27,0.8434,0.9962,0.7574
4203907,1.0,0.31333333333333335,1.0,1.0,1.0,1.0,1.0,0.8966666666666666,1.0,1.0,0.0,0.8966666666666666,300,7,0.8283,0.9742,0.7242
4203956,1.0,0.4472934472934473,1.0,1.0,1.0,0.8689458689458689,1.0,1.0,1.0,1.0,0.3247863247863248,0.4444444444444444,351,8,0.8618,0.9672,0.6923
4204004,1.0,1.0,1.0,1.0,1.0,1.0,1.0,0.13194444444444445,0.6041666666666666,1.0,1.0,0.0,144,3,1.0,0.783,0.651
4204103,1.0,0.10810810810810811,1.0,1.0,1.0,1.0,1.0,1.0,1.0,1.0,0.0,1.0,74,2,0.777,1.0,0.75
4204152,1.0,0.0,1.0,1.0,1.0,1.0,1.0,1.0,0.25,1.0,0.75,1.0,40,2,0.75,1.0,0.75
4204178,1.0,0.0,1.0,1.0,1.0,0.0,1.0,0.0,0.07272727272727272,0.07272727272727272,0.07272727272727272,0.0,55,4,0.75,0.5,0.0545
4204194,1.0,1.0,1.0,1.0,1.0,1.0,1.0,1.0,1.0,1.0,0.0,1.0,50,1,1.0,1.0,0.75
4204202,1.0,0.23521809369951535,1.0,0.9906300484652666,1.0,0.7269789983844911,1.0,0.6529886914378029,0.9489499192245557,0.9854604200323102,0.41421647819063007,0.6943457189014539,3095,61,0.8065,0.845,0.7607
4204251,1.0,1.0,1.0,1.0,1.0,0.43523316062176165,1.0,1.0,0.9326424870466321,1.0,0.689119170984456,1.0,193,5,1.0,0.8588,0.9054
4204301,1.0,0.41926070038910507,1.0,1.0,1.0,0.9377431906614786,1.0,0.9552529182879378,1.0,1.0,0.0,0.8803501945525292,1028,35,0.8548,0.9732,0.7201
4204350,1.0,0.7123287671232876,1.0,1.0,1.0,1.0,1.0,1.0,1.0,1.0,1.0,0.0,73,2,0.9281,1.0,0.75
4204400,1.0,0.256,1.0,0.936,1.0,0.992,1.0,0.992,0.496,0.496,0.0,0.4,125,6,0.798,0.996,0.348
4204459,1.0,1.0,1.0,1.0,1.0,1.0,1.0,1.0,1.0,1.0,0.0,1.0,21,1,1.0,1.0,0.75
4204509,1.0,0.0,1.0,1.0,1.0,1.0,1.0,1.0,1.0,1.0,0.6,0.8913043478260869,230,4,0.75,1.0,0.8728
4204558,1.0,0.9271844660194175,1.0,0.9271844660194175,0.9466019417475728,0.6893203883495146,0.9514563106796117,0.4077669902912621,0.3883495145631068,0.8786407766990292,0.49029126213592233,0.21359223300970873,206,11,0.9636,0.7488,0.4927
4204608,1.0,0.8152492668621701,1.0,1.0,1.0,0.6866359447004609,1.0,0.8169250104733976,0.7716799329702555,0.88353581901969,0.28068705488060325,0.605362379555928,2387,60,0.9538,0.8759,0.6353
4204707,1.0,0.2894736842105263,1.0,0.9342105263157895,1.0,1.0,1.0,1.0,1.0,1.0,0.0,0.9342105263157895,152,4,0.8059,1.0,0.7336
4204756,1.0,0.0,1.0,1.0,1.0,1.0,1.0,1.0,0.7878787878787878,0.7878787878787878,0.0,1.0,33,2,0.75,1.0,0.6439
4204806,1.0,0.8472727272727273,1.0,1.0,1.0,1.0,0.9163636363636364,0.6327272727272727,1.0,1.0,0.0,0.9563636363636364,550,11,0.9618,0.8873,0.7391
4204905,1.0,0.9222222222222223,1.0,0.9222222222222223,1.0,0.25555555555555554,1.0,0.0,0.25555555555555554,0.25555555555555554,0.0,0.17777777777777778,90,3,0.9611,0.5639,0.1722
4205001,1.0,0.6178010471204188,1.0,0.9319371727748691,1.0,0.7486910994764397,1.0,0.7486910994764397,0.1518324607329843,0.2198952879581152,0.06806282722513089,0.7120418848167539,191,10,0.8874,0.8743,0.288
4205100,1.0,0.0,1.0,1.0,1.0,1.0,1.0,1.0,0.2033898305084746,0.2033898305084746,0.0,1.0,59,2,0.75,1.0,0.3517
4205159,1.0,1.0,1.0,1.0,1.0,1.0,1.0,1.0,0.0,0.0,0.0,1.0,40,1,1.0,1.0,0.25
4205175,0.8301886792452831,0.5660377358490566,1.0,0.5660377358490566,1.0,0.8679245283018868,1.0,0.8679245283018868,0.5660377358490566,0.5660377358490566,0.0,0.6981132075471698,53,5,0.7406,0.934,0.4575
4205191,1.0,0.0,1.0,1.0,1.0,0.0,1.0,0.0,0.0,0.0,0.0,0.0,54,1,0.75,0.5,0.0
4205209,1.0,0.0,1.0,1.0,1.0,1.0,1.0,1.0,1.0,1.0,0.0,1.0,50,1,0.75,1.0,0.75
4205308,1.0,0.87248322147651,1.0,1.0,1.0,0.5637583892617449,1.0,0.2684563758389262,1.0,1.0,0.2684563758389262,0.2684563758389262,149,5,0.9681,0.7081,0.6342
4205357,1.0,0.0,1.0,1.0,1.0,1.0,1.0,1.0,1.0,1.0,0.0,1.0,25,1,0.75,1.0,0.75
4205407,1.0,0.5802752293577982,1.0,1.0,1.0,0.756651376146789,1.0,0.801605504587156,0.9704128440366973,0.976605504587156,0.3231651376146789,0.9135321100917431,4360,69,0.8951,0.8896,0.7959
4205431,1.0,0.0,1.0,1.0,1.0,1.0,1.0,1.0,1.0,1.0,0.0,1.0,29,1,0.75,1.0,0.75
4205456,1.0,0.954248366013072,1.0,1.0,1.0,0.8997821350762527,1.0,0.4923747276688453,0.8997821350762527,0.8997821350762527,0.0,0.3093681917211329,459,8,0.9886,0.848,0.5272
4205506,1.0,0.7175141242937854,1.0,1.0,1.0,0.6064030131826742,1.0,0.6064030131826742,0.9566854990583804,0.9566854990583804,0.0,0.6064030131826742,531,15,0.9294,0.8032,0.6299
4205555,1.0,0.0,1.0,1.0,1.0,1.0,1.0,1.0,0.0,0.0,0.0,1.0,36,2,0.75,1.0,0.25
4205605,1.0,0.0,1.0,1.0,1.0,1.0,1.0,1.0,1.0,1.0,0.0,1.0,39,1,0.75,1.0,0.75
4205704,1.0,0.0,1.0,1.0,1.0,0.3277511961722488,1.0,0.3277511961722488,0.7655502392344498,0.7655502392344498,0.0,0.3277511961722488,418,12,0.75,0.6639,0.4647
4205803,1.0,0.10037174721189591,1.0,0.9962825278810409,1.0,0.0037174721189591076,0.3420074349442379,0.0037174721189591076,0.0,0.07063197026022305,0.07063197026022305,0.0,269,7,0.7742,0.3374,0.0353
4205902,1.0,0.38626609442060084,1.0,1.0,1.0,0.7982832618025751,1.0,0.3293991416309013,0.8487124463519313,0.8487124463519313,0.1148068669527897,0.3261802575107296,932,19,0.8466,0.7819,0.5346
4206009,1.0,0.0,1.0,1.0,1.0,0.8970588235294118,1.0,0.6580882352941176,0.3713235294117647,0.3713235294117647,0.0,0.0,272,8,0.75,0.8888,0.1857
4206108,1.0,1.0,1.0,1.0,1.0,0.6476190476190476,1.0,0.6476190476190476,0.6476190476190476,0.6476190476190476,0.0,0.11428571428571428,105,3,1.0,0.8238,0.3524
4206207,0.94,0.66,1.0,1.0,1.0,0.7733333333333333,1.0,0.8533333333333334,0.7866666666666666,0.7866666666666666,0.0,0.8333333333333334,150,7,0.9,0.9067,0.6017
4206306,1.0,0.5642633228840125,1.0,1.0,1.0,0.6833855799373041,1.0,0.38557993730407525,0.9843260188087775,0.9843260188087775,0.3887147335423197,0.9843260188087775,319,11,0.8911,0.7672,0.8354
4206405,1.0,0.7803030303030303,1.0,1.0,1.0,1.0,1.0,0.2196969696969697,0.0,1.0,1.0,0.2196969696969697,132,3,0.9451,0.8049,0.5549
4206504,1.0,0.6178521617852162,1.0,1.0,1.0,0.9246861924686193,1.0,0.0,0.0,0.4490934449093445,0.4490934449093445,0.0,717,17,0.9045,0.7312,0.2245
4206603,1.0,0.0,1.0,1.0,1.0,1.0,1.0,1.0,1.0,1.0,0.0,1.0,61,1,0.75,1.0,0.75
4206652,1.0,0.0,1.0,1.0,1.0,0.85,1.0,0.7,0.7,0.7,0.0,0.85,140,3,0.75,0.8875,0.5625
4206702,1.0,0.9016393442622951,1.0,1.0,1.0,1.0,1.0,0.819672131147541,1.0,1.0,0.0,1.0,244,8,0.9754,0.9549,0.75
4206751,1.0,0.0,1.0,1.0,1.0,1.0,1.0,1.0,1.0,1.0,1.0,1.0,32,1,0.75,1.0,1.0
4206801,1.0,0.0,1.0,1.0,1.0,1.0,1.0,1.0,1.0,1.0,1.0,1.0,50,1,0.75,1.0,1.0
4206900,1.0,0.1059322033898305,1.0,1.0,1.0,1.0,1.0,1.0,0.8516949152542372,0.8516949152542372,0.16101694915254236,0.7457627118644068,236,6,0.7765,1.0,0.6525
4207007,1.0,0.44328703703703703,1.0,1.0,1.0,0.9837962962962963,1.0,0.7118055555555556,0.8032407407407407,0.8032407407407407,0.03356481481481482,0.8090277777777778,864,21,0.8608,0.9239,0.6123
4207106,1.0,0.4794952681388013,1.0,1.0,1.0,0.8485804416403786,1.0,0.6309148264984227,0.9621451104100947,0.9621451104100947,0.4794952681388013,0.7823343848580442,317,5,0.8699,0.8699,0.7965
4207205,1.0,0.5906040268456376,1.0,0.959731543624161,1.0,0.5906040268456376,1.0,0.697986577181208,0.7919463087248322,0.7919463087248322,0.42953020134228187,0.6711409395973155,149,9,0.8876,0.8221,0.6711
4207304,0.9122023809523809,0.11458333333333333,1.0,1.0,1.0,0.8005952380952381,1.0,0.7395833333333334,0.8139880952380952,0.8541666666666666,0.35714285714285715,0.7336309523809523,672,18,0.7567,0.885,0.6897
4207403,1.0,1.0,1.0,1.0,1.0,1.0,1.0,1.0,1.0,1.0,1.0,1.0,103,1,1.0,1.0,1.0
4207502,0.972972972972973,0.38253638253638256,1.0,1.0,1.0,0.9158004158004158,1.0,0.8908523908523909,0.9293139293139293,0.972972972972973,0.04365904365904366,0.8336798336798337,962,20,0.8389,0.9517,0.6949
4207577,1.0,0.0,1.0,1.0,1.0,1.0,1.0,0.0,1.0,1.0,0.0,1.0,37,1,0.75,0.75,0.75
4207601,1.0,0.0425531914893617,1.0,0.0425531914893617,1.0,1.0,0.9574468085106383,1.0,1.0,1.0,0.0,1.0,47,2,0.5213,0.9894,0.75
4207650,1.0,0.0,1.0,1.0,1.0,1.0,1.0,1.0,1.0,1.0,0.0,1.0,103,4,0.75,1.0,0.75
4207684,0.8222222222222222,0.39444444444444443,1.0,0.5277777777777778,1.0,0.9777777777777777,1.0,0.7222222222222222,0.5277777777777778,0.5277777777777778,0.0,0.7166666666666667,180,8,0.6861,0.925,0.4431
4207700,1.0,0.0,1.0,1.0,1.0,1.0,1.0,0.8715596330275229,0.8715596330275229,0.8715596330275229,0.0,0.7522935779816514,109,4,0.75,0.9679,0.6239
4207759,1.0,0.0,1.0,1.0,1.0,1.0,1.0,1.0,0.7142857142857143,0.7142857142857143,0.0,0.6530612244897959,49,4,0.75,1.0,0.5204
4207809,1.0,0.0,1.0,1.0,1.0,1.0,1.0,0.775,1.0,1.0,0.0,1.0,120,3,0.75,0.9438,0.75
4207858,1.0,0.0,1.0,1.0,1.0,1.0,1.0,1.0,0.30434782608695654,0.30434782608695654,0.30434782608695654,1.0,23,2,0.75,1.0,0.4783
4207908,1.0,0.6642335766423357,1.0,1.0,1.0,1.0,1.0,1.0,1.0,1.0,0.0,1.0,137,3,0.9161,1.0,0.75
4208005,1.0,0.7864077669902912,1.0,1.0,1.0,1.0,1.0,1.0,0.883495145631068,0.883495145631068,0.7864077669902912,1.0,103,3,0.9466,1.0,0.8883
4208104,1.0,0.29376854599406527,1.0,0.9465875370919882,1.0,0.8189910979228486,0.9703264094955489,0.7477744807121661,0.8931750741839762,0.8931750741839762,0.06528189910979229,0.6913946587537092,337,15,0.8101,0.8843,0.6358
4208203,1.0,0.7208817396484957,1.0,1.0,1.0,0.9690199582960977,1.0,0.9854036341971999,0.193923145665773,0.9544235924932976,0.861185582365207,0.9556151325588322,3357,44,0.9302,0.9886,0.7413
4208302,1.0,0.7164995442114859,1.0,1.0,1.0,0.7948951686417502,1.0,0.7301731996353692,1.0,1.0,0.10665451230628988,0.6216955332725616,1097,11,0.9291,0.8813,0.6821
4208401,1.0,0.6909090909090909,1.0,1.0,1.0,1.0,0.7863636363636364,0.8045454545454546,0.8954545454545455,0.8954545454545455,0.0,0.8227272727272728,220,8,0.9227,0.8977,0.6534
4208450,1.0,0.0,1.0,0.8788546255506607,1.0,0.9691629955947136,0.7334801762114538,0.4581497797356828,1.0,1.0,0.0,0.22246696035242292,454,6,0.7197,0.7902,0.5556
4208500,1.0,0.7404580152671756,1.0,1.0,1.0,0.7353689567430025,1.0,0.7302798982188295,0.7455470737913485,0.8040712468193384,0.16793893129770993,0.9541984732824428,393,12,0.9351,0.8664,0.6679
4208609,1.0,0.0,1.0,1.0,1.0,1.0,1.0,1.0,1.0,1.0,1.0,1.0,61,1,0.75,1.0,1.0
4208708,1.0,0.43089430894308944,1.0,1.0,1.0,1.0,1.0,0.7479674796747967,1.0,1.0,0.0,0.6910569105691057,123,5,0.8577,0.937,0.6728
4208807,1.0,0.09840425531914894,1.0,1.0,1.0,0.09574468085106383,1.0,0.31648936170212766,0.7526595744680851,0.7526595744680851,0.0,0.4627659574468085,376,7,0.7746,0.6031,0.492
4208906,1.0,0.9253663003663004,1.0,1.0,1.0,0.9262820512820513,1.0,0.33516483516483514,0.929945054945055,0.929945054945055,0.12774725274725274,0.23901098901098902,2184,38,0.9813,0.8154,0.5567
4208955,1.0,0.0,1.0,1.0,1.0,1.0,1.0,1.0,1.0,1.0,0.0,1.0,17,1,0.75,1.0,0.75
4209003,1.0,0.7556270096463023,1.0,1.0,1.0,0.8520900321543409,1.0,1.0,1.0,1.0,0.0,1.0,311,6,0.9389,0.963,0.75
4209102,1.0,0.8853099730458222,1.0,1.0,1.0,0.8866576819407008,1.0,0.23544474393530998,0.9555256064690026,0.9602425876010782,0.17183288409703504,0.7826145552560647,7420,96,0.9713,0.7805,0.7176
4209151,1.0,0.0,1.0,0.5694444444444444,1.0,0.7013888888888888,1.0,1.0,0.20833333333333334,0.5694444444444444,0.3611111111111111,0.5694444444444444,144,5,0.6424,0.9253,0.4271
4209177,1.0,0.0,1.0,1.0,1.0,1.0,1.0,1.0,1.0,1.0,0.0,1.0,22,1,0.75,1.0,0.75
4209201,1.0,0.0,1.0,1.0,1.0,1.0,1.0,1.0,1.0,1.0,0.0,1.0,26,1,0.75,1.0,0.75
4209300,0.9837758112094396,0.8362831858407079,1.0,0.9941002949852508,1.0,0.5245821042281219,0.9906588003933137,0.6135693215339233,0.8082595870206489,0.8082595870206489,0.127826941986234,0.5019665683382497,2034,59,0.9535,0.7822,0.5616
4209409,0.9225512528473804,0.7129840546697038,1.0,1.0,1.0,0.7266514806378133,1.0,0.7744874715261959,0.6719817767653758,0.8428246013667426,0.17084282460136674,0.7471526195899773,439,19,0.9089,0.8753,0.6082
4209458,1.0,0.0,1.0,1.0,1.0,1.0,1.0,1.0,0.0,1.0,1.0,0.0,14,1,0.75,1.0,0.5
4209508,1.0,1.0,1.0,1.0,1.0,0.0,1.0,1.0,1.0,1.0,0.0,0.0,105,1,1.0,0.75,0.5
4209607,1.0,0.7526881720430108,1.0,1.0,1.0,0.7526881720430108,1.0,1.0,0.3333333333333333,0.8172043010752689,0.7204301075268817,0.6666666666666666,186,8,0.9382,0.9382,0.6344
4209706,1.0,0.7257383966244726,1.0,0.9282700421940928,1.0,1.0,1.0,0.620253164556962,0.23628691983122363,0.350210970464135,0.1518987341772152,0.7848101265822784,237,7,0.9135,0.9051,0.3808
4209805,1.0,0.5952380952380952,1.0,0.6666666666666666,1.0,0.6666666666666666,1.0,1.0,0.7142857142857143,0.7142857142857143,0.0,0.0,42,5,0.8155,0.9167,0.3571
4209854,1.0,0.8611111111111112,1.0,1.0,1.0,1.0,1.0,1.0,0.0,0.8611111111111112,0.8611111111111112,1.0,72,2,0.9653,1.0,0.6806
4209904,0.9532710280373832,0.7289719626168224,1.0,1.0,1.0,0.04672897196261682,1.0,0.04672897196261682,0.04672897196261682,0.04672897196261682,0.0,0.04672897196261682,214,5,0.9206,0.5234,0.035
4210001,1.0,0.6307053941908713,1.0,1.0,1.0,0.3029045643153527,1.0,0.5643153526970954,0.36929460580912865,0.36929460580912865,0.0,0.3775933609958506,241,8,0.9077,0.7168,0.279
4210035,1.0,1.0,1.0,1.0,1.0,1.0,1.0,1.0,1.0,1.0,1.0,1.0,99,1,1.0,1.0,1.0
4210050,1.0,0.0,1.0,1.0,1.0,1.0,1.0,0.0,0.3181818181818182,1.0,0.6818181818181818,0.0,22,2,0.75,0.75,0.5
4210100,1.0,0.07194244604316546,1.0,0.9482014388489208,1.0,0.660431654676259,0.9741007194244604,0.7510791366906475,0.4302158273381295,0.697841726618705,0.26762589928057556,0.739568345323741,695,22,0.755,0.8464,0.5338
4210209,0.8823529411764706,0.803921568627451,1.0,1.0,1.0,0.803921568627451,1.0,0.8823529411764706,0.803921568627451,0.803921568627451,0.3333333333333333,0.803921568627451,51,4,0.9216,0.9216,0.6863
4210308,1.0,0.7021276595744681,1.0,1.0,1.0,1.0,1.0,0.2978723404255319,1.0,1.0,0.0,0.0,94,3,0.9255,0.8245,0.5
4210407,1.0,0.1391304347826087,1.0,1.0,1.0,1.0,1.0,0.5217391304347826,1.0,1.0,0.0,0.6173913043478261,115,3,0.7848,0.8804,0.6543
4210506,1.0,0.07823960880195599,1.0,1.0,1.0,1.0,1.0,1.0,1.0,1.0,0.0,1.0,409,7,0.7696,1.0,0.75
4210555,1.0,0.0,1.0,1.0,1.0,1.0,1.0,0.0,0.0,0.0,0.0,0.0,29,1,0.75,0.75,0.0
4210605,1.0,0.24497991967871485,1.0,0.8554216867469879,1.0,1.0,1.0,0.7108433734939759,0.9196787148594378,0.9196787148594378,0.0,0.4859437751004016,249,9,0.7751,0.9277,0.5813
4210704,1.0,0.0,1.0,1.0,1.0,0.0,1.0,1.0,1.0,1.0,1.0,1.0,46,1,0.75,0.75,1.0
4210803,1.0,0.0,1.0,1.0,1.0,1.0,1.0,1.0,1.0,1.0,0.2717391304347826,0.7282608695652174,92,2,0.75,1.0,0.75
4210852,1.0,0.0,1.0,0.625,1.0,1.0,1.0,1.0,0.625,0.625,0.0,0.9375,32,3,0.6562,1.0,0.5469
4210902,1.0,0.0,1.0,1.0,1.0,1.0,1.0,1.0,1.0,1.0,0.0,1.0,47,1,0.75,1.0,0.75
4211009,1.0,0.0,1.0,1.0,1.0,1.0,1.0,1.0,1.0,1.0,0.0,1.0,139,4,0.75,1.0,0.75
4211058,1.0,0.975609756097561,1.0,0.975609756097561,1.0,0.725609756097561,1.0,0.975609756097561,0.6890243902439024,0.6890243902439024,0.0975609756097561,0.6890243902439024,164,7,0.9878,0.9253,0.5412
4211108,1.0,0.8818897637795275,1.0,1.0,1.0,0.8661417322834646,1.0,0.8031496062992126,0.25196850393700787,0.25196850393700787,0.0,1.0,127,5,0.9705,0.9173,0.376
4211207,1.0,1.0,1.0,1.0,1.0,0.7142857142857143,1.0,0.24436090225563908,0.0,0.9060150375939849,0.9060150375939849,0.7142857142857143,266,7,1.0,0.7397,0.6316
4211256,1.0,0.5714285714285714,1.0,1.0,1.0,1.0,1.0,1.0,1.0,1.0,0.0,1.0,35,2,0.8929,1.0,0.75
4211306,1.0,0.730566534914361,1.0,1.0,1.0,0.6982872200263505,1.0,0.8919631093544137,0.5428194993412385,0.6185770750988142,0.2378129117259552,0.5046113306982872,1518,20,0.9326,0.8976,0.476
4211405,1.0,0.0,1.0,1.0,1.0,1.0,1.0,1.0,1.0,1.0,1.0,1.0,72,1,0.75,1.0,1.0
4211454,1.0,0.0,1.0,1.0,1.0,1.0,1.0,1.0,1.0,1.0,0.0,1.0,61,2,0.75,1.0,0.75
4211504,1.0,0.29743589743589743,1.0,1.0,1.0,0.9230769230769231,1.0,0.9230769230769231,0.7076923076923077,0.7076923076923077,0.0,0.9230769230769231,195,5,0.8244,0.9615,0.5846
4211603,1.0,0.9487179487179487,1.0,1.0,1.0,1.0,1.0,0.30256410256410254,0.30256410256410254,0.7538461538461538,0.5230769230769231,0.6153846153846154,195,7,0.9872,0.8256,0.5487
4211652,1.0,0.0,1.0,1.0,1.0,1.0,1.0,1.0,1.0,1.0,1.0,1.0,25,1,0.75,1.0,1.0
4211702,1.0,0.8071428571428572,1.0,1.0,1.0,0.65,1.0,0.6821428571428572,0.4107142857142857,0.825,0.4142857142857143,0.5214285714285715,280,12,0.9518,0.833,0.5429
4211751,1.0,1.0,1.0,1.0,1.0,0.722007722007722,1.0,1.0,1.0,1.0,0.3281853281853282,1.0,259,7,1.0,0.9305,0.832
4211801,1.0,0.7945205479452054,1.0,1.0,1.0,1.0,1.0,1.0,1.0,1.0,0.0,1.0,73,3,0.9486,1.0,0.75
4211850,1.0,1.0,1.0,1.0,1.0,1.0,1.0,1.0,1.0,1.0,0.0,1.0,24,1,1.0,1.0,0.75
4211876,1.0,0.0,1.0,1.0,1.0,1.0,1.0,1.0,1.0,1.0,0.0,0.0,29,1,0.75,1.0,0.5
4211892,1.0,0.0,1.0,1.0,1.0,1.0,1.0,1.0,1.0,1.0,0.0,0.6818181818181818,44,2,0.75,1.0,0.6705
4211900,1.0,0.4231974921630094,1.0,1.0,1.0,0.40369209334726575,1.0,0.3772204806687565,0.7791710205503309,0.7791710205503309,0.09195402298850575,0.5269940787182167,2871,42,0.8558,0.6952,0.5443
4212007,0.07142857142857142,0.0,1.0,1.0,1.0,1.0,1.0,1.0,0.7410714285714286,0.7410714285714286,0.0,0.7410714285714286,112,3,0.5179,1.0,0.5558
4212056,1.0,0.8723404255319149,1.0,1.0,1.0,1.0,1.0,1.0,1.0,1.0,0.0,0.0,47,2,0.9681,1.0,0.5
4212106,1.0,0.3712871287128713,1.0,0.9653465346534653,1.0,0.8267326732673267,1.0,0.5544554455445545,1.0,1.0,0.0,0.3465346534653465,202,10,0.8342,0.8453,0.5866
4212205,1.0,0.20901639344262296,1.0,0.8114754098360656,1.0,0.0,1.0,1.0,0.20901639344262296,0.20901639344262296,0.0,0.45081967213114754,244,8,0.7551,0.75,0.2172
4212239,1.0,0.0,1.0,0.8787878787878788,1.0,1.0,1.0,1.0,0.8787878787878788,0.8787878787878788,0.0,1.0,66,3,0.7197,1.0,0.6894
4212254,1.0,0.6019417475728155,1.0,1.0,1.0,1.0,1.0,1.0,1.0,1.0,0.0,1.0,206,2,0.9005,1.0,0.75
4212270,1.0,0.0,1.0,1.0,1.0,1.0,1.0,0.4166666666666667,0.9861111111111112,0.9861111111111112,0.0,1.0,72,4,0.75,0.8542,0.7431
4212304,1.0,0.0,1.0,1.0,1.0,1.0,1.0,0.564625850340136,0.0,0.23809523809523808,0.23809523809523808,0.23809523809523808,147,4,0.75,0.8912,0.1786
4212403,1.0,0.0,1.0,1.0,1.0,0.12903225806451613,1.0,0.12903225806451613,0.1774193548387097,0.1774193548387097,0.0,0.12903225806451613,62,3,0.75,0.5645,0.121
4212502,1.0,0.2981132075471698,1.0,1.0,1.0,0.720754716981132,1.0,0.5830188679245283,0.44339622641509435,0.44339622641509435,0.0,0.2018867924528302,530,13,0.8245,0.8259,0.2722
4212601,1.0,0.0,1.0,1.0,1.0,1.0,1.0,1.0,1.0,1.0,0.0,1.0,27,1,0.75,1.0,0.75
4212650,1.0,0.40350877192982454,1.0,1.0,1.0,0.5,1.0,0.21052631578947367,0.5964912280701754,0.5964912280701754,0.13157894736842105,0.0,114,5,0.8509,0.6776,0.3311
4212700,1.0,0.72,1.0,1.0,1.0,0.0,1.0,0.0,0.0,0.0,0.0,0.0,75,2,0.93,0.5,0.0
4212809,1.0,0.678921568627451,1.0,1.0,1.0,0.696078431372549,1.0,0.24754901960784315,1.0,1.0,0.0,0.49264705882352944,408,5,0.9197,0.7359,0.6232
4212908,1.0,0.0,1.0,1.0,1.0,0.6654676258992805,1.0,1.0,1.0,1.0,0.3381294964028777,1.0,278,4,0.75,0.9164,0.8345
4213005,1.0,1.0,1.0,1.0,1.0,0.0,1.0,0.0,1.0,1.0,0.0,0.0,58,1,1.0,0.5,0.5
4213104,1.0,0.0,1.0,1.0,1.0,1.0,1.0,1.0,0.0,1.0,1.0,0.6825396825396826,63,3,0.75,1.0,0.6706
4213153,1.0,0.0,1.0,1.0,1.0,1.0,1.0,1.0,1.0,1.0,0.0,1.0,36,1,0.75,1.0,0.75
4213203,1.0,0.4088397790055249,1.0,1.0,1.0,1.0,1.0,1.0,0.9861878453038674,0.9861878453038674,0.0,0.9861878453038674,362,10,0.8522,1.0,0.7396
4213302,1.0,1.0,1.0,1.0,0.9577464788732394,0.9577464788732394,1.0,0.7323943661971831,0.43661971830985913,0.43661971830985913,0.0,0.9577464788732394,71,4,1.0,0.912,0.4577
4213351,1.0,1.0,1.0,0.7049180327868853,1.0,0.29508196721311475,0.0,0.0,0.0,0.0,0.0,0.0,61,2,0.9262,0.3238,0.0
4213401,1.0,0.5697674418604651,1.0,1.0,1.0,0.7325581395348837,1.0,1.0,1.0,1.0,0.0,1.0,172,4,0.8924,0.9331,0.75
4213500,1.0,1.0,1.0,1.0,1.0,1.0,1.0,1.0,1.0,1.0,0.19363395225464192,1.0,377,7,1.0,1.0,0.7984
4213609,1.0,0.6428571428571429,1.0,0.9707792207792207,1.0,0.8344155844155844,1.0,1.0,0.8766233766233766,0.8766233766233766,0.012987012987012988,0.9025974025974026,308,12,0.9034,0.9586,0.6672
4213708,0.7163636363636363,0.56,1.0,1.0,1.0,0.5454545454545454,0.7236363636363636,0.4581818181818182,0.6072727272727273,0.7236363636363636,0.1781818181818182,0.6072727272727273,275,6,0.8191,0.6818,0.5291
4213807,1.0,0.6440677966101694,1.0,1.0,1.0,1.0,1.0,0.5254237288135594,0.3559322033898305,0.5254237288135594,0.1694915254237288,0.5254237288135594,118,4,0.911,0.8814,0.3941
4213906,1.0,0.0,1.0,1.0,1.0,1.0,1.0,1.0,1.0,1.0,0.0,0.0,18,1,0.75,1.0,0.5
4214003,1.0,0.5442622950819672,1.0,1.0,1.0,0.9606557377049181,1.0,0.7049180327868853,0.9672131147540983,0.9672131147540983,0.0,0.9672131147540983,305,8,0.8861,0.9164,0.7254
4214102,1.0,0.0,1.0,1.0,1.0,1.0,1.0,1.0,0.0,0.0,0.0,1.0,20,1,0.75,1.0,0.25
4214151,1.0,0.0,1.0,1.0,1.0,1.0,1.0,1.0,1.0,1.0,0.0,1.0,45,1,0.75,1.0,0.75
4214201,1.0,0.0,1.0,0.937007874015748,1.0,1.0,1.0,1.0,1.0,1.0,0.0,0.937007874015748,127,3,0.7343,1.0,0.7343
4214300,1.0,0.5581395348837209,1.0,1.0,1.0,0.4418604651162791,0.4418604651162791,0.4418604651162791,0.2558139534883721,0.2558139534883721,0.0,0.2558139534883721,43,3,0.8895,0.5814,0.1919
4214409,1.0,0.0,1.0,1.0,1.0,1.0,1.0,1.0,1.0,1.0,0.0,1.0,108,2,0.75,1.0,0.75
4214508,1.0,0.625,1.0,1.0,1.0,1.0,1.0,1.0,0.8854166666666666,0.8854166666666666,0.0,0.8854166666666666,96,5,0.9062,1.0,0.6641
4214607,1.0,0.8362068965517241,1.0,1.0,1.0,1.0,1.0,0.1724137931034483,1.0,1.0,0.0,1.0,116,3,0.9591,0.7931,0.75
4214706,1.0,0.7727272727272727,1.0,1.0,1.0,1.0,1.0,1.0,0.0,1.0,1.0,1.0,132,2,0.9432,1.0,0.75
4214805,1.0,0.9234104046242775,1.0,1.0,1.0,0.8815028901734104,1.0,0.9263005780346821,0.476878612716763,0.6445086705202312,0.1676300578034682,0.9291907514450867,692,15,0.9809,0.952,0.5546
4214904,1.0,0.0,1.0,1.0,1.0,1.0,1.0,1.0,1.0,1.0,0.0,1.0,71,1,0.75,1.0,0.75
4215000,1.0,0.8951456310679612,1.0,1.0,1.0,0.941747572815534,1.0,1.0,0.8155339805825242,0.8155339805825242,0.0,1.0,515,15,0.9738,0.9854,0.6578
4215059,1.0,0.0,1.0,1.0,0.6388888888888888,0.6388888888888888,0.6388888888888888,0.0,0.6388888888888888,0.6388888888888888,0.0,0.0,36,2,0.75,0.4792,0.3194
4215075,1.0,0.0,1.0,1.0,1.0,0.78125,1.0,1.0,0.0,0.78125,0.78125,1.0,64,2,0.75,0.9453,0.6406
4215109,1.0,0.7738095238095238,1.0,1.0,1.0,0.8809523809523809,1.0,1.0,0.8273809523809523,1.0,0.26785714285714285,0.8928571428571429,168,6,0.9435,0.9702,0.747
4215208,1.0,0.0,1.0,0.9661016949152542,1.0,0.1694915254237288,1.0,0.1694915254237288,0.864406779661017,0.864406779661017,0.0,0.1694915254237288,59,3,0.7415,0.5847,0.4746
4215307,1.0,0.2072072072072072,1.0,1.0,1.0,1.0,1.0,0.6486486486486487,0.5045045045045045,0.5045045045045045,0.0,0.2702702702702703,111,4,0.8018,0.9122,0.3198
4215356,1.0,0.0,1.0,1.0,1.0,1.0,1.0,1.0,1.0,1.0,0.7323943661971831,1.0,71,2,0.75,1.0,0.9331
4215406,1.0,1.0,1.0,1.0,1.0,1.0,1.0,1.0,1.0,1.0,0.0,1.0,69,1,1.0,1.0,0.75
4215455,1.0,0.28160919540229884,1.0,1.0,1.0,0.7183908045977011,1.0,0.7586206896551724,0.7068965517241379,0.7068965517241379,0.2413793103448276,0.8160919540229885,174,4,0.8204,0.8693,0.6178
4215505,1.0,1.0,1.0,1.0,1.0,1.0,1.0,1.0,1.0,1.0,1.0,0.9724409448818898,254,4,1.0,1.0,0.9931
4215554,1.0,0.0,1.0,1.0,1.0,1.0,1.0,1.0,1.0,1.0,0.0,1.0,32,1,0.75,1.0,0.75
4215604,1.0,0.0,1.0,1.0,1.0,1.0,1.0,1.0,1.0,1.0,0.0,1.0,31,1,0.75,1.0,0.75
4215653,1.0,0.0,1.0,1.0,1.0,0.9051094890510949,1.0,0.8175182481751825,0.9051094890510949,0.9051094890510949,0.0,0.9051094890510949,137,5,0.75,0.9307,0.6788
4215679,1.0,0.7387387387387387,1.0,1.0,1.0,0.8918918918918919,1.0,0.8918918918918919,1.0,1.0,0.36936936936936937,0.36936936936936937,111,4,0.9347,0.9459,0.6847
4215687,1.0,0.0,1.0,1.0,1.0,1.0,1.0,1.0,1.0,1.0,0.15789473684210525,0.5789473684210527,38,3,0.75,1.0,0.6842
4215695,1.0,0.0,1.0,1.0,1.0,1.0,1.0,1.0,0.0,0.0,0.0,1.0,17,1,0.75,1.0,0.25
4215703,1.0,0.7963917525773195,1.0,1.0,1.0,0.25,1.0,0.3015463917525773,0.8505154639175257,0.9149484536082474,0.06443298969072164,0.4484536082474227,388,11,0.9491,0.6379,0.5696
4215752,1.0,0.0,1.0,1.0,1.0,1.0,1.0,1.0,1.0,1.0,1.0,1.0,45,1,0.75,1.0,1.0
4215802,1.0,0.45038910505836577,1.0,1.0,1.0,1.0,1.0,0.7334630350194552,0.8998054474708171,0.97568093385214,0.21595330739299612,0.796692607003891,1028,25,0.8626,0.9334,0.722
4215901,1.0,0.5806451612903226,1.0,1.0,1.0,0.41935483870967744,1.0,1.0,0.0,0.1935483870967742,0.1935483870967742,0.5806451612903226,31,5,0.8952,0.8548,0.2419
4216008,1.0,0.24817518248175183,1.0,1.0,1.0,0.5620437956204379,1.0,0.31386861313868614,0.8394160583941606,0.8394160583941606,0.24817518248175183,1.0,137,5,0.812,0.719,0.7318
4216057,1.0,1.0,1.0,1.0,1.0,1.0,1.0,1.0,0.0,0.0,0.0,1.0,86,3,1.0,1.0,0.25
4216107,0.9343065693430657,0.7664233576642335,1.0,0.948905109489051,1.0,0.9854014598540146,1.0,1.0,1.0,1.0,0.8832116788321168,1.0,137,5,0.9124,0.9964,0.9708
4216206,1.0,0.3547925608011445,1.0,1.0,1.0,0.37625178826895567,0.899856938483548,0.48783977110157367,0.7739628040057225,0.8297567954220315,0.3133047210300429,0.19742489270386265,699,21,0.8387,0.691,0.5286
4216255,1.0,0.0,1.0,0.9736842105263158,1.0,1.0,1.0,1.0,1.0,1.0,0.13157894736842105,0.7894736842105263,76,4,0.7434,1.0,0.7303
4216305,1.0,0.7105263157894737,1.0,1.0,1.0,0.46710526315789475,1.0,1.0,0.4934210526315789,0.4934210526315789,0.0,0.9144736842105263,456,10,0.9276,0.8668,0.4753
4216354,1.0,0.0,1.0,1.0,1.0,1.0,1.0,0.0,0.5056179775280899,1.0,1.0,0.0,89,3,0.75,0.75,0.6264
4216404,1.0,0.0,1.0,1.0,1.0,1.0,1.0,1.0,1.0,1.0,0.0,1.0,119,3,0.75,1.0,0.75
4216503,1.0,0.7787878787878788,1.0,1.0,1.0,0.8272727272727273,1.0,1.0,0.6484848484848484,0.7606060606060606,0.16363636363636364,0.8939393939393939,330,15,0.9447,0.9568,0.6167
4216602,0.9902218879277924,0.7134261000376081,1.0,1.0,1.0,0.7818728845430613,1.0,0.8992102294095524,0.8582173749529899,0.919894697254607,0.11733734486649117,0.8977059044753667,2659,40,0.9259,0.9203,0.6983
4216701,1.0,0.0,1.0,0.8228571428571428,1.0,0.92,1.0,0.92,0.7771428571428571,0.7771428571428571,0.0,0.17714285714285713,175,6,0.7057,0.96,0.4329
4216800,1.0,0.5,1.0,0.75,0.8068181818181818,0.7386363636363636,0.6477272727272727,0.6477272727272727,0.5,0.9772727272727273,0.5454545454545454,0.4318181818181818,88,14,0.8125,0.7102,0.6136
4216909,1.0,0.0,1.0,0.9692737430167597,1.0,1.0,1.0,1.0,1.0,1.0,0.0,1.0,358,8,0.7423,1.0,0.75
4217006,1.0,0.943127962085308,1.0,1.0,1.0,1.0,1.0,0.943127962085308,1.0,1.0,0.0,1.0,211,2,0.9858,0.9858,0.75
4217105,1.0,0.8421052631578947,1.0,1.0,1.0,0.8947368421052632,1.0,0.45614035087719296,0.45614035087719296,0.45614035087719296,0.0,0.45614035087719296,57,4,0.9605,0.8377,0.3421
4217154,1.0,0.0,1.0,1.0,1.0,1.0,1.0,1.0,1.0,1.0,0.0,1.0,16,1,0.75,1.0,0.75
4217204,1.0,0.5363825363825364,1.0,0.9792099792099792,1.0,0.8253638253638254,1.0,0.5384615384615384,0.817047817047817,0.9272349272349273,0.2494802494802495,0.49480249480249483,481,13,0.8789,0.841,0.6221
4217253,1.0,0.0,1.0,1.0,1.0,1.0,1.0,0.7638888888888888,0.7638888888888888,0.7638888888888888,0.0,1.0,72,2,0.75,0.941,0.6319
4217303,1.0,0.0,1.0,1.0,1.0,1.0,1.0,1.0,1.0,1.0,0.0,1.0,152,4,0.75,1.0,0.75
4217402,1.0,0.1695501730103806,1.0,1.0,1.0,0.3356401384083045,1.0,0.3356401384083045,0.6366782006920415,0.6366782006920415,0.0,0.0,289,8,0.7924,0.6678,0.3183
4217501,1.0,0.8669354838709677,1.0,1.0,1.0,1.0,0.3911290322580645,0.7217741935483871,0.38306451612903225,0.9919354838709677,0.6088709677419355,0.9435483870967742,248,9,0.9667,0.7782,0.7319
4217550,1.0,0.0,1.0,1.0,1.0,1.0,1.0,1.0,1.0,1.0,1.0,1.0,42,1,0.75,1.0,1.0
4217600,1.0,0.5616438356164384,1.0,1.0,1.0,0.6917808219178082,1.0,0.273972602739726,0.684931506849315,0.684931506849315,0.3835616438356164,0.3287671232876712,146,6,0.8904,0.7414,0.5205
4217709,0.9244851258581236,0.5240274599542334,1.0,1.0,1.0,0.7757437070938215,1.0,0.9244851258581236,0.9931350114416476,0.9931350114416476,0.07780320366132723,0.9382151029748284,437,13,0.8621,0.9251,0.7506
4217758,1.0,1.0,1.0,1.0,1.0,1.0,1.0,1.0,1.0,1.0,0.0,1.0,42,1,1.0,1.0,0.75
4217808,0.9541666666666667,0.6875,1.0,1.0,1.0,0.9541666666666667,1.0,0.9541666666666667,0.7583333333333333,0.7583333333333333,0.0,0.7416666666666667,240,5,0.9104,0.9771,0.5646
4217907,1.0,0.2523364485981308,1.0,0.8130841121495327,1.0,1.0,1.0,1.0,1.0,1.0,0.0,1.0,107,3,0.7664,1.0,0.75
4217956,1.0,0.0,1.0,1.0,1.0,1.0,1.0,1.0,1.0,1.0,0.0,1.0,41,1,0.75,1.0,0.75
4218004,1.0,0.574468085106383,1.0,0.5858156028368794,1.0,0.6,0.9687943262411347,0.4085106382978723,0.6085106382978723,0.7092198581560284,0.10070921985815603,0.15177304964539007,705,16,0.7901,0.7443,0.3926
4218103,1.0,1.0,1.0,1.0,1.0,0.0,1.0,1.0,1.0,1.0,0.0,0.0,66,1,1.0,0.75,0.5
4218202,1.0,0.596958174904943,1.0,1.0,1.0,1.0,1.0,0.6901140684410646,1.0,1.0,0.623574144486692,0.747148288973384,526,12,0.8992,0.9225,0.8427
4218251,1.0,0.0,1.0,1.0,1.0,0.9083969465648855,1.0,0.2595419847328244,0.2595419847328244,0.9083969465648855,0.648854961832061,0.9083969465648855,131,4,0.75,0.792,0.6813
4218301,1.0,0.0,1.0,1.0,1.0,1.0,1.0,0.9316770186335404,0.9596273291925466,0.9596273291925466,0.0,0.9316770186335404,322,6,0.75,0.9829,0.7127
4218350,1.0,1.0,1.0,1.0,1.0,0.0,1.0,0.0,1.0,1.0,0.0,0.0,49,1,1.0,0.5,0.5
4218400,1.0,0.0,1.0,1.0,1.0,1.0,1.0,0.0,0.7368421052631579,0.7368421052631579,0.7368421052631579,0.0,114,3,0.75,0.75,0.5526
4218509,1.0,1.0,1.0,1.0,1.0,1.0,1.0,1.0,1.0,1.0,0.0,1.0,154,1,1.0,1.0,0.75
4218608,1.0,0.0,1.0,1.0,1.0,1.0,1.0,0.4090909090909091,0.37272727272727274,0.37272727272727274,0.0,0.0,110,4,0.75,0.8523,0.1864
4218707,1.0,0.8676867686768677,1.0,1.0,1.0,0.8910891089108911,1.0,0.8973897389738974,0.6561656165616562,0.9171917191719172,0.31413141314131415,0.6264626462646264,1111,30,0.9669,0.9471,0.6285
4218756,1.0,0.0,1.0,1.0,1.0,1.0,1.0,1.0,1.0,1.0,0.0,1.0,73,2,0.75,1.0,0.75
4218806,1.0,0.41496598639455784,1.0,1.0,1.0,0.5578231292517006,1.0,0.7210884353741497,0.8979591836734694,0.8979591836734694,0.3401360544217687,0.3129251700680272,147,6,0.8537,0.8197,0.6122
4218855,1.0,0.0,1.0,1.0,1.0,1.0,1.0,1.0,1.0,1.0,1.0,1.0,42,1,0.75,1.0,1.0
4218905,1.0,0.5724137931034483,1.0,1.0,1.0,0.0,1.0,0.0,0.0,0.0,0.0,0.0,145,6,0.8931,0.5,0.0
4218954,1.0,0.36363636363636365,1.0,1.0,1.0,0.36363636363636365,1.0,0.7272727272727273,0.7272727272727273,1.0,0.6363636363636364,0.36363636363636365,44,3,0.8409,0.7727,0.6818
4219002,1.0,0.5369458128078818,1.0,1.0,1.0,0.7339901477832512,0.8374384236453202,0.4729064039408867,0.5172413793103449,0.6502463054187192,0.1330049261083744,0.29064039408866993,203,10,0.8842,0.7611,0.3978
4219101,1.0,0.0,1.0,0.8545454545454545,1.0,1.0,1.0,1.0,1.0,1.0,0.8545454545454545,1.0,55,2,0.7136,1.0,0.9636
4219150,1.0,1.0,1.0,1.0,1.0,1.0,1.0,1.0,0.0,1.0,1.0,0.0,32,1,1.0,1.0,0.5
4219176,1.0,0.8356164383561644,1.0,1.0,1.0,1.0,1.0,0.8356164383561644,1.0,1.0,0.0,1.0,73,2,0.9589,0.9589,0.75
4219200,1.0,0.0,1.0,1.0,1.0,0.09523809523809523,1.0,0.0,0.8333333333333334,0.8333333333333334,0.0,0.0,84,6,0.75,0.5238,0.4167
4219309,1.0,0.29312762973352036,1.0,1.0,1.0,0.8807854137447405,1.0,0.6185133239831697,0.9915848527349228,0.9915848527349228,0.04488078541374474,0.8597475455820477,713,17,0.8233,0.8748,0.7219
4219358,1.0,0.0,1.0,1.0,1.0,1.0,0.8307692307692308,0.16923076923076924,0.0,0.9538461538461539,0.9538461538461539,0.7076923076923077,65,5,0.75,0.75,0.6538
4219408,1.0,0.95,1.0,1.0,1.0,0.0,1.0,1.0,1.0,1.0,0.0,1.0,60,2,0.9875,0.75,0.75
4219507,1.0,0.550561797752809,1.0,0.9871589085072231,1.0,0.9309791332263242,1.0,0.478330658105939,0.7768860353130016,0.7768860353130016,0.0,0.5329052969502408,623,16,0.8844,0.8523,0.5217
4219606,1.0,0.0,1.0,1.0,1.0,1.0,1.0,0.5121951219512195,1.0,1.0,0.0,1.0,41,2,0.75,0.878,0.75
4219705,1.0,0.0,1.0,0.9648711943793911,1.0,1.0,1.0,1.0,0.8266978922716628,0.8266978922716628,0.4332552693208431,0.9461358313817331,427,7,0.7412,1.0,0.7582
4219853,1.0,0.0,1.0,1.0,1.0,1.0,1.0,0.0,1.0,1.0,0.0,1.0,76,1,0.75,0.75,0.75
4220000,1.0,0.29961089494163423,1.0,1.0,1.0,1.0,1.0,1.0,0.29961089494163423,0.4669260700389105,0.16731517509727625,0.7003891050583657,257,5,0.8249,1.0,0.4086
4300034,1.0,0.7678571428571429,1.0,1.0,1.0,1.0,1.0,0.44642857142857145,1.0,1.0,0.5357142857142857,0.0,56,4,0.942,0.8616,0.6339
4300059,1.0,0.0,1.0,1.0,1.0,0.10526315789473684,1.0,0.9473684210526315,0.8947368421052632,0.8947368421052632,0.0,0.0,57,3,0.75,0.7632,0.4474
4300109,1.0,0.7439024390243902,1.0,1.0,1.0,1.0,1.0,1.0,0.823170731707317,1.0,0.23780487804878048,0.9390243902439024,164,9,0.936,1.0,0.75
4300208,1.0,0.4074074074074074,1.0,1.0,1.0,0.5,0.5,1.0,1.0,1.0,0.0,1.0,54,3,0.8519,0.75,0.75
4300307,1.0,0.0,1.0,1.0,1.0,0.8596491228070176,1.0,0.0,0.7192982456140351,0.9122807017543859,0.19298245614035087,1.0,57,4,0.75,0.7149,0.7061
4300406,1.0,0.6654275092936803,1.0,0.952912019826518,0.9938042131350682,0.9938042131350682,0.9727385377942999,0.8017348203221809,0.8748451053283767,0.8748451053283767,0.19454770755885997,0.6703841387856257,807,38,0.9046,0.9405,0.6537
4300455,1.0,0.0,1.0,1.0,1.0,1.0,1.0,0.5333333333333333,1.0,1.0,0.4666666666666667,0.5333333333333333,30,3,0.75,0.8833,0.75
4300471,1.0,0.0,1.0,1.0,1.0,0.75,1.0,1.0,1.0,1.0,0.0,1.0,20,3,0.75,0.9375,0.75
4300505,1.0,0.47435897435897434,1.0,0.9102564102564102,1.0,1.0,1.0,0.5641025641025641,0.16666666666666666,0.9102564102564102,0.7435897435897436,1.0,78,6,0.8462,0.891,0.7051
4300554,1.0,0.0,1.0,0.7777777777777778,1.0,1.0,1.0,1.0,1.0,1.0,0.2222222222222222,1.0,18,2,0.6944,1.0,0.8056
4300570,1.0,0.0,1.0,1.0,1.0,1.0,1.0,0.0,0.0,0.0,0.0,1.0,29,1,0.75,0.75,0.25
4300604,0.8997144896502498,0.9318344039971449,1.0,1.0,1.0,0.4197002141327623,0.8975731620271235,0.7501784439685939,0.7234118486795146,0.9414703783012134,0.4521770164168451,0.3932905067808708,2802,42,0.9579,0.7669,0.6276
4300638,1.0,0.0,1.0,1.0,1.0,0.5087719298245614,1.0,0.7894736842105263,0.9122807017543859,0.9122807017543859,0.0,0.3684210526315789,57,6,0.75,0.8246,0.5482
4300646,1.0,0.18095238095238095,1.0,1.0,1.0,0.18095238095238095,1.0,1.0,0.9428571428571428,0.9428571428571428,0.0,0.819047619047619,105,4,0.7952,0.7952,0.6762
4300661,1.0,0.0,1.0,1.0,1.0,1.0,1.0,1.0,1.0,1.0,0.0,1.0,14,1,0.75,1.0,0.75
4300703,1.0,0.9649122807017544,1.0,1.0,1.0,1.0,1.0,0.2982456140350877,1.0,1.0,0.10526315789473684,0.8421052631578947,57,5,0.9912,0.8246,0.7368
4300802,1.0,0.8540145985401459,1.0,1.0,1.0,1.0,1.0,1.0,1.0,1.0,0.30656934306569344,0.8175182481751825,137,6,0.9635,1.0,0.781
4300851,0.7192982456140351,0.12280701754385964,1.0,1.0,1.0,0.7192982456140351,0.40350877192982454,1.0,1.0,1.0,0.0,0.0,57,3,0.7105,0.7807,0.5
4300877,1.0,0.46308724832214765,1.0,1.0,1.0,0.4966442953020134,1.0,0.4966442953020134,0.7919463087248322,0.7919463087248322,0.0,0.0,149,4,0.8658,0.7483,0.396
4300901,1.0,0.8970588235294118,1.0,1.0,1.0,1.0,1.0,1.0,1.0,1.0,0.0,1.0,68,5,0.9743,1.0,0.75
4301008,1.0,0.29439252336448596,1.0,1.0,1.0,0.8364485981308412,1.0,0.7102803738317757,0.17757009345794392,0.8691588785046729,0.8551401869158879,0.6822429906542056,214,12,0.8236,0.8867,0.646
4301057,1.0,0.0,0.5988023952095808,1.0,1.0,1.0,1.0,1.0,0.7904191616766467,1.0,0.2694610778443114,0.9401197604790419,167,5,0.6497,1.0,0.75
4301073,1.0,1.0,1.0,1.0,1.0,0.8888888888888888,1.0,1.0,1.0,1.0,1.0,0.8888888888888888,27,2,1.0,0.9722,0.9722
4301107,1.0,0.8,1.0,1.0,1.0,1.0,1.0,0.7352941176470589,0.8529411764705882,0.8647058823529412,0.5941176470588235,0.7235294117647059,170,7,0.95,0.9338,0.7588
4301206,1.0,0.3333333333333333,1.0,1.0,1.0,1.0,1.0,0.8263888888888888,0.9027777777777778,0.9027777777777778,0.0,0.6458333333333334,144,10,0.8333,0.9566,0.6128
4301305,1.0,0.8465116279069768,1.0,0.9069767441860465,0.986046511627907,0.7953488372093023,0.9720930232558139,0.8093023255813954,0.986046511627907,1.0,0.04186046511627907,0.7162790697674418,215,14,0.9384,0.8907,0.686
4301404,1.0,0.7117117117117117,1.0,0.8648648648648649,0.9369369369369369,0.7657657657657657,0.6216216216216216,0.9009009009009009,0.8828828828828829,0.8828828828828829,0.0,0.8468468468468469,111,8,0.8941,0.8063,0.6532
4301503,1.0,0.0,1.0,1.0,1.0,1.0,1.0,0.6461538461538462,1.0,1.0,0.0,0.4153846153846154,65,4,0.75,0.9115,0.6038
4301552,1.0,0.0,1.0,1.0,1.0,1.0,1.0,1.0,1.0,1.0,0.0,1.0,31,2,0.75,1.0,0.75
4301602,1.0,0.9639718804920914,1.0,1.0,0.9991212653778558,0.8558875219683656,1.0,0.773286467486819,0.6423550087873462,0.6968365553602812,0.17926186291739896,0.7688927943760984,1138,50,0.991,0.9071,0.5718
4301636,1.0,0.3645320197044335,1.0,1.0,1.0,0.6354679802955665,1.0,0.6896551724137931,0.6354679802955665,0.6354679802955665,0.09852216748768473,0.8768472906403941,203,5,0.8411,0.8313,0.5616
4301651,1.0,0.0,1.0,1.0,1.0,1.0,1.0,0.9090909090909091,0.8311688311688312,0.8311688311688312,0.0,1.0,77,6,0.75,0.9773,0.6656
4301701,1.0,0.9726027397260274,1.0,1.0,1.0,1.0,1.0,0.684931506849315,1.0,1.0,0.2876712328767123,1.0,73,3,0.9932,0.9212,0.8219
4301750,1.0,0.0,1.0,1.0,1.0,0.3673469387755102,1.0,0.6326530612244898,0.6122448979591837,1.0,0.3877551020408163,0.0,49,5,0.75,0.75,0.5
4301800,1.0,1.0,1.0,1.0,1.0,1.0,1.0,0.3709677419354839,1.0,1.0,0.0,1.0,62,2,1.0,0.8427,0.75
4301859,1.0,0.0,1.0,1.0,1.0,0.8269230769230769,1.0,1.0,0.4423076923076923,0.4423076923076923,0.0,0.0,52,3,0.75,0.9567,0.2212
4301875,1.0,0.7887323943661971,1.0,1.0,1.0,0.7887323943661971,1.0,1.0,0.704225352112676,0.704225352112676,0.0,0.7887323943661971,71,3,0.9472,0.9472,0.5493
4301909,1.0,0.8918918918918919,1.0,1.0,0.990990990990991,0.7837837837837838,0.990990990990991,0.1981981981981982,0.5855855855855856,0.7657657657657657,0.5135135135135135,0.0,111,8,0.973,0.741,0.4662
4301925,1.0,0.0,1.0,1.0,1.0,1.0,1.0,1.0,1.0,1.0,0.0,1.0,12,2,0.75,1.0,0.75
4301958,1.0,0.0,1.0,1.0,1.0,1.0,1.0,1.0,1.0,1.0,0.0,1.0,32,2,0.75,1.0,0.75
4302006,1.0,0.21929824561403508,1.0,0.9210526315789473,0.9649122807017544,0.8771929824561403,0.9649122807017544,0.9298245614035088,0.868421052631579,0.868421052631579,0.0,0.7017543859649122,114,9,0.7851,0.9342,0.6096
4302055,1.0,0.35714285714285715,1.0,1.0,1.0,1.0,1.0,0.9761904761904762,0.9761904761904762,0.9761904761904762,0.5238095238095238,0.9761904761904762,42,4,0.8393,0.994,0.8631
4302105,1.0,0.8656832298136646,1.0,1.0,0.9976708074534162,0.6381987577639752,0.9316770186335404,0.8361801242236024,0.8159937888198758,0.8711180124223602,0.07375776397515528,0.8742236024844721,1288,37,0.9664,0.8509,0.6588
4302154,1.0,0.0,1.0,1.0,1.0,0.6060606060606061,1.0,0.6060606060606061,0.36363636363636365,0.6060606060606061,0.24242424242424243,0.36363636363636365,33,3,0.75,0.803,0.3939
4302204,1.0,0.0,1.0,1.0,1.0,1.0,1.0,1.0,0.76,0.76,0.0,0.76,75,3,0.75,1.0,0.57
4302220,1.0,0.0,1.0,1.0,1.0,1.0,1.0,1.0,1.0,1.0,0.38461538461538464,1.0,26,2,0.75,1.0,0.8462
4302238,1.0,0.78125,1.0,0.78125,1.0,1.0,1.0,1.0,0.21875,0.21875,0.0,0.78125,32,2,0.8906,1.0,0.3047
4302253,1.0,0.34615384615384615,1.0,1.0,1.0,1.0,1.0,1.0,0.34615384615384615,1.0,0.6538461538461539,0.6538461538461539,26,2,0.8365,1.0,0.6635
4302303,1.0,0.7816091954022989,1.0,1.0,1.0,1.0,1.0,0.9080459770114943,0.9827586206896551,0.9827586206896551,0.3793103448275862,0.5287356321839081,174,6,0.9454,0.977,0.7184
4302352,1.0,0.17222222222222222,1.0,0.9277777777777778,1.0,0.8666666666666667,1.0,0.8722222222222222,0.65,0.9388888888888889,0.55,0.7666666666666667,180,9,0.775,0.9347,0.7264
4302378,1.0,0.0,1.0,1.0,1.0,1.0,1.0,0.2727272727272727,0.2727272727272727,0.2727272727272727,0.0,0.2727272727272727,22,2,0.75,0.8182,0.2045
4302402,1.0,0.125,1.0,1.0,1.0,0.7430555555555556,1.0,0.6388888888888888,0.20833333333333334,0.7638888888888888,0.5555555555555556,0.013888888888888888,144,7,0.7812,0.8455,0.3854
4302451,1.0,0.0,1.0,0.9473684210526315,1.0,0.8552631578947368,0.7894736842105263,0.7894736842105263,0.5657894736842105,0.5657894736842105,0.0,0.5526315789473685,76,13,0.7368,0.8586,0.4211
4302501,1.0,0.7205882352941176,1.0,0.9705882352941176,1.0,0.9117647058823529,1.0,0.8235294117647058,0.6764705882352942,0.6764705882352942,0.27941176470588236,0.6617647058823529,68,9,0.9228,0.9338,0.5735
4302584,1.0,0.0,1.0,1.0,1.0,1.0,1.0,1.0,1.0,1.0,0.8571428571428571,0.14285714285714285,14,2,0.75,1.0,0.75
4302600,1.0,0.0,1.0,0.9130434782608695,1.0,1.0,1.0,0.5869565217391305,1.0,1.0,0.0,0.6086956521739131,46,4,0.7283,0.8967,0.6522
4302659,1.0,0.0,1.0,1.0,1.0,1.0,1.0,1.0,1.0,1.0,0.24444444444444444,0.5555555555555556,45,3,0.75,1.0,0.7
4302709,0.9216417910447762,0.8843283582089553,1.0,0.9216417910447762,1.0,0.7910447761194029,0.9216417910447762,0.8283582089552238,0.291044776119403,0.7238805970149254,0.43283582089552236,0.27238805970149255,268,13,0.9319,0.8853,0.43
4302808,1.0,0.782716049382716,1.0,0.7209876543209877,0.9925925925925926,0.47160493827160493,0.8469135802469135,0.7555555555555555,0.5703703703703704,0.5703703703703704,0.15555555555555556,0.14320987654320988,405,18,0.8759,0.7667,0.3599
4302907,1.0,0.4732824427480916,1.0,0.9389312977099237,1.0,1.0,1.0,0.8778625954198473,0.4351145038167939,0.8702290076335878,0.4351145038167939,0.8549618320610687,131,9,0.8531,0.9695,0.6489
4303004,0.9764267990074442,0.6017369727047146,1.0,0.9975186104218362,0.9987593052109182,0.9330024813895782,0.9987593052109182,0.9578163771712159,0.8722084367245657,0.8895781637717122,0.3076923076923077,0.9032258064516129,806,42,0.8939,0.9721,0.7432
4303103,0.9647058823529412,1.0,1.0,1.0,1.0,0.5124183006535947,0.8111111111111111,0.7542483660130719,0.938562091503268,0.938562091503268,0.07647058823529412,0.4013071895424837,1530,28,0.9912,0.7694,0.5887
4303202,1.0,0.6415094339622641,1.0,1.0,1.0,0.9056603773584906,1.0,0.9056603773584906,0.7358490566037735,0.7358490566037735,0.0,0.5471698113207547,53,4,0.9104,0.9528,0.5047
4303301,1.0,0.0,1.0,0.7714285714285715,1.0,0.8857142857142857,1.0,0.3142857142857143,0.8857142857142857,1.0,0.3142857142857143,0.2,35,4,0.6929,0.8,0.6
4303400,1.0,0.0,1.0,1.0,1.0,0.7254901960784313,1.0,0.5490196078431373,1.0,1.0,0.27450980392156865,0.17647058823529413,51,3,0.75,0.8186,0.6127
4303509,1.0,0.8501291989664083,1.0,0.9987080103359173,0.9987080103359173,0.917312661498708,1.0,0.9418604651162791,0.8669250645994832,0.8669250645994832,0.11886304909560723,0.6098191214470284,774,28,0.9622,0.9645,0.6156
4303558,1.0,0.9166666666666666,1.0,1.0,1.0,1.0,1.0,0.0,1.0,1.0,0.9166666666666666,0.0,24,2,0.9792,0.75,0.7292
4303608,1.0,1.0,1.0,1.0,1.0,0.6436781609195402,1.0,0.41379310344827586,0.9540229885057471,0.9540229885057471,0.0,0.5057471264367817,87,6,1.0,0.7644,0.6034
4303673,1.0,1.0,1.0,1.0,1.0,1.0,1.0,1.0,1.0,1.0,0.2222222222222222,1.0,27,2,1.0,1.0,0.8056
4303707,1.0,0.7246376811594203,1.0,1.0,1.0,0.2753623188405797,0.2318840579710145,0.2753623188405797,1.0,1.0,0.0,0.057971014492753624,69,4,0.9312,0.4457,0.5145
4303806,1.0,1.0,1.0,1.0,1.0,1.0,1.0,1.0,1.0,1.0,0.4745762711864407,1.0,59,2,1.0,1.0,0.8686
4303905,1.0,1.0,1.0,1.0,1.0,1.0,1.0,1.0,1.0,1.0,0.0,0.9446589446589446,777,21,1.0,1.0,0.7362
4304002,1.0,0.0,1.0,1.0,1.0,1.0,1.0,0.671875,0.359375,0.671875,0.3125,0.3125,64,4,0.75,0.918,0.4141
4304101,1.0,0.4444444444444444,1.0,1.0,1.0,1.0,1.0,1.0,1.0,1.0,0.4444444444444444,1.0,54,2,0.8611,1.0,0.8611
4304200,0.8958333333333334,0.7222222222222222,1.0,1.0,1.0,0.5520833333333334,1.0,0.4652777777777778,0.3958333333333333,0.7256944444444444,0.3645833333333333,0.3784722222222222,288,18,0.9045,0.7543,0.4661
4304309,1.0,0.0,1.0,1.0,1.0,0.7741935483870968,1.0,0.24193548387096775,1.0,1.0,0.0,0.20967741935483872,62,4,0.75,0.754,0.5524
4304358,1.0,0.7919463087248322,1.0,0.9798657718120806,0.912751677852349,0.3422818791946309,0.912751677852349,0.4563758389261745,0.9798657718120806,0.9798657718120806,0.11409395973154363,0.4563758389261745,149,8,0.943,0.656,0.6326
4304408,0.9982905982905983,0.8666666666666667,1.0,1.0,1.0,0.7965811965811965,1.0,0.6341880341880342,0.7487179487179487,0.7572649572649572,0.008547008547008548,0.37435897435897436,585,20,0.9662,0.8577,0.4722
4304507,0.953125,0.43359375,1.0,0.96875,1.0,1.0,1.0,0.767578125,0.880859375,0.880859375,0.044921875,0.322265625,512,43,0.8389,0.9419,0.5322
4304606,0.27475181110812985,1.0,1.0,1.0,1.0,0.2790448081566944,1.0,0.20874698148645024,0.37134424470083177,0.37134424470083177,0.039441910383686614,0.23021196672927288,3727,71,0.8187,0.6219,0.2531
4304614,1.0,0.0,1.0,1.0,1.0,1.0,1.0,1.0,1.0,1.0,1.0,1.0,15,1,0.75,1.0,1.0
4304622,1.0,0.0,1.0,1.0,1.0,1.0,1.0,1.0,0.75,0.75,0.75,1.0,16,2,0.75,1.0,0.8125
4304630,1.0,0.42033898305084744,1.0,1.0,1.0,0.4429378531073446,1.0,0.9129943502824859,0.9717514124293786,0.9717514124293786,0.23954802259887006,0.5988700564971752,885,15,0.8551,0.839,0.6955
4304655,1.0,0.723404255319149,1.0,0.8297872340425532,1.0,1.0,1.0,1.0,1.0,1.0,0.723404255319149,0.9361702127659575,47,4,0.8883,1.0,0.9149
4304663,0.9899497487437185,0.8944723618090452,1.0,1.0,0.9899497487437185,0.7311557788944724,0.9899497487437185,0.4271356783919598,0.9020100502512562,0.9020100502512562,0.27889447236180903,0.32914572864321606,398,14,0.9711,0.7845,0.603
4304671,1.0,0.19696969696969696,1.0,1.0,0.9848484848484849,0.9848484848484849,0.9848484848484849,0.9848484848484849,0.9848484848484849,0.9848484848484849,0.0,0.9848484848484849,66,3,0.7992,0.9848,0.7386
4304689,1.0,0.7291666666666666,1.0,1.0,0.9652777777777778,0.4583333333333333,0.9652777777777778,0.7013888888888888,0.5625,0.8263888888888888,0.2638888888888889,0.20833333333333334,144,10,0.9323,0.7726,0.4653
4304697,1.0,0.0,1.0,1.0,1.0,1.0,1.0,1.0,0.0,1.0,1.0,1.0,41,1,0.75,1.0,0.75
4304705,1.0,0.2717948717948718,1.0,1.0,0.9982905982905983,0.9709401709401709,0.9982905982905983,0.7863247863247863,0.7418803418803419,0.9709401709401709,0.30427350427350425,0.8205128205128205,585,26,0.8179,0.9385,0.7094
4304713,1.0,0.0,1.0,1.0,1.0,1.0,1.0,0.6891891891891891,0.12162162162162163,0.12162162162162163,0.0,0.0,74,6,0.75,0.9223,0.0608
4304804,1.0,0.8742857142857143,1.0,1.0,1.0,0.8142857142857143,1.0,0.24571428571428572,0.7542857142857143,1.0,0.4114285714285714,0.32857142857142857,350,12,0.9686,0.765,0.6236
4304853,1.0,0.0,1.0,0.0,1.0,1.0,1.0,1.0,0.0,1.0,1.0,1.0,12,1,0.5,1.0,0.75
4304903,1.0,0.9263157894736842,1.0,1.0,1.0,0.8210526315789474,1.0,0.23157894736842105,1.0,1.0,0.7578947368421053,0.5789473684210527,95,7,0.9816,0.7632,0.8342
4304952,1.0,0.0,1.0,1.0,1.0,1.0,1.0,1.0,1.0,1.0,1.0,1.0,45,1,0.75,1.0,1.0
4305009,1.0,0.0,1.0,1.0,1.0,0.8666666666666667,1.0,0.8666666666666667,0.7833333333333333,1.0,0.3333333333333333,0.8666666666666667,120,6,0.75,0.9333,0.7458
4305108,1.0,0.9594363791631084,1.0,1.0,1.0,0.9075576430401366,1.0,0.9754483347566183,0.9581554227156277,0.9664816396242528,0.10354397950469683,0.9408625106746371,4684,117,0.9899,0.9708,0.7423
4305116,1.0,0.0,1.0,1.0,1.0,1.0,1.0,0.7,1.0,1.0,0.3,0.3,20,2,0.75,0.925,0.65
4305124,1.0,0.16393442622950818,1.0,1.0,1.0,1.0,1.0,1.0,0.8852459016393442,0.8852459016393442,0.0,0.7868852459016393,61,6,0.791,1.0,0.6393
4305132,1.0,0.23404255319148937,1.0,1.0,1.0,1.0,1.0,0.7659574468085106,0.46808510638297873,1.0,0.7659574468085106,0.7659574468085106,47,4,0.8085,0.9415,0.75
4305157,1.0,0.0,1.0,1.0,1.0,1.0,1.0,0.56,1.0,1.0,0.32,0.56,25,3,0.75,0.89,0.72
4305173,1.0,0.4166666666666667,1.0,1.0,1.0,0.925,1.0,0.825,0.875,0.9583333333333334,0.08333333333333333,0.6833333333333333,120,10,0.8542,0.9375,0.65
4305207,1.0,0.3023255813953488,1.0,1.0,1.0,0.9534883720930233,1.0,0.8449612403100775,1.0,1.0,0.3488372093023256,0.43410852713178294,129,6,0.8256,0.9496,0.6957
4305306,1.0,0.6120689655172413,1.0,0.896551724137931,1.0,0.9741379310344828,1.0,0.3879310344827586,1.0,1.0,0.23275862068965517,1.0,116,6,0.8772,0.8405,0.8082
4305355,0.9779005524861878,0.9447513812154696,1.0,1.0,0.9723756906077348,0.6850828729281768,0.9640883977900553,0.8895027624309392,0.7624309392265194,0.8591160220994475,0.2292817679558011,0.7707182320441989,362,14,0.9807,0.8778,0.6554
4305371,1.0,0.0,1.0,1.0,1.0,1.0,1.0,1.0,0.8064516129032258,0.8064516129032258,0.0,1.0,31,3,0.75,1.0,0.6532
4305405,1.0,0.0,1.0,1.0,1.0,1.0,1.0,0.9310344827586207,0.7586206896551724,0.7586206896551724,0.0,0.9310344827586207,58,4,0.75,0.9828,0.6121
4305439,1.0,1.0,1.0,1.0,1.0,0.4166666666666667,1.0,1.0,1.0,1.0,0.0,1.0,36,2,1.0,0.8542,0.75
4305447,1.0,0.0,1.0,1.0,1.0,0.6666666666666666,1.0,1.0,1.0,1.0,0.0,1.0,60,3,0.75,0.9167,0.75
4305454,1.0,0.2074688796680498,1.0,1.0,1.0,0.7759336099585062,1.0,0.5684647302904564,1.0,1.0,0.33195020746887965,0.7759336099585062,241,6,0.8019,0.8361,0.777
4305504,1.0,0.7714285714285715,1.0,1.0,0.8857142857142857,0.8857142857142857,1.0,0.8857142857142857,0.8857142857142857,0.8857142857142857,0.0,0.8857142857142857,35,4,0.9429,0.9143,0.6643
4305587,1.0,0.0,1.0,1.0,1.0,1.0,1.0,1.0,1.0,1.0,0.0,1.0,31,1,0.75,1.0,0.75
4305603,1.0,0.0,1.0,1.0,1.0,0.5,1.0,0.5,1.0,1.0,0.5,0.5,28,3,0.75,0.75,0.75
4305702,1.0,0.14285714285714285,1.0,0.7959183673469388,1.0,1.0,1.0,0.9183673469387755,0.14285714285714285,0.7959183673469388,0.7959183673469388,0.0,98,4,0.7347,0.9796,0.4337
4305801,1.0,0.5,1.0,0.946969696969697,1.0,0.9242424242424242,1.0,0.9242424242424242,0.8257575757575758,0.8257575757575758,0.0,0.7045454545454546,132,6,0.8617,0.9621,0.589
4305835,1.0,1.0,1.0,1.0,1.0,1.0,1.0,1.0,1.0,1.0,0.0,1.0,5,1,1.0,1.0,0.75
4305850,1.0,0.0,1.0,1.0,1.0,1.0,1.0,0.88,1.0,1.0,0.52,0.88,25,3,0.75,0.97,0.85
4305871,1.0,0.0,1.0,1.0,1.0,1.0,1.0,1.0,1.0,1.0,1.0,1.0,31,1,0.75,1.0,1.0
4305900,1.0,0.14705882352941177,1.0,1.0,1.0,0.5441176470588235,0.9558823529411765,0.5735294117647058,0.8529411764705882,0.8970588235294118,0.04411764705882353,0.5441176470588235,68,5,0.7868,0.7684,0.5846
4305934,1.0,1.0,1.0,1.0,1.0,1.0,1.0,0.0,1.0,1.0,0.0,1.0,15,1,1.0,0.75,0.75
4305959,1.0,1.0,1.0,1.0,1.0,1.0,1.0,1.0,1.0,1.0,0.0,1.0,36,1,1.0,1.0,0.75
4305975,1.0,1.0,1.0,1.0,1.0,0.0,1.0,1.0,1.0,1.0,1.0,1.0,56,1,1.0,0.75,1.0
4306007,1.0,0.0,1.0,1.0,1.0,1.0,1.0,0.6230769230769231,0.023076923076923078,0.9692307692307692,0.9615384615384616,0.6076923076923076,130,8,0.75,0.9058,0.6404
4306056,1.0,0.5,1.0,1.0,1.0,1.0,1.0,1.0,1.0,1.0,0.0,1.0,104,4,0.875,1.0,0.75
4306072,1.0,0.0,1.0,1.0,1.0,1.0,1.0,0.4230769230769231,1.0,1.0,0.0,0.3076923076923077,26,3,0.75,0.8558,0.5769
4306106,0.8613333333333333,0.39466666666666667,0.9946666666666667,0.9933333333333333,1.0,0.6893333333333334,0.9693333333333334,0.8253333333333334,0.8653333333333333,0.8653333333333333,0.050666666666666665,0.552,750,33,0.811,0.871,0.5833
4306130,1.0,1.0,1.0,1.0,1.0,1.0,1.0,1.0,1.0,1.0,1.0,1.0,19,1,1.0,1.0,1.0
4306205,1.0,0.1885245901639344,1.0,1.0,1.0,0.6557377049180327,1.0,0.7295081967213115,0.8524590163934426,0.8524590163934426,0.0,0.6065573770491803,122,8,0.7971,0.8463,0.5779
4306304,1.0,0.0392156862745098,1.0,1.0,1.0,0.9607843137254902,1.0,0.9411764705882353,0.8627450980392157,0.8627450980392157,0.0,0.8431372549019608,51,5,0.7598,0.9755,0.6422
4306320,1.0,0.0,1.0,1.0,1.0,0.2,1.0,1.0,0.8,1.0,1.0,0.8,35,3,0.75,0.8,0.9
4306353,1.0,0.0,1.0,1.0,1.0,1.0,1.0,0.6285714285714286,0.8857142857142857,0.8857142857142857,0.0,0.42857142857142855,35,5,0.75,0.9071,0.55
4306379,1.0,0.0,1.0,1.0,1.0,0.5142857142857142,1.0,0.5142857142857142,1.0,1.0,0.0,0.5142857142857142,35,2,0.75,0.7571,0.6286
4306403,1.0,0.7609254498714653,1.0,1.0,1.0,0.8046272493573264,1.0,1.0,1.0,1.0,0.0,1.0,389,11,0.9402,0.9512,0.75
4306429,1.0,0.0,1.0,1.0,1.0,1.0,1.0,1.0,1.0,1.0,0.6060606060606061,0.8181818181818182,33,4,0.75,1.0,0.8561
4306452,1.0,0.0,1.0,1.0,1.0,1.0,1.0,1.0,0.0,1.0,1.0,1.0,38,1,0.75,1.0,0.75
4306502,1.0,0.15568862275449102,1.0,1.0,1.0,0.8982035928143712,1.0,1.0,1.0,1.0,0.0,0.11377245508982035,167,6,0.7889,0.9746,0.5284
4306551,1.0,0.0,1.0,1.0,1.0,1.0,1.0,0.71875,1.0,1.0,0.0,0.71875,32,2,0.75,0.9297,0.6797
4306601,1.0,0.9373433583959899,1.0,0.9774436090225563,0.9548872180451128,0.5513784461152882,0.9699248120300752,0.568922305764411,0.8220551378446115,0.8220551378446115,0.05263157894736842,0.42105263157894735,399,25,0.9787,0.7613,0.5294
4306700,1.0,0.7894736842105263,1.0,1.0,1.0,1.0,0.7894736842105263,0.7894736842105263,0.2894736842105263,1.0,0.7105263157894737,0.7105263157894737,38,3,0.9474,0.8947,0.6776
4306734,1.0,1.0,1.0,1.0,1.0,1.0,1.0,1.0,1.0,1.0,0.0,1.0,47,1,1.0,1.0,0.75
4306759,1.0,0.5555555555555556,1.0,1.0,1.0,1.0,1.0,1.0,1.0,1.0,0.0,1.0,18,2,0.8889,1.0,0.75
4306767,1.0,0.895117540687161,1.0,1.0,1.0,0.6853526220614828,0.9801084990958409,0.8824593128390597,0.34177215189873417,0.786618444846293,0.7359855334538878,0.6491862567811935,553,15,0.9738,0.887,0.6284
4306809,1.0,0.6666666666666666,1.0,1.0,1.0,1.0,1.0,0.5555555555555556,0.9074074074074074,0.9074074074074074,0.12037037037037036,0.5555555555555556,216,11,0.9167,0.8889,0.6227
4306908,1.0,0.8759398496240601,1.0,1.0,1.0,0.8458646616541353,0.9511278195488722,0.6616541353383458,1.0,1.0,0.0,0.3007518796992481,266,14,0.969,0.8647,0.5752
4306924,1.0,0.0,1.0,1.0,1.0,0.0,1.0,0.0,0.65,0.65,0.65,0.0,20,2,0.75,0.5,0.4875
4306932,1.0,0.0,1.0,0.8095238095238095,1.0,1.0,1.0,1.0,0.6190476190476191,1.0,0.4857142857142857,0.0,105,5,0.7024,1.0,0.5262
4306957,1.0,0.42857142857142855,1.0,1.0,1.0,1.0,1.0,1.0,1.0,1.0,0.0,1.0,35,2,0.8571,1.0,0.75
4306973,1.0,0.4090909090909091,1.0,1.0,1.0,0.6363636363636364,1.0,0.9545454545454546,0.5909090909090909,0.5909090909090909,0.0,0.36363636363636365,44,4,0.8523,0.8977,0.3864
4307005,1.0,0.9168975069252078,1.0,1.0,1.0,0.8993536472760849,1.0,0.9279778393351801,0.9806094182825484,0.9806094182825484,0.21329639889196675,0.7691597414589104,1083,26,0.9792,0.9568,0.7359
4307054,1.0,0.0,1.0,1.0,1.0,0.7142857142857143,1.0,1.0,1.0,1.0,0.40476190476190477,1.0,42,3,0.75,0.9286,0.8512
4307104,1.0,0.782608695652174,1.0,1.0,1.0,0.9420289855072463,0.9855072463768116,0.8840579710144928,0.9130434782608695,1.0,0.6521739130434783,0.21739130434782608,69,6,0.9457,0.9529,0.6957
4307203,1.0,0.2962962962962963,1.0,1.0,1.0,1.0,0.7962962962962963,1.0,1.0,1.0,0.0,0.2962962962962963,54,3,0.8241,0.9491,0.5741
4307302,0.8641975308641975,0.0,1.0,0.9876543209876543,1.0,0.345679012345679,1.0,1.0,0.012345679012345678,0.4691358024691358,0.4567901234567901,0.14814814814814814,81,6,0.713,0.8364,0.2716
4307401,1.0,0.0,1.0,1.0,1.0,1.0,1.0,1.0,0.18181818181818182,1.0,1.0,0.8181818181818182,44,2,0.75,1.0,0.75
4307450,1.0,0.0,1.0,1.0,1.0,1.0,1.0,1.0,0.0,1.0,1.0,1.0,39,2,0.75,1.0,0.75
4307500,1.0,0.6545454545454545,1.0,1.0,1.0,1.0,1.0,0.7393939393939394,1.0,1.0,0.10909090909090909,1.0,165,10,0.9136,0.9348,0.7773
4307559,1.0,1.0,1.0,1.0,1.0,0.6619718309859155,1.0,0.3380281690140845,0.6619718309859155,1.0,0.3380281690140845,0.3380281690140845,71,3,1.0,0.75,0.5845
4307609,1.0,0.9392857142857143,1.0,1.0,1.0,0.9321428571428572,1.0,0.9767857142857143,1.0,1.0,0.22142857142857142,1.0,560,13,0.9848,0.9772,0.8054
4307708,1.0,1.0,1.0,1.0,1.0,0.9454148471615721,1.0,0.8438864628820961,0.9836244541484717,0.9836244541484717,0.40065502183406115,0.9705240174672489,916,24,1.0,0.9473,0.8346
4307807,1.0,0.5459459459459459,1.0,1.0,1.0,0.9648648648648649,1.0,0.654054054054054,0.9837837837837838,0.9837837837837838,0.06756756756756757,0.23243243243243245,370,14,0.8865,0.9047,0.5669
4307815,1.0,0.0,1.0,1.0,1.0,1.0,1.0,1.0,0.9743589743589743,0.9743589743589743,0.0,0.9743589743589743,39,4,0.75,1.0,0.7308
4307831,1.0,0.0,1.0,1.0,1.0,1.0,1.0,1.0,0.6538461538461539,1.0,0.34615384615384615,1.0,26,2,0.75,1.0,0.75
4307864,1.0,1.0,1.0,1.0,1.0,1.0,1.0,0.0,1.0,1.0,0.0,0.0,18,1,1.0,0.75,0.5
4307906,1.0,0.7459770114942529,1.0,1.0,1.0,0.8724137931034482,0.7735632183908046,1.0,0.996551724137931,0.996551724137931,0.067816091954023,0.9597701149425287,870,30,0.9365,0.9115,0.7552
4308003,1.0,0.925,1.0,1.0,1.0,1.0,1.0,0.075,0.4,0.525,0.45,0.45,80,4,0.9812,0.7688,0.4562
4308052,1.0,0.0,1.0,1.0,1.0,1.0,1.0,0.8461538461538461,1.0,1.0,0.0,0.8461538461538461,26,2,0.75,0.9615,0.7115
4308078,1.0,0.0,1.0,1.0,1.0,1.0,1.0,1.0,0.0,1.0,1.0,0.6333333333333333,60,3,0.75,1.0,0.6583
4308102,1.0,0.3141025641025641,1.0,1.0,1.0,0.8397435897435898,0.8653846153846154,0.4166666666666667,0.9807692307692307,1.0,0.019230769230769232,0.27564102564102566,156,7,0.8285,0.7804,0.5689
4308201,1.0,0.8509485094850948,1.0,1.0,1.0,1.0,1.0,0.4932249322493225,0.9512195121951219,1.0,0.34688346883468835,0.7262872628726287,369,14,0.9627,0.8733,0.7561
4308250,1.0,0.7647058823529411,1.0,1.0,1.0,0.23529411764705882,1.0,0.23529411764705882,0.7647058823529411,1.0,0.23529411764705882,0.0,17,2,0.9412,0.6176,0.5
4308300,1.0,0.0,1.0,0.9435483870967742,1.0,0.6451612903225806,1.0,0.4274193548387097,0.3870967741935484,0.8790322580645161,0.49193548387096775,0.3870967741935484,124,10,0.7359,0.7681,0.5363
4308409,1.0,0.475,1.0,1.0,1.0,0.8375,1.0,0.575,0.8375,0.8375,0.0,0.1,80,5,0.8688,0.8531,0.4438
4308433,1.0,0.0,1.0,1.0,1.0,1.0,1.0,1.0,1.0,1.0,0.0,1.0,30,1,0.75,1.0,0.75
4308458,1.0,0.24242424242424243,1.0,1.0,1.0,0.8787878787878788,1.0,0.8787878787878788,0.3181818181818182,0.8787878787878788,0.5606060606060606,0.3181818181818182,66,5,0.8106,0.9394,0.5189
4308508,1.0,0.44386422976501305,1.0,1.0,1.0,0.97911227154047,1.0,0.5900783289817232,1.0,1.0,0.3629242819843342,0.5169712793733682,383,19,0.861,0.8923,0.72
4308607,1.0,0.9292035398230089,1.0,1.0,1.0,0.9793510324483776,1.0,0.9233038348082596,0.40707964601769914,0.9734513274336283,0.5781710914454278,0.8938053097345132,339,16,0.9823,0.9757,0.7131
4308656,1.0,0.0,1.0,0.8888888888888888,1.0,0.8888888888888888,1.0,0.48148148148148145,1.0,1.0,0.0,0.37037037037037035,27,3,0.7222,0.8426,0.5926
4308706,1.0,0.8222222222222222,0.17777777777777778,1.0,1.0,0.8222222222222222,1.0,0.8222222222222222,1.0,1.0,0.0,0.8222222222222222,45,2,0.75,0.9111,0.7056
4308805,1.0,0.5842696629213483,1.0,1.0,1.0,0.8651685393258427,1.0,0.7191011235955056,0.8764044943820225,0.8764044943820225,0.2247191011235955,0.7191011235955056,89,9,0.8961,0.8961,0.6742
4308854,1.0,0.8275862068965517,1.0,1.0,1.0,0.13793103448275862,1.0,0.8275862068965517,1.0,1.0,0.0,0.0,29,3,0.9569,0.7414,0.5
4308904,1.0,0.5888888888888889,1.0,1.0,1.0,1.0,1.0,1.0,1.0,1.0,0.10555555555555556,0.7611111111111111,180,9,0.8972,1.0,0.7167
4309001,0.9731182795698925,0.0,1.0,0.9623655913978495,1.0,0.9408602150537635,1.0,1.0,0.7795698924731183,0.8870967741935484,0.10752688172043011,0.9086021505376344,186,12,0.7339,0.9852,0.6707
4309050,1.0,0.0,1.0,1.0,1.0,0.19642857142857142,1.0,0.19642857142857142,0.5982142857142857,0.5982142857142857,0.0,0.0,112,3,0.75,0.5982,0.2991
4309100,1.0,0.724907063197026,1.0,1.0,1.0,0.9814126394052045,1.0,0.9851301115241635,0.8364312267657993,0.9702602230483272,0.4200743494423792,0.9684014869888475,538,19,0.9312,0.9916,0.7988
4309126,1.0,0.0,1.0,1.0,1.0,1.0,1.0,1.0,0.6,0.6,0.0,0.0,40,3,0.75,1.0,0.3
4309159,1.0,0.0,1.0,0.8333333333333334,1.0,0.7857142857142857,0.7619047619047619,0.9285714285714286,0.9285714285714286,1.0,0.07142857142857142,0.3333333333333333,42,6,0.7083,0.869,0.5833
4309209,0.9566843253349954,0.6076659395450296,1.0,1.0,0.9900280461202867,0.24368962293549393,0.9947023995014023,0.7285758803365534,0.9588656902461826,0.9588656902461826,0.023995014023060143,0.3287628544717981,3209,77,0.8911,0.7392,0.5676
4309258,1.0,1.0,1.0,1.0,1.0,0.0,1.0,1.0,0.0,1.0,1.0,0.0,9,1,1.0,0.75,0.5
4309308,1.0,0.9420654911838791,1.0,1.0,1.0,0.5751469353484466,0.8799328295549959,0.8110831234256927,0.9235936188077246,0.966414777497901,0.06465155331654072,0.2770780856423174,1191,27,0.9855,0.8165,0.5579
4309407,1.0,1.0,1.0,1.0,1.0,0.9311475409836065,1.0,1.0,1.0,1.0,0.26229508196721313,1.0,305,7,1.0,0.9828,0.8156
4309506,0.8666666666666667,0.0,1.0,1.0,1.0,1.0,0.4,1.0,1.0,1.0,0.0,0.96,75,6,0.7167,0.85,0.74
4309555,1.0,0.3,1.0,1.0,1.0,1.0,1.0,1.0,1.0,1.0,0.0,0.7428571428571429,70,4,0.825,1.0,0.6857
4309571,1.0,0.0,1.0,1.0,1.0,1.0,1.0,0.4666666666666667,1.0,1.0,0.3333333333333333,0.3333333333333333,30,4,0.75,0.8667,0.6667
4309605,1.0,0.0,1.0,1.0,1.0,0.7752293577981652,1.0,1.0,0.4541284403669725,0.5688073394495413,0.11467889908256881,1.0,218,6,0.75,0.9438,0.5344
4309654,1.0,0.6511627906976745,1.0,0.9534883720930233,1.0,0.26744186046511625,0.47674418604651164,0.5697674418604651,0.7093023255813954,0.9186046511627907,0.20930232558139536,0.627906976744186,86,6,0.9012,0.5785,0.6163
4309704,1.0,0.0,1.0,1.0,1.0,1.0,1.0,1.0,1.0,1.0,0.09259259259259259,0.9074074074074074,54,3,0.75,1.0,0.75
4309753,1.0,0.1951219512195122,1.0,1.0,1.0,0.7560975609756098,1.0,1.0,0.1951219512195122,0.7560975609756098,0.5609756097560976,0.7560975609756098,41,3,0.7988,0.939,0.5671
4309803,1.0,0.660377358490566,1.0,1.0,1.0,1.0,1.0,1.0,1.0,1.0,0.0,1.0,53,2,0.9151,1.0,0.75
4309902,1.0,0.7564102564102564,1.0,1.0,1.0,0.24358974358974358,1.0,0.24358974358974358,1.0,1.0,0.0,0.0,78,2,0.9391,0.6218,0.5
4309951,1.0,0.7391304347826086,1.0,1.0,1.0,1.0,1.0,0.7391304347826086,1.0,1.0,0.028985507246376812,1.0,69,4,0.9348,0.9348,0.7572
4310009,1.0,0.2772727272727273,1.0,1.0,1.0,0.7363636363636363,1.0,0.9090909090909091,1.0,1.0,0.0,0.5272727272727272,220,10,0.8193,0.9114,0.6318
4310108,1.0,0.6772727272727272,1.0,1.0,1.0,0.8954545454545455,1.0,0.5204545454545455,1.0,1.0,0.05454545454545454,0.325,440,14,0.9193,0.854,0.5949
4310207,1.0,0.5824175824175825,1.0,0.9945054945054945,1.0,0.843956043956044,0.9560439560439561,0.8373626373626374,0.7736263736263737,0.9846153846153847,0.3516483516483517,0.6758241758241759,910,36,0.8942,0.9093,0.6964
4310306,1.0,0.0,1.0,1.0,1.0,1.0,1.0,0.7592592592592593,0.6481481481481481,0.6481481481481481,0.0,0.0,54,3,0.75,0.9398,0.3241
4310330,1.0,0.3275862068965517,1.0,1.0,1.0,0.8004926108374384,0.9458128078817734,0.9458128078817734,0.874384236453202,1.0,0.8004926108374384,0.9458128078817734,406,8,0.8319,0.923,0.9052
4310363,1.0,0.0,1.0,1.0,1.0,1.0,1.0,1.0,1.0,1.0,0.0,1.0,35,2,0.75,1.0,0.75
4310405,1.0,0.0,1.0,1.0,1.0,1.0,1.0,1.0,1.0,1.0,0.0,1.0,69,2,0.75,1.0,0.75
4310413,1.0,0.0,1.0,1.0,1.0,1.0,1.0,1.0,1.0,1.0,0.0,0.0,26,1,0.75,1.0,0.5
4310439,1.0,0.6351351351351351,1.0,0.9324324324324325,1.0,0.3783783783783784,1.0,0.43243243243243246,0.8243243243243243,0.8243243243243243,0.06756756756756757,0.25675675675675674,74,5,0.8919,0.7027,0.4932
4310462,1.0,0.0,1.0,1.0,1.0,1.0,1.0,1.0,1.0,1.0,0.0,1.0,18,1,0.75,1.0,0.75
4310504,1.0,0.4489795918367347,1.0,0.9285714285714286,1.0,0.5408163265306123,1.0,0.5918367346938775,0.3673469387755102,0.6224489795918368,0.32653061224489793,0.2857142857142857,98,9,0.8444,0.7832,0.4005
4310538,1.0,1.0,1.0,1.0,1.0,1.0,1.0,0.0,0.0,0.0,0.0,0.0,63,1,1.0,0.75,0.0
4310553,1.0,0.0,1.0,1.0,1.0,1.0,1.0,0.0,1.0,1.0,0.0,0.0,34,2,0.75,0.75,0.5
4310579,1.0,1.0,1.0,1.0,1.0,1.0,1.0,1.0,0.0,0.0,0.0,1.0,22,1,1.0,1.0,0.25
4310603,1.0,0.7557077625570776,1.0,0.8926940639269406,1.0,0.6210045662100456,1.0,0.9155251141552512,1.0,1.0,0.16210045662100456,0.8333333333333334,438,18,0.9121,0.8841,0.7489
4310652,1.0,0.0,1.0,1.0,1.0,1.0,1.0,0.4,1.0,1.0,0.0,0.4,35,2,0.75,0.85,0.6
4310702,1.0,0.5882352941176471,1.0,1.0,1.0,0.4117647058823529,1.0,0.6176470588235294,0.9705882352941176,0.9705882352941176,0.0,0.9705882352941176,34,3,0.8971,0.7574,0.7279
4310751,1.0,1.0,1.0,1.0,1.0,1.0,1.0,1.0,1.0,1.0,0.0,0.0,9,1,1.0,1.0,0.5
4310801,1.0,0.6877470355731226,1.0,1.0,1.0,1.0,1.0,0.8735177865612648,0.9723320158102767,0.9723320158102767,0.0,0.8814229249011858,253,8,0.9219,0.9684,0.7065
4310850,1.0,0.0,1.0,1.0,1.0,1.0,1.0,1.0,1.0,1.0,0.0,1.0,48,3,0.75,1.0,0.75
4310876,0.04,0.52,1.0,0.96,1.0,0.96,1.0,1.0,0.52,0.52,0.0,0.0,25,3,0.63,0.99,0.26
4310900,1.0,0.9354838709677419,1.0,1.0,0.6451612903225806,0.6451612903225806,1.0,0.6451612903225806,1.0,1.0,0.3548387096774194,1.0,31,3,0.9839,0.7339,0.8387
4311007,1.0,0.9770491803278688,1.0,0.9934426229508196,0.9934426229508196,0.6622950819672131,0.6983606557377049,0.6491803278688525,0.9770491803278688,0.9770491803278688,0.03278688524590164,0.2459016393442623,305,17,0.9926,0.7508,0.5582
4311106,1.0,0.7211538461538461,1.0,1.0,1.0,1.0,1.0,0.875,0.8461538461538461,1.0,0.15384615384615385,0.875,104,5,0.9303,0.9688,0.7188
4311122,1.0,1.0,1.0,1.0,1.0,1.0,1.0,0.4032258064516129,1.0,1.0,0.5967741935483871,0.4032258064516129,62,2,1.0,0.8508,0.75
4311130,1.0,0.0,1.0,1.0,1.0,1.0,1.0,1.0,1.0,1.0,0.0,0.8571428571428571,35,3,0.75,1.0,0.7143
4311155,1.0,0.0,1.0,0.6133333333333333,1.0,0.72,1.0,0.7466666666666667,0.72,0.72,0.12,0.7466666666666667,75,9,0.6533,0.8667,0.5767
4311205,1.0,0.7805907172995781,1.0,1.0,1.0,0.6582278481012658,0.5654008438818565,0.8987341772151899,0.9746835443037974,0.9746835443037974,0.42616033755274263,0.9746835443037974,237,13,0.9451,0.7806,0.8376
4311239,1.0,0.16666666666666666,1.0,1.0,1.0,0.8333333333333334,1.0,1.0,0.0,0.0,0.0,0.8333333333333334,30,2,0.7917,0.9583,0.2083
4311254,1.0,0.2777777777777778,1.0,0.6111111111111112,1.0,1.0,1.0,1.0,0.8333333333333334,1.0,0.16666666666666666,0.8703703703703703,54,6,0.7222,1.0,0.7176
4311270,1.0,0.0,1.0,1.0,1.0,1.0,1.0,1.0,1.0,1.0,0.8928571428571429,1.0,28,2,0.75,1.0,0.9732
4311304,1.0,0.8742331288343558,1.0,1.0,1.0,1.0,0.9938650306748467,0.6840490797546013,0.6656441717791411,0.7944785276073619,0.27300613496932513,0.9202453987730062,326,22,0.9686,0.9195,0.6633
4311403,1.0,0.3459915611814346,1.0,1.0,0.9947257383966245,0.930379746835443,0.9947257383966245,0.46624472573839665,0.9947257383966245,0.9947257383966245,0.10970464135021098,0.5516877637130801,948,28,0.8365,0.8465,0.6627
4311429,1.0,0.0,1.0,1.0,1.0,1.0,1.0,0.72,1.0,1.0,0.0,0.0,25,3,0.75,0.93,0.5
4311502,0.935064935064935,0.7792207792207793,1.0,1.0,1.0,0.7012987012987013,1.0,0.6103896103896104,0.24675324675324675,0.7532467532467533,0.5064935064935064,0.38961038961038963,77,6,0.9286,0.8279,0.474
4311601,1.0,0.0,1.0,1.0,1.0,1.0,1.0,1.0,1.0,1.0,0.4230769230769231,1.0,52,5,0.75,1.0,0.8558
4311627,1.0,0.8390804597701149,1.0,1.0,1.0,0.6436781609195402,1.0,1.0,1.0,1.0,0.0,1.0,87,5,0.9598,0.9109,0.75
4311643,1.0,0.0,1.0,1.0,1.0,1.0,1.0,1.0,1.0,1.0,1.0,1.0,11,1,0.75,1.0,1.0
4311700,1.0,0.7468354430379747,1.0,1.0,1.0,0.25316455696202533,1.0,0.0,0.25316455696202533,0.25316455696202533,0.05063291139240506,0.20253164556962025,79,3,0.9367,0.5633,0.1899
4311718,1.0,0.0,1.0,0.7857142857142857,1.0,1.0,1.0,1.0,1.0,1.0,0.3142857142857143,0.8714285714285714,70,5,0.6964,1.0,0.7964
4311734,1.0,0.0,1.0,1.0,1.0,0.5116279069767442,1.0,1.0,0.5116279069767442,0.5116279069767442,0.0,0.5116279069767442,43,2,0.75,0.8779,0.3837
4311759,1.0,0.0,1.0,0.8409090909090909,1.0,0.9318181818181818,1.0,0.9090909090909091,0.6704545454545454,0.6704545454545454,0.06818181818181818,0.8409090909090909,88,6,0.7102,0.9602,0.5625
4311775,0.9891304347826086,0.010869565217391304,1.0,0.9891304347826086,0.9891304347826086,0.6847826086956522,0.9565217391304348,0.41304347826086957,0.6630434782608695,0.6630434782608695,0.0,0.3695652173913043,92,11,0.7473,0.7609,0.4239
4311791,1.0,0.0,1.0,1.0,1.0,1.0,1.0,1.0,1.0,1.0,0.0,1.0,33,3,0.75,1.0,0.75
4311809,1.0,0.9741379310344828,1.0,1.0,1.0,0.9181034482758621,1.0,0.8987068965517241,0.4418103448275862,0.9181034482758621,0.584051724137931,1.0,464,14,0.9935,0.9542,0.736
4311908,1.0,0.0,1.0,1.0,1.0,1.0,1.0,1.0,0.7021276595744681,1.0,1.0,1.0,47,2,0.75,1.0,0.9255
4311981,0.92,0.0,1.0,1.0,0.92,0.92,0.76,0.0,0.92,0.92,0.0,0.0,50,4,0.73,0.65,0.46
4312005,1.0,1.0,1.0,1.0,1.0,0.0,1.0,0.0,1.0,1.0,0.0,0.0,17,1,1.0,0.5,0.5
4312054,1.0,0.0,1.0,1.0,1.0,1.0,1.0,0.7857142857142857,0.9285714285714286,0.9285714285714286,0.09523809523809523,0.7857142857142857,42,4,0.75,0.9464,0.6845
4312104,1.0,0.021739130434782608,1.0,0.8260869565217391,1.0,0.391304347826087,0.34782608695652173,0.021739130434782608,0.9565217391304348,0.9565217391304348,0.0,0.34782608695652173,46,5,0.712,0.4402,0.5652
4312138,1.0,0.0,1.0,1.0,1.0,0.4318181818181818,1.0,0.8181818181818182,0.36363636363636365,0.36363636363636365,0.0,0.0,44,5,0.75,0.8125,0.1818
4312153,1.0,0.0,1.0,1.0,1.0,1.0,1.0,1.0,1.0,1.0,0.0,0.7619047619047619,63,3,0.75,1.0,0.6905
4312179,1.0,0.0,1.0,1.0,1.0,1.0,1.0,1.0,1.0,1.0,0.0,0.782608695652174,23,3,0.75,1.0,0.6957
4312203,1.0,0.9285714285714286,1.0,1.0,1.0,0.6428571428571429,1.0,1.0,0.5714285714285714,0.5714285714285714,0.5714285714285714,0.5714285714285714,42,3,0.9821,0.9107,0.5714
4312252,1.0,1.0,1.0,1.0,1.0,0.38235294117647056,1.0,0.803921568627451,0.803921568627451,1.0,0.19607843137254902,0.803921568627451,102,5,1.0,0.7966,0.701
4312302,1.0,0.0,1.0,0.9594594594594594,1.0,0.9459459459459459,1.0,0.9594594594594594,0.8243243243243243,0.8243243243243243,0.0,0.9459459459459459,74,6,0.7399,0.9764,0.6486
4312351,1.0,0.0,1.0,1.0,1.0,1.0,1.0,1.0,1.0,1.0,0.0,1.0,16,1,0.75,1.0,0.75
4312377,1.0,0.0,1.0,1.0,1.0,0.5740740740740741,1.0,1.0,1.0,1.0,0.0,1.0,54,3,0.75,0.8935,0.75
4312385,1.0,0.0,1.0,1.0,1.0,1.0,1.0,0.0,1.0,1.0,0.0,0.0,27,1,0.75,0.75,0.5
4312401,1.0,0.776829268292683,1.0,0.973170731707317,1.0,0.7414634146341463,1.0,0.9073170731707317,0.5585365853658537,0.8439024390243902,0.46707317073170734,0.7890243902439025,820,31,0.9375,0.9122,0.6646
4312427,1.0,0.38461538461538464,1.0,1.0,1.0,1.0,1.0,0.6153846153846154,0.38461538461538464,1.0,0.6153846153846154,0.6153846153846154,39,3,0.8462,0.9038,0.6538
4312443,1.0,0.0,1.0,1.0,1.0,1.0,1.0,0.975609756097561,1.0,1.0,0.0,0.7317073170731707,41,4,0.75,0.9939,0.6829
4312450,1.0,0.5151515151515151,1.0,1.0,1.0,1.0,1.0,1.0,0.8484848484848485,0.8484848484848485,0.5151515151515151,0.6818181818181818,66,5,0.8788,1.0,0.7235
4312476,1.0,0.30864197530864196,1.0,1.0,1.0,1.0,1.0,1.0,0.30864197530864196,1.0,0.691358024691358,1.0,81,5,0.8272,1.0,0.75
4312500,1.0,0.7037037037037037,1.0,1.0,1.0,0.8580246913580247,0.8580246913580247,0.7037037037037037,0.2222222222222222,0.8703703703703703,0.6481481481481481,0.5617283950617284,162,9,0.9259,0.8549,0.5756
4312609,1.0,1.0,1.0,1.0,1.0,0.6779661016949152,1.0,0.711864406779661,1.0,1.0,0.0,0.6101694915254238,59,3,1.0,0.8475,0.6525
4312617,1.0,0.3953488372093023,1.0,1.0,1.0,0.6046511627906976,1.0,0.7906976744186046,1.0,1.0,0.3953488372093023,1.0,43,3,0.8488,0.8488,0.8488
4312625,1.0,0.4642857142857143,1.0,1.0,1.0,0.8214285714285714,1.0,0.6428571428571429,0.35714285714285715,0.35714285714285715,0.0,0.35714285714285715,28,3,0.8661,0.8661,0.2679
4312658,1.0,0.0,1.0,1.0,1.0,1.0,1.0,0.6071428571428571,0.8010204081632653,1.0,0.1989795918367347,0.23469387755102042,196,7,0.75,0.9018,0.5587
4312674,1.0,1.0,1.0,1.0,1.0,0.0,1.0,1.0,0.0,0.0,0.0,0.0,24,1,1.0,0.75,0.0
4312708,1.0,0.0,1.0,0.8579545454545454,1.0,0.7897727272727273,1.0,0.4034090909090909,1.0,1.0,0.3409090909090909,0.9147727272727273,176,6,0.7145,0.7983,0.8139
4312757,1.0,0.6666666666666666,1.0,1.0,1.0,1.0,1.0,1.0,1.0,1.0,0.6666666666666666,1.0,39,3,0.9167,1.0,0.9167
4312807,1.0,1.0,1.0,1.0,1.0,1.0,1.0,1.0,0.0,1.0,1.0,1.0,79,1,1.0,1.0,0.75
4312906,1.0,0.7592592592592593,1.0,1.0,1.0,0.7222222222222222,1.0,0.7222222222222222,1.0,1.0,0.0,0.7222222222222222,108,4,0.9398,0.8611,0.6806
4312955,1.0,0.0,1.0,1.0,1.0,1.0,1.0,1.0,1.0,1.0,1.0,1.0,22,1,0.75,1.0,1.0
4313003,1.0,0.0,1.0,1.0,1.0,0.0,1.0,0.0,0.0,1.0,1.0,0.0,35,1,0.75,0.5,0.5
4313011,1.0,0.0,1.0,1.0,1.0,1.0,1.0,0.0,1.0,1.0,0.0,0.0,34,2,0.75,0.75,0.5
4313037,1.0,0.7666666666666667,1.0,1.0,1.0,0.7,1.0,0.23333333333333334,0.7,1.0,0.3,0.7,60,3,0.9417,0.7333,0.675
4313060,1.0,0.8301158301158301,1.0,1.0,1.0,0.9227799227799228,1.0,0.749034749034749,0.8803088803088803,0.9227799227799228,0.15444015444015444,0.4942084942084942,259,10,0.9575,0.918,0.6129
4313086,1.0,1.0,1.0,1.0,1.0,0.0,1.0,0.0,1.0,1.0,0.0,0.0,14,1,1.0,0.5,0.5
4313102,1.0,0.6296296296296297,1.0,1.0,1.0,1.0,1.0,0.7592592592592593,0.9259259259259259,0.9259259259259259,0.0,0.7592592592592593,54,6,0.9074,0.9398,0.6528
4313201,1.0,0.0,1.0,1.0,1.0,0.8098591549295775,0.6795774647887324,0.795774647887324,1.0,1.0,0.2535211267605634,1.0,284,10,0.75,0.8213,0.8134
4313300,1.0,0.7859424920127795,1.0,1.0,1.0,1.0,1.0,0.33865814696485624,0.7987220447284346,1.0,0.3354632587859425,0.29073482428115016,313,9,0.9465,0.8347,0.6062
4313334,1.0,0.0,1.0,1.0,1.0,1.0,1.0,0.0,0.0,1.0,1.0,0.0,24,1,0.75,0.75,0.5
4313359,1.0,1.0,1.0,1.0,1.0,1.0,1.0,1.0,1.0,1.0,1.0,1.0,29,1,1.0,1.0,1.0
4313375,0.967032967032967,0.6329670329670329,1.0,1.0,1.0,0.4747252747252747,0.9208791208791208,0.5230769230769231,0.8483516483516483,0.8681318681318682,0.23956043956043957,0.23296703296703297,455,15,0.9,0.7297,0.5473
4313391,1.0,0.0,1.0,1.0,1.0,1.0,1.0,1.0,0.0,1.0,1.0,0.6774193548387096,31,2,0.75,1.0,0.6694
4313409,1.0,0.4211111111111111,1.0,1.0,1.0,0.9055555555555556,0.9862962962962963,0.912962962962963,0.98,0.98,0.08074074074074074,0.9251851851851852,2700,58,0.8553,0.9512,0.7415
4313425,1.0,0.0,1.0,1.0,1.0,1.0,1.0,0.5,0.7083333333333334,0.7083333333333334,0.0,0.0,24,3,0.75,0.875,0.3542
4313441,1.0,0.0,1.0,1.0,1.0,1.0,1.0,0.46153846153846156,0.0,0.5384615384615384,0.5384615384615384,1.0,26,2,0.75,0.8654,0.5192
4313466,1.0,0.0,1.0,1.0,1.0,0.08333333333333333,1.0,1.0,1.0,1.0,0.9166666666666666,0.9166666666666666,24,2,0.75,0.7708,0.9583
4313490,1.0,0.0,1.0,1.0,1.0,1.0,1.0,1.0,0.7222222222222222,0.7222222222222222,0.0,0.37037037037037035,54,3,0.75,1.0,0.4537
4313508,0.7776,0.7584,1.0,0.9936,1.0,0.528,0.9344,0.8032,0.832,0.904,0.072,0.7952,625,18,0.8824,0.8164,0.6508
4313607,1.0,0.0,1.0,0.0,1.0,1.0,1.0,0.0,1.0,1.0,0.0,0.0,33,1,0.5,0.75,0.5
4313656,1.0,0.11764705882352941,0.9941176470588236,0.9941176470588236,0.9941176470588236,0.48823529411764705,0.5705882352941176,0.3941176470588235,0.9941176470588236,0.9941176470588236,0.18823529411764706,0.3058823529411765,170,7,0.7765,0.6118,0.6206
4313706,1.0,0.7780429594272077,1.0,0.9594272076372315,1.0,0.8305489260143198,0.9785202863961814,0.5966587112171837,0.5727923627684964,0.5823389021479713,0.3627684964200477,0.5202863961813843,419,19,0.9344,0.8514,0.5095
4313805,1.0,0.0,1.0,1.0,1.0,0.6732673267326733,1.0,0.7326732673267327,1.0,1.0,0.019801980198019802,0.10891089108910891,101,5,0.75,0.8515,0.5322
4313904,1.0,0.0,1.0,1.0,1.0,1.0,1.0,0.7460869565217392,0.9808695652173913,0.9808695652173913,0.08695652173913043,0.7582608695652174,575,17,0.75,0.9365,0.7017
4313953,1.0,0.8029197080291971,1.0,1.0,1.0,1.0,1.0,0.6861313868613139,1.0,1.0,0.26277372262773724,0.6861313868613139,137,6,0.9507,0.9215,0.7372
4314001,1.0,0.8571428571428571,1.0,1.0,1.0,1.0,1.0,0.7261904761904762,1.0,1.0,0.8571428571428571,0.9166666666666666,84,4,0.9643,0.9315,0.9435
4314027,1.0,0.0,1.0,1.0,1.0,0.9210526315789473,1.0,1.0,0.5526315789473685,0.8157894736842105,0.6447368421052632,0.8157894736842105,76,6,0.75,0.9803,0.7072
4314035,1.0,0.0,1.0,1.0,1.0,0.7627118644067796,1.0,1.0,0.7966101694915254,1.0,0.4406779661016949,1.0,59,4,0.75,0.9407,0.8093
4314050,1.0,0.8608815426997245,1.0,1.0,1.0,0.9435261707988981,1.0,0.8112947658402204,0.9931129476584022,0.9931129476584022,0.011019283746556474,0.6391184573002755,726,21,0.9652,0.9387,0.6591
4314068,1.0,0.0,0.9512195121951219,1.0,1.0,1.0,1.0,1.0,0.04878048780487805,1.0,0.9512195121951219,1.0,41,4,0.7378,1.0,0.75
4314076,1.0,0.36764705882352944,1.0,1.0,1.0,1.0,1.0,1.0,1.0,1.0,0.029411764705882353,0.9705882352941176,68,5,0.8419,1.0,0.75
4314100,1.0,0.6312087912087913,1.0,1.0,0.9775824175824176,0.8118681318681319,0.9986813186813187,0.5942857142857143,0.7538461538461538,0.821098901098901,0.18725274725274726,0.527032967032967,2275,63,0.9078,0.8456,0.5723
4314134,1.0,1.0,1.0,1.0,1.0,0.0,1.0,1.0,1.0,1.0,0.0,1.0,16,1,1.0,0.75,0.75
4314159,1.0,0.0,1.0,1.0,1.0,1.0,1.0,1.0,0.9789473684210527,0.9789473684210527,0.0,0.9789473684210527,95,7,0.75,1.0,0.7342
4314175,0.8709677419354839,0.6451612903225806,1.0,0.7419354838709677,1.0,1.0,0.8709677419354839,1.0,0.9354838709677419,0.9354838709677419,0.0,0.5806451612903226,31,5,0.8145,0.9677,0.6129
4314209,1.0,0.6721311475409836,1.0,1.0,1.0,0.7704918032786885,1.0,1.0,1.0,1.0,0.0,0.639344262295082,61,4,0.918,0.9426,0.6598
4314308,1.0,0.0,1.0,1.0,1.0,1.0,1.0,1.0,0.6585365853658537,0.6585365853658537,0.0,1.0,41,2,0.75,1.0,0.5793
4314407,1.0,0.9170137776353733,1.0,1.0,0.9983979493752002,0.8663889778917013,1.0,0.6594040371675745,0.9455302787568087,0.9525793015059276,0.18776033322652996,0.7920538289009933,3121,98,0.9793,0.881,0.7195
4314423,1.0,0.0,1.0,1.0,1.0,1.0,1.0,1.0,0.0,1.0,1.0,1.0,57,3,0.75,1.0,0.75
4314456,1.0,1.0,1.0,1.0,1.0,1.0,1.0,1.0,1.0,1.0,0.0,1.0,39,1,1.0,1.0,0.75
4314464,1.0,0.0,1.0,1.0,1.0,1.0,1.0,0.08,0.96,0.96,0.0,0.04,25,3,0.75,0.77,0.49
4314472,1.0,0.5405405405405406,1.0,1.0,1.0,0.7567567567567568,1.0,0.8918918918918919,0.6486486486486487,0.6486486486486487,0.0,0.7567567567567568,37,6,0.8851,0.9122,0.5135
4314498,1.0,0.0,1.0,1.0,1.0,0.8591549295774648,1.0,0.28169014084507044,0.5492957746478874,0.8591549295774648,0.39436619718309857,0.0,71,5,0.75,0.7852,0.4507
4314506,1.0,0.9137931034482759,1.0,1.0,1.0,0.49137931034482757,1.0,0.35344827586206895,0.5,1.0,0.8017241379310345,0.19827586206896552,116,7,0.9784,0.7112,0.625
4314548,1.0,0.0,1.0,1.0,1.0,1.0,1.0,0.5,0.5,0.5,0.0,0.5,28,3,0.75,0.875,0.375
4314555,1.0,0.0,1.0,1.0,1.0,1.0,1.0,1.0,0.8,0.8,0.0,1.0,15,3,0.75,1.0,0.65
4314605,1.0,0.36363636363636365,1.0,0.9318181818181818,0.9886363636363636,0.7897727272727273,1.0,0.5909090909090909,0.3977272727272727,0.7215909090909091,0.32386363636363635,0.09090909090909091,176,13,0.8239,0.8423,0.3835
4314704,1.0,0.5289256198347108,1.0,0.9917355371900827,1.0,0.8181818181818182,1.0,0.71900826446281,0.8925619834710744,0.8925619834710744,0.1322314049586777,0.859504132231405,121,10,0.8802,0.8843,0.6942
4314753,0.0,0.0,1.0,1.0,1.0,0.0,1.0,0.0,1.0,1.0,0.0,0.0,26,1,0.5,0.5,0.5
4314779,1.0,0.5909090909090909,1.0,0.8409090909090909,0.9545454545454546,0.9545454545454546,0.9545454545454546,0.75,0.20454545454545456,0.20454545454545456,0.0,0.5909090909090909,44,4,0.858,0.9034,0.25
4314787,1.0,0.0,1.0,1.0,1.0,1.0,1.0,1.0,1.0,1.0,0.0,1.0,14,1,0.75,1.0,0.75
4314803,1.0,0.9393939393939394,1.0,1.0,0.9826839826839827,0.7272727272727273,0.9826839826839827,0.9826839826839827,0.9718614718614719,0.9718614718614719,0.0,0.9632034632034632,462,16,0.9848,0.9188,0.7267
4314902,1.0,0.9895871392035075,1.0,1.0,0.999634636463281,0.6851479722323712,0.999634636463281,0.6805809280233832,0.8978808914870295,0.8978808914870295,0.11892583120204604,0.7832480818414322,10948,252,0.9974,0.8412,0.6745
4315008,1.0,0.0,1.0,1.0,1.0,1.0,1.0,1.0,1.0,1.0,0.0,1.0,37,2,0.75,1.0,0.75
4315057,1.0,1.0,1.0,1.0,1.0,0.0,1.0,0.0,1.0,1.0,1.0,0.0,32,1,1.0,0.5,0.75
4315073,1.0,0.0,1.0,1.0,1.0,0.08695652173913043,1.0,1.0,0.08695652173913043,0.08695652173913043,0.0,0.08695652173913043,23,2,0.75,0.7717,0.0652
4315107,1.0,0.3602941176470588,1.0,0.9779411764705882,1.0,0.7647058823529411,1.0,1.0,0.5735294117647058,1.0,0.7426470588235294,0.5514705882352942,136,9,0.8346,0.9412,0.7169
4315131,1.0,0.0,1.0,1.0,1.0,1.0,1.0,1.0,1.0,1.0,0.0,1.0,16,2,0.75,1.0,0.75
4315149,1.0,1.0,1.0,1.0,1.0,0.0,1.0,1.0,0.0,0.0,0.0,0.0,40,1,1.0,0.75,0.0
4315156,1.0,0.0,1.0,1.0,1.0,0.9803921568627451,0.8431372549019608,0.803921568627451,0.47058823529411764,1.0,0.5490196078431373,0.7254901960784313,51,7,0.75,0.9069,0.6863
4315172,1.0,1.0,1.0,1.0,1.0,1.0,1.0,1.0,1.0,1.0,0.0,1.0,31,1,1.0,1.0,0.75
4315206,1.0,0.0,1.0,1.0,1.0,1.0,1.0,0.125,1.0,1.0,0.0,1.0,32,2,0.75,0.7812,0.75
4315305,1.0,0.9383561643835616,1.0,0.976027397260274,0.9623287671232876,0.589041095890411,0.9931506849315068,0.476027397260274,0.8493150684931506,0.8493150684931506,0.0,0.6198630136986302,292,13,0.9786,0.7551,0.5796
4315313,1.0,0.0,1.0,1.0,1.0,0.0,1.0,0.0,0.0,1.0,1.0,0.0,21,1,0.75,0.5,0.5
4315321,1.0,0.5714285714285714,1.0,1.0,1.0,0.6785714285714286,1.0,0.6785714285714286,1.0,1.0,0.0,0.5714285714285714,28,4,0.8929,0.8393,0.6429
4315354,1.0,0.0,1.0,1.0,1.0,0.8727272727272727,1.0,1.0,0.8727272727272727,0.8727272727272727,0.10909090909090909,0.36363636363636365,55,5,0.75,0.9682,0.5545
4315404,1.0,0.0,1.0,0.9578313253012049,1.0,0.963855421686747,0.9578313253012049,0.8975903614457831,0.8614457831325302,0.8614457831325302,0.0,0.6987951807228916,166,13,0.7395,0.9548,0.6054
4315453,1.0,0.0,1.0,1.0,1.0,0.0,1.0,1.0,1.0,1.0,1.0,1.0,18,1,0.75,0.75,1.0
4315503,0.9679144385026738,0.5347593582887701,1.0,1.0,1.0,0.93048128342246,1.0,0.6042780748663101,0.44385026737967914,0.9197860962566845,0.47593582887700536,0.36363636363636365,187,8,0.8757,0.8837,0.5508
4315552,1.0,0.0,1.0,0.92,1.0,0.92,0.92,0.52,0.92,0.92,0.16,0.0,25,4,0.73,0.84,0.5
4315602,0.9940855323020928,0.44313011828935395,1.0,0.9977252047315741,0.9736123748862603,0.5627843494085533,0.9949954504094631,0.7283894449499545,0.7388535031847133,0.8585077343039127,0.2893539581437671,0.5950864422202001,2198,75,0.8587,0.8149,0.6205
4315701,0.9761336515513126,0.7183770883054893,1.0,1.0,1.0,0.8186157517899761,1.0,0.6563245823389021,0.6109785202863962,0.766109785202864,0.21241050119331742,0.37708830548926014,419,22,0.9236,0.8687,0.4916
4315750,1.0,0.0,1.0,0.9814814814814815,0.9814814814814815,0.9814814814814815,0.9814814814814815,0.7037037037037037,0.9814814814814815,0.9814814814814815,0.0,0.5740740740740741,54,4,0.7454,0.912,0.6343
4315800,1.0,0.0,1.0,1.0,1.0,1.0,1.0,0.49514563106796117,1.0,1.0,0.0,0.49514563106796117,103,3,0.75,0.8738,0.6238
4315909,1.0,0.0,1.0,1.0,1.0,0.6231884057971014,1.0,1.0,1.0,1.0,0.0,1.0,69,4,0.75,0.9058,0.75
4315958,1.0,0.0,1.0,1.0,1.0,0.68,1.0,0.72,0.68,0.68,0.0,0.4,25,4,0.75,0.85,0.44
4316006,1.0,0.3813953488372093,1.0,1.0,1.0,0.827906976744186,1.0,1.0,0.7767441860465116,0.7767441860465116,0.08372093023255814,0.9023255813953488,215,12,0.8453,0.957,0.6349
4316105,1.0,0.32558139534883723,1.0,1.0,1.0,0.9767441860465116,1.0,0.6511627906976745,0.5581395348837209,1.0,0.4418604651162791,0.5348837209302325,86,6,0.8314,0.907,0.6337
4316204,1.0,0.0,1.0,1.0,1.0,1.0,1.0,1.0,1.0,1.0,0.0,0.9803921568627451,51,3,0.75,1.0,0.7451
4316303,1.0,0.0,1.0,1.0,1.0,1.0,1.0,1.0,0.4358974358974359,1.0,0.8461538461538461,0.8846153846153846,78,6,0.75,1.0,0.7917
4316402,0.9973890339425587,0.7728459530026109,1.0,0.9738903394255874,0.9712793733681462,0.7362924281984334,0.9921671018276762,0.7806788511749347,0.9556135770234987,0.9556135770234987,0.30809399477806787,0.8798955613577023,383,18,0.936,0.8701,0.7748
4316428,1.0,0.0,1.0,1.0,1.0,0.0,1.0,0.0,1.0,1.0,0.0,0.0,34,1,0.75,0.5,0.5
4316436,1.0,0.0,1.0,1.0,1.0,1.0,1.0,0.0,1.0,1.0,0.0,0.0,28,2,0.75,0.75,0.5
4316451,1.0,0.825,1.0,0.8916666666666667,1.0,0.9666666666666667,1.0,0.775,0.8833333333333333,0.8833333333333333,0.0,0.5,120,11,0.9292,0.9354,0.5667
4316477,1.0,0.0,1.0,1.0,1.0,0.5757575757575758,1.0,1.0,1.0,1.0,0.5757575757575758,1.0,33,2,0.75,0.8939,0.8939
4316501,1.0,0.0,1.0,1.0,1.0,1.0,1.0,0.29591836734693877,0.9693877551020408,0.9693877551020408,0.05102040816326531,0.2653061224489796,98,7,0.75,0.824,0.5638
4316600,1.0,0.9210526315789473,1.0,0.9802631578947368,1.0,1.0,1.0,0.7894736842105263,1.0,1.0,0.0,0.9407894736842105,152,7,0.9753,0.9474,0.7352
4316709,1.0,0.0,1.0,1.0,1.0,0.6320754716981132,1.0,0.6320754716981132,0.6320754716981132,0.6320754716981132,0.24528301886792453,0.6320754716981132,106,6,0.75,0.816,0.5354
4316733,1.0,0.0,1.0,1.0,1.0,1.0,1.0,0.0,1.0,1.0,1.0,0.0,17,1,0.75,0.75,0.75
4316758,1.0,0.2987012987012987,1.0,1.0,1.0,1.0,1.0,0.44155844155844154,0.2987012987012987,0.2987012987012987,0.0,0.2987012987012987,77,3,0.8247,0.8604,0.224
4316808,1.0,0.8800904977375565,1.0,1.0,1.0,1.0,1.0,0.9095022624434389,0.42684766214177977,0.9457013574660633,0.6440422322775264,0.8363499245852187,1326,43,0.97,0.9774,0.7132
4316907,0.9871794871794872,0.7555831265508685,1.0,0.9983457402812241,1.0,1.0,1.0,0.6062861869313482,0.5736145574855253,0.7990074441687345,0.4218362282878412,0.8254755996691481,2418,83,0.9353,0.9016,0.655
4316956,1.0,0.31666666666666665,1.0,1.0,1.0,0.9,1.0,1.0,0.9,0.9,0.43333333333333335,0.6833333333333333,60,6,0.8292,0.975,0.7292
4316972,1.0,0.0,1.0,1.0,1.0,1.0,1.0,0.0,1.0,1.0,0.0,1.0,29,1,0.75,0.75,0.75
4317004,1.0,0.8307692307692308,1.0,0.8307692307692308,0.9384615384615385,0.9384615384615385,0.9846153846153847,0.8615384615384616,0.8,0.8153846153846154,0.06153846153846154,0.24615384615384617,65,7,0.9154,0.9308,0.4808
4317103,1.0,0.5902992776057792,1.0,0.9494324045407637,0.978328173374613,0.6873065015479877,0.9845201238390093,0.651186790505676,0.5923632610939112,0.7337461300309598,0.31785345717234265,0.5892672858617131,969,44,0.8849,0.8253,0.5583
4317202,1.0,0.5646173149309912,1.0,1.0,1.0,0.9084065244667503,1.0,0.657465495608532,0.9899623588456713,0.9899623588456713,0.19698870765370138,0.616060225846926,797,26,0.8912,0.8915,0.6982
4317251,1.0,0.0,1.0,1.0,1.0,1.0,1.0,1.0,1.0,1.0,0.0,0.0,11,1,0.75,1.0,0.5
4317301,1.0,0.7530864197530864,1.0,1.0,0.9851851851851852,0.6790123456790124,0.9061728395061729,0.6271604938271605,0.3160493827160494,0.8419753086419753,0.5753086419753086,0.6222222222222222,405,18,0.9383,0.7994,0.5889
4317400,1.0,0.9137931034482759,1.0,1.0,1.0,0.959051724137931,1.0,0.7586206896551724,0.32112068965517243,0.5495689655172413,0.29094827586206895,0.5646551724137931,464,21,0.9784,0.9294,0.4316
4317509,1.0,0.268188302425107,1.0,1.0,1.0,0.8445078459343794,1.0,0.8216833095577746,0.8930099857346647,0.9158345221112696,0.3223965763195435,0.4194008559201141,701,34,0.817,0.9165,0.6377
4317558,1.0,0.0,1.0,1.0,1.0,1.0,1.0,1.0,1.0,1.0,1.0,1.0,20,1,0.75,1.0,1.0
4317608,1.0,0.39920948616600793,1.0,1.0,1.0,1.0,0.9861660079051383,0.6047430830039525,0.7351778656126482,0.8359683794466403,0.13438735177865613,0.35177865612648224,506,35,0.8498,0.8977,0.5143
4317707,1.0,0.0,1.0,0.9381443298969072,0.979381443298969,0.5979381443298969,1.0,1.0,0.7319587628865979,0.7319587628865979,0.0,0.21649484536082475,97,11,0.7345,0.8943,0.4201
4317756,1.0,0.0,1.0,1.0,1.0,1.0,1.0,1.0,0.0,0.0,0.0,1.0,31,1,0.75,1.0,0.25
4317806,0.9633507853403142,0.18324607329842932,1.0,1.0,1.0,0.7801047120418848,1.0,1.0,0.44502617801047123,0.9633507853403142,0.518324607329843,0.9633507853403142,191,8,0.7866,0.945,0.7225
4317905,1.0,0.0,1.0,0.9466666666666667,1.0,1.0,1.0,0.84,0.18,1.0,1.0,0.7066666666666667,150,6,0.7367,0.96,0.7217
4317954,1.0,0.0,1.0,1.0,1.0,1.0,1.0,1.0,1.0,1.0,0.3684210526315789,0.8421052631578947,19,3,0.75,1.0,0.8026
4318002,0.49222065063649223,0.7029702970297029,1.0,0.9504950495049505,1.0,0.5162659123055162,0.49222065063649223,0.9094766619519095,0.6661951909476662,0.7553041018387553,0.10183875530410184,0.6463932107496464,707,29,0.7864,0.7295,0.5424
4318051,1.0,1.0,1.0,1.0,1.0,1.0,1.0,0.5862068965517241,1.0,1.0,0.0,1.0,29,2,1.0,0.8966,0.75
4318101,1.0,0.6067961165048543,1.0,0.9514563106796117,1.0,0.941747572815534,0.5485436893203883,0.41262135922330095,0.30097087378640774,0.3446601941747573,0.043689320388349516,0.2961165048543689,206,12,0.8896,0.7257,0.2464
4318200,0.9716312056737588,0.7907801418439716,1.0,1.0,1.0,0.9397163120567376,1.0,0.599290780141844,0.4397163120567376,0.5354609929078015,0.09574468085106383,0.4929078014184397,282,19,0.9406,0.8848,0.391
4318309,1.0,0.8953020134228188,1.0,0.9355704697986578,0.9798657718120806,0.887248322147651,1.0,0.4791946308724832,0.9369127516778524,0.9530201342281879,0.3825503355704698,0.3865771812080537,745,32,0.9577,0.8366,0.6648
4318408,0.8303249097472925,0.44404332129963897,1.0,0.9675090252707581,1.0,0.5956678700361011,1.0,0.6137184115523465,0.19133574007220217,0.4657039711191336,0.2743682310469314,0.2851985559566787,277,17,0.8105,0.8023,0.3042
4318424,1.0,0.28888888888888886,1.0,1.0,1.0,1.0,1.0,1.0,1.0,1.0,0.28888888888888886,1.0,45,2,0.8222,1.0,0.8222
4318432,1.0,0.22580645161290322,1.0,1.0,1.0,0.8064516129032258,1.0,1.0,0.6774193548387096,0.6774193548387096,0.0,0.6774193548387096,31,4,0.8065,0.9516,0.5081
4318440,1.0,1.0,1.0,1.0,1.0,1.0,1.0,1.0,1.0,1.0,0.0,1.0,32,1,1.0,1.0,0.75
4318457,1.0,0.0,1.0,1.0,1.0,1.0,1.0,1.0,1.0,1.0,0.0,1.0,27,1,0.75,1.0,0.75
4318465,0.4,0.0,1.0,1.0,1.0,1.0,1.0,1.0,1.0,1.0,0.0,1.0,25,2,0.6,1.0,0.75
4318481,1.0,1.0,1.0,1.0,1.0,0.717948717948718,1.0,0.717948717948718,0.717948717948718,0.717948717948718,0.0,0.717948717948718,39,2,1.0,0.859,0.5385
4318499,1.0,0.0,1.0,1.0,1.0,0.0,1.0,1.0,1.0,1.0,0.0,0.0,29,1,0.75,0.75,0.5
4318507,1.0,0.4622356495468278,1.0,0.879154078549849,1.0,0.4380664652567976,0.972809667673716,0.5981873111782477,0.34441087613293053,0.6737160120845922,0.4501510574018127,0.311178247734139,331,14,0.8353,0.7523,0.4449
4318606,1.0,0.9014084507042254,1.0,1.0,1.0,0.9014084507042254,1.0,0.0,1.0,1.0,0.0,0.38028169014084506,71,3,0.9754,0.7254,0.5951
4318614,1.0,0.0,1.0,1.0,1.0,1.0,1.0,0.25806451612903225,0.25806451612903225,0.25806451612903225,0.0,0.25806451612903225,31,2,0.75,0.8145,0.1935
4318622,1.0,0.7721518987341772,1.0,1.0,1.0,0.8860759493670886,1.0,0.8860759493670886,0.11392405063291139,1.0,0.8860759493670886,0.8860759493670886,79,5,0.943,0.943,0.7215
4318705,1.0,0.9766423357664233,1.0,1.0,0.9985401459854014,0.5299270072992701,0.9507299270072993,0.8547445255474453,0.9244525547445256,0.9244525547445256,0.08832116788321168,0.9131386861313868,2740,56,0.9942,0.8335,0.7126
4318804,1.0,0.6437994722955145,1.0,0.8680738786279684,1.0,0.862796833773087,1.0,0.8891820580474934,0.7651715039577837,0.9736147757255936,0.46174142480211083,0.7255936675461742,379,18,0.878,0.938,0.7315
4318903,1.0,0.7053140096618358,1.0,0.9951690821256038,1.0,0.9009661835748792,1.0,0.785024154589372,0.5144927536231884,0.9106280193236715,0.4613526570048309,0.7995169082125604,414,23,0.9251,0.9215,0.6715
4319000,1.0,0.9565217391304348,1.0,1.0,1.0,0.8478260869565217,1.0,0.9173913043478261,1.0,1.0,0.1565217391304348,0.6260869565217392,230,9,0.9891,0.9413,0.6957
4319109,1.0,0.0,1.0,1.0,1.0,1.0,1.0,1.0,1.0,1.0,0.0,1.0,53,1,0.75,1.0,0.75
4319125,1.0,0.0,1.0,1.0,1.0,1.0,1.0,0.6904761904761905,1.0,1.0,0.5476190476190477,0.6904761904761905,42,3,0.75,0.9226,0.8095
4319158,1.0,0.0,1.0,1.0,1.0,0.9387755102040817,0.8061224489795918,0.4489795918367347,0.9489795918367347,0.9489795918367347,0.0,0.8061224489795918,98,8,0.75,0.7985,0.676
4319208,1.0,0.0,1.0,1.0,1.0,0.92,0.92,0.92,1.0,1.0,0.5333333333333333,0.64,75,6,0.75,0.94,0.7933
4319307,1.0,0.0,1.0,1.0,1.0,1.0,1.0,0.2,1.0,1.0,0.6166666666666667,0.38333333333333336,60,3,0.75,0.8,0.75
4319356,1.0,0.0,1.0,1.0,1.0,1.0,1.0,1.0,1.0,1.0,0.0,1.0,44,1,0.75,1.0,0.75
4319364,1.0,0.0,1.0,0.75,1.0,0.6071428571428571,1.0,0.35714285714285715,0.75,1.0,0.25,0.10714285714285714,28,4,0.6875,0.7411,0.5268
4319372,1.0,0.0,1.0,1.0,1.0,1.0,1.0,1.0,1.0,1.0,0.0,1.0,28,2,0.75,1.0,0.75
4319406,1.0,0.32386363636363635,1.0,0.8125,1.0,0.7102272727272727,0.7272727272727273,0.3693181818181818,0.9090909090909091,0.9090909090909091,0.0,0.35795454545454547,176,8,0.7841,0.7017,0.544
4319505,1.0,0.8935574229691877,1.0,1.0,1.0,0.7815126050420168,1.0,0.7899159663865546,0.8431372549019608,0.8431372549019608,0.0,0.8739495798319328,357,18,0.9734,0.8929,0.6401
4319604,1.0,0.8571428571428571,1.0,1.0,1.0,0.9629629629629629,0.9470899470899471,0.91005291005291,0.25396825396825395,0.9470899470899471,0.6931216931216931,0.6243386243386243,189,13,0.9643,0.955,0.6296
4319703,1.0,0.0,1.0,1.0,1.0,1.0,1.0,1.0,1.0,1.0,0.0,0.8,40,2,0.75,1.0,0.7
4319711,1.0,0.0,1.0,1.0,1.0,1.0,1.0,1.0,1.0,1.0,0.0,1.0,21,2,0.75,1.0,0.75
4319737,1.0,0.0,1.0,1.0,1.0,0.32608695652173914,1.0,0.32608695652173914,0.45652173913043476,0.45652173913043476,0.0,0.32608695652173914,46,3,0.75,0.663,0.3098
4319752,1.0,0.47058823529411764,1.0,1.0,1.0,1.0,1.0,1.0,1.0,1.0,0.5294117647058824,1.0,34,2,0.8676,1.0,0.8824
4319802,1.0,0.9401709401709402,1.0,1.0,1.0,1.0,1.0,1.0,0.7264957264957265,0.7264957264957265,0.0,0.8803418803418803,117,6,0.985,1.0,0.5833
4319901,1.0,0.8921668362156663,1.0,1.0,1.0,0.9715157680569685,1.0,0.9938962360122076,0.9359104781281791,0.9359104781281791,0.022380467955239063,0.9318413021363174,983,22,0.973,0.9914,0.7065
4320008,1.0,0.97628927089508,1.0,1.0,1.0,0.2009484291641968,1.0,0.991701244813278,0.18020154119739182,0.976882039122703,0.7966804979253111,0.9573206876111441,1687,39,0.9941,0.7982,0.7278
4320107,1.0,0.8340080971659919,1.0,1.0,1.0,1.0,1.0,0.4251012145748988,1.0,1.0,0.3805668016194332,0.48582995951417,247,10,0.9585,0.8563,0.7166
4320206,1.0,0.0,1.0,1.0,1.0,0.6482758620689655,1.0,0.8,1.0,1.0,0.0,0.9103448275862069,145,5,0.75,0.8621,0.7276
4320230,1.0,0.0,1.0,1.0,1.0,1.0,1.0,1.0,0.0,1.0,1.0,1.0,34,1,0.75,1.0,0.75
4320263,1.0,0.0,1.0,1.0,1.0,0.8857142857142857,1.0,0.7428571428571429,0.5857142857142857,1.0,0.5142857142857142,0.38571428571428573,70,7,0.75,0.9071,0.6214
4320305,1.0,0.0,1.0,1.0,1.0,1.0,1.0,0.8888888888888888,0.8888888888888888,1.0,0.1111111111111111,0.8888888888888888,63,2,0.75,0.9722,0.7222
4320321,1.0,1.0,1.0,1.0,1.0,0.0,1.0,0.0,0.0,1.0,1.0,1.0,27,1,1.0,0.5,0.75
4320354,1.0,0.6896551724137931,1.0,1.0,1.0,0.0,1.0,0.0,0.6896551724137931,0.7931034482758621,0.10344827586206896,0.0,58,3,0.9224,0.5,0.3966
4320404,1.0,0.23809523809523808,1.0,1.0,1.0,1.0,1.0,0.819047619047619,0.9904761904761905,0.9904761904761905,0.0,0.7904761904761904,210,8,0.8095,0.9548,0.6929
4320453,1.0,0.0,1.0,1.0,1.0,1.0,1.0,1.0,1.0,1.0,1.0,1.0,18,1,0.75,1.0,1.0
4320503,1.0,0.45454545454545453,1.0,0.8727272727272727,0.5272727272727272,0.5272727272727272,0.9818181818181818,0.5272727272727272,0.9272727272727272,0.9272727272727272,0.45454545454545453,0.9272727272727272,55,5,0.8318,0.6409,0.8091
4320552,1.0,0.0,1.0,1.0,1.0,0.11940298507462686,1.0,0.2835820895522388,0.835820895522388,1.0,0.16417910447761194,0.0,67,3,0.75,0.6007,0.5
4320578,1.0,0.0,1.0,1.0,1.0,1.0,1.0,1.0,1.0,1.0,0.0,1.0,19,2,0.75,1.0,0.75
4320602,1.0,0.5121951219512195,1.0,1.0,1.0,0.8780487804878049,0.8780487804878049,1.0,0.4878048780487805,0.4878048780487805,0.0,0.4878048780487805,41,3,0.878,0.939,0.3659
4320651,1.0,0.0,1.0,1.0,1.0,0.0,1.0,1.0,1.0,1.0,0.0,0.0,23,1,0.75,0.75,0.5
4320677,1.0,0.5058823529411764,1.0,1.0,1.0,1.0,1.0,1.0,0.21176470588235294,0.9529411764705882,0.8823529411764706,0.8823529411764706,85,6,0.8765,1.0,0.7324
4320701,1.0,0.0,1.0,1.0,1.0,1.0,1.0,0.5738636363636364,0.5,1.0,0.6420454545454546,0.4034090909090909,176,10,0.75,0.8935,0.6364
4320800,1.0,0.890625,1.0,0.9661458333333334,1.0,0.9609375,1.0,0.9270833333333334,0.8125,1.0,0.3463541666666667,0.6848958333333334,384,23,0.9642,0.972,0.7109
4320859,1.0,0.0,1.0,1.0,1.0,0.5285714285714286,1.0,0.5285714285714286,0.8428571428571429,0.8428571428571429,0.17142857142857143,0.3,70,5,0.75,0.7643,0.5393
4320909,1.0,0.11242603550295859,1.0,1.0,1.0,1.0,1.0,0.9437869822485208,0.8875739644970414,0.8875739644970414,0.0,0.9585798816568047,338,9,0.7781,0.9859,0.6834
4321006,1.0,0.4953271028037383,1.0,1.0,1.0,0.7757009345794392,0.7570093457943925,0.9813084112149533,1.0,1.0,0.0,1.0,107,7,0.8738,0.8785,0.75
4321105,1.0,1.0,1.0,1.0,0.9719101123595506,0.48314606741573035,0.8932584269662921,0.898876404494382,0.5561797752808989,0.6348314606741573,0.20224719101123595,0.43258426966292135,178,8,1.0,0.8118,0.4565
4321204,0.9616564417177914,0.7868098159509203,1.0,0.9831288343558282,0.9938650306748467,0.8021472392638037,1.0,0.9003067484662577,0.7576687116564417,0.7576687116564417,0.0,0.9003067484662577,652,33,0.9329,0.9241,0.6039
4321303,0.9376854599406528,0.07418397626112759,1.0,1.0,1.0,1.0,1.0,0.7804154302670623,1.0,1.0,0.0,0.9643916913946587,337,15,0.753,0.9451,0.7411
4321329,1.0,0.0,1.0,1.0,1.0,1.0,1.0,1.0,1.0,1.0,0.0,1.0,42,2,0.75,1.0,0.75
4321352,1.0,0.9692307692307692,1.0,1.0,1.0,1.0,1.0,0.0,0.5384615384615384,0.5384615384615384,0.0,0.4307692307692308,65,3,0.9923,0.75,0.3769
4321402,1.0,0.11210762331838565,1.0,0.9865470852017937,1.0,1.0,1.0,0.9865470852017937,0.874439461883408,0.874439461883408,0.013452914798206279,0.9237668161434978,223,14,0.7747,0.9966,0.6715
4321436,1.0,0.5266272189349113,1.0,1.0,1.0,0.7692307692307693,0.9704142011834319,0.5976331360946746,0.7751479289940828,0.9112426035502958,0.13609467455621302,0.46153846153846156,169,7,0.8817,0.8343,0.571
4321451,1.0,0.0,1.0,1.0,1.0,0.8638888888888889,0.8666666666666667,0.6694444444444444,0.9055555555555556,0.9055555555555556,0.09166666666666666,0.9583333333333334,360,16,0.75,0.85,0.7153
4321469,1.0,0.0,1.0,1.0,1.0,1.0,1.0,0.5952380952380952,0.8333333333333334,1.0,0.16666666666666666,0.42857142857142855,42,3,0.75,0.8988,0.6071
4321477,1.0,0.0,1.0,1.0,1.0,0.8548387096774194,1.0,0.7741935483870968,0.4032258064516129,0.4032258064516129,0.0,0.4032258064516129,62,7,0.75,0.9073,0.3024
4321493,1.0,0.0,1.0,1.0,1.0,0.6363636363636364,1.0,1.0,1.0,1.0,0.0,1.0,22,2,0.75,0.9091,0.75
4321501,1.0,0.5423728813559322,1.0,1.0,1.0,0.6497175141242938,0.783427495291902,0.5348399246704332,0.615819209039548,0.96045197740113,0.3898305084745763,0.6308851224105462,531,18,0.8856,0.742,0.6492
4321600,1.0,0.46964490263459335,1.0,1.0,1.0,0.9129438717067583,1.0,0.9747995418098511,0.8797250859106529,0.9942726231386025,0.5555555555555556,0.9163802978235968,873,16,0.8674,0.9719,0.8365
4321626,1.0,1.0,1.0,1.0,1.0,1.0,1.0,1.0,1.0,1.0,0.0,0.0,25,1,1.0,1.0,0.5
4321634,1.0,0.0,1.0,1.0,1.0,0.0,1.0,1.0,0.0,0.0,0.0,1.0,12,1,0.75,0.75,0.25
4321667,1.0,0.0,1.0,1.0,1.0,0.9464285714285714,1.0,0.6547619047619048,1.0,1.0,0.0,0.7976190476190477,168,7,0.75,0.9003,0.6994
4321709,0.9877675840978594,0.9113149847094801,1.0,1.0,1.0,0.8012232415902141,0.6880733944954128,1.0,0.9357798165137615,0.9357798165137615,0.0,0.9877675840978594,327,10,0.9748,0.8723,0.7148
4321808,0.9954954954954955,0.05855855855855856,1.0,1.0,1.0,0.44144144144144143,0.9864864864864865,0.7252252252252253,0.7072072072072072,0.7072072072072072,0.0,0.36486486486486486,222,11,0.7635,0.7883,0.4448
4321832,1.0,0.0,1.0,1.0,1.0,0.8157894736842105,1.0,0.7631578947368421,0.7368421052631579,0.9473684210526315,0.21052631578947367,0.7368421052631579,38,4,0.75,0.8947,0.6579
4321857,1.0,0.7945205479452054,1.0,1.0,1.0,1.0,1.0,0.6164383561643836,0.7945205479452054,0.7945205479452054,0.0,1.0,73,4,0.9486,0.9041,0.6473
4321907,1.0,0.24503311258278146,1.0,0.9403973509933775,1.0,0.7417218543046358,1.0,1.0,0.7947019867549668,1.0,0.28807947019867547,0.8344370860927153,302,12,0.7964,0.9354,0.7293
4321956,1.0,0.0,1.0,1.0,1.0,0.9509803921568627,1.0,0.37254901960784315,0.4803921568627451,0.4803921568627451,0.0,0.2549019607843137,102,8,0.75,0.8309,0.3039
4322004,1.0,0.5163934426229508,1.0,0.9289617486338798,1.0,0.9316939890710383,1.0,0.8169398907103825,0.30601092896174864,0.8005464480874317,0.6065573770491803,0.24863387978142076,366,21,0.8613,0.9372,0.4904
4322103,1.0,0.6938775510204082,1.0,1.0,1.0,1.0,1.0,0.30612244897959184,0.6938775510204082,1.0,0.30612244897959184,1.0,49,2,0.9235,0.8265,0.75
4322152,1.0,0.0,1.0,1.0,1.0,1.0,1.0,1.0,0.6271186440677966,0.6271186440677966,0.3728813559322034,0.6271186440677966,59,7,0.75,1.0,0.5636
4322186,1.0,1.0,1.0,1.0,1.0,1.0,1.0,1.0,1.0,1.0,1.0,0.0,12,1,1.0,1.0,0.75
4322202,0.9272030651340997,0.8160919540229885,1.0,0.9272030651340997,1.0,0.7509578544061303,0.8314176245210728,0.685823754789272,0.842911877394636,0.8582375478927203,0.07662835249042145,0.32567049808429116,261,15,0.9176,0.817,0.5259
4322251,1.0,0.0,1.0,1.0,1.0,1.0,1.0,1.0,0.717948717948718,1.0,0.28205128205128205,0.717948717948718,78,3,0.75,1.0,0.6795
4322301,1.0,0.569620253164557,1.0,1.0,1.0,1.0,1.0,0.0,0.7215189873417721,1.0,0.27848101265822783,0.1518987341772152,79,3,0.8924,0.75,0.538
4322327,1.0,0.7441860465116279,1.0,1.0,1.0,1.0,1.0,1.0,1.0,1.0,0.0,1.0,43,2,0.936,1.0,0.75
4322343,1.0,0.0,1.0,1.0,1.0,0.29411764705882354,1.0,1.0,1.0,1.0,0.0,0.29411764705882354,17,2,0.75,0.8235,0.5735
4322350,1.0,0.0,1.0,1.0,1.0,1.0,1.0,1.0,1.0,1.0,0.0,1.0,9,1,0.75,1.0,0.75
4322376,1.0,0.0,1.0,1.0,1.0,0.3870967741935484,1.0,1.0,0.6129032258064516,0.6129032258064516,0.0,0.0,31,2,0.75,0.8468,0.3065
4322400,1.0,0.943900848010437,1.0,1.0,1.0,0.7442922374429224,0.9615133724722765,0.8714938030006523,0.7984344422700587,0.7984344422700587,0.16177429876060012,0.5877364644487932,1533,41,0.986,0.8943,0.5866
4322509,1.0,0.9574235807860262,1.0,1.0,1.0,0.4705240174672489,1.0,0.5633187772925764,0.7412663755458515,0.9683406113537117,0.5764192139737991,0.35152838427947597,916,28,0.9894,0.7585,0.6594
4322525,1.0,0.6078431372549019,1.0,1.0,1.0,1.0,1.0,1.0,0.39215686274509803,0.39215686274509803,0.39215686274509803,1.0,51,2,0.902,1.0,0.5441
4322533,1.0,0.3368421052631579,1.0,1.0,1.0,0.9263157894736842,1.0,0.9263157894736842,0.9578947368421052,0.9578947368421052,0.3368421052631579,0.8315789473684211,95,8,0.8342,0.9632,0.7711
4322541,1.0,0.44776119402985076,1.0,1.0,1.0,1.0,1.0,1.0,1.0,1.0,0.208955223880597,0.7611940298507462,67,3,0.8619,1.0,0.7425
4322558,1.0,0.0,1.0,1.0,1.0,0.0,1.0,0.0,1.0,1.0,1.0,0.0,24,1,0.75,0.5,0.75
4322608,0.9909774436090225,0.631578947368421,1.0,0.9984962406015038,1.0,0.9969924812030075,1.0,0.6842105263157895,0.8330827067669173,0.8631578947368421,0.12030075187969924,0.6616541353383458,665,38,0.9053,0.9203,0.6195
4322707,1.0,0.9368029739776952,0.9591078066914498,1.0,1.0,0.7732342007434945,1.0,0.6617100371747212,0.5985130111524164,0.5985130111524164,0.12267657992565056,0.4944237918215613,269,13,0.974,0.8587,0.4535
4322806,1.0,1.0,1.0,1.0,1.0,1.0,1.0,0.793859649122807,1.0,1.0,0.0,0.0,228,6,1.0,0.9485,0.5
4322855,1.0,1.0,1.0,1.0,1.0,0.0,1.0,1.0,1.0,1.0,1.0,1.0,14,1,1.0,0.75,1.0
4322905,1.0,0.7631578947368421,1.0,1.0,1.0,1.0,1.0,1.0,1.0,1.0,0.7631578947368421,1.0,38,2,0.9408,1.0,0.9408
4323002,0.7674269193703823,0.17699967876646322,1.0,1.0,1.0,0.47928043687761,0.7812399614519756,0.7976228718278188,0.8201092194025056,0.8766463218760039,0.06424670735624799,0.1413427561837456,3113,78,0.7361,0.7645,0.4756
4323101,1.0,0.1702127659574468,1.0,1.0,1.0,1.0,1.0,0.8297872340425532,1.0,1.0,0.2978723404255319,0.851063829787234,47,4,0.7926,0.9574,0.7872
4323200,1.0,0.6585365853658537,1.0,1.0,1.0,1.0,1.0,1.0,1.0,1.0,0.0,1.0,41,3,0.9146,1.0,0.75
4323309,1.0,0.0,1.0,1.0,1.0,1.0,1.0,1.0,0.0,1.0,1.0,1.0,41,1,0.75,1.0,0.75
4323358,1.0,1.0,1.0,1.0,1.0,1.0,1.0,1.0,1.0,1.0,0.0,1.0,29,1,1.0,1.0,0.75
4323408,1.0,1.0,1.0,1.0,1.0,1.0,1.0,1.0,1.0,1.0,0.0,1.0,38,2,1.0,1.0,0.75
4323457,1.0,1.0,1.0,1.0,1.0,1.0,1.0,0.2545454545454545,1.0,1.0,0.7454545454545455,0.2545454545454545,55,2,1.0,0.8136,0.75
4323507,1.0,0.0,1.0,1.0,1.0,1.0,1.0,1.0,0.5217391304347826,0.5217391304347826,0.0,0.5217391304347826,23,2,0.75,1.0,0.3913
4323606,1.0,1.0,1.0,1.0,1.0,0.0,1.0,1.0,1.0,1.0,0.0,1.0,21,1,1.0,0.75,0.75
4323705,1.0,0.0,1.0,1.0,1.0,1.0,1.0,1.0,0.18421052631578946,1.0,0.8157894736842105,0.8157894736842105,38,3,0.75,1.0,0.7039
4323754,1.0,0.0,1.0,1.0,1.0,0.8157894736842105,1.0,1.0,1.0,1.0,0.21052631578947367,1.0,38,4,0.75,0.9539,0.8026
4323770,1.0,0.0,1.0,1.0,1.0,1.0,0.7105263157894737,0.7631578947368421,0.9473684210526315,0.9473684210526315,0.0,0.7631578947368421,38,4,0.75,0.8684,0.6645
4323804,1.0,0.28185328185328185,1.0,1.0,1.0,1.0,1.0,0.7181467181467182,1.0,1.0,0.0,0.5637065637065637,259,4,0.8205,0.9295,0.6409
5000203,1.0,0.0,1.0,0.9567723342939481,0.9567723342939481,0.9567723342939481,1.0,1.0,0.9250720461095101,0.9250720461095101,0.4265129682997118,0.9250720461095101,347,4,0.7392,0.9784,0.8004
5000252,1.0,0.8990825688073395,1.0,1.0,1.0,1.0,1.0,0.10091743119266056,0.10091743119266056,1.0,0.8990825688073395,1.0,109,2,0.9748,0.7752,0.75
5000609,1.0,0.35322777101096225,1.0,1.0,1.0,0.6492082825822169,1.0,0.6492082825822169,0.04141291108404385,0.7454323995127893,0.7040194884287454,0.10109622411693057,821,10,0.8383,0.8246,0.398
5000708,1.0,0.9089026915113871,1.0,0.9089026915113871,1.0,0.10973084886128365,1.0,0.19668737060041408,0.09523809523809523,0.10973084886128365,0.014492753623188406,0.15527950310559005,483,11,0.9545,0.5766,0.0937
5000807,1.0,0.8582089552238806,1.0,1.0,1.0,1.0,1.0,1.0,1.0,1.0,1.0,1.0,134,2,0.9646,1.0,1.0
5000856,1.0,0.0,1.0,1.0,1.0,0.0,1.0,0.0,0.0,0.0,0.0,0.0,210,2,0.75,0.5,0.0
5000906,1.0,0.8641975308641975,1.0,1.0,1.0,0.8641975308641975,1.0,0.8641975308641975,0.8641975308641975,0.8641975308641975,0.0,0.8641975308641975,162,2,0.966,0.9321,0.6481
5001003,1.0,0.21739130434782608,1.0,1.0,1.0,0.2540045766590389,1.0,0.551487414187643,0.4851258581235698,0.782608695652174,0.782608695652174,0.551487414187643,437,4,0.8043,0.7014,0.6505
5001102,1.0,0.627260083449235,1.0,0.8303198887343533,1.0,0.5605006954102921,0.9221140472878998,0.650904033379694,0.013908205841446454,0.1933240611961057,0.17941585535465926,0.588317107093185,719,16,0.8644,0.7834,0.2437
5001243,1.0,0.0,1.0,0.9282296650717703,1.0,0.5645933014354066,1.0,0.5645933014354066,0.3827751196172249,0.3827751196172249,0.3014354066985646,0.07177033492822966,209,6,0.7321,0.7823,0.2847
5001508,1.0,0.0,1.0,1.0,1.0,1.0,1.0,1.0,0.0,0.0,0.0,0.844311377245509,167,4,0.75,1.0,0.2111
5001904,0.0,0.0,1.0,0.9574468085106383,1.0,0.8966565349544073,1.0,1.0,0.9574468085106383,0.9574468085106383,0.8541033434650456,0.9574468085106383,329,3,0.4894,0.9742,0.9316
5002001,1.0,1.0,1.0,1.0,1.0,0.0,1.0,1.0,0.0,1.0,1.0,0.0,194,1,1.0,0.75,0.5
5002100,1.0,0.6835106382978723,1.0,0.9308510638297872,0.9441489361702128,0.013297872340425532,0.9148936170212766,0.3404255319148936,0.13297872340425532,0.13297872340425532,0.0,0.19680851063829788,376,12,0.9036,0.5532,0.1157
5002159,1.0,0.9273743016759777,1.0,0.9273743016759777,1.0,0.0446927374301676,1.0,0.0446927374301676,0.0,0.0,0.0,0.0,179,4,0.9637,0.5223,0.0
5002209,0.9743589743589743,0.9347319347319347,1.0,1.0,1.0,0.36363636363636365,0.8834498834498834,0.5897435897435898,0.0,0.0,0.0,0.5897435897435898,429,8,0.9773,0.7092,0.1474
5002308,1.0,0.75,1.0,0.9540816326530612,1.0,0.9642857142857143,1.0,0.8418367346938775,0.8418367346938775,0.8418367346938775,0.75,0.9897959183673469,196,5,0.926,0.9515,0.8559
5002407,1.0,0.0,1.0,0.8083333333333333,1.0,0.8083333333333333,1.0,0.7516666666666667,0.7783333333333333,0.7783333333333333,0.15333333333333332,0.7516666666666667,600,6,0.7021,0.89,0.6154
5002605,1.0,0.8148148148148148,1.0,1.0,1.0,0.3662551440329218,1.0,1.0,0.3662551440329218,0.6831275720164609,0.3168724279835391,0.3662551440329218,243,6,0.9537,0.8416,0.4331
5002704,1.0,0.6688091412247813,1.0,0.9955365113372612,1.0,0.6649705409748259,1.0,0.8303874308159257,0.9305481164077843,0.9328691305124085,0.05374040349937511,0.6511337261203357,11202,98,0.9161,0.8738,0.6421
5002803,1.0,0.794392523364486,1.0,1.0,1.0,1.0,1.0,1.0,0.794392523364486,0.794392523364486,0.794392523364486,1.0,107,2,0.9486,1.0,0.8458
5002902,1.0,0.6355140186915887,1.0,1.0,1.0,0.3644859813084112,1.0,0.08099688473520249,0.557632398753894,0.557632398753894,0.19314641744548286,0.0,321,6,0.9089,0.6114,0.3271
5002951,0.8104448742746615,0.5667311411992263,1.0,0.97678916827853,1.0,0.5338491295938105,1.0,0.4874274661508704,0.0,0.0,0.0,0.1450676982591876,517,8,0.8385,0.7553,0.0363
5003108,1.0,0.71,1.0,1.0,1.0,1.0,1.0,1.0,1.0,1.0,1.0,1.0,100,2,0.9275,1.0,1.0
5003157,1.0,0.8274111675126904,1.0,1.0,1.0,0.8274111675126904,1.0,1.0,0.0,0.0,0.0,0.9949238578680203,394,4,0.9569,0.9569,0.2487
5003207,1.0,0.5572105619498985,0.9647935003385241,0.9350033852403521,0.992552471225457,0.8821936357481381,0.96614759647935,0.975626269465132,0.3764387271496276,0.44414353419092756,0.06770480704129993,0.9160460392687881,1477,26,0.8643,0.9541,0.4511
5003256,1.0,0.7791411042944786,1.0,1.0,1.0,1.0,1.0,1.0,1.0,1.0,0.0,1.0,489,5,0.9448,1.0,0.75
5003306,1.0,0.15953307392996108,1.0,0.9630350194552529,1.0,0.8035019455252919,1.0,0.8035019455252919,0.8035019455252919,0.8035019455252919,0.8035019455252919,0.8035019455252919,514,4,0.7806,0.9018,0.8035
5003454,1.0,0.13725490196078433,1.0,1.0,1.0,0.9068627450980392,1.0,1.0,0.7107843137254902,0.7696078431372549,0.058823529411764705,0.8627450980392157,204,5,0.7843,0.9767,0.6005
5003488,1.0,0.0,1.0,0.6605504587155964,1.0,0.7339449541284404,1.0,1.0,0.3348623853211009,0.3348623853211009,0.0,1.0,218,5,0.6651,0.9335,0.4174
5003504,1.0,0.7560975609756098,1.0,1.0,1.0,1.0,1.0,1.0,1.0,1.0,0.0,1.0,82,2,0.939,1.0,0.75
5003702,0.8916139240506329,0.6110232067510548,1.0,0.994198312236287,1.0,0.7093881856540084,0.997626582278481,0.6901371308016878,0.885548523206751,0.9538502109704642,0.27505274261603374,0.9343354430379747,3792,46,0.8742,0.8493,0.7622
5003751,1.0,0.0,1.0,1.0,1.0,1.0,1.0,1.0,0.07878787878787878,0.07878787878787878,0.07878787878787878,0.1393939393939394,165,3,0.75,1.0,0.0939
5003801,1.0,0.48089171974522293,1.0,1.0,1.0,1.0,1.0,0.1178343949044586,0.48089171974522293,0.5987261146496815,0.1178343949044586,0.1178343949044586,314,3,0.8702,0.7795,0.3288
5003900,1.0,0.0,1.0,1.0,1.0,1.0,1.0,1.0,1.0,1.0,1.0,1.0,71,1,0.75,1.0,1.0
5004007,1.0,0.35570469798657717,1.0,1.0,1.0,0.4161073825503356,1.0,0.4161073825503356,0.9395973154362416,0.9395973154362416,0.0,1.0,149,3,0.8389,0.7081,0.7198
5004106,1.0,0.0,1.0,1.0,1.0,1.0,1.0,1.0,0.0,0.0,0.0,1.0,162,1,0.75,1.0,0.25
5004304,0.7574468085106383,0.02127659574468085,1.0,0.9829787234042553,1.0,0.3617021276595745,1.0,1.0,0.0,0.9617021276595744,0.9617021276595744,0.7404255319148936,235,5,0.6904,0.8404,0.666
5004403,1.0,0.0,1.0,1.0,1.0,0.0,0.828125,0.0,1.0,1.0,0.0,0.0,128,2,0.75,0.457,0.5
5004502,1.0,0.0,1.0,1.0,1.0,0.756,1.0,0.756,0.408,0.408,0.0,0.756,250,6,0.75,0.878,0.393
5004601,1.0,0.0,1.0,0.7047872340425532,1.0,0.29521276595744683,1.0,0.7047872340425532,0.29521276595744683,1.0,1.0,0.0,376,2,0.6762,0.75,0.5738
5004700,1.0,0.0,1.0,1.0,1.0,0.5327868852459017,1.0,0.0,0.5327868852459017,0.5327868852459017,0.0,0.0,488,3,0.75,0.6332,0.2664
5004809,1.0,0.0,1.0,1.0,1.0,0.15609756097560976,1.0,1.0,0.8439024390243902,1.0,0.15609756097560976,0.5219512195121951,205,3,0.75,0.789,0.6305
5004908,1.0,0.9043478260869565,0.1391304347826087,0.9043478260869565,0.9043478260869565,0.043478260869565216,1.0,1.0,0.0,0.09565217391304348,0.09565217391304348,0.1391304347826087,115,3,0.737,0.737,0.0826
5005004,0.28,0.675,1.0,1.0,1.0,0.0,0.775,0.0325,0.1975,0.1975,0.0,0.0325,400,7,0.7388,0.4519,0.1069
5005103,1.0,0.6133333333333333,1.0,1.0,1.0,1.0,1.0,1.0,0.7866666666666666,0.7866666666666666,0.0,1.0,75,3,0.9033,1.0,0.6433
5005152,0.0,1.0,1.0,1.0,1.0,1.0,1.0,1.0,1.0,1.0,1.0,1.0,153,1,0.75,1.0,1.0
5005202,1.0,0.515625,1.0,0.99375,1.0,0.25625,1.0,1.0,0.3,0.3,0.0,0.30625,320,9,0.8773,0.8141,0.2266
5005251,1.0,0.0,1.0,0.8864864864864865,1.0,1.0,1.0,1.0,0.7081081081081081,0.8864864864864865,0.1783783783783784,1.0,185,4,0.7216,1.0,0.6932
5005400,1.0,0.13994565217391305,1.0,0.967391304347826,1.0,0.0,1.0,0.1480978260869565,0.08016304347826086,0.43070652173913043,0.43070652173913043,0.2608695652173913,736,9,0.7768,0.537,0.3006
5005608,1.0,0.44395604395604393,1.0,0.6659340659340659,1.0,0.7758241758241758,0.9362637362637363,0.9362637362637363,0.2703296703296703,0.2703296703296703,0.16483516483516483,0.389010989010989,455,11,0.7775,0.9121,0.2736
5005681,1.0,0.531496062992126,1.0,1.0,1.0,1.0,1.0,1.0,0.531496062992126,0.65748031496063,0.65748031496063,1.0,254,3,0.8829,1.0,0.7116
5005707,0.5869809203142536,0.3557800224466891,1.0,0.9809203142536476,1.0,0.9809203142536476,1.0,1.0,0.2716049382716049,0.4713804713804714,0.3468013468013468,0.9809203142536476,891,8,0.7309,0.9952,0.5177
5005806,0.23846153846153847,0.5846153846153846,1.0,0.7615384615384615,1.0,0.3192307692307692,1.0,0.9038461538461539,0.04230769230769231,0.04230769230769231,0.04230769230769231,0.04230769230769231,260,6,0.6462,0.8058,0.0423
5006002,1.0,0.0,1.0,0.9683257918552036,1.0,0.0,1.0,0.5950226244343891,0.029411764705882353,0.4841628959276018,0.4841628959276018,0.45475113122171945,442,5,0.7421,0.6488,0.3631
5006200,1.0,0.2749003984063745,1.0,0.9548472775564409,1.0,0.9800796812749004,1.0,1.0,0.03718459495351926,0.4847277556440903,0.44754316069057104,1.0,753,11,0.8074,0.995,0.4924
5006259,1.0,0.0,1.0,1.0,1.0,1.0,1.0,1.0,1.0,1.0,1.0,1.0,97,1,0.75,1.0,1.0
5006275,1.0,0.0,1.0,1.0,1.0,1.0,1.0,1.0,0.8455882352941176,1.0,1.0,1.0,136,3,0.75,1.0,0.9614
5006309,1.0,0.9263351749539595,1.0,0.9779005524861878,1.0,1.0,1.0,1.0,0.6427255985267035,1.0,0.6114180478821363,1.0,543,7,0.9761,1.0,0.8135
5006358,1.0,0.5,1.0,0.5,1.0,1.0,1.0,1.0,0.7949438202247191,1.0,0.8707865168539326,1.0,356,7,0.75,1.0,0.9164
5006408,1.0,0.0,1.0,1.0,1.0,0.7666666666666667,1.0,1.0,0.18333333333333332,0.18333333333333332,0.0,1.0,120,3,0.75,0.9417,0.3417
5006606,0.945474372955289,0.6368593238822247,1.0,0.9634678298800436,1.0,0.9918211559432933,1.0,1.0,0.2813522355507088,0.41657579062159217,0.13522355507088332,0.9460196292257361,1834,18,0.8865,0.998,0.4448
5006903,1.0,0.8695652173913043,1.0,0.8695652173913043,1.0,0.6608695652173913,1.0,0.7913043478260869,0.11304347826086956,0.11304347826086956,0.11304347826086956,0.6173913043478261,230,5,0.9348,0.863,0.2391
5007109,0.745417515274949,0.9205702647657841,1.0,1.0,1.0,0.9205702647657841,1.0,0.6924643584521385,0.22810590631364563,0.6720977596741344,0.4439918533604888,0.5030549898167006,491,5,0.9165,0.9033,0.4618
5007208,0.4768,0.2208,1.0,0.9776,1.0,0.4944,1.0,0.8704,0.2496,0.4928,0.2432,0.6352,625,10,0.6688,0.8412,0.4052
5007307,1.0,0.0,1.0,1.0,1.0,1.0,1.0,1.0,0.0,1.0,1.0,1.0,89,1,0.75,1.0,0.75
5007406,1.0,0.3323529411764706,1.0,1.0,1.0,0.6676470588235294,1.0,1.0,0.0,0.3,0.3,1.0,340,5,0.8331,0.9169,0.4
5007505,1.0,0.0,1.0,1.0,1.0,0.49557522123893805,1.0,0.49557522123893805,0.0,0.0,0.0,0.49557522123893805,113,2,0.75,0.7478,0.1239
5007554,1.0,0.819672131147541,1.0,1.0,1.0,1.0,1.0,1.0,0.819672131147541,0.819672131147541,0.0,0.819672131147541,122,2,0.9549,1.0,0.6148
5007695,1.0,0.9540229885057471,1.0,1.0,1.0,0.9712643678160919,1.0,0.7758620689655172,0.35823754789272033,0.7471264367816092,0.3888888888888889,0.9712643678160919,522,6,0.9885,0.9368,0.6164
5007703,0.9575757575757575,0.0,1.0,0.9575757575757575,1.0,1.0,1.0,1.0,0.9575757575757575,0.9575757575757575,0.0,0.0,165,2,0.7288,1.0,0.4788
5007802,1.0,0.0,1.0,0.8601398601398601,1.0,0.2867132867132867,1.0,1.0,0.2867132867132867,0.8601398601398601,0.5734265734265734,0.2867132867132867,143,3,0.715,0.8217,0.5017
5007901,1.0,0.25900900900900903,1.0,0.777027027027027,1.0,0.37274774774774777,0.9290540540540541,0.43355855855855857,0.0,0.0,0.0,0.012387387387387387,888,15,0.759,0.6838,0.0031
5007935,1.0,0.0,1.0,1.0,1.0,1.0,1.0,1.0,0.7794117647058824,0.7794117647058824,0.39215686274509803,1.0,204,4,0.75,1.0,0.7377
5007950,1.0,0.6491228070175439,1.0,0.6491228070175439,1.0,0.6491228070175439,0.6491228070175439,0.6491228070175439,0.6491228070175439,0.6491228070175439,0.6491228070175439,0.6491228070175439,228,3,0.8246,0.7368,0.6491
5007976,1.0,1.0,1.0,1.0,1.0,1.0,1.0,1.0,1.0,1.0,0.0,1.0,53,1,1.0,1.0,0.75
5008008,0.9171974522292994,0.0,1.0,0.8757961783439491,1.0,0.9394904458598726,1.0,1.0,0.7101910828025477,1.0,0.3980891719745223,1.0,314,7,0.6982,0.9849,0.7771
5008305,1.0,0.964406779661017,1.0,0.9847457627118644,1.0,0.7785310734463277,1.0,0.8694915254237288,0.13559322033898305,0.5898305084745763,0.4542372881355932,0.8220338983050848,1770,21,0.9873,0.912,0.5004
5008404,1.0,0.6526315789473685,1.0,1.0,1.0,1.0,1.0,0.7894736842105263,1.0,1.0,0.1368421052631579,0.7894736842105263,95,3,0.9132,0.9474,0.7316
5100102,1.0,0.0,1.0,1.0,1.0,0.7619047619047619,0.9166666666666666,0.23809523809523808,0.6904761904761905,0.7738095238095238,0.75,0.6666666666666666,84,6,0.75,0.7292,0.7202
5100201,1.0,0.0,1.0,0.9351620947630923,1.0,0.6683291770573566,1.0,0.8753117206982544,0.6259351620947631,0.6259351620947631,0.10972568578553615,0.04987531172069826,401,12,0.7338,0.8859,0.3529
5100250,1.0,0.26390685640362227,1.0,0.9120310478654593,1.0,0.21216041397153945,1.0,0.9094437257438551,0.9793014230271668,0.9793014230271668,0.0,0.7438551099611902,773,12,0.794,0.7804,0.6756
5100300,1.0,0.6956521739130435,1.0,0.9468599033816425,0.9951690821256038,0.9516908212560387,0.9710144927536232,0.9710144927536232,0.3864734299516908,0.3864734299516908,0.0,0.7536231884057971,207,8,0.9106,0.9722,0.3816
5100359,1.0,0.0,1.0,1.0,1.0,1.0,1.0,0.0,0.0,0.0,0.0,0.0,111,1,0.75,0.75,0.0
5100409,1.0,0.0,1.0,1.0,1.0,0.0,1.0,1.0,1.0,1.0,0.0,0.7527472527472527,182,3,0.75,0.75,0.6882
5100508,1.0,0.0,1.0,0.7105263157894737,1.0,0.8070175438596491,1.0,1.0,0.0,0.0,0.0,0.7105263157894737,114,5,0.6776,0.9518,0.1776
5100607,1.0,0.0,1.0,1.0,1.0,0.0,1.0,1.0,1.0,1.0,1.0,1.0,176,1,0.75,0.75,1.0
5100805,1.0,0.0,0.9090909090909091,0.8606060606060606,1.0,0.9636363636363636,1.0,0.6545454545454545,0.9515151515151515,0.9515151515151515,0.0,0.6848484848484848,165,6,0.6924,0.9045,0.647
5101001,1.0,0.0,1.0,0.8703703703703703,1.0,0.12962962962962962,1.0,0.12962962962962962,0.8703703703703703,0.8703703703703703,0.0,0.0,54,2,0.7176,0.5648,0.4352
5101209,1.0,0.0,1.0,1.0,1.0,0.0,1.0,0.0,1.0,1.0,0.0,0.0,18,1,0.75,0.5,0.5
5101258,1.0,0.0,1.0,1.0,1.0,0.6201923076923077,1.0,1.0,0.6201923076923077,0.6201923076923077,0.6201923076923077,1.0,208,3,0.75,0.905,0.7151
5101308,1.0,0.0,0.631578947368421,1.0,1.0,1.0,1.0,0.7293233082706767,1.0,1.0,0.3684210526315789,0.631578947368421,133,3,0.6579,0.9323,0.75
5101407,1.0,0.0,0.9848812095032398,0.8682505399568035,0.9848812095032398,0.6177105831533477,1.0,0.8077753779697624,0.05399568034557235,0.326133909287257,0.27213822894168466,0.9503239740820735,463,11,0.7133,0.8526,0.4006
5101605,1.0,0.3090909090909091,1.0,0.4636363636363636,0.7181818181818181,0.6090909090909091,0.8545454545454545,0.8272727272727273,0.5727272727272728,0.5727272727272728,0.10909090909090909,0.7181818181818181,110,7,0.6932,0.7523,0.4932
5101704,1.0,0.6428571428571429,1.0,0.8839285714285714,1.0,0.37723214285714285,1.0,0.37723214285714285,0.6183035714285714,0.6183035714285714,0.37723214285714285,0.0,448,10,0.8817,0.6886,0.4035
5101803,1.0,0.48651564185544766,1.0,0.8651564185544768,0.9946062567421791,0.459546925566343,1.0,0.5803667745415318,0.7659115426105717,0.8263214670981661,0.09061488673139159,0.3710895361380798,927,29,0.8379,0.7586,0.5135
5101852,1.0,0.0,1.0,1.0,1.0,0.0,1.0,0.1342281879194631,0.8657718120805369,0.8657718120805369,0.0,0.0,149,2,0.75,0.5336,0.4329
5101902,1.0,0.0,1.0,0.770618556701031,1.0,0.4020618556701031,0.6958762886597938,0.5309278350515464,0.7371134020618557,0.7371134020618557,0.0,0.2345360824742268,388,10,0.6927,0.6572,0.4272
5102504,0.9801324503311258,0.16225165562913907,1.0,0.9602649006622517,1.0,0.26490066225165565,0.875,0.47019867549668876,0.31043046357615894,0.4958609271523179,0.18543046357615894,0.01903973509933775,1208,29,0.7757,0.6525,0.2527
5102603,0.9828431372549019,0.0,0.8382352941176471,0.3602941176470588,0.7696078431372549,0.4166666666666667,0.678921568627451,0.6225490196078431,0.571078431372549,0.571078431372549,0.01715686274509804,0.19362745098039216,408,35,0.5453,0.6219,0.3382
5102637,1.0,0.4937428896473265,1.0,0.9795221843003413,0.9795221843003413,0.7383390216154722,0.9795221843003413,0.5540386803185438,0.9795221843003413,0.9795221843003413,0.17406143344709898,0.5164960182025028,879,11,0.8683,0.8129,0.6624
5102678,1.0,0.16,1.0,1.0,1.0,0.5671428571428572,1.0,1.0,0.9642857142857143,0.9642857142857143,0.33714285714285713,0.98,700,10,0.79,0.8918,0.8114
5102686,1.0,0.0,1.0,1.0,1.0,0.9166666666666666,1.0,0.9166666666666666,1.0,1.0,0.0,1.0,180,2,0.75,0.9583,0.75
5102694,1.0,0.0,1.0,1.0,1.0,0.0,1.0,1.0,1.0,1.0,0.0,1.0,77,1,0.75,0.75,0.75
5102702,1.0,0.0,1.0,0.9532710280373832,1.0,0.3341121495327103,0.9462616822429907,0.26869158878504673,0.22429906542056074,0.4182242990654206,0.29906542056074764,0.13317757009345793,428,16,0.7383,0.6373,0.2687
5102793,1.0,0.0,1.0,1.0,1.0,1.0,1.0,0.9738562091503268,0.28104575163398693,0.8627450980392157,0.6405228758169934,0.7320261437908496,153,7,0.75,0.9935,0.6291
5102850,1.0,0.0,1.0,0.7446808510638298,1.0,0.6595744680851063,1.0,1.0,0.925531914893617,0.925531914893617,0.6595744680851063,1.0,94,4,0.6862,0.9149,0.8777
5103007,1.0,0.2028985507246377,1.0,0.8405797101449275,1.0,0.0,0.9188405797101449,0.663768115942029,0.0,0.017391304347826087,0.017391304347826087,0.008695652173913044,345,12,0.7609,0.6457,0.0109
5103056,1.0,0.6909090909090909,1.0,0.8424242424242424,1.0,1.0,1.0,0.9696969696969697,0.7212121212121212,0.7212121212121212,0.0,0.8424242424242424,165,5,0.8833,0.9924,0.5712
5103106,1.0,0.0,1.0,0.9156626506024096,1.0,0.060240963855421686,0.9518072289156626,0.9518072289156626,0.04819277108433735,0.10843373493975904,0.08433734939759036,0.060240963855421686,83,4,0.7289,0.741,0.0753
5103205,1.0,0.7825112107623319,1.0,0.9147982062780269,1.0,0.9349775784753364,0.9775784753363229,0.8251121076233184,0.8475336322869955,0.8475336322869955,0.0,0.9573991031390134,446,7,0.9243,0.9344,0.6631
5103254,1.0,0.0,0.9719222462203023,0.6868250539956804,1.0,0.31101511879049676,0.9719222462203023,0.0,0.6004319654427646,0.6004319654427646,0.0,0.0,463,10,0.6647,0.5707,0.3002
5103304,1.0,0.0,1.0,0.6501650165016502,0.9174917491749175,0.7788778877887789,0.8382838283828383,0.8052805280528053,0.0,0.13861386138613863,0.13861386138613863,0.0,303,9,0.6625,0.835,0.0693
5103353,1.0,0.32222222222222224,1.0,0.8682539682539683,1.0,0.2253968253968254,0.9888888888888889,1.0,0.6142857142857143,0.6142857142857143,0.2968253968253968,0.5333333333333333,630,11,0.7976,0.8036,0.5147
5103361,1.0,0.0,1.0,0.8548387096774194,1.0,0.06451612903225806,1.0,0.9193548387096774,0.11290322580645161,0.11290322580645161,0.0,0.8548387096774194,62,5,0.7137,0.746,0.2702
5103379,1.0,0.0,1.0,0.9289617486338798,1.0,0.9289617486338798,1.0,1.0,0.0,0.7540983606557377,0.7540983606557377,0.9289617486338798,183,4,0.7322,0.9822,0.6093
5103403,1.0,0.7214375611802545,1.0,1.0,1.0,0.28667319256048107,1.0,0.4649699342749266,0.5636973849811215,0.8296741714445532,0.3563138022654174,0.15592224863655432,7151,78,0.9304,0.6879,0.4764
5103437,1.0,0.0,1.0,1.0,1.0,0.0,1.0,0.0,1.0,1.0,0.0,0.0,76,1,0.75,0.5,0.5
5103452,1.0,0.0,1.0,1.0,1.0,1.0,1.0,0.45528455284552843,0.5447154471544715,0.5447154471544715,0.0,0.0,123,2,0.75,0.8638,0.2724
5103502,1.0,0.514367816091954,1.0,1.0,1.0,0.9511494252873564,1.0,0.9080459770114943,0.985632183908046,0.985632183908046,0.11206896551724138,0.514367816091954,348,10,0.8786,0.9648,0.6494
5103601,1.0,0.0,1.0,1.0,1.0,1.0,1.0,1.0,0.0,0.0,0.0,0.0,89,1,0.75,1.0,0.0
5103700,1.0,0.0,0.8502415458937198,0.7922705314009661,0.9420289855072463,0.8502415458937198,1.0,0.8502415458937198,0.7391304347826086,0.8502415458937198,0.7922705314009661,0.8502415458937198,207,8,0.6606,0.9106,0.808
5103809,1.0,1.0,1.0,0.0,1.0,0.0,0.0,0.0,1.0,1.0,0.0,0.0,40,1,0.75,0.25,0.5
5103858,1.0,0.0,0.5748792270531401,0.5507246376811594,0.9903381642512077,0.5652173913043478,0.8743961352657005,0.5942028985507246,0.5507246376811594,0.5507246376811594,0.0,0.0966183574879227,207,12,0.5314,0.756,0.2995
5103908,1.0,0.0,1.0,0.40625,0.8515625,0.484375,0.7734375,0.1171875,0.3984375,0.3984375,0.0,0.0,128,11,0.6016,0.5566,0.1992
5103957,1.0,0.0,1.0,1.0,1.0,1.0,1.0,1.0,0.8333333333333334,0.8333333333333334,0.8333333333333334,1.0,36,2,0.75,1.0,0.875
5104104,0.9872495446265938,0.25136612021857924,0.8907103825136612,0.8051001821493625,0.97632058287796,0.8142076502732241,0.9562841530054644,0.8907103825136612,0.7176684881602914,0.7176684881602914,0.0,0.6703096539162113,549,27,0.7336,0.9094,0.5264
5104203,1.0,0.9512195121951219,1.0,0.9512195121951219,1.0,0.8943089430894309,1.0,0.9512195121951219,0.8943089430894309,0.8943089430894309,0.8943089430894309,0.9512195121951219,123,3,0.9756,0.9614,0.9085
5104500,1.0,0.0,1.0,1.0,1.0,1.0,1.0,1.0,1.0,1.0,0.0,0.0,32,1,0.75,1.0,0.5
5104526,1.0,0.0,1.0,1.0,1.0,1.0,1.0,1.0,1.0,1.0,0.0,1.0,155,1,0.75,1.0,0.75
5104542,1.0,0.0,1.0,1.0,1.0,1.0,1.0,0.8333333333333334,0.8333333333333334,0.8333333333333334,0.8333333333333334,0.8333333333333334,132,3,0.75,0.9583,0.8333
5104559,1.0,0.0,1.0,1.0,1.0,1.0,0.95,0.95,0.0,0.95,0.95,0.95,100,2,0.75,0.975,0.7125
5104609,1.0,0.26639344262295084,1.0,1.0,1.0,1.0,0.8975409836065574,0.8975409836065574,0.7295081967213115,1.0,0.6311475409836066,0.6065573770491803,244,5,0.8166,0.9488,0.7418
5104807,1.0,0.13659793814432988,1.0,1.0,1.0,0.9252577319587629,1.0,0.8556701030927835,0.46649484536082475,0.46649484536082475,0.0,0.7731958762886598,388,8,0.7841,0.9452,0.4265
5104906,1.0,0.1935483870967742,1.0,0.717741935483871,1.0,0.0967741935483871,0.8064516129032258,0.6532258064516129,0.7096774193548387,0.7096774193548387,0.0,0.5241935483870968,124,5,0.7278,0.6391,0.4859
5105002,1.0,0.0,1.0,1.0,1.0,1.0,1.0,1.0,1.0,1.0,0.0,1.0,121,2,0.75,1.0,0.75
5105101,1.0,0.3125,1.0,0.8327205882352942,0.9797794117647058,0.2610294117647059,0.9852941176470589,0.36213235294117646,0.33455882352941174,0.6948529411764706,0.3602941176470588,0.15441176470588236,544,19,0.7863,0.6471,0.386
5105150,1.0,0.0,0.983249581239531,0.9430485762144054,1.0,0.3232830820770519,0.9966499162479062,0.2696817420435511,0.9798994974874372,0.9798994974874372,0.08375209380234507,0.2613065326633166,597,10,0.7316,0.6474,0.5762
5105176,1.0,0.0,1.0,0.951048951048951,1.0,0.5174825174825175,1.0,0.18181818181818182,0.7692307692307693,0.7972027972027972,0.027972027972027972,0.18181818181818182,143,5,0.7378,0.6748,0.4441
5105200,1.0,0.0,1.0,0.9590643274853801,1.0,0.9941520467836257,1.0,0.7953216374269005,0.9590643274853801,0.9649122807017544,0.6257309941520468,0.03508771929824561,171,5,0.7398,0.9474,0.6462
5105234,1.0,0.0,1.0,1.0,1.0,0.6447368421052632,1.0,0.21052631578947367,1.0,1.0,0.13157894736842105,0.0,76,4,0.75,0.7138,0.5329
5105259,1.0,0.39107413010590014,1.0,0.9780635400907716,1.0,0.6626323751891074,0.7481089258698941,0.2443267776096823,0.8577912254160364,0.8577912254160364,0.09606656580937972,0.3048411497730711,1322,12,0.8423,0.6638,0.5291
5105309,1.0,0.0,1.0,1.0,1.0,0.1891891891891892,1.0,0.8108108108108109,0.1891891891891892,0.1891891891891892,0.0,0.1891891891891892,37,2,0.75,0.75,0.1419
5105507,1.0,0.3106060606060606,1.0,0.6212121212121212,1.0,0.6931818181818182,0.9166666666666666,0.6439393939393939,0.29545454545454547,0.3560606060606061,0.3106060606060606,0.25,264,13,0.733,0.8134,0.303
5105580,1.0,0.0,0.9121951219512195,0.9121951219512195,1.0,0.8634146341463415,1.0,0.8585365853658536,0.06341463414634146,0.06341463414634146,0.0,0.8,205,5,0.7061,0.9305,0.2317
5105606,1.0,0.14641744548286603,1.0,0.9688473520249221,1.0,0.6417445482866043,1.0,1.0,0.3987538940809969,0.3987538940809969,0.17757009345794392,0.9688473520249221,321,7,0.7788,0.9104,0.486
5105622,1.0,0.0,1.0,0.9566473988439307,1.0,0.9450867052023122,1.0,0.9855491329479769,0.3092485549132948,0.930635838150289,0.9017341040462428,0.9017341040462428,346,5,0.7392,0.9827,0.7608
5105903,1.0,0.3590733590733591,1.0,0.9845559845559846,1.0,0.1776061776061776,0.7799227799227799,0.11196911196911197,0.7567567567567568,0.9111969111969112,0.3745173745173745,0.09652509652509653,259,7,0.8359,0.5174,0.5347
5106000,1.0,0.0,1.0,1.0,1.0,0.0,1.0,0.0,0.0,0.0,0.0,0.0,75,1,0.75,0.5,0.0
5106109,0.9890710382513661,0.0,1.0,0.6994535519125683,1.0,0.6338797814207651,0.7704918032786885,0.6885245901639344,0.08743169398907104,0.18032786885245902,0.09289617486338798,0.5245901639344263,183,17,0.6721,0.7732,0.2213
5106158,1.0,0.0,1.0,0.84688995215311,1.0,0.7368421052631579,0.9856459330143541,0.9856459330143541,0.9186602870813397,0.9186602870813397,0.0,0.1291866028708134,209,6,0.7117,0.927,0.4916
5106174,0.7551020408163265,0.41836734693877553,1.0,0.41836734693877553,0.9795918367346939,0.0,1.0,0.0,0.41836734693877553,0.41836734693877553,0.0,0.0,98,9,0.648,0.4949,0.2092
5106182,1.0,0.0,1.0,0.7850467289719626,1.0,1.0,0.9906542056074766,0.0,0.9345794392523364,0.9345794392523364,0.7850467289719626,0.14953271028037382,107,4,0.6963,0.7477,0.7009
5106190,1.0,0.0,1.0,1.0,1.0,0.0,1.0,0.09210526315789473,0.09210526315789473,1.0,0.9078947368421053,1.0,76,2,0.75,0.523,0.75
5106208,1.0,0.0,1.0,1.0,1.0,0.2833333333333333,1.0,0.2833333333333333,0.2833333333333333,1.0,1.0,0.2833333333333333,60,2,0.75,0.6417,0.6417
5106216,1.0,0.0,1.0,0.9789473684210527,1.0,0.9789473684210527,1.0,0.3526315789473684,0.28421052631578947,0.28421052631578947,0.08421052631578947,0.2,190,6,0.7447,0.8329,0.2132
5106224,1.0,0.0,1.0,1.0,1.0,0.8881789137380192,1.0,0.8881789137380192,0.8690095846645367,0.8690095846645367,0.0,0.8690095846645367,939,9,0.75,0.9441,0.6518
5106232,1.0,0.0,1.0,1.0,1.0,0.456,1.0,0.716,0.544,0.972,0.972,1.0,250,5,0.75,0.793,0.872
5106240,1.0,0.0,0.990909090909091,0.8727272727272727,1.0,0.7272727272727273,0.9863636363636363,0.8772727272727273,0.9,0.9,0.0,0.8681818181818182,220,10,0.7159,0.8977,0.667
5106257,1.0,0.3137931034482759,1.0,1.0,1.0,0.5689655172413793,1.0,0.5689655172413793,0.3137931034482759,0.5689655172413793,0.5689655172413793,0.25517241379310346,290,4,0.8284,0.7845,0.4267
5106265,1.0,0.0,1.0,0.8376068376068376,1.0,1.0,0.9145299145299145,1.0,0.3162393162393162,0.3162393162393162,0.0,0.9145299145299145,117,4,0.7094,0.9786,0.3868
5106273,1.0,0.0,1.0,1.0,1.0,1.0,1.0,1.0,1.0,1.0,1.0,1.0,49,1,0.75,1.0,1.0
5106281,1.0,0.6779661016949152,1.0,0.8813559322033898,1.0,0.00847457627118644,0.9661016949152542,0.2966101694915254,0.6864406779661016,0.6864406779661016,0.1271186440677966,0.6779661016949152,118,6,0.8898,0.5678,0.5445
5106299,1.0,0.0,1.0,0.8518518518518519,1.0,0.6984126984126984,0.8994708994708994,0.6984126984126984,0.9523809523809523,0.9523809523809523,0.0,0.0,189,5,0.713,0.8241,0.4762
5106307,0.9639423076923077,0.057692307692307696,1.0,0.8173076923076923,1.0,0.7043269230769231,0.9495192307692307,0.0673076923076923,0.32211538461538464,0.5817307692307693,0.25961538461538464,0.0,416,18,0.7097,0.6803,0.2909
5106315,1.0,0.0,1.0,1.0,1.0,1.0,1.0,1.0,1.0,1.0,0.0,0.7714285714285715,35,2,0.75,1.0,0.6929
5106372,1.0,0.8587360594795539,1.0,0.9516728624535316,1.0,0.9888475836431226,0.9888475836431226,0.3643122676579926,0.9814126394052045,0.9814126394052045,0.5724907063197026,0.0,269,6,0.9526,0.8355,0.6338
5106422,1.0,0.07624113475177305,0.9414893617021277,0.9024822695035462,0.9769503546099291,0.7039007092198581,1.0,0.6968085106382979,0.7039007092198581,0.7269503546099291,0.0673758865248227,0.5921985815602837,564,12,0.7301,0.8444,0.5226
5106455,1.0,1.0,1.0,1.0,1.0,0.0,1.0,0.0,0.0,0.0,0.0,0.0,60,1,1.0,0.5,0.0
5106505,0.9090909090909091,0.0,1.0,0.9272727272727272,0.9795454545454545,0.12954545454545455,0.9795454545454545,0.4818181818181818,0.7568181818181818,0.7568181818181818,0.0,0.2840909090909091,440,12,0.7091,0.6426,0.4494
5106653,1.0,0.0,1.0,1.0,1.0,1.0,1.0,0.0,1.0,1.0,0.0,0.0,70,1,0.75,0.75,0.5
5106703,1.0,0.0,1.0,1.0,1.0,1.0,1.0,1.0,0.0,0.0,0.0,1.0,20,1,0.75,1.0,0.25
5106752,0.9782903663500678,0.6472184531886025,1.0,0.932157394843962,1.0,0.41655359565807326,1.0,1.0,0.41655359565807326,0.41655359565807326,0.19131614654002713,0.5563093622795116,737,9,0.8894,0.8541,0.3952
5106778,1.0,0.3368421052631579,1.0,1.0,1.0,0.5894736842105263,1.0,0.5894736842105263,0.4789473684210526,0.4789473684210526,0.0,0.0,190,4,0.8342,0.7947,0.2395
5106802,1.0,0.6666666666666666,1.0,1.0,1.0,1.0,1.0,0.8817204301075269,1.0,1.0,0.053763440860215055,0.7849462365591398,93,4,0.9167,0.9704,0.7097
5106828,1.0,0.6923076923076923,1.0,0.8698224852071006,1.0,0.8994082840236687,0.9644970414201184,0.9349112426035503,0.8698224852071006,0.8698224852071006,0.17751479289940827,0.8698224852071006,169,7,0.8905,0.9497,0.6967
5106851,1.0,0.0,1.0,0.723404255319149,0.723404255319149,0.0,0.9361702127659575,0.0,0.723404255319149,0.723404255319149,0.0,0.723404255319149,47,3,0.6809,0.4149,0.5426
5107008,0.978125,0.653125,0.9625,0.90625,0.9625,0.34375,0.49375,0.790625,0.146875,0.771875,0.709375,0.25,320,12,0.875,0.6477,0.4695
5107040,1.0,0.8049792531120332,1.0,0.9858921161825727,1.0,0.6116182572614108,0.8348547717842324,0.6323651452282157,0.7518672199170124,0.7518672199170124,0.14356846473029045,0.725311203319502,1205,11,0.9477,0.7697,0.5932
5107065,1.0,0.05066079295154185,0.986784140969163,0.9647577092511013,1.0,0.17180616740088106,0.9779735682819384,0.9185022026431718,0.9647577092511013,0.9647577092511013,0.29955947136563876,0.6872246696035242,454,12,0.7506,0.7671,0.7291
5107107,1.0,0.0,1.0,0.927710843373494,1.0,0.028112449799196786,1.0,0.0642570281124498,0.891566265060241,0.891566265060241,0.8634538152610441,0.028112449799196786,249,4,0.7319,0.5231,0.6687
5107156,1.0,0.0,1.0,1.0,1.0,0.0,1.0,0.0,1.0,1.0,0.0,0.0,31,1,0.75,0.5,0.5
5107180,1.0,0.04142011834319527,0.9171597633136095,0.8757396449704142,0.893491124260355,0.0,0.9171597633136095,0.10650887573964497,0.6982248520710059,0.6982248520710059,0.0,0.0,169,9,0.7086,0.4793,0.3491
5107198,1.0,1.0,1.0,1.0,1.0,0.0,1.0,0.0,1.0,1.0,0.0,0.0,48,1,1.0,0.5,0.5
5107206,1.0,0.0,1.0,1.0,1.0,0.0,1.0,1.0,1.0,1.0,1.0,0.0,74,1,0.75,0.75,0.75
5107248,1.0,0.0,1.0,1.0,1.0,1.0,1.0,1.0,1.0,1.0,0.0,1.0,104,1,0.75,1.0,0.75
5107263,1.0,0.0,1.0,1.0,1.0,0.0,1.0,1.0,0.8108108108108109,0.8108108108108109,0.0,0.8108108108108109,37,2,0.75,0.75,0.6081
5107297,0.0,0.0,1.0,1.0,1.0,1.0,1.0,1.0,1.0,1.0,0.0,1.0,36,1,0.5,1.0,0.75
5107305,1.0,0.0,1.0,0.8910505836575876,1.0,0.0,1.0,0.0,0.0,0.0,0.0,0.0,257,4,0.7228,0.5,0.0
5107354,1.0,0.0,0.9797297297297297,0.9797297297297297,1.0,1.0,1.0,0.581081081081081,0.4189189189189189,0.4189189189189189,0.0,0.4594594594594595,148,4,0.7399,0.8953,0.3243
5107404,1.0,0.0,1.0,1.0,1.0,0.0,1.0,1.0,1.0,1.0,1.0,1.0,79,1,0.75,0.75,1.0
5107578,1.0,0.0,1.0,0.47761194029850745,0.7164179104477612,0.0,0.7164179104477612,0.0,0.7164179104477612,0.7164179104477612,0.0,0.0,67,7,0.6194,0.3582,0.3582
5107602,1.0,0.8529501681442984,1.0,0.9935799449709569,0.9620911036380312,0.3277285233873433,0.9709568939162335,0.3983491287068175,0.5802506878630388,0.674717211861816,0.10852950168144299,0.12167532864567411,3271,46,0.9616,0.6648,0.3713
5107701,0.9588235294117647,0.16470588235294117,1.0,0.7352941176470589,1.0,0.6529411764705882,0.8352941176470589,0.2235294117647059,0.0,0.0,0.0,0.041176470588235294,170,7,0.7147,0.6779,0.0103
5107743,1.0,0.0,1.0,0.967741935483871,1.0,0.967741935483871,1.0,0.967741935483871,0.967741935483871,0.967741935483871,0.0,0.967741935483871,62,2,0.7419,0.9839,0.7258
5107750,1.0,0.8076923076923077,1.0,1.0,1.0,1.0,1.0,0.8076923076923077,1.0,1.0,0.0,1.0,52,2,0.9519,0.9519,0.75
5107768,1.0,0.0,1.0,1.0,1.0,1.0,1.0,1.0,1.0,1.0,0.0,1.0,84,2,0.75,1.0,0.75
5107776,1.0,0.02586206896551724,1.0,0.4051724137931034,1.0,0.9655172413793104,1.0,0.8017241379310345,0.5862068965517241,0.5862068965517241,0.4051724137931034,0.5517241379310345,116,10,0.6078,0.9418,0.5323
5107792,1.0,0.8292682926829268,1.0,0.8292682926829268,1.0,0.0,0.12195121951219512,0.12195121951219512,0.8292682926829268,0.8292682926829268,0.0,0.12195121951219512,82,3,0.9146,0.311,0.4451
5107800,1.0,0.009615384615384616,0.9519230769230769,0.7115384615384616,0.967948717948718,0.8525641025641025,0.9583333333333334,0.7916666666666666,0.19230769230769232,0.19230769230769232,0.0641025641025641,0.16346153846153846,312,26,0.6683,0.8926,0.153
5107859,0.9585253456221198,0.0,0.8755760368663594,0.695852534562212,1.0,0.07373271889400922,1.0,0.47465437788018433,0.0,0.0,0.0,0.06451612903225806,217,6,0.6325,0.6371,0.0161
5107875,1.0,0.0,1.0,0.654320987654321,1.0,0.6707818930041153,0.6707818930041153,0.668724279835391,0.6563786008230452,0.6563786008230452,0.00205761316872428,0.9917695473251029,486,8,0.6636,0.7526,0.5766
5107883,1.0,0.0,1.0,1.0,1.0,0.0,1.0,1.0,1.0,1.0,0.0,0.0,32,1,0.75,0.75,0.5
5107909,1.0,0.19083706510506374,1.0,0.99207716155701,1.0,0.65346193592835,1.0,0.9038925249741646,0.6262487082328626,0.7547364795039614,0.5532208060626937,0.94454013089907,2903,24,0.7957,0.8893,0.7197
5107925,1.0,0.08361581920903954,1.0,0.9915254237288136,1.0,0.6152542372881356,0.8502824858757062,0.7429378531073446,0.7564971751412429,0.7564971751412429,0.20395480225988702,0.7587570621468926,1770,20,0.7688,0.8021,0.6189
5107941,1.0,0.0,1.0,1.0,1.0,0.09,1.0,0.36,0.0,0.275,0.275,0.09,200,4,0.75,0.6125,0.16
5107958,0.985474006116208,0.15137614678899083,0.823394495412844,0.9732415902140673,0.9923547400611621,0.6804281345565749,0.9785932721712538,0.8287461773700305,0.0,0.8700305810397554,0.8700305810397554,0.8042813455657493,1308,22,0.7334,0.87,0.6361
5108006,1.0,0.0,1.0,1.0,1.0,1.0,1.0,1.0,1.0,1.0,0.0,1.0,196,4,0.75,1.0,0.75
5108055,1.0,0.06111111111111111,1.0,0.9388888888888889,1.0,0.3888888888888889,0.7277777777777777,0.5944444444444444,0.6,0.6,0.0,0.20555555555555555,180,7,0.75,0.6778,0.3514
5108105,1.0,0.0,1.0,1.0,0.8888888888888888,0.8888888888888888,0.8888888888888888,0.8888888888888888,0.8888888888888888,1.0,0.1111111111111111,0.0,45,2,0.75,0.8889,0.5
5108204,1.0,0.8627450980392157,1.0,0.8627450980392157,1.0,1.0,1.0,1.0,0.8627450980392157,0.8627450980392157,0.0,0.0,51,2,0.9314,1.0,0.4314
5108303,1.0,0.0,1.0,1.0,1.0,0.0,1.0,1.0,0.0,1.0,1.0,1.0,70,1,0.75,0.75,0.75
5108352,1.0,0.0,1.0,1.0,1.0,0.0,1.0,0.0,0.6363636363636364,0.6363636363636364,0.6363636363636364,0.0,44,2,0.75,0.5,0.4773
5108402,1.0,0.18179611650485436,1.0,0.9917475728155339,1.0,0.32864077669902914,1.0,0.38980582524271845,0.2934466019417476,0.2934466019417476,0.06650485436893204,0.24199029126213592,4120,65,0.7934,0.6796,0.2238
5108501,1.0,0.0,1.0,0.9488636363636364,1.0,0.9488636363636364,1.0,0.9488636363636364,0.0,0.9488636363636364,0.9488636363636364,0.9488636363636364,176,2,0.7372,0.9744,0.7116
5108600,1.0,0.0,1.0,0.6962457337883959,1.0,0.45733788395904434,1.0,1.0,0.6109215017064846,0.6348122866894198,0.10238907849829351,0.36177474402730375,293,11,0.6741,0.8643,0.4275
5108808,1.0,0.0,1.0,1.0,1.0,0.0,1.0,1.0,0.06493506493506493,0.06493506493506493,0.06493506493506493,0.0,77,2,0.75,0.75,0.0487
5108857,1.0,0.0,1.0,1.0,1.0,0.0,1.0,0.0,0.0,0.0,0.0,0.0,53,1,0.75,0.5,0.0
5108907,1.0,0.0,1.0,1.0,1.0,0.0,1.0,0.0,1.0,1.0,0.0,0.0,87,2,0.75,0.5,0.5
5108956,1.0,0.0,1.0,1.0,1.0,1.0,1.0,1.0,0.8992805755395683,0.8992805755395683,0.8992805755395683,0.10071942446043165,139,2,0.75,1.0,0.6996
5200050,1.0,0.3385093167701863,1.0,1.0,1.0,0.2080745341614907,1.0,0.2080745341614907,0.2080745341614907,0.2080745341614907,0.0,0.2080745341614907,322,4,0.8346,0.604,0.1561
5200100,1.0,0.8854625550660793,1.0,1.0,1.0,0.030837004405286344,1.0,0.32599118942731276,0.46255506607929514,0.6343612334801763,0.17180616740088106,0.0,227,7,0.9714,0.5892,0.3172
5200134,1.0,0.4681647940074906,1.0,1.0,1.0,0.5318352059925093,1.0,1.0,1.0,1.0,0.0,1.0,267,4,0.867,0.883,0.75
5200159,1.0,0.0,1.0,1.0,1.0,0.0,1.0,1.0,1.0,1.0,1.0,0.0,26,1,0.75,0.75,0.75
5200175,1.0,0.0,1.0,0.8072289156626506,1.0,0.5421686746987951,1.0,0.5421686746987951,0.0,0.0,0.0,0.3493975903614458,83,3,0.7018,0.7711,0.0873
5200209,1.0,0.0,1.0,1.0,1.0,1.0,1.0,1.0,1.0,1.0,1.0,1.0,26,1,0.75,1.0,1.0
5200258,1.0,0.5255856966707768,1.0,0.6245376078914919,1.0,0.3187422934648582,0.9725647348951911,0.7709617755856967,0.374845869297164,0.49845869297163997,0.14704069050554872,0.35141800246609123,3244,42,0.7875,0.7656,0.3429
5200308,1.0,0.0,1.0,0.9888579387186629,0.9888579387186629,0.28133704735376047,0.9888579387186629,0.21727019498607242,0.0,0.6211699164345403,0.6211699164345403,0.06128133704735376,359,14,0.7472,0.6191,0.3259
5200506,1.0,0.0,1.0,1.0,1.0,1.0,1.0,1.0,1.0,1.0,0.0,1.0,34,1,0.75,1.0,0.75
5200555,1.0,1.0,1.0,0.0,1.0,1.0,1.0,1.0,1.0,1.0,1.0,1.0,116,1,0.75,1.0,1.0
5200605,1.0,0.0,1.0,0.9871794871794872,0.9871794871794872,0.5833333333333334,1.0,1.0,0.9871794871794872,0.9871794871794872,0.01282051282051282,0.7628205128205128,156,5,0.7468,0.8926,0.6875
5200803,1.0,1.0,1.0,0.44761904761904764,0.9904761904761905,0.0,0.9714285714285714,0.5428571428571428,0.5619047619047619,0.5714285714285714,0.02857142857142857,0.42857142857142855,105,4,0.8619,0.6262,0.3976
5200829,1.0,0.0,1.0,0.6578947368421053,1.0,1.0,1.0,0.6578947368421053,0.2631578947368421,0.6052631578947368,0.34210526315789475,0.39473684210526316,38,4,0.6645,0.9145,0.4013
5200852,1.0,0.0,1.0,1.0,1.0,1.0,1.0,1.0,1.0,1.0,0.0,1.0,61,1,0.75,1.0,0.75
5200902,1.0,0.0,1.0,1.0,1.0,0.10256410256410256,1.0,1.0,0.8974358974358975,0.8974358974358975,0.0,0.8974358974358975,39,2,0.75,0.7756,0.6731
5201108,1.0,0.6712810886907555,1.0,1.0,1.0,0.7121069920225246,1.0,0.5875175973721257,0.6902862505865791,0.7099953073674331,0.14124824026278743,0.8793993430314406,4262,60,0.9178,0.8249,0.6052
5201207,1.0,0.0,1.0,1.0,1.0,0.0,1.0,1.0,1.0,1.0,1.0,1.0,19,1,0.75,0.75,1.0
5201306,1.0,0.7816091954022989,1.0,1.0,1.0,0.5172413793103449,1.0,0.6666666666666666,0.9310344827586207,0.9310344827586207,0.23563218390804597,0.3850574712643678,174,6,0.9454,0.796,0.6207
5201405,1.0,0.44882012814502265,1.0,1.0,1.0,0.11392405063291139,0.9853102047194874,0.2716049382716049,0.6521331458040319,0.9595249257696515,0.3983434911704954,0.26222847319893733,6399,62,0.8622,0.5927,0.5681
5201454,1.0,1.0,1.0,1.0,1.0,0.0,1.0,1.0,1.0,1.0,1.0,1.0,45,1,1.0,0.75,1.0
5201504,1.0,0.0,1.0,1.0,1.0,1.0,1.0,1.0,0.9333333333333333,0.9333333333333333,0.0,1.0,60,2,0.75,1.0,0.7167
5201603,1.0,0.0,1.0,1.0,1.0,0.0,1.0,1.0,1.0,1.0,0.0,0.0,50,1,0.75,0.75,0.5
5201702,1.0,0.0,1.0,1.0,1.0,0.0,1.0,0.0,0.7226890756302521,0.7226890756302521,0.0,0.0,238,3,0.75,0.5,0.3613
5201801,1.0,0.28773584905660377,1.0,1.0,1.0,0.0,1.0,0.9339622641509434,0.0,0.0,0.0,0.28773584905660377,212,5,0.8219,0.7335,0.0719
5202155,1.0,0.953125,1.0,1.0,1.0,0.046875,1.0,0.0,0.0,0.0,0.0,0.0,64,3,0.9883,0.5117,0.0
5202353,1.0,0.0,1.0,1.0,1.0,0.12121212121212122,1.0,1.0,1.0,1.0,0.0,1.0,33,2,0.75,0.7803,0.75
5202502,1.0,0.5963302752293578,1.0,1.0,1.0,1.0,1.0,1.0,0.981651376146789,0.981651376146789,0.5963302752293578,0.981651376146789,109,3,0.8991,1.0,0.8853
5202601,1.0,0.0,1.0,1.0,1.0,1.0,1.0,1.0,1.0,1.0,0.0,1.0,34,1,0.75,1.0,0.75
5202809,1.0,0.0,1.0,1.0,1.0,0.0,1.0,1.0,1.0,1.0,1.0,0.0,38,1,0.75,0.75,0.75
5203104,1.0,0.0,1.0,1.0,1.0,1.0,1.0,1.0,0.42105263157894735,0.42105263157894735,0.42105263157894735,1.0,38,2,0.75,1.0,0.5658
5203203,1.0,0.0,1.0,0.9878787878787879,1.0,0.0,1.0,0.6060606060606061,1.0,1.0,0.0,0.7818181818181819,165,6,0.747,0.6515,0.6955
5203302,1.0,0.7852564102564102,1.0,1.0,1.0,0.28525641025641024,1.0,0.7660256410256411,0.38461538461538464,0.625,0.625,0.6410256410256411,312,8,0.9463,0.7628,0.5689
5203401,1.0,0.0,1.0,1.0,1.0,1.0,1.0,1.0,1.0,1.0,0.0,1.0,95,1,0.75,1.0,0.75
5203500,1.0,1.0,1.0,1.0,1.0,0.0858085808580858,1.0,0.5379537953795379,0.4521452145214521,0.4521452145214521,0.22772277227722773,0.23432343234323433,303,7,1.0,0.6559,0.3416
5203559,1.0,0.0,1.0,1.0,1.0,0.0,1.0,0.2,0.0,0.21428571428571427,0.21428571428571427,0.7857142857142857,140,3,0.75,0.55,0.3036
5203575,1.0,0.0,1.0,1.0,1.0,0.0,1.0,0.0,0.41304347826086957,1.0,1.0,0.0,46,2,0.75,0.5,0.6033
5203609,1.0,0.0,1.0,1.0,1.0,0.0,1.0,0.9183673469387755,0.0,0.0,0.0,0.9183673469387755,49,2,0.75,0.7296,0.2296
5203807,1.0,0.9431818181818182,1.0,1.0,1.0,0.056818181818181816,1.0,0.0,0.9431818181818182,1.0,0.056818181818181816,0.0,88,2,0.9858,0.5142,0.5
5203906,1.0,0.0,1.0,1.0,1.0,1.0,1.0,0.9310344827586207,1.0,1.0,0.29310344827586204,0.0,116,3,0.75,0.9828,0.5733
5203939,1.0,0.0,1.0,1.0,1.0,1.0,1.0,1.0,1.0,1.0,0.0,1.0,44,1,0.75,1.0,0.75
5203962,1.0,0.0,1.0,0.08163265306122448,1.0,1.0,1.0,0.9183673469387755,1.0,1.0,0.9183673469387755,0.9183673469387755,49,2,0.5204,0.9796,0.9592
5204003,1.0,0.0,1.0,1.0,1.0,0.0,0.0,0.0,0.8842105263157894,0.8842105263157894,0.35789473684210527,0.0,95,3,0.75,0.25,0.5316
5204102,1.0,0.9144144144144144,1.0,0.9144144144144144,1.0,1.0,1.0,1.0,0.08558558558558559,1.0,0.9144144144144144,0.08558558558558559,222,2,0.9572,1.0,0.5214
5204201,1.0,0.0,1.0,1.0,1.0,0.0,1.0,0.0,0.0,1.0,1.0,0.0,23,1,0.75,0.5,0.5
5204250,1.0,0.7614678899082569,1.0,1.0,1.0,1.0,1.0,1.0,1.0,1.0,0.0,1.0,109,2,0.9404,1.0,0.75
5204300,1.0,0.9861111111111112,1.0,0.9861111111111112,0.9861111111111112,0.5486111111111112,0.9861111111111112,0.5486111111111112,0.5486111111111112,0.5486111111111112,0.0,0.5486111111111112,144,5,0.9931,0.7674,0.4115
5204409,1.0,0.8543046357615894,1.0,0.9602649006622517,1.0,0.4503311258278146,1.0,0.695364238410596,0.45695364238410596,0.45695364238410596,0.0,0.5364238410596026,151,8,0.9536,0.7864,0.3626
5204508,1.0,0.7569721115537849,1.0,1.0,1.0,0.1362549800796813,1.0,0.552988047808765,0.5665338645418326,0.5665338645418326,0.0,0.5147410358565737,1255,16,0.9392,0.6723,0.412
5204557,1.0,1.0,1.0,1.0,1.0,1.0,1.0,1.0,0.0,0.0,0.0,1.0,60,1,1.0,1.0,0.25
5204607,1.0,0.0,1.0,1.0,1.0,1.0,1.0,1.0,0.0,1.0,1.0,0.0,56,1,0.75,1.0,0.5
5204656,1.0,0.0,1.0,0.75,1.0,1.0,1.0,0.0,0.0,0.75,0.75,0.0,44,2,0.6875,0.75,0.375
5204706,1.0,0.06701030927835051,1.0,1.0,1.0,0.0,0.06701030927835051,0.06701030927835051,0.29381443298969073,0.29381443298969073,0.29381443298969073,0.36597938144329895,194,5,0.7668,0.2835,0.3119
5204805,1.0,0.0,1.0,1.0,1.0,0.7383177570093458,1.0,1.0,0.9813084112149533,1.0,0.34579439252336447,0.6542056074766355,107,4,0.75,0.9346,0.7453
5204854,1.0,0.0,1.0,1.0,1.0,1.0,1.0,1.0,1.0,1.0,1.0,1.0,104,1,0.75,1.0,1.0
5204904,1.0,0.8911290322580645,1.0,1.0,1.0,0.31048387096774194,0.4798387096774194,0.4798387096774194,0.0,0.8185483870967742,0.8185483870967742,0.4798387096774194,248,7,0.9728,0.5675,0.5292
5204953,1.0,0.0,1.0,1.0,1.0,0.0,1.0,0.0,0.0,0.0,0.0,0.0,54,1,0.75,0.5,0.0
5205000,1.0,0.0,1.0,1.0,1.0,1.0,1.0,0.5057471264367817,0.7126436781609196,0.7126436781609196,0.0,0.5057471264367817,87,4,0.75,0.8764,0.4828
5205059,1.0,1.0,1.0,1.0,1.0,1.0,1.0,1.0,1.0,1.0,0.0,0.0,48,1,1.0,1.0,0.5
5205109,1.0,0.7000903342366757,1.0,0.992773261065944,1.0,0.11472448057813911,1.0,0.1987353206865402,0.0,0.7145438121047877,0.7145438121047877,0.13369467028003612,1107,19,0.9232,0.5784,0.3907
5205208,1.0,0.0,1.0,1.0,1.0,1.0,1.0,1.0,1.0,1.0,0.0,1.0,86,1,0.75,1.0,0.75
5205307,1.0,0.0,0.9181286549707602,0.52046783625731,0.8830409356725146,0.3391812865497076,0.5672514619883041,0.6198830409356725,0.6140350877192983,0.6140350877192983,0.2046783625730994,0.3157894736842105,171,19,0.6096,0.6023,0.4371
5205406,1.0,0.5333333333333333,1.0,1.0,1.0,1.0,1.0,1.0,1.0,1.0,0.5333333333333333,1.0,165,2,0.8833,1.0,0.8833
5205455,1.0,0.0,1.0,1.0,1.0,0.5086206896551724,1.0,0.5172413793103449,1.0,1.0,0.4827586206896552,0.9913793103448276,116,3,0.75,0.7565,0.8685
5205471,1.0,1.0,1.0,1.0,1.0,1.0,1.0,1.0,1.0,1.0,0.0,1.0,197,2,1.0,1.0,0.75
5205497,1.0,0.4962797619047619,1.0,1.0,1.0,0.7001488095238095,1.0,0.7686011904761905,0.7232142857142857,0.7232142857142857,0.3385416666666667,0.7671130952380952,1344,13,0.8741,0.8672,0.638
5205513,1.0,0.0,1.0,0.9672619047619048,1.0,0.9672619047619048,0.9672619047619048,0.9672619047619048,0.6160714285714286,0.6160714285714286,0.0,1.0,336,4,0.7418,0.9754,0.558
5205521,1.0,0.0,1.0,1.0,1.0,1.0,1.0,0.9180327868852459,0.9180327868852459,1.0,0.08196721311475409,0.9180327868852459,61,2,0.75,0.9795,0.7295
5205703,1.0,0.0,1.0,1.0,1.0,1.0,1.0,1.0,1.0,1.0,0.0,1.0,23,1,0.75,1.0,0.75
5205802,1.0,0.0,1.0,1.0,1.0,0.0,1.0,0.59,0.19,0.68,0.68,0.92,100,7,0.75,0.6475,0.6175
5205901,1.0,0.9583333333333334,1.0,0.9791666666666666,1.0,0.59375,1.0,0.5729166666666666,0.9791666666666666,0.9791666666666666,0.020833333333333332,0.0,96,4,0.9844,0.7917,0.4948
5206206,1.0,0.2851952770208901,1.0,0.9491371480472298,1.0,0.7057220708446866,1.0,0.7965485921889192,0.8991825613079019,0.9564032697547684,0.43415077202543145,0.7247956403269755,1101,19,0.8086,0.8756,0.7536
5206305,1.0,0.0,1.0,1.0,1.0,0.0,1.0,1.0,1.0,1.0,0.0,1.0,39,1,0.75,0.75,0.75
5206404,1.0,0.0,1.0,0.9401197604790419,1.0,0.3413173652694611,0.9401197604790419,0.8263473053892215,0.8802395209580839,0.8802395209580839,0.41916167664670656,0.6467065868263473,167,9,0.735,0.7769,0.7066
5206503,1.0,0.0,1.0,1.0,1.0,0.08163265306122448,1.0,0.0,1.0,1.0,0.0,0.0,49,2,0.75,0.5204,0.5
5206701,1.0,0.0,1.0,1.0,1.0,0.0,1.0,1.0,0.0,0.0,0.0,0.0,54,1,0.75,0.75,0.0
5206800,1.0,0.0,1.0,1.0,1.0,0.0,1.0,0.0,1.0,1.0,0.0,1.0,32,1,0.75,0.5,0.75
5206909,1.0,0.0,1.0,1.0,1.0,0.0,1.0,0.0,0.0,0.0,0.0,0.0,32,1,0.75,0.5,0.0
5207105,1.0,0.0,1.0,1.0,1.0,0.0,1.0,1.0,1.0,1.0,0.0,1.0,29,1,0.75,0.75,0.75
5207253,1.0,0.0,1.0,1.0,1.0,0.0,1.0,0.0,1.0,1.0,1.0,0.0,85,1,0.75,0.5,0.75
5207352,1.0,0.0,1.0,1.0,1.0,1.0,1.0,1.0,1.0,1.0,1.0,1.0,46,1,0.75,1.0,1.0
5207402,1.0,1.0,1.0,1.0,1.0,0.4074074074074074,1.0,1.0,0.5925925925925926,0.5925925925925926,0.0,0.5925925925925926,135,2,1.0,0.8519,0.4444
5207501,1.0,0.0,1.0,1.0,1.0,1.0,1.0,1.0,1.0,1.0,1.0,1.0,40,2,0.75,1.0,1.0
5207535,1.0,0.0,1.0,0.8571428571428571,1.0,0.8571428571428571,1.0,1.0,0.18571428571428572,0.18571428571428572,0.0,0.0,70,6,0.7143,0.9643,0.0929
5207600,1.0,0.0,1.0,1.0,1.0,0.25925925925925924,1.0,1.0,0.24074074074074073,0.25925925925925924,0.25925925925925924,0.24074074074074073,54,3,0.75,0.8148,0.25
5207808,1.0,0.34523809523809523,1.0,1.0,1.0,0.34523809523809523,1.0,0.0,0.0,0.34523809523809523,0.34523809523809523,0.6547619047619048,84,2,0.8363,0.5863,0.3363
5207907,1.0,0.0,1.0,0.5771812080536913,1.0,0.35570469798657717,1.0,0.8389261744966443,0.19463087248322147,0.2214765100671141,0.174496644295302,0.3825503355704698,149,10,0.6443,0.7987,0.2433
5208004,1.0,0.5456769983686787,1.0,0.9567699836867863,1.0,0.2634584013050571,1.0,0.5415986949429038,0.2495921696574225,0.3637846655791191,0.16476345840130505,0.4061990212071778,1226,36,0.8756,0.7013,0.2961
5208103,1.0,1.0,1.0,1.0,1.0,1.0,1.0,1.0,0.0,0.0,0.0,1.0,44,1,1.0,1.0,0.25
5208152,1.0,0.0,1.0,1.0,1.0,1.0,1.0,1.0,0.0,1.0,1.0,1.0,47,2,0.75,1.0,0.75
5208301,1.0,0.0,1.0,0.9444444444444444,1.0,0.2361111111111111,1.0,0.9444444444444444,0.9444444444444444,0.9444444444444444,0.0,0.9444444444444444,72,4,0.7361,0.7951,0.7083
5208400,1.0,0.0,1.0,1.0,1.0,0.3404255319148936,1.0,0.2872340425531915,1.0,1.0,0.0,0.0,188,3,0.75,0.6569,0.5
5208509,1.0,1.0,1.0,1.0,1.0,1.0,1.0,1.0,1.0,1.0,1.0,1.0,61,1,1.0,1.0,1.0
5208608,1.0,0.923982869379015,1.0,1.0,1.0,0.6049250535331906,1.0,0.6252676659528907,0.9443254817987152,0.9443254817987152,0.3758029978586724,0.9014989293361885,934,14,0.981,0.8075,0.7915
5208707,1.0,0.7332809584601787,1.0,1.0,1.0,0.7358342335264657,0.9917509574781499,0.6472552293037416,0.3323185701659629,0.8270647157026416,0.7908278503388,0.6809388196012963,10183,171,0.9333,0.8437,0.6578
5208806,1.0,0.4165202108963093,1.0,1.0,1.0,0.09929701230228472,1.0,0.3242530755711775,0.23813708260105448,0.6748681898066784,0.5360281195079086,0.0,1138,10,0.8541,0.6059,0.3623
5208905,1.0,0.907608695652174,1.0,0.9293478260869565,1.0,0.08695652173913043,1.0,0.9782608695652174,0.7934782608695652,0.7934782608695652,0.266304347826087,0.16304347826086957,184,8,0.9592,0.7663,0.5041
5209101,1.0,0.7832618025751072,1.0,1.0,1.0,0.3283261802575107,1.0,0.4871244635193133,0.23819742489270387,0.23819742489270387,0.0,0.4334763948497854,466,10,0.9458,0.7039,0.2275
5209150,1.0,0.0,1.0,1.0,1.0,1.0,1.0,1.0,1.0,1.0,0.5277777777777778,1.0,72,2,0.75,1.0,0.8819
5209200,1.0,0.3602941176470588,1.0,1.0,1.0,0.7794117647058824,1.0,0.375,0.23161764705882354,0.8566176470588235,0.625,0.0,272,5,0.8401,0.7886,0.4283
5209291,1.0,0.0,1.0,1.0,1.0,1.0,1.0,1.0,1.0,1.0,0.0,0.0,31,1,0.75,1.0,0.5
5209408,1.0,0.058823529411764705,1.0,1.0,1.0,0.35294117647058826,1.0,0.35294117647058826,0.7058823529411765,0.7058823529411765,0.6470588235294118,0.21568627450980393,51,5,0.7647,0.6765,0.5686
5209457,1.0,1.0,1.0,1.0,1.0,0.0,1.0,0.0,1.0,1.0,0.0,0.0,21,1,1.0,0.5,0.5
5209606,1.0,0.0,1.0,1.0,1.0,0.0,1.0,0.0,1.0,1.0,0.0,0.0,28,1,0.75,0.5,0.5
5209705,1.0,0.0,1.0,1.0,1.0,0.09574468085106383,1.0,0.11436170212765957,0.43351063829787234,0.43351063829787234,0.09574468085106383,0.0,376,6,0.75,0.5525,0.2407
5209804,1.0,0.0,1.0,1.0,1.0,0.0,1.0,1.0,1.0,1.0,0.0,1.0,48,1,0.75,0.75,0.75
5209903,1.0,0.0,1.0,1.0,1.0,0.26436781609195403,1.0,0.5402298850574713,0.39655172413793105,0.4367816091954023,0.14367816091954022,0.5862068965517241,174,8,0.75,0.7011,0.3908
5209937,1.0,1.0,1.0,1.0,1.0,1.0,1.0,1.0,0.0,1.0,1.0,0.0,72,1,1.0,1.0,0.5
5209952,1.0,0.0,1.0,1.0,1.0,0.29004329004329005,1.0,0.29004329004329005,0.5497835497835498,0.5497835497835498,0.0,0.49783549783549785,231,4,0.75,0.645,0.3994
5210000,1.0,0.9131238447319778,1.0,1.0,1.0,0.1423290203327172,1.0,0.45286506469500926,0.7060998151571165,0.9741219963031423,0.8687615526802218,0.04251386321626617,541,12,0.9783,0.6488,0.6479
5210109,1.0,0.7288135593220338,1.0,1.0,1.0,0.488135593220339,1.0,0.7152542372881356,0.6813559322033899,0.7627118644067796,0.4067796610169492,0.5322033898305085,295,8,0.9322,0.8008,0.5958
5210158,1.0,0.0,1.0,1.0,1.0,1.0,1.0,1.0,1.0,1.0,0.0,1.0,36,2,0.75,1.0,0.75
5210208,1.0,0.5749318801089919,1.0,0.9836512261580381,0.989100817438692,0.3024523160762943,0.989100817438692,0.5449591280653951,0.55858310626703,0.55858310626703,0.0,0.0,367,8,0.8896,0.7064,0.2793
5210307,1.0,0.0,1.0,1.0,1.0,0.0,1.0,1.0,0.0,0.0,0.0,0.0,29,1,0.75,0.75,0.0
5210406,1.0,0.8399280575539568,1.0,1.0,1.0,0.39388489208633093,1.0,0.7697841726618705,1.0,1.0,0.12410071942446044,0.26618705035971224,556,8,0.96,0.7909,0.5976
5210562,1.0,1.0,1.0,1.0,1.0,1.0,1.0,1.0,1.0,1.0,0.0,0.0,57,1,1.0,1.0,0.5
5210604,1.0,0.0,1.0,1.0,1.0,1.0,1.0,1.0,0.0,1.0,1.0,0.0,52,1,0.75,1.0,0.5
5210802,1.0,0.864406779661017,1.0,1.0,1.0,0.13559322033898305,1.0,1.0,1.0,1.0,0.0,1.0,59,2,0.9661,0.7839,0.75
5210901,1.0,0.0,1.0,1.0,1.0,1.0,1.0,1.0,1.0,1.0,1.0,0.014814814814814815,270,2,0.75,1.0,0.7537
5211008,1.0,0.0,1.0,1.0,1.0,0.0,1.0,0.0,0.7934782608695652,0.7934782608695652,0.0,0.41304347826086957,92,3,0.75,0.5,0.5
5211206,1.0,0.8878923766816144,1.0,0.905829596412556,1.0,0.5964125560538116,1.0,0.5964125560538116,0.7085201793721974,0.7085201793721974,0.5964125560538116,0.7085201793721974,223,4,0.9484,0.7982,0.6805
5211305,1.0,0.9354838709677419,1.0,0.9354838709677419,1.0,0.06451612903225806,1.0,0.06451612903225806,1.0,1.0,0.6129032258064516,0.0,93,3,0.9677,0.5323,0.6532
5211404,1.0,0.7761194029850746,1.0,1.0,1.0,1.0,1.0,1.0,1.0,1.0,0.7761194029850746,1.0,67,2,0.944,1.0,0.944
5211503,1.0,0.9552845528455285,1.0,1.0,1.0,0.8821138211382114,1.0,0.8186991869918699,0.9804878048780488,0.9804878048780488,0.13333333333333333,0.9227642276422764,1230,14,0.9888,0.9252,0.7543
5211602,1.0,0.0,1.0,0.875,1.0,0.875,1.0,0.875,0.125,0.125,0.125,0.875,32,2,0.7188,0.9375,0.3125
5211701,1.0,0.0,1.0,1.0,1.0,0.0,1.0,0.0,0.39285714285714285,0.39285714285714285,0.0,0.0,56,3,0.75,0.5,0.1964
5211800,1.0,0.5240847784200385,1.0,0.9672447013487476,1.0,0.32755298651252407,1.0,0.3872832369942196,0.9922928709055877,0.9922928709055877,0.441233140655106,0.11175337186897881,519,17,0.8728,0.6787,0.6344
5211909,1.0,0.7308009909165979,1.0,0.976878612716763,1.0,0.374896779521057,0.9421965317919075,0.7927332782824112,0.4046242774566474,0.70355078447564,0.5780346820809249,0.5829892650701899,1211,25,0.9269,0.7775,0.5673
5212006,1.0,0.0,1.0,1.0,1.0,1.0,1.0,1.0,1.0,1.0,0.0,1.0,31,1,0.75,1.0,0.75
5212055,1.0,1.0,1.0,1.0,1.0,0.0,0.0,0.0,1.0,1.0,0.0,0.0,31,1,1.0,0.25,0.5
5212105,1.0,1.0,1.0,1.0,1.0,1.0,1.0,1.0,1.0,1.0,0.4722222222222222,1.0,72,2,1.0,1.0,0.8681
5212204,1.0,0.6597938144329897,1.0,0.9072164948453608,1.0,0.5567010309278351,1.0,0.5567010309278351,0.09278350515463918,0.5979381443298969,0.5979381443298969,0.15463917525773196,194,6,0.8918,0.7784,0.3608
5212253,1.0,1.0,1.0,1.0,1.0,1.0,1.0,1.0,1.0,1.0,0.0,1.0,22,1,1.0,1.0,0.75
5212303,1.0,0.0,1.0,1.0,1.0,0.38235294117647056,0.9607843137254902,0.6274509803921569,0.0,0.1568627450980392,0.1568627450980392,0.22549019607843138,102,7,0.75,0.7426,0.1348
5212501,1.0,0.27060309441111463,1.0,0.9848437006630881,1.0,0.47521313545942534,1.0,0.5437322387117146,0.36848752762867065,0.4332175560467319,0.08209662140827281,0.14935269971581938,3167,44,0.8139,0.7547,0.2583
5212600,1.0,0.0,1.0,1.0,1.0,1.0,1.0,1.0,1.0,1.0,0.0,1.0,34,1,0.75,1.0,0.75
5212709,1.0,0.0,1.0,1.0,1.0,0.0,1.0,0.0,0.0,0.0,0.0,0.8636363636363636,110,2,0.75,0.5,0.2159
5212808,1.0,0.9262295081967213,1.0,1.0,1.0,0.19672131147540983,1.0,0.9262295081967213,1.0,1.0,0.9262295081967213,0.9262295081967213,122,3,0.9816,0.7807,0.9631
5212907,1.0,0.0,1.0,1.0,1.0,0.0,1.0,1.0,1.0,1.0,0.0,0.0,37,1,0.75,0.75,0.5
5212956,1.0,1.0,1.0,1.0,1.0,0.0,1.0,0.0,1.0,1.0,0.0,0.0,48,1,1.0,0.5,0.5
5213004,1.0,0.0,1.0,1.0,1.0,0.0,1.0,0.0,0.5283018867924528,0.5283018867924528,0.07547169811320754,0.0,159,3,0.75,0.5,0.283
5213053,1.0,0.7,1.0,0.7,0.9333333333333333,0.0,0.8666666666666667,0.16666666666666666,0.8666666666666667,0.8666666666666667,0.16666666666666666,0.16666666666666666,30,5,0.85,0.4917,0.5167
5213087,1.0,0.7529411764705882,0.9941176470588236,0.9147058823529411,1.0,0.03529411764705882,1.0,0.34705882352941175,0.6647058823529411,0.8,0.2529411764705882,0.24705882352941178,340,9,0.9154,0.5956,0.4912
5213103,1.0,0.9853801169590644,1.0,0.9853801169590644,1.0,0.06042884990253411,1.0,0.2378167641325536,0.5292397660818714,0.9064327485380117,0.40253411306042886,0.20272904483430798,1026,19,0.9927,0.5746,0.5102
5213400,1.0,0.0,1.0,0.9,1.0,1.0,1.0,1.0,0.0,0.9,0.9,0.9,30,2,0.725,1.0,0.675
5213509,1.0,0.0,1.0,0.7333333333333333,0.975,0.8916666666666667,0.8333333333333334,0.75,0.65,0.65,0.0,0.65,120,11,0.6833,0.8625,0.4875
5213707,1.0,0.7840909090909091,1.0,0.9886363636363636,1.0,1.0,1.0,1.0,0.20454545454545456,0.9886363636363636,0.9886363636363636,0.0,88,4,0.9432,1.0,0.5455
5213756,1.0,1.0,1.0,1.0,1.0,0.0738255033557047,1.0,0.5369127516778524,0.9261744966442953,0.9261744966442953,0.0,0.9261744966442953,149,3,1.0,0.6527,0.6946
5213772,1.0,0.0,1.0,0.6981132075471698,1.0,0.0,1.0,0.8113207547169812,0.660377358490566,0.660377358490566,0.0,0.5471698113207547,53,4,0.6745,0.7028,0.467
5213806,1.0,0.750965250965251,1.0,0.9845559845559846,1.0,0.832046332046332,1.0,0.9613899613899614,0.12934362934362933,0.47297297297297297,0.3436293436293436,0.9613899613899614,518,11,0.9339,0.9484,0.4768
5213855,1.0,0.0,1.0,1.0,1.0,1.0,1.0,1.0,0.0,1.0,1.0,0.0,24,1,0.75,1.0,0.5
5213905,1.0,0.0,1.0,1.0,1.0,1.0,1.0,1.0,0.6206896551724138,0.6206896551724138,0.0,1.0,58,3,0.75,1.0,0.5603
5214002,1.0,0.0,1.0,0.5213675213675214,1.0,0.47863247863247865,1.0,0.47863247863247865,0.7051282051282052,0.7051282051282052,0.2264957264957265,0.47863247863247865,234,3,0.6303,0.7393,0.5288
5214051,1.0,0.0,1.0,0.7105263157894737,1.0,1.0,1.0,1.0,0.0,0.7105263157894737,0.7105263157894737,1.0,76,3,0.6776,1.0,0.6053
5214101,1.0,0.0,1.0,1.0,1.0,0.0,1.0,0.0,1.0,1.0,1.0,0.0,52,1,0.75,0.5,0.75
5214408,1.0,0.0,1.0,1.0,1.0,0.0,1.0,1.0,1.0,1.0,0.8288288288288288,0.8288288288288288,111,2,0.75,0.75,0.9144
5214507,1.0,0.0,1.0,1.0,1.0,0.15079365079365079,1.0,0.2328042328042328,0.7962962962962963,1.0,0.6164021164021164,0.0,378,4,0.75,0.5959,0.6032
5214606,1.0,0.41046831955922863,1.0,0.9449035812672176,1.0,0.3939393939393939,1.0,0.2699724517906336,0.4820936639118457,0.6666666666666666,0.39944903581267216,0.6363636363636364,363,12,0.8388,0.666,0.5461
5214705,1.0,0.0,1.0,1.0,1.0,1.0,1.0,1.0,1.0,1.0,0.0,1.0,32,1,0.75,1.0,0.75
5214804,1.0,0.0,1.0,1.0,1.0,0.0,1.0,0.0,1.0,1.0,0.0,0.0,22,1,0.75,0.5,0.5
5214838,1.0,0.0,1.0,0.9285714285714286,0.9940476190476191,0.07142857142857142,1.0,0.6607142857142857,0.2261904761904762,0.2261904761904762,0.0,0.0,168,5,0.7321,0.6815,0.1131
5214861,1.0,0.0,1.0,1.0,1.0,0.09782608695652174,1.0,0.5869565217391305,0.0,0.0,0.0,0.5869565217391305,92,5,0.75,0.6712,0.1467
5214879,1.0,0.0,1.0,1.0,1.0,0.0,1.0,0.0,1.0,1.0,1.0,0.0,50,1,0.75,0.5,0.75
5214903,1.0,0.0,1.0,0.7142857142857143,1.0,0.7857142857142857,0.9285714285714286,0.8809523809523809,0.0,0.7142857142857143,0.7142857142857143,0.7619047619047619,42,4,0.6786,0.8988,0.5476
5215009,1.0,0.0,1.0,1.0,1.0,1.0,1.0,1.0,1.0,1.0,1.0,1.0,118,1,0.75,1.0,1.0
5215207,1.0,0.0,1.0,1.0,1.0,1.0,1.0,0.0,1.0,1.0,1.0,0.0,49,1,0.75,0.75,0.75
5215231,1.0,0.5277296360485269,1.0,0.9835355285961872,1.0,0.06499133448873484,1.0,0.27469670710571925,0.07972270363951472,0.12391681109185441,0.0658578856152513,0.11351819757365685,1154,23,0.8778,0.5849,0.0958
5215256,1.0,0.0,1.0,0.0,1.0,0.9016393442622951,1.0,0.9016393442622951,1.0,1.0,0.0,0.9016393442622951,61,2,0.5,0.9508,0.7254
5215306,1.0,0.0,1.0,0.46107784431137727,1.0,0.1437125748502994,1.0,0.25748502994011974,0.0718562874251497,0.16766467065868262,0.09580838323353294,0.029940119760479042,167,10,0.6153,0.6003,0.0913
5215405,1.0,0.0,1.0,1.0,1.0,1.0,1.0,1.0,1.0,1.0,1.0,1.0,53,1,0.75,1.0,1.0
5215504,1.0,0.0,1.0,1.0,1.0,1.0,1.0,1.0,1.0,1.0,0.0,1.0,99,1,0.75,1.0,0.75
5215603,1.0,0.32186234817813764,1.0,0.9554655870445344,1.0,0.41700404858299595,1.0,0.0708502024291498,0.4190283400809717,0.42105263157894735,0.09716599190283401,0.1659919028340081,494,14,0.8193,0.622,0.2758
5215652,1.0,0.0,1.0,1.0,1.0,1.0,1.0,1.0,1.0,1.0,0.0,1.0,43,1,0.75,1.0,0.75
5215702,1.0,1.0,1.0,1.0,1.0,0.4180327868852459,1.0,1.0,0.9836065573770492,0.9836065573770492,0.5601092896174863,0.5737704918032787,366,5,1.0,0.8545,0.7753
5215801,1.0,0.0,1.0,1.0,1.0,0.0,0.0,0.0,1.0,1.0,0.0,0.0,16,1,0.75,0.25,0.5
5215900,1.0,0.0,1.0,1.0,1.0,1.0,1.0,1.0,1.0,1.0,1.0,1.0,48,1,0.75,1.0,1.0
5216007,1.0,0.0,1.0,1.0,1.0,1.0,1.0,1.0,1.0,1.0,0.0,1.0,44,1,0.75,1.0,0.75
5216304,1.0,1.0,1.0,1.0,1.0,1.0,1.0,1.0,1.0,1.0,1.0,1.0,98,1,1.0,1.0,1.0
5216403,1.0,0.8380281690140845,1.0,1.0,1.0,0.5422535211267606,1.0,0.5422535211267606,0.5774647887323944,0.5774647887323944,0.5774647887323944,0.5774647887323944,142,5,0.9595,0.7711,0.5775
5216452,1.0,0.0,1.0,1.0,1.0,0.0,1.0,0.0,1.0,1.0,0.0,0.0,50,1,0.75,0.5,0.5
5216809,1.0,0.0,1.0,1.0,1.0,1.0,1.0,1.0,1.0,1.0,1.0,1.0,57,1,0.75,1.0,1.0
5216908,1.0,0.0,1.0,1.0,1.0,0.20833333333333334,1.0,1.0,1.0,1.0,0.7916666666666666,0.20833333333333334,24,2,0.75,0.8021,0.75
5217104,1.0,0.7921146953405018,1.0,0.9139784946236559,1.0,0.08602150537634409,0.8853046594982079,0.3942652329749104,0.17204301075268819,0.17204301075268819,0.10752688172043011,0.10752688172043011,279,11,0.9265,0.5914,0.1398
5217203,1.0,0.0,1.0,1.0,1.0,1.0,1.0,1.0,1.0,1.0,0.0,1.0,113,2,0.75,1.0,0.75
5217302,1.0,0.05714285714285714,1.0,0.9948051948051948,1.0,1.0,1.0,0.6415584415584416,0.4103896103896104,0.5376623376623376,0.12727272727272726,0.05974025974025974,385,10,0.763,0.9104,0.2838
5217401,1.0,0.4160839160839161,1.0,1.0,1.0,0.458041958041958,1.0,0.7342657342657343,0.6188811188811189,0.8076923076923077,0.1888111888111888,0.8216783216783217,286,7,0.854,0.7981,0.6093
5217609,1.0,0.71997585998793,1.0,0.9607724803862402,0.9975859987929994,0.8286059143029572,0.9969824984912492,0.47012673506336755,0.45805672902836453,0.6366928183464092,0.46891973445986723,0.5974652987326494,1657,37,0.9202,0.8233,0.5403
5217708,1.0,0.9488636363636364,1.0,0.9488636363636364,1.0,0.0,1.0,0.8068181818181818,0.2840909090909091,0.2840909090909091,0.14204545454545456,0.14204545454545456,176,6,0.9744,0.7017,0.2131
5218003,1.0,0.6610169491525424,1.0,0.9661016949152542,1.0,0.4025423728813559,1.0,0.2711864406779661,0.8114406779661016,0.8114406779661016,0.0,0.0,472,12,0.9068,0.6684,0.4057
5218052,1.0,0.0,1.0,1.0,1.0,1.0,1.0,1.0,0.0,1.0,1.0,0.0,81,1,0.75,1.0,0.5
5218102,1.0,0.0,1.0,1.0,1.0,1.0,1.0,1.0,1.0,1.0,1.0,0.0,64,1,0.75,1.0,0.75
5218300,0.9108695652173913,0.7195652173913043,1.0,0.8304347826086956,1.0,0.05217391304347826,1.0,0.6782608695652174,0.9652173913043478,0.9652173913043478,0.0,0.25869565217391305,460,15,0.8652,0.6826,0.5473
5218391,1.0,0.0,1.0,1.0,1.0,0.0,1.0,0.0,0.0,0.0,0.0,0.0,32,1,0.75,0.5,0.0
5218508,1.0,0.9514563106796117,1.0,0.988673139158576,1.0,0.551779935275081,1.0,0.7184466019417476,1.0,1.0,0.20388349514563106,0.6618122977346278,618,11,0.985,0.8176,0.7164
5218607,1.0,0.0,1.0,1.0,1.0,1.0,1.0,1.0,1.0,1.0,0.4462809917355372,1.0,121,2,0.75,1.0,0.8616
5218706,1.0,0.0,1.0,1.0,1.0,0.0,1.0,1.0,0.0,0.0,0.0,1.0,44,1,0.75,0.75,0.25
5218789,1.0,0.0,1.0,1.0,1.0,1.0,1.0,0.0,1.0,1.0,0.0,0.0,72,1,0.75,0.75,0.5
5218805,1.0,0.802170868347339,1.0,0.97093837535014,1.0,0.9352240896358543,1.0,0.2804621848739496,0.48214285714285715,0.5763305322128851,0.10434173669467788,0.14145658263305322,2856,40,0.9433,0.8039,0.3261
5218904,1.0,0.9433198380566802,1.0,0.9919028340080972,1.0,0.008097165991902834,1.0,0.951417004048583,0.951417004048583,0.951417004048583,0.9433198380566802,0.951417004048583,247,3,0.9838,0.7399,0.9494
5219001,1.0,0.5154639175257731,1.0,1.0,1.0,1.0,1.0,0.4845360824742268,1.0,1.0,1.0,1.0,97,2,0.8789,0.8711,1.0
5219100,1.0,0.0,1.0,1.0,1.0,0.4625,1.0,1.0,0.0,0.5375,0.5375,1.0,80,2,0.75,0.8656,0.5188
5219209,1.0,0.0,1.0,1.0,1.0,0.16666666666666666,1.0,0.16666666666666666,1.0,1.0,0.8333333333333334,0.0,36,2,0.75,0.5833,0.7083
5219258,1.0,0.0,1.0,1.0,1.0,0.5256410256410257,1.0,1.0,0.0,0.0,0.0,1.0,78,2,0.75,0.8814,0.25
5219308,1.0,0.9486552567237164,1.0,1.0,1.0,0.33251833740831294,1.0,0.9339853300733496,0.27383863080684595,0.27383863080684595,0.0,0.7897310513447433,409,8,0.9872,0.8166,0.3344
5219357,1.0,0.0,1.0,1.0,1.0,1.0,1.0,1.0,0.0,1.0,1.0,1.0,39,2,0.75,1.0,0.75
5219407,1.0,0.45901639344262296,1.0,1.0,1.0,0.0,1.0,1.0,0.45901639344262296,0.45901639344262296,0.0,0.45901639344262296,61,2,0.8648,0.75,0.3443
5219456,1.0,0.3157894736842105,1.0,1.0,1.0,0.18421052631578946,1.0,0.5,0.6842105263157895,0.6842105263157895,0.0,0.0,38,3,0.8289,0.6711,0.3421
5219506,1.0,0.0,1.0,1.0,1.0,1.0,1.0,1.0,1.0,1.0,0.0,1.0,44,1,0.75,1.0,0.75
5219605,1.0,0.0,1.0,1.0,1.0,0.9117647058823529,1.0,1.0,1.0,1.0,0.0,1.0,34,2,0.75,0.9779,0.75
5219704,1.0,0.0,1.0,0.9494949494949495,0.9494949494949495,0.8080808080808081,1.0,0.8585858585858586,0.8585858585858586,0.8585858585858586,0.8080808080808081,0.8585858585858586,99,4,0.7374,0.904,0.846
5219712,1.0,0.0,1.0,1.0,1.0,0.813953488372093,1.0,0.813953488372093,1.0,1.0,1.0,0.813953488372093,43,2,0.75,0.907,0.9535
5219738,1.0,0.0,1.0,1.0,1.0,0.0,1.0,0.0,1.0,1.0,1.0,0.0,117,1,0.75,0.5,0.75
5219753,1.0,0.789150460593654,1.0,0.977482088024565,1.0,0.1269191402251791,1.0,0.33776867963152507,0.8433981576253838,0.8464687819856704,0.29273285568065505,0.12077789150460594,977,18,0.9417,0.6162,0.5258
5219803,1.0,0.11023622047244094,1.0,0.952755905511811,1.0,0.1968503937007874,1.0,0.7244094488188977,0.2047244094488189,0.30708661417322836,0.10236220472440945,0.0,127,8,0.7657,0.7303,0.1535
5219902,1.0,0.0,1.0,1.0,1.0,1.0,1.0,1.0,1.0,1.0,0.0,1.0,84,1,0.75,1.0,0.75
5220009,1.0,0.0,1.0,0.9271844660194175,1.0,1.0,1.0,0.912621359223301,0.03398058252427184,0.8932038834951457,0.8592233009708737,0.8592233009708737,206,6,0.7318,0.9782,0.6614
5220058,1.0,1.0,1.0,1.0,1.0,0.0,1.0,0.0,1.0,1.0,0.0,1.0,24,1,1.0,0.5,0.75
5220108,1.0,0.654434250764526,1.0,1.0,1.0,0.0,1.0,0.17737003058103976,0.8042813455657493,0.8042813455657493,0.0,0.009174311926605505,327,9,0.9136,0.5443,0.4044
5220157,1.0,0.0,1.0,0.5432098765432098,1.0,0.654320987654321,1.0,0.5432098765432098,0.8888888888888888,0.8888888888888888,0.0,0.345679012345679,81,3,0.6358,0.7994,0.5309
5220207,1.0,0.2087227414330218,1.0,0.9937694704049844,1.0,0.2616822429906542,1.0,0.8660436137071651,0.411214953271028,0.4174454828660436,0.006230529595015576,0.04672897196261682,321,9,0.8006,0.7819,0.2204
5220264,1.0,0.0,1.0,0.8823529411764706,1.0,1.0,1.0,1.0,1.0,1.0,1.0,1.0,51,2,0.7206,1.0,1.0
5220280,1.0,0.0,1.0,1.0,1.0,1.0,1.0,1.0,1.0,1.0,1.0,1.0,26,1,0.75,1.0,1.0
5220405,1.0,0.9107806691449815,1.0,1.0,1.0,0.31226765799256506,1.0,0.6394052044609665,0.9107806691449815,0.9107806691449815,0.0,0.550185873605948,269,4,0.9777,0.7379,0.5929
5220454,1.0,0.14990234375,1.0,1.0,1.0,0.65673828125,0.9560546875,0.4462890625,0.95166015625,0.95166015625,0.17578125,0.37841796875,2048,25,0.7875,0.7648,0.6144
5220504,1.0,0.0,1.0,0.9523809523809523,1.0,1.0,1.0,1.0,1.0,1.0,0.4380952380952381,1.0,105,4,0.7381,1.0,0.8595
5220603,1.0,0.7471264367816092,1.0,0.8333333333333334,1.0,1.0,1.0,1.0,0.5632183908045977,1.0,1.0,1.0,174,5,0.8951,1.0,0.8908
5220686,1.0,0.0,1.0,1.0,1.0,0.38571428571428573,0.38571428571428573,0.38571428571428573,1.0,1.0,0.38571428571428573,0.38571428571428573,70,2,0.75,0.5393,0.6929
5220702,1.0,0.0,1.0,0.9,1.0,0.0,1.0,0.0,0.0,0.0,0.0,0.0,40,3,0.725,0.5,0.0
5221007,1.0,0.0,1.0,1.0,1.0,0.0,1.0,1.0,1.0,1.0,0.0,0.0,59,1,0.75,0.75,0.5
5221080,1.0,0.0,0.9534883720930233,0.0,1.0,1.0,1.0,1.0,0.0,0.0,0.0,0.9534883720930233,43,3,0.4884,1.0,0.2384
5221197,1.0,0.9905660377358491,1.0,1.0,1.0,0.0,1.0,1.0,0.42452830188679247,0.42452830188679247,0.42452830188679247,0.5471698113207547,106,4,0.9976,0.75,0.4552
5221304,1.0,0.0,1.0,1.0,1.0,0.0,1.0,0.0,0.0,0.0,0.0,0.0,31,1,0.75,0.5,0.0
5221403,1.0,0.540650406504065,1.0,1.0,1.0,1.0,1.0,0.6358885017421603,0.483739837398374,0.5969802555168409,0.34610917537746805,0.38559814169570267,1722,19,0.8852,0.909,0.4531
5221452,1.0,0.0,1.0,1.0,1.0,1.0,1.0,0.0,1.0,1.0,0.0,1.0,35,1,0.75,0.75,0.75
5221502,1.0,0.0,1.0,1.0,1.0,1.0,1.0,0.0,1.0,1.0,1.0,0.0,54,1,0.75,0.75,0.75
5221551,1.0,0.0,1.0,1.0,1.0,1.0,1.0,0.0,0.0,0.0,0.0,0.0,75,2,0.75,0.75,0.0
5221577,1.0,0.0,1.0,1.0,1.0,0.3548387096774194,1.0,0.6451612903225806,0.0,0.3548387096774194,0.3548387096774194,0.0,31,2,0.75,0.75,0.1774
5221601,1.0,0.5892857142857143,1.0,0.9977678571428571,1.0,0.24330357142857142,0.9977678571428571,0.11383928571428571,0.4642857142857143,0.59375,0.12946428571428573,0.0,448,9,0.8968,0.5887,0.2969
5221700,1.0,0.09022556390977443,1.0,1.0,1.0,0.8421052631578947,1.0,0.8421052631578947,0.9323308270676691,0.9323308270676691,0.0,0.7518796992481203,133,4,0.7726,0.9211,0.6541
5221809,1.0,0.0,1.0,1.0,1.0,0.0,1.0,0.0,1.0,1.0,0.0,1.0,28,1,0.75,0.5,0.75
5221858,1.0,0.44175627240143367,1.0,1.0,1.0,0.2992831541218638,1.0,0.7074372759856631,0.4404121863799283,0.5488351254480287,0.2110215053763441,0.3042114695340502,2232,27,0.8604,0.7517,0.3761
5221908,1.0,0.0,1.0,1.0,1.0,1.0,1.0,1.0,1.0,1.0,0.0,1.0,54,1,0.75,1.0,0.75
5222005,1.0,0.21761658031088082,1.0,1.0,1.0,0.43005181347150256,1.0,0.27979274611398963,0.5906735751295337,1.0,1.0,0.0,193,6,0.8044,0.6775,0.6477
5222054,1.0,0.0,1.0,1.0,1.0,1.0,1.0,1.0,0.34558823529411764,0.34558823529411764,0.0,1.0,136,2,0.75,1.0,0.4228
5222203,1.0,0.0,1.0,0.9615384615384616,1.0,1.0,1.0,1.0,0.038461538461538464,0.08974358974358974,0.08974358974358974,0.9487179487179487,78,3,0.7404,1.0,0.2917
5222302,1.0,0.3783783783783784,1.0,0.9594594594594594,1.0,0.9594594594594594,1.0,1.0,1.0,1.0,0.0,0.3783783783783784,74,3,0.8345,0.9899,0.5946
5300108,1.0,0.8949010732777835,1.0,1.0,0.9927648047183074,0.32057744402153415,0.993176285018688,0.6235298151767651,0.22137640160477318,0.9319000102870075,0.8482666392346466,0.5089668415457943,29163,374,0.9737,0.7325,0.6276
