sigla_uf,rank_uf,id_municipio,nome_municipio,score_risco,taxa23,taxa24,meta_alfabetizacao_2024,gap_meta,y
AL,1,2701308,Cajueiro,0.8939,26.8,33.4,33.95,0.55,1
AL,2,2706109,Ouro Branco,0.8554,20.4,52.43,27.52,-24.91,0
AL,3,2705200,Messias,0.8387,30.8,41.87,37.86,-4.01,0
AL,4,2709400,Viçosa,0.8171,40.0,49.91,46.3,-3.61,0
AL,5,2707305,Porto Calvo,0.8099,36.6,45.99,43.17,-2.82,0
AL,6,2701209,Cacimbinhas,0.7735,30.6,54.19,37.62,-16.57,0
AL,7,2706703,Penedo,0.7733,40.9,42.23,47.02,4.79,1
AL,8,2706901,Pilar,0.767,37.6,45.81,44.11,-1.7,0
AL,9,2703304,Inhapi,0.7665,65.1,83.03,67.49,-15.54,0
AL,10,2700805,Belém,0.7528,55.1,64.57,59.21,-5.36,0
AL,11,2700201,Anadia,0.7457,53.4,45.26,57.84,12.58,1
AL,12,2705606,Novo Lino,0.7429,27.4,39.85,34.56,-5.29,0
AL,13,2708600,São Miguel dos Campos,0.7377,50.1,57.17,55.0,-2.17,0
AL,14,2701605,Canapi,0.7277,45.5,62.21,51.08,-11.13,0
AL,15,2707701,Rio Largo,0.7228,36.9,38.78,43.48,4.7,1
AL,16,2707107,Piranhas,0.7214,24.7,25.08,31.96,6.88,1
AL,17,2703205,Igreja Nova,0.7194,47.9,50.74,53.17,2.43,1
AL,18,2703502,Jacuípe,0.7107,54.3,77.02,58.55,-18.47,0
AL,19,2705507,Murici,0.7037,53.2,84.41,57.6,-26.81,0
AL,20,2706406,Pão de Açúcar,0.6856,47.7,55.26,52.93,-2.33,0
AL,21,2708501,São Luís do Quitunde,0.685,39.6,53.64,45.9,-7.74,0
AL,22,2704708,Marechal Deodoro,0.6621,40.6,46.23,46.8,0.57,1
AL,23,2700300,Arapiraca,0.6417,39.4,43.75,45.77,2.02,1
AL,24,2704302,Maceió,0.6354,39.2,40.95,45.58,4.63,1
AL,25,2701704,Capela,0.6244,41.2,42.53,47.36,4.83,1
AL,26,2708907,Satuba,0.6162,42.9,55.11,48.85,-6.26,0
AL,27,2701902,Chã Preta,0.6084,43.9,51.71,49.65,-2.06,0
AL,28,2706505,Passo de Camaragibe,0.6061,42.0,32.59,48.06,15.47,1
AL,29,2708956,Senador Rui Palmeira,0.5907,51.9,57.08,56.54,-0.54,0
AL,30,2702355,Craíbas,0.5904,45.7,67.43,51.26,-16.17,0
AL,31,2707008,Pindoba,0.5805,29.1,48.15,36.18,-11.97,0
AL,32,2700607,Barra de São Miguel,0.5586,31.8,39.04,38.79,-0.25,0
AL,33,2702504,Dois Riachos,0.5568,46.5,64.23,51.92,-12.31,0
AL,34,2706422,Pariconha,0.5536,41.5,68.76,47.56,-21.2,0
AL,35,2703106,Igaci,0.5437,29.7,24.34,36.85,12.51,1
AL,36,2709103,Taquarana,0.5416,44.0,38.96,49.8,10.84,1
AL,37,2708709,São Miguel dos Milagres,0.5393,34.5,50.67,41.31,-9.36,0
AL,38,2701357,Campestre,0.5099,41.2,62.12,47.36,-14.76,0
AL,39,2704203,Limoeiro de Anadia,0.5077,43.5,44.61,49.3,4.69,1
AL,40,2702702,Feliz Deserto,0.494,37.6,45.9,44.08,-1.82,0
AL,41,2706448,Paripueira,0.4849,53.4,35.8,57.82,22.02,1
AL,42,2705705,Olho d'Água das Flores,0.4658,40.1,45.46,46.38,0.92,1
AL,43,2702306,Coruripe,0.4572,94.1,92.03,80.0,-12.03,0
AL,44,2704401,Major Isidoro,0.4531,40.1,37.84,46.33,8.49,1
AL,45,2709301,União dos Palmares,0.4444,89.4,94.75,80.0,-14.75,0
AL,46,2706604,Paulo Jacinto,0.4351,37.1,38.46,43.67,5.21,1
AL,47,2705101,Matriz de Camaragibe,0.4283,35.3,48.77,41.99,-6.78,0
AL,48,2700102,Água Branca,0.4207,47.1,48.8,52.49,3.69,1
AL,49,2706307,Palmeira dos Índios,0.4152,32.2,38.67,39.15,0.48,1
AL,50,2707206,Poço das Trincheiras,0.409,33.4,48.87,40.27,-8.6,0
AL,51,2702603,Feira Grande,0.406,35.2,44.46,41.94,-2.52,0
AL,52,2708006,Santana do Ipanema,0.401,34.8,44.16,41.57,-2.59,0
AL,53,2700706,Batalha,0.3989,33.2,45.96,40.06,-5.9,0
AL,54,2702405,Delmiro Gouveia,0.3981,31.1,28.13,38.15,10.02,1
AL,55,2703700,Jaramataia,0.3978,36.1,40.27,42.72,2.45,1
AL,56,2705002,Mata Grande,0.3933,40.1,42.45,46.37,3.92,1
AL,57,2702900,Girau do Ponciano,0.3796,35.7,39.96,42.43,2.47,1
AL,58,2700409,Atalaia,0.3768,32.4,44.27,39.32,-4.95,0
AL,59,2707404,Porto de Pedras,0.3761,30.1,27.47,37.21,9.74,1
AL,60,2704807,Maribondo,0.3736,46.6,41.5,52.02,10.52,1
AL,61,2707602,Quebrangulo,0.3504,57.5,61.05,61.22,0.17,1
AL,62,2708303,São José da Laje,0.3486,79.2,95.31,79.33,-15.98,0
AL,63,2709202,Traipu,0.3449,31.6,47.49,38.63,-8.86,0
AL,64,2704104,Lagoa da Canoa,0.3399,45.6,44.19,51.14,6.95,1
AL,65,2709004,Tanque d'Arca,0.3201,42.1,53.45,48.08,-5.37,0
AL,66,2706000,Olivença,0.3152,50.0,80.79,54.93,-25.86,0
AL,67,2704005,Junqueiro,0.3127,53.3,56.66,57.72,1.06,1
AL,68,2706802,Piaçabuçu,0.305,31.7,42.39,38.74,-3.65,0
AL,69,2701001,Boca da Mata,0.2902,73.6,88.19,74.59,-13.6,0
AL,70,2709152,Teotônio Vilela,0.2878,52.5,57.59,57.03,-0.56,0
AL,71,2708402,São José da Tapera,0.2858,49.0,50.43,54.11,3.68,1
AL,72,2706208,Palestina,0.2836,33.7,51.18,40.59,-10.59,0
AL,73,2701803,Carneiros,0.2792,43.5,38.85,49.37,10.52,1
AL,74,2708105,Santana do Mundaú,0.2787,98.9,97.67,80.0,-17.67,0
AL,75,2703908,Jundiá,0.2751,34.6,44.34,41.39,-2.95,0
AL,76,2702801,Flexeiras,0.273,34.7,49.34,41.5,-7.84,0
AL,77,2705408,Monteirópolis,0.2697,35.3,31.11,42.02,10.91,1
AL,78,2702553,Estrela de Alagoas,0.2692,34.6,36.15,41.35,5.2,1
AL,79,2703403,Jacaré dos Homens,0.2654,38.2,54.66,44.64,-10.02,0
AL,80,2707800,Roteiro,0.2622,64.4,45.95,66.92,20.97,1
AL,81,2708808,São Sebastião,0.2502,36.7,42.43,43.27,0.84,1
AL,82,2703759,Jequiá da Praia,0.2299,50.2,95.65,55.12,-40.53,0
AL,83,2705309,Minador do Negrão,0.2259,30.0,27.99,37.11,9.12,1
AL,84,2700904,Belo Monte,0.2236,83.9,98.82,80.0,-18.82,0
AL,85,2702207,Coqueiro Seco,0.2199,34.5,54.67,41.33,-13.34,0
AL,86,2700508,Barra de Santo Antônio,0.2098,30.6,32.98,37.63,4.65,1
AL,87,2703601,Japaratinga,0.2033,23.1,27.69,30.27,2.58,1
AL,88,2703007,Ibateguara,0.2004,93.5,54.43,80.0,25.57,1
AL,89,2701506,Campo Grande,0.1958,51.5,37.4,56.21,18.81,1
AL,90,2701407,Campo Alegre,0.194,65.5,67.45,67.86,0.41,1
AL,91,2705804,Olho d'Água do Casado,0.1931,34.2,36.22,41.05,4.83,1
AL,92,2704609,Maravilha,0.1915,68.8,74.38,70.6,-3.78,0
AL,93,2704906,Mar Vermelho,0.1896,59.0,57.65,62.46,4.81,1
AL,94,2705903,Olho d'Água Grande,0.1753,88.3,82.14,80.0,-2.14,0
AL,95,2707503,Porto Real do Colégio,0.1726,67.7,83.74,69.69,-14.05,0
AL,96,2704500,Maragogi,0.1712,32.4,45.6,39.36,-6.24,0
AL,97,2708204,São Brás,0.1573,67.2,70.72,69.26,-1.46,0
AL,98,2707909,Santa Luzia do Norte,0.1562,31.9,38.52,38.86,0.34,1
AL,99,2702108,Colônia Leopoldina,0.1431,84.7,73.25,80.0,6.75,1
AL,100,2703809,Joaquim Gomes,0.1199,33.5,27.93,40.35,12.42,1
AL,101,2701100,Branquinha,0.107,76.4,79.89,76.97,-2.92,0
AL,102,2702009,Coité do Nóia,0.075,75.0,77.24,75.74,-1.5,0
BA,1,2918902,Lajedão,0.9948,58.4,48.28,61.97,13.69,1
BA,2,2910206,Dom Macedo Costa,0.9948,85.9,52.38,80.0,27.62,1
BA,3,2900504,Érico Cardoso,0.9925,68.1,37.21,69.97,32.76,1
BA,4,2917201,Ituaçu,0.9909,57.5,43.98,61.25,17.27,1
BA,5,2924504,Pindaí,0.9889,71.0,38.33,72.46,34.13,1
BA,6,2929602,Sapeaçu,0.9884,56.8,64.52,60.68,-3.84,0
BA,7,2910800,Feira de Santana,0.9864,32.0,33.19,38.95,5.76,1
BA,8,2909000,Cordeiros,0.986,69.3,52.46,71.03,18.57,1
BA,9,2923803,Paripiranga,0.9849,51.9,39.8,56.5,16.7,1
BA,10,2912301,Ibicuí,0.9849,58.9,50.0,62.43,12.43,1
BA,11,2932606,Urandi,0.9839,59.2,40.54,62.68,22.14,1
BA,12,2921104,Medeiros Neto,0.9835,51.5,46.9,56.17,9.27,1
BA,13,2921807,Mortugaba,0.9833,69.0,60.0,70.74,10.74,1
BA,14,2904803,Caatiba,0.9832,48.5,50.0,53.62,3.62,1
BA,15,2919405,Licínio de Almeida,0.9831,75.0,65.48,75.76,10.28,1
BA,16,2913408,Igaporã,0.9826,57.2,42.57,60.96,18.39,1
BA,17,2931350,Teixeira de Freitas,0.9824,51.9,35.04,56.5,21.46,1
BA,18,2921500,Monte Santo,0.9822,30.9,27.49,37.95,10.46,1
BA,19,2924702,Piripá,0.9817,64.3,56.47,66.84,10.37,1
BA,20,2916856,Itatim,0.9805,51.6,54.22,56.29,2.07,1
BA,21,2904605,Brumado,0.9798,53.3,42.15,57.7,15.55,1
BA,22,2902302,Aratuípe,0.978,47.9,60.0,53.15,-6.85,0
BA,23,2905008,Caculé,0.9775,51.8,47.96,56.48,8.52,1
BA,24,2919702,Macarani,0.9774,49.1,44.74,54.13,9.39,1
BA,25,2920502,Maracás,0.9771,52.5,43.58,57.02,13.44,1
BA,26,2927309,Salinas da Margarida,0.9755,47.8,45.77,53.07,7.3,1
BA,27,2933257,Vereda,0.9744,67.8,35.85,69.8,33.95,1
BA,28,2920304,Malhada de Pedras,0.9739,70.4,70.27,71.89,1.62,1
BA,29,2920601,Maragogipe,0.9734,47.4,54.49,52.74,-1.75,0
BA,30,2921005,Mata de São João,0.9734,54.0,56.92,58.32,1.4,1
BA,31,2929057,São Félix do Coribe,0.9734,54.9,36.59,59.05,22.46,1
BA,32,2921450,Mirante,0.9731,52.2,46.15,56.77,10.62,1
BA,33,2933406,Wagner,0.9727,53.4,45.0,57.82,12.82,1
BA,34,2909505,Cravolândia,0.9717,57.3,34.55,61.09,26.54,1
BA,35,2904209,Botuporã,0.9712,62.1,47.37,65.03,17.66,1
BA,36,2931004,Tanhaçu,0.9708,58.7,47.42,62.26,14.84,1
BA,37,2917409,Jacaraci,0.9705,63.8,56.86,66.43,9.57,1
BA,38,2912004,Ibiassucê,0.9703,65.0,61.19,67.46,6.27,1
BA,39,2916500,Itapicuru,0.9702,28.1,51.23,35.25,-15.98,0
BA,40,2908101,Cocos,0.9689,48.6,51.69,53.76,2.07,1
BA,41,2905206,Caetité,0.9689,49.2,39.02,54.21,15.19,1
BA,42,2914109,Ipupiara,0.9682,66.8,59.15,68.9,9.75,1
BA,43,2918704,Lafaiete Coutinho,0.9678,67.7,56.52,69.64,13.12,1
BA,44,2910776,Feira da Mata,0.9664,55.7,45.45,59.76,14.31,1
BA,45,2929503,São Sebastião do Passé,0.9662,50.0,46.1,54.89,8.79,1
BA,46,2915700,Itamari,0.9662,59.7,36.76,63.04,26.28,1
BA,47,2922409,Mutuípe,0.9657,58.4,48.92,61.96,13.04,1
BA,48,2922003,Mucuri,0.9653,49.1,47.96,54.16,6.2,1
BA,49,2928703,Santo Antônio de Jesus,0.9651,33.5,40.9,40.35,-0.55,0
BA,50,2904308,Brejões,0.9649,53.5,47.62,57.86,10.24,1
BA,51,2925956,Rafael Jambeiro,0.9646,48.4,33.53,53.58,20.05,1
BA,52,2926707,Rio de Contas,0.964,50.4,55.74,55.31,-0.43,0
BA,53,2923605,Paramirim,0.9638,46.9,48.94,52.28,3.34,1
BA,54,2911709,Guanambi,0.9637,48.6,46.39,53.73,7.34,1
BA,55,2923035,Novo Horizonte,0.9631,60.6,73.17,63.79,-9.38,0
BA,56,2931608,Teolândia,0.9613,47.3,44.76,52.65,7.89,1
BA,57,2908309,Conceição do Almeida,0.9613,53.9,41.18,58.18,17.0,1
BA,58,2906600,Candiba,0.9608,46.7,41.67,52.13,10.46,1
BA,59,2913507,Iguaí,0.959,49.6,31.48,54.55,23.07,1
BA,60,2901007,Amargosa,0.9584,51.1,51.0,55.84,4.84,1
BA,61,2914604,Irecê,0.9562,42.0,46.83,48.05,1.22,1
BA,62,2926806,Rio do Antônio,0.9559,62.5,43.82,65.42,21.6,1
BA,63,2932309,Ubatã,0.9547,31.4,41.9,38.45,-3.45,0
BA,64,2917706,Jaguarari,0.9536,30.6,40.77,37.63,-3.14,0
BA,65,2929909,Seabra,0.953,48.7,34.98,53.8,18.82,1
BA,66,2931053,Tanque Novo,0.9514,63.5,61.8,66.17,4.37,1
BA,67,2917300,Ituberá,0.9511,44.1,29.17,49.86,20.69,1
BA,68,2919058,Lajedo do Tabocal,0.9507,55.1,43.1,59.2,16.1,1
BA,69,2933604,Xique-Xique,0.9505,31.0,32.25,38.06,5.81,1
BA,70,2924900,Planaltino,0.9481,53.8,42.86,58.12,15.26,1
BA,71,2933455,Wanderley,0.9481,54.0,55.37,58.33,2.96,1
BA,72,2919801,Macaúbas,0.9473,43.5,31.5,49.35,17.85,1
BA,73,2928406,Santa Rita de Cássia,0.9466,47.0,32.05,52.33,20.28,1
BA,74,2908903,Coração de Maria,0.9445,31.0,21.3,37.99,16.69,1
BA,75,2930006,Sebastião Laranjeiras,0.9438,59.0,42.37,62.51,20.14,1
BA,76,2932903,Valença,0.9436,31.0,31.89,38.08,6.19,1
BA,77,2900801,Alcobaça,0.9436,45.3,29.6,50.94,21.34,1
BA,78,2928604,Santo Amaro,0.9431,43.8,36.96,49.62,12.66,1
BA,79,2917607,Jaguaquara,0.9425,46.3,53.7,51.78,-1.92,0
BA,80,2925105,Poções,0.9422,44.0,42.93,49.79,6.86,1
BA,81,2918407,Juazeiro,0.9418,31.2,29.31,38.21,8.9,1
BA,82,2915601,Itamaraju,0.9415,44.1,37.41,49.84,12.43,1
BA,83,2916401,Itapetinga,0.9401,39.6,32.22,45.94,13.72,1
BA,84,2906501,Candeias,0.9392,32.7,36.67,39.6,2.93,1
BA,85,2904100,Boquira,0.9367,39.5,32.0,45.8,13.8,1
BA,86,2928208,Santana,0.9361,29.9,38.7,37.01,-1.69,0
BA,87,2906006,Campo Formoso,0.9361,36.8,39.03,43.38,4.35,1
BA,88,2919504,Livramento de Nossa Senhora,0.9353,38.4,38.06,44.87,6.81,1
BA,89,2913002,Ibitiara,0.9347,62.2,37.36,65.11,27.75,1
BA,90,2929206,São Francisco do Conde,0.9344,30.0,25.66,37.11,11.45,1
BA,91,2927408,Salvador,0.9342,39.2,36.75,45.52,8.77,1
BA,92,2913606,Ilhéus,0.9336,32.3,26.35,39.22,12.87,1
BA,93,2926400,Riacho de Santana,0.9329,42.2,52.53,48.17,-4.36,0
BA,94,2919009,Lajedinho,0.9328,50.0,21.21,54.93,33.72,1
BA,95,2902708,Barra,0.9324,26.8,28.48,34.04,5.56,1
BA,96,2923209,Oliveira dos Brejinhos,0.9319,38.1,39.29,44.58,5.29,1
BA,97,2909307,Correntina,0.9318,36.7,26.64,43.32,16.68,1
BA,98,2922730,Nova Fátima,0.9316,46.8,31.91,52.21,20.3,1
BA,99,2919207,Lauro de Freitas,0.9308,29.6,28.75,36.74,7.99,1
BA,100,2928109,Santa Maria da Vitória,0.9295,32.3,26.29,39.29,13.0,1
BA,101,2922805,Nova Itarana,0.9281,33.0,34.65,39.89,5.24,1
BA,102,2911253,Gavião,0.9269,60.5,47.37,63.7,16.33,1
BA,103,2929750,Saubara,0.9261,43.2,52.63,49.07,-3.56,0
BA,104,2914802,Itabuna,0.9256,31.6,29.75,38.61,8.86,1
BA,105,2928802,Santo Estêvão,0.924,32.7,31.86,39.59,7.73,1
BA,106,2906709,Cândido Sales,0.9227,38.1,30.86,44.57,13.71,1
BA,107,2927903,Santa Inês,0.9216,47.3,47.31,52.67,5.36,1
BA,108,2931806,Tremedal,0.9215,49.5,42.86,54.5,11.64,1
BA,109,2901601,Antas,0.9209,44.1,23.17,49.89,26.72,1
BA,110,2927002,Rio Real,0.9206,41.0,33.21,47.13,13.92,1
BA,111,2917508,Jacobina,0.92,30.7,28.49,37.79,9.3,1
BA,112,2927705,Santa Cruz Cabrália,0.9198,40.5,37.36,46.67,9.31,1
BA,113,2923407,Palmas de Monte Alto,0.9194,45.5,35.76,51.09,15.33,1
BA,114,2928901,São Desidério,0.9188,44.7,54.07,50.38,-3.69,0
BA,115,2930709,Simões Filho,0.9162,42.6,42.14,48.58,6.44,1
BA,116,2931202,Taperoá,0.9149,38.8,47.52,45.23,-2.29,0
BA,117,2929305,São Gonçalo dos Campos,0.9137,36.4,24.63,43.04,18.41,1
BA,118,2921203,Miguel Calmon,0.9127,47.8,36.96,53.06,16.1,1
BA,119,2907608,Central,0.9121,30.9,25.64,37.9,12.26,1
BA,120,2905602,Camacan,0.9121,34.0,24.61,40.84,16.23,1
BA,121,2933208,Vera Cruz,0.912,39.1,38.27,45.5,7.23,1
BA,122,2931905,Tucano,0.9113,29.0,35.55,36.12,0.57,1
BA,123,2926608,Ribeira do Pombal,0.9106,34.4,40.72,41.2,0.48,1
BA,124,2916609,Itapitanga,0.9104,31.0,36.62,38.06,1.44,1
BA,125,2930600,Serrolândia,0.9102,32.8,25.69,39.77,14.08,1
BA,126,2906907,Caravelas,0.9095,40.9,49.78,47.08,-2.7,0
BA,127,2901809,Antônio Gonçalves,0.9092,32.6,25.32,39.52,14.2,1
BA,128,2906402,Candeal,0.909,30.9,30.77,37.97,7.2,1
BA,129,2924801,Piritiba,0.9084,43.1,40.58,48.97,8.39,1
BA,130,2908606,Conde,0.9082,40.6,28.14,46.79,18.65,1
BA,131,2930402,Serra Preta,0.9049,31.8,36.67,38.83,2.16,1
BA,132,2913903,Ipiaú,0.9047,33.6,25.15,40.51,15.36,1
BA,133,2917805,Jaguaripe,0.9043,25.9,46.85,33.07,-13.78,0
BA,134,2926004,Remanso,0.9039,25.1,35.26,32.32,-2.94,0
BA,135,2907806,Cícero Dantas,0.9037,30.9,36.31,37.98,1.67,1
BA,136,2912806,Ibirapuã,0.9037,60.5,37.84,63.71,25.87,1
BA,137,2910057,Dias d'Ávila,0.8995,35.5,32.25,42.22,9.97,1
BA,138,2912509,Ibipitanga,0.899,44.2,46.81,49.93,3.12,1
BA,139,2901106,Amélia Rodrigues,0.8987,37.5,47.14,44.02,-3.12,0
BA,140,2930774,Sobradinho,0.8985,26.4,34.44,33.65,-0.79,0
BA,141,2903904,Bom Jesus da Lapa,0.897,33.9,34.55,40.73,6.18,1
BA,142,2907301,Castro Alves,0.897,44.0,30.54,49.79,19.25,1
BA,143,2909901,Curaçá,0.8968,29.7,22.94,36.77,13.83,1
BA,144,2921708,Morro do Chapéu,0.8968,36.2,28.31,42.87,14.56,1
BA,145,2926657,Ribeirão do Largo,0.8965,47.3,52.63,52.59,-0.04,0
BA,146,2918001,Jequié,0.8954,37.9,39.48,44.37,4.89,1
BA,147,2905909,Campo Alegre de Lourdes,0.8946,36.7,28.04,43.29,15.25,1
BA,148,2916203,Itapé,0.8941,30.6,35.38,37.65,2.27,1
BA,149,2931301,Tapiramutá,0.894,33.1,41.82,39.97,-1.85,0
BA,150,2914653,Itabela,0.8938,31.1,24.92,38.14,13.22,1
BA,151,2916906,Itiruçu,0.8928,32.9,30.0,39.79,9.79,1
BA,152,2914208,Irajuba,0.8922,40.3,65.38,46.57,-18.81,0
BA,153,2925907,Quijingue,0.8921,38.5,34.85,44.9,10.05,1
BA,154,2923100,Olindina,0.889,34.5,21.29,41.3,20.01,1
BA,155,2906899,Caraíbas,0.889,46.6,35.56,52.02,16.46,1
BA,156,2902807,Barra da Estiva,0.8876,47.6,47.17,52.87,5.7,1
BA,157,2933158,Várzea Nova,0.8874,32.8,17.95,39.73,21.78,1
BA,158,2922250,Muquém do São Francisco,0.8873,31.0,22.03,38.02,15.99,1
BA,159,2918803,Laje,0.8864,46.6,45.45,52.04,6.59,1
BA,160,2912905,Ibirataia,0.8863,32.8,37.44,39.72,2.28,1
BA,161,2911204,Gandu,0.8862,33.3,47.2,40.16,-7.04,0
BA,162,2903201,Barreiras,0.8862,38.0,36.09,44.47,8.38,1
BA,163,2911303,Gentio do Ouro,0.8843,45.1,54.32,50.71,-3.61,0
BA,164,2909406,Cotegipe,0.8829,40.8,41.9,46.95,5.05,1
BA,165,2901155,América Dourada,0.8819,32.2,43.23,39.16,-4.07,0
BA,166,2903953,Bom Jesus da Serra,0.8818,41.9,24.44,47.9,23.46,1
BA,167,2902658,Banzaê,0.8814,40.8,36.73,46.98,10.25,1
BA,168,2921906,Mucugê,0.881,41.7,38.82,47.73,8.91,1
BA,169,2909109,Coribe,0.8806,47.3,30.71,52.66,21.95,1
BA,170,2900900,Almadina,0.8805,31.2,23.91,38.22,14.31,1
BA,171,2900702,Alagoinhas,0.8803,33.6,36.64,40.44,3.8,1
BA,172,2921401,Mirangaba,0.8799,33.7,29.41,40.59,11.18,1
BA,173,2908200,Conceição da Feira,0.8795,31.7,27.46,38.68,11.22,1
BA,174,2927200,Ruy Barbosa,0.8791,38.3,27.94,44.71,16.77,1
BA,175,2915304,Itagimirim,0.8789,32.8,25.0,39.74,14.74,1
BA,176,2922854,Nova Redenção,0.8785,31.9,27.03,38.9,11.87,1
BA,177,2904050,Bonito,0.8782,40.2,34.0,46.43,12.43,1
BA,178,2915007,Itaeté,0.8782,41.3,45.45,47.43,1.98,1
BA,179,2910404,Encruzilhada,0.8782,41.9,37.25,47.92,10.67,1
BA,180,2901353,Andorinha,0.8772,33.0,28.44,39.88,11.44,1
BA,181,2930154,Serra do Ramalho,0.8771,36.2,26.65,42.83,16.18,1
BA,182,2923506,Palmeiras,0.8766,43.7,40.45,49.55,9.1,1
BA,183,2916807,Itarantim,0.876,38.2,41.07,44.64,3.57,1
BA,184,2918100,Jeremoabo,0.8754,27.0,29.53,34.24,4.71,1
BA,185,2929107,São Felipe,0.8732,45.9,41.13,51.43,10.3,1
BA,186,2929354,São José da Vitória,0.8731,31.3,27.27,38.32,11.05,1
BA,187,2922656,Nordestina,0.872,31.3,26.14,38.28,12.14,1
BA,188,2921609,Morpará,0.872,31.8,28.89,38.78,9.89,1
BA,189,2917334,Iuiu,0.8719,49.0,25.53,54.11,28.58,1
BA,190,2901205,Anagé,0.8707,36.5,32.17,43.17,11.0,1
BA,191,2925006,Planalto,0.8707,40.1,24.31,46.35,22.04,1
BA,192,2911600,Governador Mangabeira,0.8702,36.9,29.08,43.51,14.43,1
BA,193,2915205,Itagibá,0.8701,36.9,44.21,43.51,-0.7,0
BA,194,2915502,Itajuípe,0.8694,34.4,34.09,41.18,7.09,1
BA,195,2902609,Baixa Grande,0.8693,36.3,36.78,42.94,6.16,1
BA,196,2932101,Ubaíra,0.8689,47.4,38.93,52.71,13.78,1
BA,197,2931509,Teofilândia,0.8687,28.1,29.57,35.23,5.66,1
BA,198,2920403,Manoel Vitorino,0.8682,39.5,41.67,45.86,4.19,1
BA,199,2909604,Crisópolis,0.8679,50.3,43.05,55.2,12.15,1
BA,200,2901304,Andaraí,0.8664,44.8,47.79,50.48,2.69,1
BA,201,2933505,Wenceslau Guimarães,0.8656,38.4,31.17,44.82,13.65,1
BA,202,2902005,Aracatu,0.865,42.0,28.92,47.99,19.07,1
BA,203,2904407,Brejolândia,0.8641,41.1,40.43,47.23,6.8,1
BA,204,2933059,Várzea da Roça,0.8633,32.6,20.73,39.52,18.79,1
BA,205,2901403,Angical,0.8633,38.1,28.44,44.53,16.09,1
BA,206,2914000,Ipirá,0.8629,30.0,34.46,37.07,2.61,1
BA,207,2933174,Varzedo,0.8623,44.1,40.0,49.91,9.91,1
BA,208,2911857,Heliópolis,0.8616,31.4,36.36,38.42,2.06,1
BA,209,2903276,Barrocas,0.861,42.1,46.15,48.11,1.96,1
BA,210,2905701,Camaçari,0.8607,33.6,36.56,40.43,3.87,1
BA,211,2919926,Madre de Deus,0.8607,40.7,25.81,46.9,21.09,1
BA,212,2907509,Catu,0.8601,43.5,39.39,49.32,9.93,1
BA,213,2920106,Mairi,0.86,40.8,23.42,46.99,23.57,1
BA,214,2910305,Elísio Medrado,0.8593,30.0,35.29,37.06,1.77,1
BA,215,2902500,Baianópolis,0.8576,39.9,35.92,46.14,10.22,1
BA,216,2916104,Itaparica,0.8539,38.3,28.57,44.71,16.14,1
BA,217,2909802,Cruz das Almas,0.8526,34.6,33.56,41.43,7.87,1
BA,218,2912707,Ibirapitanga,0.85,31.2,22.06,38.26,16.2,1
BA,219,2921302,Milagres,0.8496,33.9,46.05,40.72,-5.33,0
BA,220,2912202,Ibicoara,0.8491,27.9,32.53,35.04,2.51,1
BA,221,2924603,Pindobaçu,0.8491,34.2,39.19,41.0,1.81,1
BA,222,2930766,Sítio do Quinto,0.8481,44.1,42.47,49.83,7.36,1
BA,223,2913457,Igrapiúna,0.848,30.3,43.64,37.38,-6.26,0
BA,224,2932507,Una,0.8458,37.9,58.16,44.38,-13.78,0
BA,225,2914901,Itacaré,0.845,32.3,31.19,39.28,8.09,1
BA,226,2932200,Ubaitaba,0.8446,29.8,31.13,36.89,5.76,1
BA,227,2910750,Fátima,0.844,42.5,49.57,48.48,-1.09,0
BA,228,2913705,Inhambupe,0.8436,29.5,30.13,36.61,6.48,1
BA,229,2920452,Mansidão,0.8428,30.7,37.29,37.76,0.47,1
BA,230,2907558,Caturama,0.8426,46.9,50.85,52.31,1.46,1
BA,231,2929008,São Félix,0.8406,32.1,31.33,39.05,7.72,1
BA,232,2910727,Eunápolis,0.84,34.6,38.37,41.41,3.04,1
BA,233,2903003,Barra do Mendes,0.8388,39.3,32.43,45.6,13.17,1
BA,234,2925204,Pojuca,0.8387,60.5,51.55,63.76,12.21,1
BA,235,2922052,Mulungu do Morro,0.8373,22.5,28.83,29.66,0.83,1
BA,236,2926301,Riachão do Jacuípe,0.836,38.4,38.37,44.85,6.48,1
BA,237,2925808,Queimadas,0.8356,27.4,30.32,34.54,4.22,1
BA,238,2911659,Guajeru,0.835,29.2,36.78,36.33,-0.45,0
BA,239,2930303,Serra Dourada,0.8333,29.0,33.09,36.13,3.04,1
BA,240,2906303,Canavieiras,0.8327,29.0,28.68,36.12,7.44,1
BA,241,2933109,Várzea do Poço,0.8312,44.8,43.64,50.5,6.86,1
BA,242,2919553,Luís Eduardo Magalhães,0.8298,29.4,35.72,36.53,0.81,1
BA,243,2901957,Apuarema,0.8297,37.0,43.24,43.58,0.34,1
BA,244,2909703,Cristópolis,0.8294,44.5,43.75,50.23,6.48,1
BA,245,2903508,Belo Campo,0.8285,47.6,33.06,52.89,19.83,1
BA,246,2902104,Araci,0.8278,20.3,24.47,27.37,2.9,1
BA,247,2912400,Ibipeba,0.8273,29.8,36.88,36.9,0.02,1
BA,248,2910107,Dom Basílio,0.8273,48.3,42.74,53.52,10.78,1
BA,249,2900108,Abaíra,0.8256,34.6,42.42,41.37,-1.05,0
BA,250,2921054,Matina,0.8253,41.7,42.52,47.77,5.25,1
BA,251,2917102,Itororó,0.8233,47.4,28.85,52.72,23.87,1
BA,252,2924652,Pintadas,0.8223,44.9,55.7,50.59,-5.11,0
BA,253,2922755,Nova Ibiá,0.8223,50.3,48.98,55.22,6.24,1
BA,254,2906808,Cansanção,0.8214,29.7,23.19,36.8,13.61,1
BA,255,2905404,Cairu,0.8202,36.9,32.87,43.5,10.63,1
BA,256,2913200,Ibotirama,0.8199,42.4,32.87,48.37,15.5,1
BA,257,2918357,João Dourado,0.8198,34.6,53.15,41.43,-11.72,0
BA,258,2906204,Canarana,0.8193,29.2,33.73,36.34,2.61,1
BA,259,2908408,Conceição do Coité,0.8179,28.6,30.94,35.73,4.79,1
BA,260,2920007,Maiquinique,0.8156,29.8,32.56,36.93,4.37,1
BA,261,2903706,Boa Nova,0.8149,44.2,46.51,49.97,3.46,1
BA,262,2929370,São José do Jacuípe,0.8132,23.2,28.41,30.39,1.98,1
BA,263,2923902,Pau Brasil,0.8131,44.7,34.68,50.35,15.67,1
BA,264,2932804,Utinga,0.8124,33.8,33.04,40.69,7.65,1
BA,265,2918605,Jussiape,0.8118,32.1,33.33,39.08,5.75,1
BA,266,2933000,Valente,0.8113,32.2,37.25,39.21,1.96,1
BA,267,2907103,Carinhanha,0.8104,28.6,31.96,35.7,3.74,1
BA,268,2922201,Muniz Ferreira,0.8056,45.9,41.27,51.44,10.17,1
BA,269,2931400,Teodoro Sampaio,0.8051,41.0,30.56,47.18,16.62,1
BA,270,2922706,Nova Canaã,0.8031,29.5,50.0,36.6,-13.4,0
BA,271,2902906,Barra do Choça,0.8028,36.1,30.6,42.76,12.16,1
BA,272,2933307,Vitória da Conquista,0.7975,47.9,42.75,53.11,10.36,1
BA,273,2930907,Tabocas do Brejo Velho,0.7934,35.8,43.31,42.53,-0.78,0
BA,274,2904001,Boninal,0.7918,45.1,48.96,50.69,1.73,1
BA,275,2902401,Aurelino Leal,0.7901,42.7,33.61,48.61,15.0,1
BA,276,2932705,Uruçuca,0.7888,30.0,26.42,37.1,10.68,1
BA,277,2908507,Conceição do Jacuípe,0.7882,34.3,37.5,41.12,3.62,1
BA,278,2913804,Ipecaetá,0.7859,34.8,46.51,41.61,-4.9,0
BA,279,2919959,Maetinga,0.7851,61.0,47.37,64.12,16.75,1
BA,280,2910701,Euclides da Cunha,0.7837,33.1,32.37,39.98,7.61,1
BA,281,2917003,Itiúba,0.7832,27.8,21.05,34.97,13.92,1
BA,282,2900355,Adustina,0.7798,44.7,42.45,50.37,7.92,1
BA,283,2926905,Rio do Pires,0.7791,36.5,15.62,43.13,27.51,1
BA,284,2917359,Jaborandi,0.775,40.9,43.16,47.06,3.9,1
BA,285,2902054,Araçás,0.7748,36.7,38.26,43.28,5.02,1
BA,286,2903102,Barra do Rocha,0.7742,38.1,39.62,44.61,4.99,1
BA,287,2915403,Itaju do Colônia,0.7731,20.2,15.25,27.27,12.02,1
BA,288,2914703,Itaberaba,0.7721,42.2,41.07,48.23,7.16,1
BA,289,2922102,Mundo Novo,0.7705,26.6,33.33,33.82,0.49,1
BA,290,2922607,Nilo Peçanha,0.7668,36.1,50.52,42.73,-7.79,0
BA,291,2929404,São Miguel das Matas,0.7657,28.8,36.76,35.91,-0.85,0
BA,292,2910008,Dário Meira,0.7655,37.8,41.07,44.31,3.24,1
BA,293,2932002,Uauá,0.7644,44.9,40.28,50.59,10.31,1
BA,294,2909208,Coronel João Sá,0.7635,28.7,36.04,35.85,-0.19,0
BA,295,2903805,Boa Vista do Tupim,0.7612,33.4,32.14,40.29,8.15,1
BA,296,2907905,Cipó,0.7592,27.9,31.09,35.07,3.98,1
BA,297,2903409,Belmonte,0.7589,35.8,33.93,42.49,8.56,1
BA,298,2900207,Abaré,0.7542,28.3,18.24,35.44,17.2,1
BA,299,2925501,Prado,0.7537,34.9,28.97,41.65,12.68,1
BA,300,2919306,Lençóis,0.7521,36.2,37.66,42.83,5.17,1
BA,301,2908002,Coaraci,0.7475,37.2,39.13,43.8,4.67,1
BA,302,2923308,Ouriçangas,0.747,35.9,50.59,42.62,-7.97,0
BA,303,2905503,Caldeirão Grande,0.7455,21.3,28.19,28.45,0.26,1
BA,304,2925931,Quixabeira,0.7446,38.7,75.47,45.13,-30.34,0
BA,305,2919108,Lamarão,0.7429,22.2,19.57,29.42,9.85,1
BA,306,2930105,Senhor do Bonfim,0.7413,19.9,24.02,27.01,2.99,1
BA,307,2911501,Gongogi,0.7411,27.7,50.0,34.92,-15.08,0
BA,308,2906105,Canápolis,0.7411,37.3,29.55,43.85,14.3,1
BA,309,2930204,Sento Sé,0.7379,26.4,24.24,33.62,9.38,1
BA,310,2903300,Barro Preto,0.7351,39.3,24.72,45.64,20.92,1
BA,311,2920809,Marcionílio Souza,0.735,21.2,18.57,28.29,9.72,1
BA,312,2925402,Potiraguá,0.7331,27.9,27.54,35.06,7.52,1
BA,313,2912608,Ibiquera,0.7323,20.1,15.62,27.17,11.55,1
BA,314,2904902,Cachoeira,0.7282,24.9,33.06,32.07,-0.99,0
BA,315,2920908,Mascote,0.7273,22.3,26.73,29.51,2.78,1
BA,316,2929255,São Gabriel,0.7247,33.2,33.54,40.09,6.55,1
BA,317,2924306,Piatã,0.7237,42.2,45.33,48.21,2.88,1
BA,318,2928059,Santa Luzia,0.7216,33.5,28.42,40.34,11.92,1
BA,319,2915106,Itagi,0.7212,37.8,23.53,44.26,20.73,1
BA,320,2920205,Malhada,0.7177,25.2,33.68,32.45,-1.23,0
BA,321,2901502,Anguera,0.7159,38.7,55.95,45.15,-10.8,0
BA,322,2906873,Capim Grosso,0.7158,26.2,29.34,33.41,4.07,1
BA,323,2928505,Santa Terezinha,0.7129,26.6,27.63,33.84,6.21,1
BA,324,2924108,Pedrão,0.7113,20.7,13.33,27.85,14.52,1
BA,325,2907707,Chorrochó,0.7082,34.6,36.19,41.36,5.17,1
BA,326,2902203,Aramari,0.7081,21.7,17.95,28.9,10.95,1
BA,327,2932408,Uibaí,0.7073,33.1,27.71,40.0,12.29,1
BA,328,2927804,Santa Cruz da Vitória,0.705,45.1,37.04,50.76,13.72,1
BA,329,2922904,Nova Soure,0.6932,22.1,31.41,29.32,-2.09,0
BA,330,2907202,Casa Nova,0.69,13.1,20.93,19.44,-1.49,0
BA,331,2925253,Ponto Novo,0.6899,23.2,36.99,30.38,-6.61,0
BA,332,2918506,Jussara,0.688,23.2,43.44,30.4,-13.04,0
BA,333,2916708,Itaquara,0.6851,34.4,34.25,41.17,6.92,1
BA,334,2901700,Antônio Cardoso,0.6814,33.9,25.76,40.74,14.98,1
BA,335,2914406,Iraquara,0.6794,38.9,44.24,45.26,1.02,1
BA,336,2907004,Cardeal da Silva,0.6723,26.7,33.04,33.87,0.83,1
BA,337,2917904,Jandaíra,0.666,50.5,36.08,55.37,19.29,1
BA,338,2918308,Jitaúna,0.6633,24.2,40.82,31.37,-9.45,0
BA,339,2924009,Paulo Afonso,0.6588,24.8,30.51,32.01,1.5,1
BA,340,2905800,Camamu,0.6501,26.0,28.39,33.17,4.78,1
BA,341,2925303,Porto Seguro,0.6477,46.7,45.5,52.13,6.63,1
BA,342,2926509,Ribeira do Amparo,0.6461,28.7,33.95,35.87,1.92,1
BA,343,2922300,Muritiba,0.6416,23.3,51.72,30.55,-21.17,0
BA,344,2911105,Formosa do Rio Preto,0.6395,19.7,28.21,26.73,-1.48,0
BA,345,2927101,Rodelas,0.6366,23.3,26.35,30.48,4.13,1
BA,346,2923001,Nova Viçosa,0.6335,56.4,37.21,60.29,23.08,1
BA,347,2928950,São Domingos,0.6231,25.3,52.94,32.49,-20.45,0
BA,348,2931707,Terra Nova,0.6228,23.3,28.42,30.46,2.04,1
BA,349,2924405,Pilão Arcado,0.6211,23.9,22.51,31.12,8.61,1
BA,350,2925709,Presidente Jânio Quadros,0.6117,30.4,31.78,37.48,5.7,1
BA,351,2915353,Itaguaçu da Bahia,0.6087,20.9,32.8,28.02,-4.78,0
BA,352,2916302,Itapebi,0.607,15.0,23.44,21.57,-1.87,0
BA,353,2911006,Floresta Azul,0.6047,15.1,41.03,21.74,-19.29,0
BA,354,2910602,Esplanada,0.5963,19.9,23.96,26.95,2.99,1
BA,355,2923704,Paratinga,0.5853,21.1,24.46,28.27,3.81,1
BA,356,2906857,Capela do Alto Alegre,0.5847,35.9,45.45,42.56,-2.89,0
BA,357,2928000,Santaluz,0.5715,25.1,29.15,32.3,3.15,1
BA,358,2913101,Ibititá,0.5661,26.1,28.0,33.31,5.31,1
BA,359,2911402,Glória,0.5641,35.9,29.69,42.59,12.9,1
BA,360,2904704,Buerarema,0.5558,24.3,29.37,31.49,2.12,1
BA,361,2900306,Acajutiba,0.5556,19.7,59.14,26.77,-32.37,0
BA,362,2908804,Contendas do Sincorá,0.5512,24.0,40.62,31.22,-9.4,0
BA,363,2905305,Cafarnaum,0.5501,21.6,30.37,28.79,-1.58,0
BA,364,2918555,Jussari,0.5412,35.9,31.58,42.54,10.96,1
BA,365,2911907,Iaçu,0.5395,22.9,28.52,30.13,1.61,1
BA,366,2924207,Pedro Alexandre,0.5389,29.1,20.45,36.27,15.82,1
BA,367,2905107,Caém,0.5341,35.4,36.71,42.1,5.39,1
BA,368,2923357,Ourolândia,0.5285,22.7,34.04,29.85,-4.19,0
BA,369,2902252,Arataca,0.528,16.9,13.11,23.69,10.58,1
BA,370,2932457,Umburanas,0.5253,21.3,22.95,28.46,5.51,1
BA,371,2910859,Filadélfia,0.5085,18.3,36.76,25.25,-11.51,0
BA,372,2900603,Aiquara,0.4885,29.3,26.32,36.39,10.07,1
BA,373,2927507,Santa Bárbara,0.4811,21.0,31.58,28.15,-3.43,0
BA,374,2925600,Presidente Dutra,0.4793,21.3,20.0,28.43,8.43,1
BA,375,2903607,Biritinga,0.4684,22.2,29.82,29.4,-0.42,0
BA,376,2931103,Tanquinho,0.4526,18.9,30.67,25.95,-4.72,0
BA,377,2911808,Guaratinga,0.4267,22.7,22.64,29.89,7.25,1
BA,378,2919157,Lapão,0.4209,25.1,25.25,32.3,7.05,1
BA,379,2903235,Barro Alto,0.4105,24.3,29.75,31.51,1.76,1
BA,380,2930501,Serrinha,0.4016,25.2,19.92,32.42,12.5,1
BA,381,2919603,Macajuba,0.3911,18.6,30.14,25.55,-4.59,0
BA,382,2929701,Sátiro Dias,0.3817,15.4,30.68,22.02,-8.66,0
BA,383,2915809,Itambé,0.3731,22.2,26.98,29.39,2.41,1
BA,384,2905156,Caetanos,0.3621,24.9,46.43,32.08,-14.35,0
BA,385,2923050,Novo Triunfo,0.3486,21.8,39.06,28.92,-10.14,0
BA,386,2919900,Macururé,0.3381,4.7,12.5,8.39,-4.11,0
BA,387,2900405,Água Fria,0.3116,21.0,30.43,28.14,-2.29,0
BA,388,2927606,Santa Brígida,0.3111,25.7,28.39,32.87,4.48,1
BA,389,2930808,Souto Soares,0.287,25.5,31.82,32.71,0.89,1
BA,390,2906824,Canudos,0.2339,18.9,30.13,25.86,-4.27,0
BA,391,2926103,Retirolândia,0.1863,18.5,23.58,25.46,1.88,1
BA,392,2901908,Aporá,0.1489,17.8,16.52,24.7,8.18,1
BA,393,2907400,Catolândia,0.0973,10.5,25.71,16.24,-9.47,0
BA,394,2929800,Saúde,0.089,15.0,20.73,21.63,0.9,1
CE,1,2313757,Umirim,0.8807,67.9,82.27,69.88,-12.39,0
CE,2,2303709,Caucaia,0.7282,67.0,69.01,69.14,0.13,1
CE,3,2300309,Acopiara,0.6807,62.6,64.59,65.49,0.9,1
CE,4,2302909,Capistrano,0.658,77.6,87.35,77.99,-9.36,0
CE,5,2313807,Uruburetama,0.6467,81.4,82.16,80.0,-2.16,0
CE,6,2312502,São João do Jaguaribe,0.621,79.8,95.98,79.85,-16.13,0
CE,7,2302404,Boa Viagem,0.6199,80.0,90.36,80.0,-10.36,0
CE,8,2307304,Juazeiro do Norte,0.5892,60.6,59.48,63.78,4.3,1
CE,9,2310001,Palhano,0.5661,70.5,74.59,72.04,-2.55,0
CE,10,2302107,Baturité,0.5649,77.9,86.78,78.18,-8.6,0
CE,11,2312601,São Luís do Curu,0.5058,81.7,65.1,80.0,14.9,1
CE,12,2305506,Iguatu,0.4944,56.6,63.35,60.44,-2.91,0
CE,13,2308708,Morada Nova,0.4823,72.0,76.09,73.22,-2.87,0
CE,14,2311900,Saboeiro,0.4801,75.4,81.55,76.08,-5.47,0
CE,15,2301703,Aurora,0.4488,72.9,73.84,73.96,0.12,1
CE,16,2304954,Guaiúba,0.435,72.7,79.83,73.87,-5.96,0
CE,17,2301851,Banabuiú,0.4305,80.3,76.25,80.0,3.75,1
CE,18,2308302,Milagres,0.4153,75.3,79.33,76.0,-3.33,0
CE,19,2312403,São Gonçalo do Amarante,0.4049,82.0,85.78,80.0,-5.78,0
CE,20,2300903,Apuiarés,0.3879,80.8,74.45,80.0,5.55,1
CE,21,2307700,Maranguape,0.3822,79.8,81.66,79.79,-1.87,0
CE,22,2302008,Barro,0.3742,67.8,63.94,69.8,5.86,1
CE,23,2305100,Guaramiranga,0.3717,55.6,95.86,59.66,-36.2,0
CE,24,2303907,Chaval,0.3221,75.3,91.5,76.01,-15.49,0
CE,25,2309706,Pacatuba,0.3209,76.0,78.36,76.63,-1.73,0
CE,26,2307205,Jati,0.3036,74.4,77.45,75.23,-2.22,0
CE,27,2307650,Maracanaú,0.2983,82.4,84.92,80.0,-4.92,0
CE,28,2301505,Arneiroz,0.2977,73.6,76.0,74.62,-1.38,0
CE,29,2308401,Missão Velha,0.2948,74.8,82.37,75.55,-6.82,0
CE,30,2304400,Fortaleza,0.2812,74.0,74.81,74.95,0.14,1
CE,31,2301307,Araripe,0.2546,75.5,77.22,76.18,-1.04,0
CE,32,2302206,Beberibe,0.2484,78.1,81.6,78.39,-3.21,0
CE,33,2300150,Acarape,0.2315,78.1,81.21,78.41,-2.8,0
CE,34,2305407,Icó,0.2187,80.1,75.41,80.0,4.59,1
CE,35,2307106,Jardim,0.163,77.9,70.8,78.19,7.39,1
CE,36,2304905,Groaíras,0.1551,83.1,96.95,80.0,-16.95,0
CE,37,2311355,Quixelô,0.1375,79.3,88.46,79.4,-9.06,0
CE,38,2303600,Catarina,0.1325,79.2,81.25,79.35,-1.9,0
CE,39,2307502,Lavras da Mangabeira,0.1084,75.4,74.29,76.08,1.79,1
CE,40,2305266,Ibaretama,0.1029,70.3,60.53,71.84,11.31,1
CE,41,2305357,Icapuí,0.08,82.2,76.34,80.0,3.66,1
CE,42,2305233,Horizonte,0.08,93.4,96.2,80.0,-16.2,0
CE,43,2310605,Penaforte,0.0717,77.7,63.67,78.04,14.37,1
CE,44,2300408,Aiuaba,0.0675,75.1,75.83,75.88,0.05,1
CE,45,2310308,Parambu,0.0558,83.2,88.35,80.0,-8.35,0
CE,46,2300754,Amontada,0.035,83.0,82.28,80.0,-2.28,0
CE,47,2305332,Ibicuitinga,0.0252,96.1,96.67,80.0,-16.67,0
CE,48,2303956,Chorozinho,0.02,98.3,97.15,80.0,-17.15,0
CE,49,2307635,Madalena,0.02,97.7,95.31,80.0,-15.31,0
CE,50,2313005,Solonópole,0.0155,98.1,98.96,80.0,-18.96,0
CE,51,2311702,Reriutaba,0.015,99.5,98.5,80.0,-18.5,0
CE,52,2308351,Milhã,0.0105,100.0,97.92,80.0,-17.92,0
CE,53,2303303,Cariús,0.01,97.1,95.26,80.0,-15.26,0
CE,54,2313955,Varjota,0.01,99.6,98.06,80.0,-18.06,0
CE,55,2307254,Jijoca de Jericoacoara,0.01,99.8,98.03,80.0,-18.03,0
CE,56,2304657,Graça,0.01,98.4,100.0,80.0,-20.0,0
CE,57,2312106,Santana do Cariri,0.0055,89.5,96.45,80.0,-16.45,0
CE,58,2306702,Jaguaretama,0.0055,94.7,93.66,80.0,-13.66,0
CE,59,2313351,Tejuçuoca,0.0054,85.4,80.16,80.0,-0.16,0
CE,60,2304236,Croatá,0.005,98.5,99.14,80.0,-19.14,0
CE,61,2310803,Pereiro,0.0009,95.9,93.44,80.0,-13.44,0
CE,62,2300705,Alto Santo,0.0009,99.6,94.16,80.0,-14.16,0
CE,63,2302057,Barroquinha,0.0009,96.4,95.7,80.0,-15.7,0
CE,64,2313559,Tururu,0.0009,89.2,95.29,80.0,-15.29,0
CE,65,2304509,Frecheirinha,0.0005,99.7,98.18,80.0,-18.18,0
CE,66,2310902,Piquet Carneiro,0.0005,100.0,100.0,80.0,-20.0,0
CE,67,2309003,Mucambo,0.0005,97.9,98.82,80.0,-18.82,0
CE,68,2304459,Fortim,0.0005,97.5,93.28,80.0,-13.28,0
CE,69,2308609,Monsenhor Tabosa,0.0002,96.5,99.36,80.0,-19.36,0
CE,70,2308203,Meruoca,0.0002,98.5,98.21,80.0,-18.21,0
CE,71,2304269,Deputado Irapuan Pinheiro,0.0002,98.7,98.82,80.0,-18.82,0
CE,72,2304301,Farias Brito,0.0002,98.0,96.0,80.0,-16.0,0
CE,73,2305704,Ipaumirim,0.0002,87.9,88.89,80.0,-8.89,0
CE,74,2303402,Carnaubal,0.0002,87.0,83.8,80.0,-3.8,0
CE,75,2304806,Granjeiro,0.0002,94.9,91.59,80.0,-11.59,0
CE,76,2309805,Pacoti,0.0002,88.9,91.18,80.0,-11.18,0
CE,77,2309102,Mulungu,0.0002,85.8,88.89,80.0,-8.89,0
CE,78,2313906,Uruoca,0.0002,95.5,99.01,80.0,-19.01,0
CE,79,2311207,Potengi,0.0001,90.9,91.04,80.0,-11.04,0
CE,80,2300507,Alcântaras,0.0001,97.8,99.05,80.0,-19.05,0
CE,81,2303659,Catunda,0.0001,100.0,100.0,80.0,-20.0,0
CE,82,2301257,Ararendá,0.0001,98.9,99.34,80.0,-19.34,0
CE,83,2310852,Pindoretama,0.0,90.3,88.62,80.0,-8.62,0
CE,84,2311504,Quixeré,0.0,86.2,93.13,80.0,-13.13,0
CE,85,2302800,Canindé,0.0,96.9,95.0,80.0,-15.0,0
CE,86,2312809,Senador Sá,0.0,99.1,99.12,80.0,-19.12,0
CE,87,2303105,Cariré,0.0,99.6,98.77,80.0,-18.77,0
CE,88,2307007,Jaguaruana,0.0,84.2,88.24,80.0,-8.24,0
CE,89,2313401,Tianguá,0.0,84.4,86.1,80.0,-6.1,0
CE,90,2308906,Morrinhos,0.0,98.9,97.77,80.0,-17.77,0
CE,91,2313609,Ubajara,0.0,97.0,95.13,80.0,-15.13,0
CE,92,2313708,Umari,0.0,87.6,88.49,80.0,-8.49,0
CE,93,2301901,Barbalha,0.0,85.4,87.92,80.0,-7.92,0
CE,94,2305803,Ipu,0.0,94.2,86.66,80.0,-6.66,0
CE,95,2309508,Orós,0.0,90.9,90.75,80.0,-10.75,0
CE,96,2311009,Poranga,0.0,96.0,100.0,80.0,-20.0,0
CE,97,2312304,São Benedito,0.0,96.9,95.11,80.0,-15.11,0
CE,98,2301406,Aratuba,0.0,86.3,80.42,80.0,-0.42,0
CE,99,2304277,Ereré,0.0,98.6,95.0,80.0,-15.0,0
CE,100,2306009,Iracema,0.0,98.6,84.18,80.0,-4.18,0
CE,101,2308005,Massapê,0.0,99.4,95.03,80.0,-15.03,0
CE,102,2308377,Miraíma,0.0,86.7,85.6,80.0,-5.6,0
CE,103,2306256,Itaitinga,0.0,85.8,85.11,80.0,-5.11,0
CE,104,2306801,Jaguaribara,0.0,89.4,93.88,80.0,-13.88,0
CE,105,2311405,Quixeramobim,0.0,98.5,98.76,80.0,-18.76,0
CE,106,2303808,Cedro,0.0,96.6,98.77,80.0,-18.77,0
CE,107,2305654,Ipaporanga,0.0,97.5,99.16,80.0,-19.16,0
CE,108,2307809,Marco,0.0,94.2,96.66,80.0,-16.66,0
CE,109,2310209,Paracuru,0.0,94.9,95.08,80.0,-15.08,0
CE,110,2311108,Porteiras,0.0,93.5,92.09,80.0,-12.09,0
CE,111,2313302,Tauá,0.0,87.2,92.01,80.0,-12.01,0
CE,112,2301109,Aracati,0.0,89.1,91.16,80.0,-11.16,0
CE,113,2306603,Itatira,0.0,99.6,99.06,80.0,-19.06,0
CE,114,2311306,Quixadá,0.0,88.4,92.49,80.0,-12.49,0
CE,115,2313203,Tamboril,0.0,97.2,98.31,80.0,-18.31,0
CE,116,2309201,Nova Olinda,0.0,100.0,99.53,80.0,-19.53,0
CE,117,2302305,Bela Cruz,0.0,95.9,97.83,80.0,-17.83,0
CE,118,2310704,Pentecoste,0.0,93.1,91.29,80.0,-11.29,0
CE,119,2300200,Acaraú,0.0,95.8,97.71,80.0,-17.71,0
CE,120,2303204,Caririaçu,0.0,90.1,82.61,80.0,-2.61,0
CE,121,2304103,Crateús,0.0,97.1,97.31,80.0,-17.31,0
CE,122,2304251,Cruz,0.0,99.5,98.93,80.0,-18.93,0
CE,123,2301208,Aracoiaba,0.0,87.3,90.87,80.0,-10.87,0
CE,124,2303931,Choró,0.0,97.8,95.42,80.0,-15.42,0
CE,125,2305209,Hidrolândia,0.0,99.0,96.11,80.0,-16.11,0
CE,126,2300606,Altaneira,0.0,100.0,88.52,80.0,-8.52,0
CE,127,2305605,Independência,0.0,98.8,98.62,80.0,-18.62,0
CE,128,2309904,Pacujá,0.0,97.9,100.0,80.0,-20.0,0
CE,129,2313252,Tarrafas,0.0,95.1,91.6,80.0,-11.6,0
CE,130,2307403,Jucás,0.0,86.7,90.28,80.0,-10.28,0
CE,131,2312700,Senador Pompeu,0.0,100.0,98.44,80.0,-18.44,0
CE,132,2301000,Aquiraz,0.0,87.9,83.99,80.0,-3.99,0
CE,133,2302701,Campos Sales,0.0,84.2,82.79,80.0,-2.79,0
CE,134,2308807,Moraújo,0.0,98.9,92.86,80.0,-12.86,0
CE,135,2310506,Pedra Branca,0.0,99.4,99.7,80.0,-19.7,0
CE,136,2305001,Guaraciaba do Norte,0.0,98.6,95.65,80.0,-15.65,0
CE,137,2306504,Itapiúna,0.0,96.1,92.57,80.0,-12.57,0
CE,138,2300101,Abaiara,0.0,88.3,91.49,80.0,-11.49,0
CE,139,2304004,Coreaú,0.0,100.0,100.0,80.0,-20.0,0
CE,140,2307908,Martinópole,0.0,98.5,99.24,80.0,-19.24,0
CE,141,2312205,Santa Quitéria,0.0,98.2,95.08,80.0,-15.08,0
CE,142,2313104,Tabuleiro do Norte,0.0,89.0,84.32,80.0,-4.32,0
CE,143,2307601,Limoeiro do Norte,0.0,87.8,89.65,80.0,-9.65,0
CE,144,2310407,Paramoti,0.0,98.9,94.2,80.0,-14.2,0
CE,145,2310951,Pires Ferreira,0.0,99.1,100.0,80.0,-20.0,0
CE,146,2311801,Russas,0.0,92.9,94.59,80.0,-14.59,0
CE,147,2304707,Granja,0.0,93.3,97.78,80.0,-17.78,0
CE,148,2306900,Jaguaribe,0.0,86.0,89.25,80.0,-9.25,0
CE,149,2311959,Salitre,0.0,96.6,98.39,80.0,-18.39,0
CE,150,2309409,Novo Oriente,0.0,98.7,100.0,80.0,-20.0,0
CE,151,2302503,Brejo Santo,0.0,93.1,95.4,80.0,-15.4,0
CE,152,2302602,Camocim,0.0,94.5,94.08,80.0,-14.08,0
CE,153,2309458,Ocara,0.0,89.5,84.77,80.0,-4.77,0
CE,154,2312007,Santana do Acaraú,0.0,99.2,98.26,80.0,-18.26,0
CE,155,2304608,General Sampaio,0.0,94.2,97.65,80.0,-17.65,0
CE,156,2301604,Assaré,0.0,90.7,98.08,80.0,-18.08,0
CE,157,2311231,Potiretama,0.0,100.0,97.47,80.0,-17.47,0
CE,158,2312908,Sobral,0.0,98.7,98.58,80.0,-18.58,0
CE,159,2303501,Cascavel,0.0,87.6,82.6,80.0,-2.6,0
CE,160,2306108,Irauçuba,0.0,96.5,96.76,80.0,-16.76,0
CE,161,2306306,Itapajé,0.0,90.7,89.55,80.0,-9.55,0
CE,162,2314102,Viçosa do Ceará,0.0,88.6,90.22,80.0,-10.22,0
CE,163,2304202,Crato,0.0,93.6,95.37,80.0,-15.37,0
CE,164,2301950,Barreira,0.0,88.8,91.15,80.0,-11.15,0
CE,165,2306207,Itaiçaba,0.0,91.3,96.74,80.0,-16.74,0
CE,166,2310100,Palmácia,0.0,98.7,94.31,80.0,-14.31,0
CE,167,2311603,Redenção,0.0,85.0,92.45,80.0,-12.45,0
CE,168,2314003,Várzea Alegre,0.0,95.2,90.9,80.0,-10.9,0
CE,169,2306553,Itarema,0.0,92.6,92.49,80.0,-12.49,0
CE,170,2311264,Quiterianópolis,0.0,98.5,99.49,80.0,-19.49,0
CE,171,2301802,Baixio,0.0,97.6,91.67,80.0,-11.67,0
CE,172,2304350,Forquilha,0.0,100.0,100.0,80.0,-20.0,0
CE,173,2305308,Ibiapina,0.0,95.0,97.38,80.0,-17.38,0
CE,174,2308500,Mombaça,0.0,93.5,93.51,80.0,-13.51,0
CE,175,2309300,Nova Russas,0.0,96.7,99.64,80.0,-19.64,0
CE,176,2303006,Caridade,0.0,96.7,98.73,80.0,-18.73,0
CE,177,2300804,Antonina do Norte,0.0,97.3,94.51,80.0,-14.51,0
CE,178,2309607,Pacajus,0.0,85.7,87.91,80.0,-7.91,0
CE,179,2310258,Paraipaba,0.0,98.2,93.78,80.0,-13.78,0
CE,180,2304285,Eusébio,0.0,92.6,93.91,80.0,-13.91,0
CE,181,2306405,Itapipoca,0.0,84.8,88.96,80.0,-8.96,0
CE,182,2308104,Mauriti,0.0,84.7,84.55,80.0,-4.55,0
CE,183,2313500,Trairi,0.0,89.9,91.78,80.0,-11.78,0
CE,184,2305902,Ipueiras,0.0,97.9,99.54,80.0,-19.54,0
GO,1,5213855,Morro Agudo de Goiás,0.6588,100.0,96.88,80.0,-16.88,0
GO,2,5204953,Campos Verdes,0.5827,63.7,82.8,66.38,-16.42,0
GO,3,5200159,Adelândia,0.5665,81.0,81.99,80.0,-1.99,0
GO,4,5200829,Amaralina,0.5336,84.2,89.83,80.0,-9.83,0
GO,5,5201405,Aparecida de Goiânia,0.529,60.7,69.22,63.87,-5.35,0
GO,6,5219506,Santa Rosa de Goiás,0.5208,80.2,100.0,80.0,-20.0,0
GO,7,5201207,Anhanguera,0.5038,80.0,81.25,80.0,-1.25,0
GO,8,5210109,Ipameri,0.4985,64.1,74.13,66.71,-7.42,0
GO,9,5212501,Luziânia,0.4957,64.1,66.27,66.66,0.39,1
GO,10,5208707,Goiânia,0.4924,66.6,69.49,68.74,-0.75,0
GO,11,5201454,Aparecida do Rio Doce,0.4842,59.6,87.09,62.97,-24.12,0
GO,12,5201702,Aragarças,0.4712,63.6,72.16,66.26,-5.9,0
GO,13,5219712,Santo Antônio da Barra,0.4531,82.5,91.64,80.0,-11.64,0
GO,14,5214903,Nova Roma,0.453,61.3,71.43,64.38,-7.05,0
GO,15,5211909,Jataí,0.4516,64.0,69.92,66.63,-3.29,0
GO,16,5221858,Valparaíso de Goiás,0.4454,56.7,64.23,60.56,-3.67,0
GO,17,5218052,Porteirão,0.4356,83.9,75.38,80.0,4.62,1
GO,18,5200605,Alto Paraíso de Goiás,0.4256,82.9,60.2,80.0,19.8,1
GO,19,5213905,Mossâmedes,0.4251,85.2,100.0,80.0,-20.0,0
GO,20,5216304,Paranaiguara,0.4198,85.7,97.01,80.0,-17.01,0
GO,21,5219001,Sanclerlândia,0.4087,78.1,91.82,78.37,-13.45,0
GO,22,5215256,Novo Planalto,0.4063,84.7,94.54,80.0,-14.54,0
GO,23,5202502,Aruanã,0.3962,79.8,90.33,79.85,-10.48,0
GO,24,5215009,Nova Veneza,0.3868,86.4,76.22,80.0,3.78,1
GO,25,5205059,Castelândia,0.3859,81.0,91.3,80.0,-11.3,0
GO,26,5213806,Morrinhos,0.3849,62.3,65.87,65.2,-0.67,0
GO,27,5210604,Itaguaru,0.3765,81.7,89.89,80.0,-9.89,0
GO,28,5214861,Nova Glória,0.3745,81.8,87.68,80.0,-7.68,0
GO,29,5221908,Varjão,0.3723,97.7,84.78,80.0,-4.78,0
GO,30,5220009,São João d'Aliança,0.3714,81.8,89.53,80.0,-9.53,0
GO,31,5217203,Piranhas,0.3705,78.1,68.65,78.38,9.73,1
GO,32,5203807,Britânia,0.3698,82.0,92.82,80.0,-12.82,0
GO,33,5200050,Abadia de Goiás,0.3685,59.8,64.46,63.18,-1.28,0
GO,34,5215231,Novo Gama,0.3679,52.3,57.35,56.87,-0.48,0
GO,35,5218805,Rio Verde,0.3663,86.1,89.88,80.0,-9.88,0
GO,36,5220264,São Miguel do Passa Quatro,0.363,82.0,67.1,80.0,12.9,1
GO,37,5210802,Itajá,0.3594,81.8,82.86,80.0,-2.86,0
GO,38,5220686,Simolândia,0.3585,86.3,77.79,80.0,2.21,1
GO,39,5222203,Vila Boa,0.3493,83.8,78.69,80.0,1.31,1
GO,40,5219704,Santa Terezinha de Goiás,0.3449,84.8,96.08,80.0,-16.08,0
GO,41,5212055,Jesúpolis,0.3441,100.0,100.0,80.0,-20.0,0
GO,42,5205471,Chapadão do Céu,0.3414,80.0,87.51,80.0,-7.51,0
GO,43,5207105,Diorama,0.3391,100.0,77.27,80.0,2.73,1
GO,44,5218391,Professor Jamil,0.339,81.6,77.25,80.0,2.75,1
GO,45,5221304,Três Ranchos,0.3236,79.5,84.05,79.54,-4.51,0
GO,46,5205703,Córrego do Ouro,0.3231,77.4,100.0,77.79,-22.21,0
GO,47,5205513,Cocalzinho de Goiás,0.3089,79.5,88.6,79.6,-9.0,0
GO,48,5215652,Palestina de Goiás,0.3068,79.6,74.42,79.61,5.19,1
GO,49,5219357,Santa Isabel,0.3025,79.5,77.97,79.56,1.59,1
GO,50,5216452,Perolândia,0.2999,77.6,77.78,77.97,0.19,1
GO,51,5220207,São Miguel do Araguaia,0.2974,86.7,91.4,80.0,-11.4,0
GO,52,5221403,Trindade,0.2957,66.3,77.21,68.56,-8.65,0
GO,53,5208301,Divinópolis de Goiás,0.2949,79.9,80.42,79.92,-0.5,0
GO,54,5208004,Formosa,0.2934,63.3,64.02,66.03,2.01,1
GO,55,5204805,Campo Alegre de Goiás,0.2911,79.9,77.6,79.91,2.31,1
GO,56,5218300,Posse,0.2884,76.2,80.95,76.74,-4.21,0
GO,57,5208806,Goianira,0.2827,69.1,81.01,70.86,-10.15,0
GO,58,5205802,Corumbá de Goiás,0.2781,72.1,80.7,73.34,-7.36,0
GO,59,5204607,Campestre de Goiás,0.2759,79.4,93.62,79.44,-14.18,0
GO,60,5221809,Urutaí,0.2693,78.1,66.86,78.38,11.52,1
GO,61,5202601,Aurilândia,0.2685,76.0,93.75,76.59,-17.16,0
GO,62,5214838,Nova Crixás,0.2669,64.4,71.87,66.92,-4.95,0
GO,63,5205307,Cavalcante,0.2665,60.2,84.5,63.47,-21.03,0
GO,64,5209937,Inaciolândia,0.2599,76.2,87.01,76.77,-10.24,0
GO,65,5209200,Guapó,0.2592,64.2,70.28,66.78,-3.5,0
GO,66,5211206,Itapuranga,0.2568,81.6,85.1,80.0,-5.1,0
GO,67,5207352,Edealina,0.2565,76.7,90.91,77.15,-13.76,0
GO,68,5201108,Anápolis,0.2564,72.2,73.22,73.43,0.21,1
GO,69,5215504,Ouvidor,0.254,65.4,90.09,67.81,-22.28,0
GO,70,5200852,Americano do Brasil,0.2523,74.3,78.87,75.18,-3.69,0
GO,71,5222302,Vila Propício,0.2523,74.4,79.46,75.29,-4.17,0
GO,72,5215207,Novo Brasil,0.2517,84.1,54.84,80.0,25.16,1
GO,73,5222054,Vicentinópolis,0.2489,78.2,84.21,78.5,-5.71,0
GO,74,5212303,Leopoldo de Bulhões,0.2474,77.7,75.41,78.01,2.6,1
GO,75,5204904,Campos Belos,0.2458,65.2,75.75,67.62,-8.13,0
GO,76,5204854,Campo Limpo de Goiás,0.2455,86.9,84.62,80.0,-4.62,0
GO,77,5211305,Itarumã,0.2427,76.7,83.26,77.21,-6.05,0
GO,78,5218789,Rio Quente,0.2388,79.3,96.08,79.37,-16.71,0
GO,79,5216007,Panamá,0.2352,75.3,84.18,76.04,-8.14,0
GO,80,5215306,Orizona,0.2336,86.5,77.75,80.0,2.25,1
GO,81,5220405,São Simão,0.2295,72.8,82.29,73.9,-8.39,0
GO,82,5207402,Edéia,0.2245,82.4,72.29,80.0,7.71,1
GO,83,5203500,Bom Jesus de Goiás,0.2221,75.8,81.51,76.39,-5.12,0
GO,84,5220058,São João da Paraúna,0.2195,87.5,87.5,80.0,-7.5,0
GO,85,5207253,Doverlândia,0.2187,78.2,83.34,78.47,-4.87,0
GO,86,5219100,Santa Bárbara de Goiás,0.2155,78.3,100.0,78.53,-21.47,0
GO,87,5219407,Santa Rita do Araguaia,0.2147,78.8,83.33,78.93,-4.4,0
GO,88,5204102,Cachoeira Alta,0.2139,73.2,78.35,74.25,-4.1,0
GO,89,5205000,Carmo do Rio Verde,0.2129,78.9,85.78,79.02,-6.76,0
GO,90,5211602,Ivolândia,0.2125,80.8,73.91,80.0,6.09,1
GO,91,5212253,Lagoa Santa,0.2125,81.0,76.19,80.0,3.81,1
GO,92,5201603,Araçu,0.2115,77.3,93.21,77.68,-15.53,0
GO,93,5211404,Itauçu,0.2115,97.0,94.51,80.0,-14.51,0
GO,94,5203203,Barro Alto,0.2081,80.6,77.88,80.0,2.12,1
GO,95,5217708,Pontalina,0.2058,73.4,86.03,74.41,-11.62,0
GO,96,5220603,Silvânia,0.2056,86.0,91.2,80.0,-11.2,0
GO,97,5207808,Firminópolis,0.2027,76.8,70.8,77.31,6.51,1
GO,98,5205901,Corumbaíba,0.2025,71.4,82.63,72.79,-9.84,0
GO,99,5203906,Buriti Alegre,0.2005,69.0,64.95,70.78,5.83,1
GO,100,5204300,Caçu,0.1963,73.2,91.38,74.28,-17.1,0
GO,101,5210562,Itaguari,0.1944,85.8,77.71,80.0,2.29,1
GO,102,5204250,Cachoeira Dourada,0.1937,72.5,79.19,73.68,-5.51,0
GO,103,5211701,Jandaia,0.1912,77.2,80.25,77.61,-2.64,0
GO,104,5212808,Mara Rosa,0.1887,69.6,87.78,71.26,-16.52,0
GO,105,5213509,Monte Alegre de Goiás,0.1886,73.9,81.87,74.82,-7.05,0
GO,106,5218607,Rialma,0.1873,68.2,97.03,70.11,-26.92,0
GO,107,5221601,Uruaçu,0.1813,69.3,76.87,71.02,-5.85,0
GO,108,5213004,Maurilândia,0.1794,78.5,83.79,78.69,-5.1,0
GO,109,5210000,Inhumas,0.1784,81.3,87.57,80.0,-7.57,0
GO,110,5213756,Montividiu,0.1775,66.0,78.69,68.25,-10.44,0
GO,111,5220454,Senador Canedo,0.1774,48.5,60.34,53.68,-6.66,0
GO,112,5218706,Rianápolis,0.1762,76.6,100.0,77.08,-22.92,0
GO,113,5204003,Cabeceiras,0.1755,69.7,93.81,71.31,-22.5,0
GO,114,5220157,São Luiz do Norte,0.1744,75.4,85.76,76.07,-9.69,0
GO,115,5222005,Vianópolis,0.172,89.0,89.5,80.0,-9.5,0
GO,116,5209291,Guaraíta,0.1704,72.6,95.32,73.75,-21.57,0
GO,117,5219258,Santa Fé de Goiás,0.1695,76.9,92.78,77.35,-15.43,0
GO,118,5201504,Aporé,0.1655,62.0,65.8,64.94,-0.86,0
GO,119,5218904,Rubiataba,0.1625,77.5,87.69,77.9,-9.79,0
GO,120,5205109,Catalão,0.1614,64.9,76.88,67.35,-9.53,0
GO,121,5215702,Palmeiras de Goiás,0.1603,68.0,81.01,69.91,-11.1,0
GO,122,5218102,Portelândia,0.1588,71.7,76.08,72.99,-3.09,0
GO,123,5213707,Montes Claros de Goiás,0.1556,66.6,75.02,68.75,-6.27,0
GO,124,5221700,Uruana,0.1548,75.6,97.73,76.25,-21.48,0
GO,125,5214002,Mozarlândia,0.1544,51.2,66.57,55.96,-10.61,0
GO,126,5209705,Hidrolândia,0.1517,69.0,65.56,70.74,5.18,1
GO,127,5218508,Quirinópolis,0.1501,67.0,80.29,69.08,-11.21,0
GO,128,5214606,Niquelândia,0.1489,72.8,80.22,73.95,-6.27,0
GO,129,5208608,Goianésia,0.1484,79.8,82.28,79.82,-2.46,0
GO,130,5221502,Turvânia,0.148,72.6,80.7,73.74,-6.96,0
GO,131,5211800,Jaraguá,0.148,82.9,83.96,80.0,-3.96,0
GO,132,5217104,Piracanjuba,0.146,68.0,71.69,69.9,-1.79,0
GO,133,5214705,Nova América,0.1459,89.9,95.24,80.0,-15.24,0
GO,134,5214507,Nerópolis,0.1449,68.1,71.18,70.0,-1.18,0
GO,135,5217401,Pires do Rio,0.143,67.4,80.88,69.4,-11.48,0
GO,136,5206701,Damianópolis,0.1427,70.6,83.93,72.05,-11.88,0
GO,137,5200803,Alvorada do Norte,0.1413,64.6,64.99,67.1,2.11,1
GO,138,5204409,Caiapônia,0.1408,76.6,84.82,77.1,-7.72,0
GO,139,5200555,Alto Horizonte,0.137,66.6,72.47,68.81,-3.66,0
GO,140,5204557,Caldazinha,0.1357,72.0,60.87,73.27,12.4,1
GO,141,5200258,Águas Lindas de Goiás,0.1337,48.9,53.9,54.0,0.1,1
GO,142,5214408,Nazário,0.1337,79.0,83.94,79.15,-4.79,0
GO,143,5203401,Bom Jardim de Goiás,0.1337,79.1,73.26,79.26,6.0,1
GO,144,5205208,Caturaí,0.1329,68.4,87.17,70.26,-16.91,0
GO,145,5209457,Guarinos,0.1325,52.4,95.65,56.95,-38.7,0
GO,146,5217609,Planaltina,0.1317,65.5,75.11,67.87,-7.24,0
GO,147,5216403,Paraúna,0.1304,61.8,67.88,64.83,-3.05,0
GO,148,5215603,Padre Bernardo,0.1299,58.2,69.56,61.84,-7.72,0
GO,149,5209903,Iaciara,0.1289,64.0,65.45,66.63,1.18,1
GO,150,5203104,Baliza,0.1277,64.3,89.49,66.86,-22.63,0
GO,151,5208905,Goiás,0.1271,67.5,87.52,69.49,-18.03,0
GO,152,5204201,Cachoeira de Goiás,0.127,65.0,64.29,67.45,3.16,1
GO,153,5204656,Campinaçu,0.1255,70.5,81.73,71.97,-9.76,0
GO,154,5211503,Itumbiara,0.1246,69.8,74.44,71.41,-3.03,0
GO,155,5202809,Avelinópolis,0.1241,71.4,100.0,72.79,-27.21,0
GO,156,5200902,Amorinópolis,0.1239,70.8,80.65,72.21,-8.44,0
GO,157,5219738,Santo Antônio de Goiás,0.1239,92.0,82.91,80.0,-2.91,0
GO,158,5200209,Água Limpa,0.1195,69.6,78.26,71.23,-7.03,0
GO,159,5213053,Mimoso de Goiás,0.1192,66.7,80.0,68.83,-11.17,0
GO,160,5208400,Goianápolis,0.1191,74.4,68.02,75.26,7.24,1
GO,161,5206602,Cumari,0.1184,76.2,72.73,76.76,4.03,1
GO,162,5213103,Mineiros,0.1169,80.3,84.01,80.0,-4.01,0
GO,163,5219753,Santo Antônio do Descoberto,0.1127,42.7,53.64,48.66,-4.98,0
GO,164,5200100,Abadiânia,0.1111,79.0,79.39,79.11,-0.28,0
GO,165,5200308,Alexânia,0.1098,76.3,75.79,76.84,1.05,1
GO,166,5203939,Buriti de Goiás,0.1094,95.4,96.46,80.0,-16.46,0
GO,167,5219209,Santa Cruz de Goiás,0.1086,72.6,85.78,73.75,-12.03,0
GO,168,5213087,Minaçu,0.1082,75.7,81.44,76.32,-5.12,0
GO,169,5212907,Marzagão,0.1069,92.2,83.33,80.0,-3.33,0
GO,170,5210406,Itaberaí,0.1036,79.0,81.22,79.11,-2.11,0
GO,171,5210208,Iporá,0.1024,78.4,83.04,78.6,-4.44,0
GO,172,5205521,Colinas do Sul,0.1021,62.7,58.9,65.56,6.66,1
GO,173,5207501,Estrela do Norte,0.1001,67.2,98.0,69.25,-28.75,0
GO,174,5203575,Bonópolis,0.0977,48.9,61.76,54.0,-7.76,0
GO,175,5209952,Indiara,0.0926,67.2,82.75,69.23,-13.52,0
GO,176,5221007,Taquaral de Goiás,0.0902,69.6,75.0,71.25,-3.75,0
GO,177,5204706,Campinorte,0.0883,73.8,81.71,74.74,-6.97,0
GO,178,5206404,Crixás,0.0882,66.7,78.62,68.88,-9.74,0
GO,179,5220108,São Luís de Montes Belos,0.0881,66.5,76.27,68.7,-7.57,0
GO,180,5207907,Flores de Goiás,0.0871,66.8,65.41,68.9,3.49,1
GO,181,5208103,Formoso,0.0869,70.8,86.67,72.26,-14.41,0
GO,182,5210901,Itapaci,0.0857,78.8,85.28,79.01,-6.27,0
GO,183,5214051,Mundo Novo,0.0856,96.2,94.04,80.0,-14.04,0
GO,184,5207600,Fazenda Nova,0.0795,96.7,100.0,80.0,-20.0,0
GO,185,5209804,Hidrolina,0.0762,68.3,72.5,70.15,-2.35,0
GO,186,5203302,Bela Vista de Goiás,0.0749,61.2,62.27,64.32,2.05,1
GO,187,5206909,Davinópolis,0.074,87.1,83.12,80.0,-3.12,0
GO,188,5202353,Arenópolis,0.0708,91.5,83.64,80.0,-3.64,0
GO,189,5210307,Israelândia,0.0666,88.1,92.59,80.0,-12.59,0
GO,190,5219456,Santa Rita do Novo Destino,0.0664,87.7,95.83,80.0,-15.83,0
GO,191,5213772,Montividiu do Norte,0.0653,59.4,65.74,62.79,-2.95,0
GO,192,5217302,Pirenópolis,0.0629,72.9,64.06,74.01,9.95,1
GO,193,5219605,Santa Tereza de Goiás,0.0591,96.2,91.67,80.0,-11.67,0
GO,194,5205406,Ceres,0.0589,88.1,94.51,80.0,-14.51,0
GO,195,5221452,Trombas,0.0559,90.9,94.47,80.0,-14.47,0
GO,196,5214101,Mutunópolis,0.0559,93.0,100.0,80.0,-20.0,0
GO,197,5201306,Anicuns,0.0541,92.3,98.09,80.0,-18.09,0
GO,198,5207535,Faina,0.053,73.6,70.81,74.61,3.8,1
GO,199,5220280,São Patrício,0.0522,89.2,86.36,80.0,-6.36,0
GO,200,5208152,Gameleira de Goiás,0.0521,98.2,79.76,80.0,0.24,1
GO,201,5209101,Goiatuba,0.0487,68.2,77.63,70.09,-7.54,0
GO,202,5206206,Cristalina,0.048,67.9,69.1,69.87,0.77,1
GO,203,5216908,Pilar de Goiás,0.0476,96.0,80.87,80.0,-0.87,0
GO,204,5206800,Damolândia,0.0467,93.2,97.08,80.0,-17.08,0
GO,205,5219803,São Domingos,0.0461,45.7,65.94,51.24,-14.7,0
GO,206,5221551,Turvelândia,0.0461,68.2,86.88,70.07,-16.81,0
GO,207,5212600,Mairipotaba,0.0435,97.3,71.43,80.0,8.57,1
GO,208,5206305,Cristianópolis,0.0428,88.6,82.2,80.0,-2.2,0
GO,209,5212006,Jaupaci,0.0427,97.4,100.0,80.0,-20.0,0
GO,210,5215900,Palminópolis,0.0422,89.2,82.81,80.0,-2.81,0
GO,211,5215405,Ouro Verde de Goiás,0.0422,95.9,96.61,80.0,-16.61,0
GO,212,5214879,Nova Iguaçu de Goiás,0.0416,92.7,95.12,80.0,-15.12,0
GO,213,5210158,Ipiranga de Goiás,0.0416,93.1,96.55,80.0,-16.55,0
GO,214,5211008,Itapirapuã,0.0409,34.4,73.21,41.17,-32.04,0
GO,215,5203609,Brazabrantes,0.0385,48.9,90.96,54.03,-36.93,0
GO,216,5219902,São Francisco de Goiás,0.0349,58.9,75.57,62.43,-13.14,0
GO,217,5212709,Mambaí,0.0347,50.4,68.27,55.28,-12.99,0
GO,218,5220504,Serranópolis,0.0307,54.5,66.65,58.7,-7.95,0
GO,219,5209606,Heitoraí,0.0304,53.6,83.54,57.96,-25.58,0
GO,220,5212204,Jussara,0.0291,59.0,79.77,62.46,-17.31,0
GO,221,5200134,Acreúna,0.0277,58.5,81.48,62.06,-19.42,0
GO,222,5201801,Aragoiânia,0.0272,55.0,62.84,59.12,-3.72,0
GO,223,5205497,Cidade Ocidental,0.0192,51.3,61.82,56.04,-5.78,0
GO,224,5221577,Uirapuru,0.0184,38.8,66.67,45.24,-21.43,0
GO,225,5200175,Água Fria de Goiás,0.0175,55.8,87.44,59.82,-27.62,0
GO,226,5212105,Joviânia,0.0175,57.9,67.17,61.57,-5.6,0
GO,227,5216809,Petrolina de Goiás,0.0175,59.3,85.41,62.71,-22.7,0
GO,228,5221080,Teresina de Goiás,0.0173,56.8,62.3,60.67,-1.63,0
GO,229,5218003,Porangatu,0.0172,51.7,49.92,56.34,6.42,1
GO,230,5209408,Guarani de Goiás,0.0144,32.1,64.58,39.09,-25.49,0
GO,231,5203559,Bonfinópolis,0.0134,58.0,86.32,61.67,-24.65,0
GO,232,5206503,Cromínia,0.0113,55.9,72.38,59.88,-12.5,0
GO,233,5214804,Nova Aurora,0.0105,14.3,84.21,20.79,-63.42,0
GO,234,5205455,Cezarina,0.0103,41.3,69.63,47.38,-22.25,0
GO,235,5204508,Caldas Novas,0.0082,58.8,62.94,62.34,-0.6,0
GO,236,5209150,Gouvelândia,0.0073,39.8,81.36,46.07,-35.29,0
GO,237,5208509,Goiandira,0.0073,44.7,72.17,50.36,-21.81,0
GO,238,5202155,Araguapaz,0.0065,43.3,68.98,49.16,-19.82,0
GO,239,5203962,Buritinópolis,0.0053,49.3,85.08,54.33,-30.75,0
GO,240,5215801,Palmelo,0.0046,28.6,64.71,35.72,-28.99,0
GO,241,5212956,Matrinchã,0.0046,59.7,52.82,63.07,10.25,1
GO,242,5220702,Sítio d'Abadia,0.0041,57.6,79.41,61.35,-18.06,0
GO,243,5221197,Terezópolis de Goiás,0.0034,57.8,71.39,61.52,-9.87,0
MA,1,2110609,São Bernardo,0.9371,74.4,67.87,75.28,7.41,1
MA,2,2106607,Matões,0.9291,72.3,34.52,73.54,39.02,1
MA,3,2110039,Santa Luzia do Paruá,0.904,93.7,85.76,80.0,-5.76,0
MA,4,2112209,Timon,0.8995,67.8,75.74,69.77,-5.97,0
MA,5,2114007,Zé Doca,0.8784,81.5,72.3,80.0,7.7,1
MA,6,2108108,Paulo Ramos,0.8701,76.3,90.57,76.82,-13.75,0
MA,7,2102036,Bom Jesus das Selvas,0.8613,63.6,63.18,66.3,3.12,1
MA,8,2105708,Lago da Pedra,0.8545,92.2,79.18,80.0,0.82,1
MA,9,2107803,Parnarama,0.8306,90.7,54.65,80.0,25.35,1
MA,10,2111508,São Mateus do Maranhão,0.823,64.6,66.16,67.09,0.93,1
MA,11,2100709,Anajatuba,0.8227,72.8,41.33,73.92,32.59,1
MA,12,2110104,Santa Quitéria do Maranhão,0.8209,89.1,80.19,80.0,-0.19,0
MA,13,2103703,Cururupu,0.8179,65.8,66.32,68.14,1.82,1
MA,14,2100436,Alto Alegre do Maranhão,0.816,70.2,51.5,71.78,20.28,1
MA,15,2104677,Governador Nunes Freire,0.8156,76.2,60.92,76.8,15.88,1
MA,16,2106508,Matinha,0.811,64.0,46.67,66.6,19.93,1
MA,17,2104552,Governador Edison Lobão,0.8107,80.4,67.46,80.0,12.54,1
MA,18,2108207,Pedreiras,0.8103,68.1,64.51,70.02,5.51,1
MA,19,2108009,Pastos Bons,0.8101,74.2,64.01,75.06,11.05,1
MA,20,2102002,Bom Jardim,0.8085,94.6,69.64,80.0,10.36,1
MA,21,2104099,Formosa da Serra Negra,0.7994,85.6,84.29,80.0,-4.29,0
MA,22,2109452,Raposa,0.799,68.1,48.35,69.98,21.63,1
MA,23,2109270,Presidente Sarney,0.7956,62.8,39.6,65.63,26.03,1
MA,24,2111953,Sucupira do Riachão,0.7888,75.4,80.65,76.09,-4.56,0
MA,25,2100105,Afonso Cunha,0.7858,72.1,93.1,73.36,-19.74,0
MA,26,2106375,Maranhãozinho,0.7772,76.4,97.62,76.95,-20.67,0
MA,27,2104701,Graça Aranha,0.7731,72.8,75.68,73.9,-1.78,0
MA,28,2100956,Arame,0.7727,76.3,74.44,76.81,2.37,1
MA,29,2105427,Itinga do Maranhão,0.7673,79.9,60.13,79.93,19.8,1
MA,30,2111409,São Luís Gonzaga do Maranhão,0.7653,74.8,70.44,75.6,5.16,1
MA,31,2105104,Icatu,0.7646,66.6,68.98,68.75,-0.23,0
MA,32,2111573,São Pedro dos Crentes,0.7593,40.3,59.47,46.51,-12.96,0
MA,33,2112605,Urbano Santos,0.7573,76.8,38.63,77.24,38.61,1
MA,34,2110237,Santana do Maranhão,0.7506,85.9,54.17,80.0,25.83,1
MA,35,2109239,Presidente Médici,0.7489,75.5,74.73,76.15,1.42,1
MA,36,2100055,Açailândia,0.7394,39.6,62.76,45.9,-16.86,0
MA,37,2108801,Pirapemas,0.7349,83.0,42.38,80.0,37.62,1
MA,38,2101004,Arari,0.734,67.5,72.37,69.51,-2.86,0
MA,39,2107258,Nova Colinas,0.7292,85.7,77.14,80.0,2.86,1
MA,40,2101806,Benedito Leite,0.7282,56.0,47.28,59.98,12.7,1
MA,41,2106201,Luís Domingues,0.7271,76.9,84.97,77.39,-7.58,0
MA,42,2109809,Santa Helena,0.7244,57.1,72.74,60.93,-11.81,0
MA,43,2105005,Humberto de Campos,0.724,61.6,59.22,64.63,5.41,1
MA,44,2107704,Paraibano,0.724,78.9,74.65,79.02,4.37,1
MA,45,2103158,Centro do Guilherme,0.724,92.9,87.93,80.0,-7.93,0
MA,46,2101202,Bacabal,0.7108,45.7,51.38,51.22,-0.16,0
MA,47,2100907,Araioses,0.7103,56.2,42.52,60.17,17.65,1
MA,48,2107456,Olinda Nova do Maranhão,0.7101,80.8,37.64,80.0,42.36,1
MA,49,2100204,Alcântara,0.7098,73.5,70.97,74.47,3.5,1
MA,50,2111607,São Raimundo das Mangabeiras,0.7003,71.0,84.5,72.44,-12.06,0
MA,51,2108256,Pedro do Rosário,0.6873,65.8,57.92,68.13,10.21,1
MA,52,2105963,Lagoa Grande do Maranhão,0.6845,81.7,97.12,80.0,-17.12,0
MA,53,2105351,Itaipava do Grajaú,0.6768,86.1,72.99,80.0,7.01,1
MA,54,2112852,Vila Nova dos Martírios,0.6768,86.1,74.55,80.0,5.45,1
MA,55,2104057,Estreito,0.6732,54.9,59.79,59.05,-0.74,0
MA,56,2106805,Mirinzal,0.6704,91.5,69.37,80.0,10.63,1
MA,57,2109700,Sambaíba,0.6692,85.9,77.94,80.0,2.06,1
MA,58,2103505,Colinas,0.665,59.5,49.9,62.9,13.0,1
MA,59,2111631,São Raimundo do Doca Bezerra,0.6563,56.3,55.35,60.22,4.87,1
MA,60,2106359,Marajá do Sena,0.6474,83.3,39.77,80.0,40.23,1
MA,61,2106003,Lima Campos,0.6441,86.7,90.91,80.0,-10.91,0
MA,62,2102606,Cândido Mendes,0.6409,61.6,49.53,64.65,15.12,1
MA,63,2104073,Feira Nova do Maranhão,0.6377,84.9,65.38,80.0,14.62,1
MA,64,2100303,Aldeias Altas,0.637,67.9,45.37,69.85,24.48,1
MA,65,2104305,Godofredo Viana,0.6329,83.0,88.4,80.0,-8.4,0
MA,66,2109403,Primeira Cruz,0.6323,75.5,68.97,76.22,7.25,1
MA,67,2110500,São Bento,0.632,93.8,79.26,80.0,0.74,1
MA,68,2108058,Paulino Neves,0.6258,64.9,68.89,67.34,-1.55,0
MA,69,2100808,Anapurus,0.6258,91.1,34.63,80.0,45.37,1
MA,70,2103208,Chapadinha,0.6245,47.1,41.58,52.46,10.88,1
MA,71,2112456,Turilândia,0.6229,56.4,49.69,60.34,10.65,1
MA,72,2110856,São Francisco do Brejão,0.617,62.7,42.73,65.51,22.78,1
MA,73,2109908,Santa Inês,0.6159,47.1,48.48,52.49,4.01,1
MA,74,2108900,Poção de Pedras,0.6156,89.3,77.27,80.0,2.73,1
MA,75,2101350,Bacurituba,0.6139,88.9,100.0,80.0,-20.0,0
MA,76,2108306,Penalva,0.612,55.5,63.88,59.53,-4.35,0
MA,77,2105922,Lagoa do Mato,0.6092,86.0,78.44,80.0,1.56,1
MA,78,2110005,Santa Luzia,0.609,54.4,58.7,58.67,-0.03,0
MA,79,2107308,Nova Iorque,0.6061,77.4,51.24,77.81,26.57,1
MA,80,2101103,Axixá,0.6036,81.9,71.88,80.0,8.12,1
MA,81,2105906,Lago Verde,0.6026,62.1,76.73,65.07,-11.66,0
MA,82,2111029,São João do Carú,0.5901,65.2,70.68,67.59,-3.09,0
MA,83,2102705,Cantanhede,0.5742,53.0,70.83,57.5,-13.33,0
MA,84,2104909,Guimarães,0.5725,89.1,86.95,80.0,-6.95,0
MA,85,2102804,Carolina,0.5715,44.5,50.96,50.25,-0.71,0
MA,86,2105401,Itapecuru Mirim,0.5684,53.4,60.47,57.76,-2.71,0
MA,87,2105450,Jatobá,0.5673,72.8,68.34,73.93,5.59,1
MA,88,2110203,Santa Rita,0.5658,59.5,56.53,62.92,6.39,1
MA,89,2106409,Mata Roma,0.5656,69.7,76.86,71.33,-5.53,0
MA,90,2101608,Barra do Corda,0.5614,65.5,64.05,67.82,3.77,1
MA,91,2111201,São José de Ribamar,0.5573,62.3,56.58,65.19,8.61,1
MA,92,2105948,Lago dos Rodrigues,0.5527,88.1,92.3,80.0,-12.3,0
MA,93,2106631,Matões do Norte,0.5526,63.8,57.42,66.46,9.04,1
MA,94,2103406,Coelho Neto,0.5494,60.5,76.13,63.75,-12.38,0
MA,95,2109601,Rosário,0.5475,56.7,57.6,60.53,2.93,1
MA,96,2111300,São Luís,0.5381,47.5,56.69,52.79,-3.9,0
MA,97,2111102,São João dos Patos,0.5344,53.6,55.16,57.94,2.78,1
MA,98,2107407,Olho d'Água das Cunhãs,0.5343,53.9,58.91,58.25,-0.66,0
MA,99,2112704,Vargem Grande,0.5151,98.9,96.58,80.0,-16.58,0
MA,100,2105476,Jenipapo dos Vieiras,0.5126,47.1,69.39,52.45,-16.94,0
MA,101,2107357,Nova Olinda do Maranhão,0.51,57.2,62.23,60.95,-1.28,0
MA,102,2102150,Brejo de Areia,0.5098,33.3,49.3,40.15,-9.15,0
MA,103,2101772,Bela Vista do Maranhão,0.5082,51.8,77.73,56.48,-21.25,0
MA,104,2108603,Pinheiro,0.5081,53.0,46.82,57.5,10.68,1
MA,105,2107902,Passagem Franca,0.5057,76.8,58.43,77.24,18.81,1
MA,106,2111789,Serrano do Maranhão,0.5022,68.0,53.62,69.93,16.31,1
MA,107,2100402,Altamira do Maranhão,0.5019,90.5,73.02,80.0,6.98,1
MA,108,2111706,São Vicente Ferrer,0.4906,61.0,76.82,64.17,-12.65,0
MA,109,2102903,Carutapera,0.4887,55.6,61.21,59.63,-1.58,0
MA,110,2102358,Buritirana,0.4847,61.4,54.91,64.45,9.54,1
MA,111,2109551,Ribamar Fiquene,0.4817,54.2,50.14,58.51,8.37,1
MA,112,2101301,Bacuri,0.4787,67.7,57.55,69.66,12.11,1
MA,113,2102408,Cajapió,0.4765,66.0,64.0,68.3,4.3,1
MA,114,2111748,Senador Alexandre Costa,0.4729,95.6,96.12,80.0,-16.12,0
MA,115,2110401,São Benedito do Rio Preto,0.4717,46.8,38.29,52.21,13.92,1
MA,116,2104206,Fortuna,0.4705,40.4,72.06,46.62,-25.44,0
MA,117,2104651,Governador Newton Bello,0.4691,69.1,78.08,70.87,-7.21,0
MA,118,2104602,Governador Eugênio Barros,0.4665,52.9,48.13,57.38,9.25,1
MA,119,2102556,Campestre do Maranhão,0.4628,64.7,61.7,67.22,5.52,1
MA,120,2112001,Tasso Fragoso,0.4543,45.1,54.9,50.74,-4.16,0
MA,121,2103257,Cidelândia,0.4506,66.4,86.24,68.64,-17.6,0
MA,122,2112233,Trizidela do Vale,0.4469,59.0,90.87,62.49,-28.38,0
MA,123,2110302,Santo Antônio dos Lopes,0.4429,52.7,72.56,57.23,-15.33,0
MA,124,2103901,Duque Bacelar,0.4412,69.4,81.51,71.09,-10.42,0
MA,125,2112803,Viana,0.4359,58.3,53.36,61.88,8.52,1
MA,126,2110807,São Félix de Balsas,0.434,43.8,44.69,49.59,4.9,1
MA,127,2103109,Cedral,0.4282,69.8,66.85,71.43,4.58,1
MA,128,2111672,São Roberto,0.4271,48.2,35.69,53.44,17.75,1
MA,129,2107001,Montes Altos,0.4258,71.3,55.27,72.68,17.41,1
MA,130,2103000,Caxias,0.4195,43.8,55.15,49.57,-5.58,0
MA,131,2108454,Peritoró,0.4132,57.3,70.53,61.07,-9.46,0
MA,132,2103554,Conceição do Lago-Açu,0.4076,43.9,54.26,49.69,-4.57,0
MA,133,2100154,Água Doce do Maranhão,0.4069,67.3,63.75,69.35,5.6,1
MA,134,2107209,Nina Rodrigues,0.4063,53.1,46.83,57.54,10.71,1
MA,135,2100501,Alto Parnaíba,0.4051,46.8,51.99,52.17,0.18,1
MA,136,2110708,São Domingos do Maranhão,0.4045,41.8,50.11,47.88,-2.23,0
MA,137,2105609,Joselândia,0.401,54.6,75.31,58.77,-16.54,0
MA,138,2103307,Codó,0.3992,46.9,50.85,52.32,1.47,1
MA,139,2112902,Vitória do Mearim,0.394,49.0,60.19,54.07,-6.12,0
MA,140,2102507,Cajari,0.3813,53.3,34.1,57.7,23.6,1
MA,141,2100600,Amarante do Maranhão,0.3788,45.6,41.33,51.2,9.87,1
MA,142,2104503,Governador Archer,0.3755,89.0,78.21,80.0,1.79,1
MA,143,2101731,Belágua,0.3727,61.1,72.29,64.24,-8.05,0
MA,144,2107100,Morros,0.3716,94.8,66.98,80.0,13.02,1
MA,145,2109205,Presidente Juscelino,0.3689,36.9,57.94,43.48,-14.46,0
MA,146,2109056,Porto Rico do Maranhão,0.3671,73.8,34.42,74.78,40.36,1
MA,147,2104800,Grajaú,0.3668,42.4,45.8,48.35,2.55,1
MA,148,2100873,Araguanã,0.3632,98.2,91.6,80.0,-11.6,0
MA,149,2107506,Paço do Lumiar,0.3597,50.7,55.55,55.54,-0.01,0
MA,150,2103752,Davinópolis,0.3596,66.8,69.82,68.9,-0.92,0
MA,151,2105153,Igarapé do Meio,0.359,58.9,77.64,62.41,-15.23,0
MA,152,2103604,Coroatá,0.3546,41.5,55.72,47.59,-8.13,0
MA,153,2101707,Barreirinhas,0.3483,50.4,78.52,55.23,-23.29,0
MA,154,2105989,Lajeado Novo,0.3473,60.6,65.92,63.83,-2.09,0
MA,155,2112407,Turiaçu,0.3421,40.5,64.42,46.7,-17.72,0
MA,156,2108504,Pindaré-Mirim,0.3421,40.9,51.09,47.1,-3.99,0
MA,157,2106904,Monção,0.3385,52.0,36.19,56.61,20.42,1
MA,158,2101970,Boa Vista do Gurupi,0.3361,60.0,80.0,63.3,-16.7,0
MA,159,2111904,Sucupira do Norte,0.3351,50.0,60.0,54.91,-5.09,0
MA,160,2113009,Vitorino Freire,0.3324,51.0,73.1,55.82,-17.28,0
MA,161,2102101,Brejo,0.3321,50.3,58.08,55.2,-2.88,0
MA,162,2105658,Junco do Maranhão,0.3223,94.8,67.86,80.0,12.14,1
MA,163,2110906,São Francisco do Maranhão,0.3221,51.3,83.35,56.04,-27.31,0
MA,164,2106755,Miranda do Norte,0.3217,55.2,50.55,59.27,8.72,1
MA,165,2101400,Balsas,0.3197,39.8,39.54,46.12,6.58,1
MA,166,2106102,Loreto,0.3101,38.8,66.12,45.2,-20.92,0
MA,167,2112308,Tuntum,0.3053,38.9,66.43,45.32,-21.11,0
MA,168,2112506,Tutóia,0.2919,37.6,57.61,44.16,-13.45,0
MA,169,2101509,Barão de Grajaú,0.2851,41.6,51.56,47.68,-3.88,0
MA,170,2105302,Imperatriz,0.2832,45.2,54.73,50.82,-3.91,0
MA,171,2109106,Presidente Dutra,0.2813,54.8,45.11,58.95,13.84,1
MA,172,2104008,Esperantinópolis,0.2801,59.4,81.48,62.78,-18.7,0
MA,173,2111805,Sítio Novo,0.2758,42.4,54.44,48.38,-6.06,0
MA,174,2104404,Gonçalves Dias,0.2739,45.2,66.96,50.85,-16.11,0
MA,175,2104107,Fortaleza dos Nogueiras,0.2632,45.1,78.25,50.73,-27.52,0
MA,176,2109007,Porto Franco,0.2632,58.1,74.09,61.72,-12.37,0
MA,177,2105807,Lago do Junco,0.2582,100.0,97.1,80.0,-17.1,0
MA,178,2106300,Magalhães de Almeida,0.2557,51.6,82.04,56.28,-25.76,0
MA,179,2106672,Milagres do Maranhão,0.2536,100.0,96.86,80.0,-16.86,0
MA,180,2106326,Maracaçumé,0.2422,58.0,41.67,61.61,19.94,1
MA,181,2102374,Cachoeira Grande,0.2141,41.1,56.05,47.28,-8.77,0
MA,182,2103174,Centro Novo do Maranhão,0.2139,40.0,36.86,46.3,9.44,1
MA,183,2101251,Bacabeira,0.2103,51.5,53.73,56.2,2.47,1
MA,184,2109304,Presidente Vargas,0.1995,44.3,47.82,50.02,2.2,1
MA,185,2101939,Bernardo do Mearim,0.1875,12.8,87.88,19.1,-68.78,0
MA,186,2103125,Central do Maranhão,0.1824,100.0,84.42,80.0,-4.42,0
MA,187,2102200,Buriti,0.176,45.0,28.95,50.62,21.67,1
MA,188,2107605,Palmeirândia,0.1577,42.1,70.09,48.1,-21.99,0
MA,189,2112100,Timbiras,0.1573,41.9,44.63,47.97,3.34,1
MA,190,2105500,João Lisboa,0.1544,35.0,55.83,41.8,-14.03,0
MA,191,2102325,Buriticupu,0.1392,39.2,42.03,45.58,3.55,1
MA,192,2101905,Bequimão,0.1199,33.0,59.75,39.93,-19.82,0
MA,193,2111532,São Pedro da Água Branca,0.1052,33.0,55.64,39.87,-15.77,0
MA,194,2102077,Bom Lugar,0.0902,100.0,95.28,80.0,-15.28,0
MA,195,2104628,Governador Luiz Rocha,0.0881,98.3,91.67,80.0,-11.67,0
MA,196,2108405,Peri Mirim,0.0825,35.3,61.02,42.07,-18.95,0
MA,197,2109759,Santa Filomena do Maranhão,0.081,36.5,40.91,43.08,2.17,1
MA,198,2103802,Dom Pedro,0.0657,40.4,43.95,46.62,2.67,1
MA,199,2111722,Satubinha,0.0618,100.0,79.32,80.0,0.68,1
MA,200,2105203,Igarapé Grande,0.0609,97.8,89.11,80.0,-9.11,0
MA,201,2100550,Amapá do Maranhão,0.0571,23.0,43.0,30.17,-12.83,0
MA,202,2112274,Tufilândia,0.045,34.8,36.17,41.57,5.4,1
MA,203,2111250,São José dos Basílios,0.0421,12.9,56.16,19.22,-36.94,0
MA,204,2100477,Alto Alegre do Pindaré,0.0415,36.0,56.29,42.71,-13.58,0
MA,205,2100832,Apicum-Açu,0.0309,31.5,39.08,38.52,-0.56,0
MA,206,2102754,Capinzal do Norte,0.027,35.7,91.14,42.37,-48.77,0
MA,207,2111763,Senador La Rocque,0.0256,32.2,64.13,39.21,-24.92,0
MA,208,2111078,São João do Soter,0.0209,24.4,53.45,31.6,-21.85,0
MA,209,2111003,São João Batista,0.0159,29.5,58.4,36.65,-21.75,0
MA,210,2102309,Buriti Bravo,0.0121,31.4,57.18,38.42,-18.76,0
MA,211,2106706,Mirador,0.01,35.0,55.82,41.77,-14.05,0
MA,212,2108702,Pio XII,0.0093,24.9,63.6,32.07,-31.53,0
MA,213,2104081,Fernando Falcão,0.005,29.9,77.76,36.99,-40.77,0
MA,214,2111052,São João do Paraíso,0.005,33.5,43.97,40.36,-3.61,0
MA,215,2110658,São Domingos do Azeitão,0.0,22.3,36.83,29.51,-7.32,0
MA,216,2110278,Santo Amaro do Maranhão,0.0,33.3,39.84,40.2,0.36,1
MG,1,3120870,Curral de Dentro,0.8321,79.3,80.36,79.36,-1.0,0
MG,2,3146404,Paineiras,0.7995,79.0,82.34,79.1,-3.24,0
MG,3,3166006,Senhora de Oliveira,0.7823,79.3,86.42,79.39,-7.03,0
MG,4,3114006,Carmo da Mata,0.7184,79.1,68.1,79.19,11.09,1
MG,5,3133105,Itanhandu,0.7152,89.8,84.24,80.0,-4.24,0
MG,6,3162203,São João Batista do Glória,0.7079,82.4,84.26,80.0,-4.26,0
MG,7,3155009,Rio Doce,0.6971,87.9,90.43,80.0,-10.43,0
MG,8,3138674,Luisburgo,0.689,81.6,87.7,80.0,-7.7,0
MG,9,3111150,Campo Azul,0.6806,84.7,73.26,80.0,6.74,1
MG,10,3120607,Crucilândia,0.6779,81.5,90.23,80.0,-10.23,0
MG,11,3144904,Nova Módica,0.666,83.3,89.37,80.0,-9.37,0
MG,12,3139201,Malacacheta,0.6608,77.2,77.47,77.62,0.15,1
MG,13,3159902,Santo Antônio do Amparo,0.6596,83.8,80.3,80.0,-0.3,0
MG,14,3141603,Mercês,0.659,98.4,84.85,80.0,-4.85,0
MG,15,3159506,Santa Rita do Itueto,0.6588,83.4,87.19,80.0,-7.19,0
MG,16,3153004,Pratinha,0.6564,85.4,52.8,80.0,27.2,1
MG,17,3159209,Santa Rita de Caldas,0.6537,86.8,92.49,80.0,-12.49,0
MG,18,3165008,São Tiago,0.6439,90.5,94.92,80.0,-14.92,0
MG,19,3120805,Cruzília,0.6387,97.2,75.3,80.0,4.7,1
MG,20,3123528,Durandé,0.6386,78.2,71.43,78.46,7.03,1
MG,21,3167301,Silveirânia,0.6331,91.7,86.36,80.0,-6.36,0
MG,22,3130309,Iguatama,0.6287,98.4,94.08,80.0,-14.08,0
MG,23,3100302,Abre Campo,0.628,85.7,86.67,80.0,-6.67,0
MG,24,3148509,Pavão,0.6253,86.9,81.4,80.0,-1.4,0
MG,25,3103207,Araçaí,0.621,84.6,72.22,80.0,7.78,1
MG,26,3128501,Guarará,0.6188,88.2,72.73,80.0,7.27,1
MG,27,3158409,Santana de Cataguases,0.6122,85.2,73.26,80.0,6.74,1
MG,28,3129400,Ibertioga,0.6119,89.4,87.87,80.0,-7.87,0
MG,29,3128402,Guarani,0.6101,80.5,77.84,80.0,2.16,1
MG,30,3141504,Mendes Pimentel,0.6097,79.7,60.0,79.7,19.7,1
MG,31,3148806,Pedra do Anta,0.6045,85.4,85.51,80.0,-5.51,0
MG,32,3113602,Careaçu,0.6021,97.4,74.18,80.0,5.82,1
MG,33,3104205,Arcos,0.5975,78.8,88.86,79.0,-9.86,0
MG,34,3130606,Inconfidentes,0.593,81.4,86.18,80.0,-6.18,0
MG,35,3165206,São Tomé das Letras,0.5917,86.0,88.25,80.0,-8.25,0
MG,36,3151404,Pitangui,0.5916,92.1,85.71,80.0,-5.71,0
MG,37,3160108,Santo Antônio do Grama,0.5905,82.7,94.3,80.0,-14.3,0
MG,38,3162609,São João do Oriente,0.5854,83.4,67.66,80.0,12.34,1
MG,39,3161205,São Francisco de Paula,0.579,78.7,90.73,78.86,-11.87,0
MG,40,3136553,José Raydan,0.5709,79.1,77.36,79.22,1.86,1
MG,41,3153400,Presidente Olegário,0.57,77.4,78.27,77.76,-0.51,0
MG,42,3167905,Tabuleiro,0.5694,80.5,74.43,80.0,5.57,1
MG,43,3121001,Datas,0.5677,80.0,90.32,80.0,-10.32,0
MG,44,3144508,Nazareno,0.5633,87.4,85.36,80.0,-5.36,0
MG,45,3137536,Lagoa Grande,0.5628,81.8,76.48,80.0,3.52,1
MG,46,3115805,Centralina,0.5621,78.3,89.95,78.54,-11.41,0
MG,47,3141306,Medeiros,0.5618,82.2,78.57,80.0,1.43,1
MG,48,3128600,Guarda-Mor,0.561,79.1,51.62,79.19,27.57,1
MG,49,3160454,Santo Antônio do Retiro,0.5597,78.1,65.69,78.39,12.7,1
MG,50,3125408,Felício dos Santos,0.5566,82.1,79.38,80.0,0.62,1
MG,51,3148905,Pedra do Indaiá,0.5547,81.4,100.0,80.0,-20.0,0
MG,52,3142403,Moema,0.5518,81.4,81.94,80.0,-1.94,0
MG,53,3120839,Cuparaque,0.5506,98.0,69.0,80.0,11.0,1
MG,54,3124708,Estrela do Indaiá,0.55,100.0,100.0,80.0,-20.0,0
MG,55,3123908,Entre Rios de Minas,0.5483,83.2,91.72,80.0,-11.72,0
MG,56,3142205,Miraí,0.5482,96.2,79.2,80.0,0.8,1
MG,57,3109204,Buenópolis,0.547,82.0,75.91,80.0,4.09,1
MG,58,3164001,São Pedro dos Ferros,0.5463,81.5,68.34,80.0,11.66,1
MG,59,3140902,Matipó,0.5367,85.5,65.0,80.0,15.0,1
MG,60,3144359,Naque,0.5355,79.5,64.96,79.61,14.65,1
MG,61,3121407,Desterro de Entre Rios,0.5303,80.9,79.93,80.0,0.07,1
MG,62,3160009,Santo Antônio do Aventureiro,0.5286,80.0,45.65,80.0,34.35,1
MG,63,3112802,Capitólio,0.5283,83.4,78.93,80.0,1.07,1
MG,64,3170578,Vargem Alegre,0.528,82.7,83.44,80.0,-3.44,0
MG,65,3142304,Moeda,0.5262,77.9,90.58,78.2,-12.38,0
MG,66,3107802,Bom Jesus do Galho,0.5244,93.2,75.91,80.0,4.09,1
MG,67,3100807,Aguanil,0.524,100.0,88.68,80.0,-8.68,0
MG,68,3161908,São Gonçalo do Rio Abaixo,0.5203,80.5,91.6,80.0,-11.6,0
MG,69,3153202,Presidente Juscelino,0.52,80.9,54.55,80.0,25.45,1
MG,70,3162948,São José da Barra,0.519,85.6,75.22,80.0,4.78,1
MG,71,3150000,Pescador,0.5186,88.1,77.59,80.0,2.41,1
MG,72,3112208,Capela Nova,0.5143,83.1,77.37,80.0,2.63,1
MG,73,3147600,Passa Quatro,0.5136,85.6,75.75,80.0,4.25,1
MG,74,3136579,Josenópolis,0.5117,90.3,90.91,80.0,-10.91,0
MG,75,3115508,Caxambu,0.5101,76.4,78.2,76.93,-1.27,0
MG,76,3102902,Antônio Carlos,0.51,78.0,71.37,78.32,6.95,1
MG,77,3161700,São Gonçalo do Abaeté,0.5081,86.4,82.95,80.0,-2.95,0
MG,78,3157377,Santa Cruz de Salinas,0.5071,83.4,72.73,80.0,7.27,1
MG,79,3161502,São Geraldo,0.506,81.2,92.77,80.0,-12.77,0
MG,80,3120409,Cristiano Otoni,0.5031,72.1,89.96,73.35,-16.61,0
MG,81,3106408,Belo Vale,0.5024,93.1,97.32,80.0,-17.32,0
MG,82,3105905,Barroso,0.5023,73.7,83.24,74.67,-8.57,0
MG,83,3155504,Rio Paranaíba,0.5016,78.7,60.21,78.89,18.68,1
MG,84,3147709,Passa Tempo,0.4994,80.6,78.42,80.0,1.58,1
MG,85,3114501,Carmópolis de Minas,0.4991,76.9,81.68,77.39,-4.29,0
MG,86,3109808,Cachoeira Dourada,0.4986,80.6,94.74,80.0,-14.74,0
MG,87,3126752,Franciscópolis,0.4979,88.6,63.78,80.0,16.22,1
MG,88,3143500,Morada Nova de Minas,0.4971,86.3,64.5,80.0,15.5,1
MG,89,3151701,Poço Fundo,0.4949,81.9,70.92,80.0,9.08,1
MG,90,3162807,São João Evangelista,0.4921,92.6,70.27,80.0,9.73,1
MG,91,3112000,Candeias,0.4894,88.9,90.37,80.0,-10.37,0
MG,92,3100401,Acaiaca,0.4884,87.4,73.93,80.0,6.07,1
MG,93,3121209,Delfinópolis,0.4875,79.2,68.3,79.34,11.04,1
MG,94,3160959,São Domingos das Dores,0.4872,90.7,93.62,80.0,-13.62,0
MG,95,3136108,Joanésia,0.4845,95.1,85.58,80.0,-5.58,0
MG,96,3137106,Lagamar,0.481,91.7,56.25,80.0,23.75,1
MG,97,3104106,Arceburgo,0.4796,86.8,82.63,80.0,-2.63,0
MG,98,3149705,Perdigão,0.4787,80.1,80.71,80.0,-0.71,0
MG,99,3111101,Campina Verde,0.477,77.3,75.03,77.67,2.64,1
MG,100,3145307,Novo Cruzeiro,0.4758,75.6,81.88,76.27,-5.61,0
MG,101,3108206,Bonfinópolis de Minas,0.4739,81.8,71.88,80.0,8.12,1
MG,102,3125507,São Gonçalo do Rio Preto,0.4673,80.1,83.33,80.0,-3.33,0
MG,103,3116001,Chalé,0.4659,89.1,70.09,80.0,9.91,1
MG,104,3107000,Biquinhas,0.4622,88.0,58.22,80.0,21.78,1
MG,105,3171907,Virgolândia,0.4604,87.3,70.97,80.0,9.03,1
MG,106,3114808,Carvalhos,0.4603,80.3,72.5,80.0,7.5,1
MG,107,3142908,Monte Azul,0.4597,80.0,66.67,80.0,13.33,1
MG,108,3118106,Congonhas do Norte,0.4567,92.0,60.49,80.0,19.51,1
MG,109,3136900,Juruaia,0.4556,78.5,82.69,78.72,-3.97,0
MG,110,3102050,Alto Caparaó,0.4522,93.8,87.17,80.0,-7.17,0
MG,111,3108552,Brasilândia de Minas,0.451,76.7,76.71,77.23,0.52,1
MG,112,3138104,Lassance,0.4503,80.2,48.0,80.0,32.0,1
MG,113,3121803,Dionísio,0.4503,82.4,72.13,80.0,7.87,1
MG,114,3132800,Itambé do Mato Dentro,0.4474,77.8,83.33,78.11,-5.22,0
MG,115,3156601,Rubim,0.4444,86.7,63.6,80.0,16.4,1
MG,116,3124609,Estrela Dalva,0.4438,87.3,66.67,80.0,13.33,1
MG,117,3103801,Arapuá,0.4433,84.2,92.02,80.0,-12.02,0
MG,118,3131208,Ipanema,0.4415,78.9,77.67,79.02,1.35,1
MG,119,3137809,Lambari,0.4359,65.7,74.76,68.05,-6.71,0
MG,120,3117405,Conceição de Ipanema,0.4251,90.0,74.88,80.0,5.12,1
MG,121,3141207,Matutina,0.425,91.3,91.94,80.0,-11.94,0
MG,122,3162575,São João do Manteninha,0.4248,79.9,71.7,79.91,8.21,1
MG,123,3166956,Serranópolis de Minas,0.4197,95.4,95.99,80.0,-15.99,0
MG,124,3132008,Itacambira,0.4171,78.6,100.0,78.78,-21.22,0
MG,125,3131158,Ipaba,0.4167,63.0,77.71,65.76,-11.95,0
MG,126,3160405,Santo Antônio do Monte,0.4148,82.4,81.35,80.0,-1.35,0
MG,127,3143609,Morro da Garça,0.4109,96.4,67.59,80.0,12.41,1
MG,128,3109253,Bugre,0.4083,100.0,85.0,80.0,-5.0,0
MG,129,3161007,São Domingos do Prata,0.4036,69.1,84.25,70.8,-13.45,0
MG,130,3163201,São José do Alegre,0.398,77.4,86.26,77.75,-8.51,0
MG,131,3165537,Sarzedo,0.3969,80.1,82.39,80.0,-2.39,0
MG,132,3152600,Pouso Alto,0.3959,78.4,79.55,78.67,-0.88,0
MG,133,3109105,Bueno Brandão,0.3935,63.0,82.56,65.8,-16.76,0
MG,134,3103306,Aracitaba,0.3924,80.0,86.96,80.0,-6.96,0
MG,135,3103108,Antônio Prado de Minas,0.3883,78.6,86.67,78.78,-7.89,0
MG,136,3167608,Simonésia,0.3873,65.6,68.54,67.98,-0.56,0
MG,137,3162559,São João do Manhuaçu,0.3829,76.7,71.72,77.22,5.5,1
MG,138,3129301,Iapu,0.3797,37.1,67.68,43.66,-24.02,0
MG,139,3156502,Rubelita,0.3795,100.0,76.83,80.0,3.17,1
MG,140,3110608,Cambuí,0.3793,65.2,81.94,67.59,-14.35,0
MG,141,3163805,São Miguel do Anta,0.3793,74.9,78.02,75.65,-2.37,0
MG,142,3134608,Jaboticatubas,0.3777,69.4,75.36,71.06,-4.3,0
MG,143,3169109,Toledo,0.3758,63.1,89.2,65.89,-23.31,0
MG,144,3141801,Minas Novas,0.3741,70.2,78.82,71.72,-7.1,0
MG,145,3108602,Brasília de Minas,0.3732,75.1,76.32,75.81,-0.51,0
MG,146,3168002,Taiobeiras,0.373,69.3,86.34,70.99,-15.35,0
MG,147,3156106,Ritápolis,0.3727,64.3,81.94,66.87,-15.07,0
MG,148,3105103,Bambuí,0.3691,66.0,80.48,68.24,-12.24,0
MG,149,3107307,Bocaiúva,0.3686,68.8,68.42,70.61,2.19,1
MG,150,3110400,Camacho,0.3685,91.3,86.64,80.0,-6.64,0
MG,151,3101631,Alfredo Vasconcelos,0.3661,72.0,78.08,73.26,-4.82,0
MG,152,3104601,Astolfo Dutra,0.3644,74.9,88.29,75.66,-12.63,0
MG,153,3158904,Santana do Manhuaçu,0.364,90.6,77.24,80.0,2.76,1
MG,154,3117801,Conceição dos Ouros,0.3639,61.9,77.03,64.92,-12.11,0
MG,155,3162302,São João da Mata,0.3637,78.1,72.0,78.4,6.4,1
MG,156,3119807,Córrego Danta,0.3635,84.1,75.27,80.0,4.73,1
MG,157,3151305,Piraúba,0.362,74.7,87.11,75.54,-11.57,0
MG,158,3137700,Lajinha,0.3617,72.0,69.27,73.28,4.01,1
MG,159,3104007,Araxá,0.3613,68.8,75.35,70.59,-4.76,0
MG,160,3116704,Coimbra,0.3605,76.9,83.5,77.38,-6.12,0
MG,161,3117702,Conceição do Rio Verde,0.3605,89.9,78.17,80.0,1.83,1
MG,162,3140530,Martins Soares,0.3601,76.6,83.69,77.07,-6.62,0
MG,163,3101508,Além Paraíba,0.3577,68.9,55.1,70.71,15.61,1
MG,164,3105509,Barão do Monte Alto,0.3551,63.5,89.21,66.24,-22.97,0
MG,165,3122405,Divisa Nova,0.3549,64.3,67.64,66.86,-0.78,0
MG,166,3159407,Santa Rita de Ibitipoca,0.3541,65.4,88.22,67.77,-20.45,0
MG,167,3166204,Senhora dos Remédios,0.3539,100.0,77.94,80.0,2.06,1
MG,168,3127800,Grão Mogol,0.3498,71.6,86.04,72.9,-13.14,0
MG,169,3146602,Paiva,0.348,80.0,92.86,80.0,-12.86,0
MG,170,3106804,Bias Fortes,0.3473,68.8,100.0,70.55,-29.45,0
MG,171,3166303,Sericita,0.3472,68.6,84.85,70.39,-14.46,0
MG,172,3133808,Itaúna,0.3472,69.8,88.76,71.43,-17.33,0
MG,173,3142809,Monte Alegre de Minas,0.346,74.8,56.72,75.58,18.86,1
MG,174,3115003,Cascalho Rico,0.3441,63.9,85.84,66.54,-19.3,0
MG,175,3121704,Diogo de Vasconcelos,0.3432,78.4,76.25,78.65,2.4,1
MG,176,3169059,Tocos do Moji,0.3405,78.4,93.75,78.63,-15.12,0
MG,177,3145000,Nova Ponte,0.3381,72.3,78.86,73.54,-5.32,0
MG,178,3104908,Baependi,0.3308,70.3,77.43,71.83,-5.6,0
MG,179,3155801,Rio Pomba,0.3292,65.3,78.55,67.71,-10.84,0
MG,180,3166402,Seritinga,0.3276,64.0,75.0,66.62,-8.38,0
MG,181,3117900,Congonhal,0.3248,73.5,83.44,74.47,-8.97,0
MG,182,3133501,Itapecerica,0.3231,72.4,84.46,73.56,-10.9,0
MG,183,3111606,Campos Gerais,0.3214,65.6,71.94,67.91,-4.03,0
MG,184,3127388,Goianá,0.3214,75.0,80.51,75.76,-4.75,0
MG,185,3140407,Marmelópolis,0.3187,76.8,84.57,77.3,-7.27,0
MG,186,3150703,Pirajuba,0.3185,63.4,76.8,66.13,-10.67,0
MG,187,3114204,Carmo do Cajuru,0.3159,67.2,72.37,69.28,-3.09,0
MG,188,3111002,Campestre,0.3157,70.0,81.73,71.58,-10.15,0
MG,189,3131802,Itabirinha,0.3144,64.8,83.44,67.27,-16.17,0
MG,190,3113206,Carandaí,0.3131,71.8,80.43,73.09,-7.34,0
MG,191,3149903,Perdões,0.3127,71.2,79.12,72.62,-6.5,0
MG,192,3124203,Espera Feliz,0.3123,71.6,61.52,72.95,11.43,1
MG,193,3119708,Coronel Xavier Chaves,0.3123,72.5,92.31,73.66,-18.65,0
MG,194,3155702,Rio Piracicaba,0.3105,77.0,76.96,77.46,0.5,1
MG,195,3130200,Igaratinga,0.3099,68.9,79.48,70.67,-8.81,0
MG,196,3114303,Carmo do Paranaíba,0.3095,70.4,86.19,71.94,-14.25,0
MG,197,3143807,Munhoz,0.3092,77.9,82.36,78.23,-4.13,0
MG,198,3157005,Salinas,0.307,73.0,77.08,74.1,-2.98,0
MG,199,3152131,Ponto Chique,0.304,61.3,76.36,64.41,-11.95,0
MG,200,3168507,Teixeiras,0.3039,75.5,75.97,76.18,0.21,1
MG,201,3170438,União de Minas,0.3003,72.3,72.68,73.46,0.78,1
MG,202,3121100,Delfim Moreira,0.2988,63.5,93.02,66.18,-26.84,0
MG,203,3125804,Fernandes Tourinho,0.2983,63.5,52.38,66.17,13.79,1
MG,204,3114402,Carmo do Rio Claro,0.2968,63.2,68.35,65.96,-2.39,0
MG,205,3136801,Juramento,0.2953,63.2,55.56,65.99,10.43,1
MG,206,3115474,Catuti,0.2945,61.3,75.75,64.35,-11.4,0
MG,207,3164803,São Sebastião do Rio Preto,0.2944,66.7,100.0,68.83,-31.17,0
MG,208,3111408,Campo Florido,0.2938,76.0,52.14,76.57,24.43,1
MG,209,3134202,Ituiutaba,0.2928,63.0,66.72,65.79,-0.93,0
MG,210,3104304,Areado,0.2894,70.8,88.09,72.21,-15.88,0
MG,211,3162005,São Gonçalo do Sapucaí,0.2877,76.3,76.14,76.83,0.69,1
MG,212,3123858,Entre Folhas,0.2872,78.6,77.45,78.84,1.39,1
MG,213,3170057,Ubaporanga,0.286,68.5,70.42,70.32,-0.1,0
MG,214,3113503,Carbonita,0.2829,64.6,70.78,67.08,-3.7,0
MG,215,3133758,Itaú de Minas,0.282,74.3,89.46,75.2,-14.26,0
MG,216,3154101,Recreio,0.2764,72.2,64.51,73.4,8.89,1
MG,217,3139508,Manhumirim,0.2714,68.6,68.84,70.43,1.59,1
MG,218,3155603,Rio Pardo de Minas,0.2711,73.4,85.31,74.39,-10.92,0
MG,219,3130903,Inhapim,0.2689,68.6,84.81,70.4,-14.41,0
MG,220,3153806,Queluzito,0.2687,61.5,95.0,64.59,-30.41,0
MG,221,3122801,Dom Viçoso,0.267,94.3,84.85,80.0,-4.85,0
MG,222,3131109,Inimutaba,0.2663,40.7,77.8,46.85,-30.95,0
MG,223,3118809,Coração de Jesus,0.2641,65.6,68.05,67.95,-0.1,0
MG,224,3144003,Mutum,0.2636,61.5,76.73,64.53,-12.2,0
MG,225,3106002,Bela Vista de Minas,0.2633,63.8,73.62,66.46,-7.16,0
MG,226,3154309,Resplendor,0.2628,71.5,61.12,72.87,11.75,1
MG,227,3123304,Dores do Turvo,0.2581,76.7,95.99,77.19,-18.8,0
MG,228,3148202,Patrocínio do Muriaé,0.258,72.6,80.53,73.79,-6.74,0
MG,229,3154002,Raul Soares,0.2578,67.1,84.96,69.16,-15.8,0
MG,230,3162906,São João Nepomuceno,0.2569,68.6,69.83,70.39,0.56,1
MG,231,3100708,Água Comprida,0.2551,96.8,55.3,80.0,24.7,1
MG,232,3168408,Tarumirim,0.2541,70.0,77.47,71.59,-5.88,0
MG,233,3148004,Patos de Minas,0.2537,69.1,76.9,70.88,-6.02,0
MG,234,3108800,Braúnas,0.2506,72.2,63.3,73.45,10.15,1
MG,235,3157708,Santa Juliana,0.2504,62.9,58.13,65.71,7.58,1
MG,236,3137205,Lagoa da Prata,0.2501,72.6,79.9,73.73,-6.17,0
MG,237,3165560,Sem-Peixe,0.2493,76.5,84.62,77.0,-7.62,0
MG,238,3169356,Três Marias,0.2484,68.3,83.86,70.22,-13.64,0
MG,239,3168309,Taquaraçu de Minas,0.2477,66.1,94.4,68.34,-26.06,0
MG,240,3109006,Brumadinho,0.2466,70.3,87.73,71.82,-15.91,0
MG,241,3114709,Carvalhópolis,0.2462,77.0,100.0,77.41,-22.59,0
MG,242,3124500,Estiva,0.2406,72.5,91.03,73.63,-17.4,0
MG,243,3153301,Presidente Kubitschek,0.2402,75.8,79.86,76.39,-3.47,0
MG,244,3111705,Canaã,0.2399,76.0,87.5,76.58,-10.92,0
MG,245,3115201,Conceição da Barra de Minas,0.2392,68.8,70.43,70.55,0.12,1
MG,246,3116407,Claraval,0.2371,75.0,84.7,75.74,-8.96,0
MG,247,3114907,Casa Grande,0.235,68.8,94.12,70.55,-23.57,0
MG,248,3113909,Carmo da Cachoeira,0.2349,74.3,78.88,75.21,-3.67,0
MG,249,3141405,Medina,0.2317,70.3,65.7,71.82,6.12,1
MG,250,3133402,Itapagipe,0.2294,63.9,77.3,66.51,-10.79,0
MG,251,3162708,São João do Paraíso,0.2273,70.5,87.33,71.98,-15.35,0
MG,252,3145109,Nova Resende,0.227,69.3,86.57,71.01,-15.56,0
MG,253,3156908,Sacramento,0.2245,64.0,79.62,66.63,-12.99,0
MG,254,3125200,Fama,0.2242,72.0,86.96,73.24,-13.72,0
MG,255,3149606,Pequi,0.2239,64.2,81.37,66.77,-14.6,0
MG,256,3111200,Campo Belo,0.2236,69.5,85.57,71.17,-14.4,0
MG,257,3165909,Senador Modestino Gonçalves,0.2213,75.4,90.34,76.11,-14.23,0
MG,258,3141009,Mato Verde,0.2194,69.0,61.37,70.78,9.41,1
MG,259,3128303,Guaranésia,0.2177,73.6,65.21,74.61,9.4,1
MG,260,3147956,Patis,0.2167,76.9,97.25,77.38,-19.87,0
MG,261,3108107,Bonfim,0.2166,69.3,85.95,70.99,-14.96,0
MG,262,3139706,Maravilhas,0.2164,70.1,76.79,71.64,-5.15,0
MG,263,3166907,Serrania,0.2163,63.8,80.88,66.47,-14.41,0
MG,264,3164605,São Sebastião do Oeste,0.2156,71.5,76.46,72.84,-3.62,0
MG,265,3161601,São Geraldo da Piedade,0.2148,69.2,70.0,70.95,0.95,1
MG,266,3108404,Botelhos,0.2142,65.5,87.53,67.86,-19.67,0
MG,267,3123205,Dores do Indaiá,0.2139,65.8,85.44,68.1,-17.34,0
MG,268,3110004,Caeté,0.2135,73.5,70.95,74.49,3.54,1
MG,269,3135506,Jequeri,0.2133,57.5,84.89,61.2,-23.69,0
MG,270,3140159,Mário Campos,0.2105,70.4,74.09,71.88,-2.21,0
MG,271,3138658,Lontra,0.2103,64.0,78.07,66.64,-11.43,0
MG,272,3140308,Marliéria,0.2095,61.8,70.98,64.77,-6.21,0
MG,273,3110202,Cajuri,0.2094,64.2,69.57,66.8,-2.77,0
MG,274,3132206,Itaguara,0.2075,57.0,90.91,60.81,-30.1,0
MG,275,3154457,Riachinho,0.2075,69.6,72.81,71.24,-1.57,0
MG,276,3151008,Piranguinho,0.2056,69.4,85.01,71.05,-13.96,0
MG,277,3158300,Santana da Vargem,0.2052,64.9,87.45,67.34,-20.11,0
MG,278,3170008,Ubaí,0.2046,70.3,58.55,71.8,13.25,1
MG,279,3131406,Ipiaçu,0.2042,75.2,76.42,75.9,-0.52,0
MG,280,3135357,Japonvar,0.2041,75.0,60.75,75.72,14.97,1
MG,281,3110707,Cambuquira,0.204,69.3,85.08,71.0,-14.08,0
MG,282,3118205,Conquista,0.2031,68.7,65.5,70.54,5.04,1
MG,283,3159803,Santa Vitória,0.2009,70.8,59.6,72.24,12.64,1
MG,284,3158953,Santana do Paraíso,0.1995,69.8,69.95,71.41,1.46,1
MG,285,3165578,Senador Amaral,0.198,70.2,76.97,71.75,-5.22,0
MG,286,3164902,São Sebastião do Rio Verde,0.1971,68.4,91.3,70.28,-21.02,0
MG,287,3158805,Santana do Jacaré,0.1964,76.3,86.67,76.82,-9.85,0
MG,288,3160306,Santo Antônio do Jacinto,0.196,63.0,65.72,65.75,0.03,1
MG,289,3113107,Caranaíba,0.1954,70.0,83.33,71.59,-11.74,0
MG,290,3118304,Conselheiro Lafaiete,0.1947,65.0,82.19,67.43,-14.76,0
MG,291,3115102,Cássia,0.1946,70.7,76.99,72.14,-4.85,0
MG,292,3127370,Goiabeira,0.1937,67.8,91.43,69.73,-21.7,0
MG,293,3163904,São Pedro da União,0.1931,77.0,97.05,77.42,-19.63,0
MG,294,3134806,Jacuí,0.1929,70.9,85.13,72.3,-12.83,0
MG,295,3116209,Chiador,0.1923,77.5,76.01,77.9,1.89,1
MG,296,3161650,São Geraldo do Baixio,0.1911,71.2,76.32,72.56,-3.76,0
MG,297,3149804,Perdizes,0.191,67.9,83.41,69.85,-13.56,0
MG,298,3145703,Oliveira Fortes,0.1908,71.4,83.33,72.78,-10.55,0
MG,299,3170602,Vargem Bonita,0.1901,58.8,69.23,62.33,-6.9,0
MG,300,3148608,Peçanha,0.1901,64.7,61.48,67.16,5.68,1
MG,301,3120201,Cristais,0.1889,67.3,86.07,69.33,-16.74,0
MG,302,3170305,Umburatiba,0.1855,63.7,52.43,66.38,13.95,1
MG,303,3157906,Santa Margarida,0.1852,72.0,60.93,73.24,12.31,1
MG,304,3127339,Gameleiras,0.1851,41.7,53.85,47.75,-6.1,0
MG,305,3157203,Santa Bárbara,0.1849,69.9,66.55,71.52,4.97,1
MG,306,3123601,Elói Mendes,0.1847,57.9,64.98,61.57,-3.41,0
MG,307,3109501,Cabo Verde,0.1842,72.0,86.58,73.25,-13.33,0
MG,308,3130408,Ijaci,0.1841,72.8,82.9,73.92,-8.98,0
MG,309,3114600,Carrancas,0.1837,70.4,89.76,71.89,-17.87,0
MG,310,3140555,Mata Verde,0.183,54.9,70.1,59.04,-11.06,0
MG,311,3155306,Rio Manso,0.1825,71.2,98.05,72.62,-25.43,0
MG,312,3161304,São Francisco de Sales,0.1821,76.6,73.5,77.07,3.57,1
MG,313,3108255,Bonito de Minas,0.1816,64.3,49.15,66.87,17.72,1
MG,314,3140704,Mateus Leme,0.1811,56.8,75.26,60.63,-14.63,0
MG,315,3115706,Central de Minas,0.1811,71.3,72.79,72.65,-0.14,0
MG,316,3139805,Mar de Espanha,0.181,54.8,49.4,59.0,9.6,1
MG,317,3135308,Japaraíba,0.1805,71.0,78.49,72.45,-6.04,0
MG,318,3168200,Tapiraí,0.1797,76.5,100.0,77.0,-23.0,0
MG,319,3127602,Gouveia,0.1778,74.2,91.11,75.13,-15.98,0
MG,320,3146552,Pai Pedro,0.1776,62.5,76.4,65.4,-11.0,0
MG,321,3150901,Piranguçu,0.1771,66.3,78.97,68.5,-10.47,0
MG,322,3127503,Gonzaga,0.1771,66.4,82.31,68.63,-13.68,0
MG,323,3140100,Marilac,0.1766,63.1,56.14,65.87,9.73,1
MG,324,3119609,Coronel Pacheco,0.1765,100.0,59.91,80.0,20.09,1
MG,325,3124005,Ervália,0.1758,54.5,85.0,58.71,-26.29,0
MG,326,3131307,Ipatinga,0.1754,64.7,70.92,67.17,-3.75,0
MG,327,3130556,Imbé de Minas,0.1744,65.6,88.46,67.94,-20.52,0
MG,328,3118908,Cordisburgo,0.1743,69.3,79.85,70.99,-8.86,0
MG,329,3148400,Paulistas,0.1737,70.4,90.14,71.9,-18.24,0
MG,330,3108305,Borda da Mata,0.1734,65.6,81.21,67.91,-13.3,0
MG,331,3171154,Vermelho Novo,0.1721,73.6,81.82,74.55,-7.27,0
MG,332,3159100,Santana dos Montes,0.1713,61.4,94.44,64.44,-30.0,0
MG,333,3147907,Passos,0.1709,65.5,86.17,67.82,-18.35,0
MG,334,3140209,Maripá de Minas,0.1704,65.5,59.26,67.84,8.58,1
MG,335,3125952,Fervedouro,0.1704,66.1,76.31,68.38,-7.93,0
MG,336,3108008,Bom Sucesso,0.1704,67.3,83.73,69.34,-14.39,0
MG,337,3150505,Pimenta,0.1704,72.8,94.39,73.93,-20.46,0
MG,338,3124302,Espinosa,0.1699,64.3,62.4,66.83,4.43,1
MG,339,3106655,Berizal,0.1693,68.3,83.33,70.18,-13.15,0
MG,340,3129103,Gurinhatã,0.1679,76.9,86.09,77.39,-8.7,0
MG,341,3164704,São Sebastião do Paraíso,0.1678,65.5,81.09,67.85,-13.24,0
MG,342,3152709,Prados,0.1676,73.2,93.22,74.26,-18.96,0
MG,343,3122108,Divino das Laranjeiras,0.167,41.4,85.71,47.5,-38.21,0
MG,344,3126109,Formiga,0.1661,66.9,86.89,69.05,-17.84,0
MG,345,3145901,Ouro Branco,0.1649,65.4,81.33,67.76,-13.57,0
MG,346,3138625,Limeira do Oeste,0.1648,65.2,59.7,67.61,7.91,1
MG,347,3116506,Claro dos Poções,0.1622,70.1,68.63,71.63,3.0,1
MG,348,3160900,São Brás do Suaçuí,0.1618,68.4,81.31,70.24,-11.07,0
MG,349,3123007,Dores de Campos,0.1616,54.7,76.43,58.87,-17.56,0
MG,350,3114105,Carmo de Minas,0.1603,56.5,71.02,60.43,-10.59,0
MG,351,3162658,São João do Pacuí,0.1597,74.2,86.4,75.08,-11.32,0
MG,352,3162922,São Joaquim de Bicas,0.1592,48.2,82.15,53.39,-28.76,0
MG,353,3119906,Córrego do Bom Jesus,0.1592,73.8,100.0,74.76,-25.24,0
MG,354,3145059,Nova Porteirinha,0.1584,41.6,51.93,47.65,-4.28,0
MG,355,3147006,Paracatu,0.1576,65.7,63.56,68.02,4.46,1
MG,356,3117108,Conceição da Aparecida,0.1571,70.9,78.53,72.31,-6.22,0
MG,357,3145505,Olímpio Noronha,0.1564,62.3,94.29,65.19,-29.1,0
MG,358,3101409,Albertina,0.1556,69.6,92.62,71.23,-21.39,0
MG,359,3133204,Itanhomi,0.1553,41.1,85.64,47.22,-38.42,0
MG,360,3119955,Córrego Fundo,0.1553,69.6,96.07,71.22,-24.85,0
MG,361,3162401,São João da Ponte,0.1547,65.6,63.51,67.96,4.45,1
MG,362,3105301,Bandeira do Sul,0.1527,73.4,94.51,74.43,-20.08,0
MG,363,3164308,São Roque de Minas,0.1521,71.2,77.02,72.56,-4.46,0
MG,364,3157401,Santa Cruz do Escalvado,0.151,54.6,78.33,58.77,-19.56,0
MG,365,3145851,Oratórios,0.1507,73.9,82.24,74.81,-7.43,0
MG,366,3145208,Nova Serrana,0.1499,55.0,72.47,59.11,-13.36,0
MG,367,3154606,Ribeirão das Neves,0.1499,55.0,59.36,59.14,-0.22,0
MG,368,3163706,São Lourenço,0.1488,64.1,85.37,66.73,-18.64,0
MG,369,3144409,Natércia,0.1482,70.2,86.3,71.74,-14.56,0
MG,370,3122702,Dom Silvério,0.1476,66.8,92.48,68.96,-23.52,0
MG,371,3143005,Monte Belo,0.1474,50.2,80.85,55.11,-25.74,0
MG,372,3152006,Pompéu,0.147,65.2,56.14,67.62,11.48,1
MG,373,3116308,Cipotânea,0.1468,73.1,92.31,74.17,-18.14,0
MG,374,3145372,Novorizonte,0.1457,68.1,92.71,69.97,-22.74,0
MG,375,3156809,Sabinópolis,0.145,40.6,60.64,46.78,-13.86,0
MG,376,3100104,Abadia dos Dourados,0.1445,61.4,96.07,64.48,-31.59,0
MG,377,3169901,Ubá,0.1434,64.5,79.09,67.05,-12.04,0
MG,378,3162955,São José da Lapa,0.1433,62.4,75.09,65.31,-9.78,0
MG,379,3152204,Porteirinha,0.1426,63.5,70.05,66.24,-3.81,0
MG,380,3118403,Conselheiro Pena,0.1426,66.9,57.14,69.02,11.88,1
MG,381,3164100,São Pedro do Suaçuí,0.1423,67.0,90.0,69.13,-20.87,0
MG,382,3101300,Alagoa,0.1422,67.0,89.66,69.11,-20.55,0
MG,383,3146008,Ouro Fino,0.1413,63.8,84.81,66.49,-18.32,0
MG,384,3119500,Coronel Murta,0.1403,65.7,67.56,68.05,0.49,1
MG,385,3103603,Arantina,0.1391,75.0,57.09,75.76,18.67,1
MG,386,3132305,Itaipé,0.1388,57.5,55.18,61.22,6.04,1
MG,387,3137403,Lagoa Dourada,0.1388,63.9,87.23,66.55,-20.68,0
MG,388,3104502,Arinos,0.1385,45.3,46.89,50.89,4.0,1
MG,389,3165602,Senador Cortes,0.138,42.1,81.82,48.13,-33.69,0
MG,390,3150406,Piedade dos Gerais,0.1378,72.0,83.86,73.21,-10.65,0
MG,391,3104700,Ataléia,0.1376,67.1,66.4,69.2,2.8,1
MG,392,3120904,Curvelo,0.1375,65.3,71.71,67.73,-3.98,0
MG,393,3124401,Espírito Santo do Dourado,0.1375,66.5,66.53,68.68,2.15,1
MG,394,3133709,Itatiaiuçu,0.1374,72.4,80.42,73.57,-6.85,0
MG,395,3122306,Divinópolis,0.1365,64.7,73.79,67.23,-6.56,0
MG,396,3167806,Soledade de Minas,0.1364,73.1,88.35,74.19,-14.16,0
MG,397,3145455,Olhos-d'Água,0.136,68.2,90.16,70.12,-20.04,0
MG,398,3111309,Campo do Meio,0.1359,67.5,76.54,69.55,-6.99,0
MG,399,3121506,Desterro do Melo,0.1358,68.2,96.43,70.08,-26.35,0
MG,400,3150604,Piracema,0.1348,67.0,76.35,69.08,-7.27,0
MG,401,3165701,Senador Firmino,0.1347,66.3,91.79,68.56,-23.23,0
MG,402,3135407,Jeceaba,0.1346,67.6,88.66,69.58,-19.08,0
MG,403,3152907,Pratápolis,0.1345,62.6,88.36,65.46,-22.9,0
MG,404,3122207,Divinolândia de Minas,0.1337,67.5,87.1,69.54,-17.56,0
MG,405,3118700,Coqueiral,0.1337,71.3,82.47,72.67,-9.8,0
MG,406,3165107,São Tomás de Aquino,0.1335,68.1,82.09,70.04,-12.05,0
MG,407,3105202,Bandeira,0.1332,62.7,77.5,65.57,-11.93,0
MG,408,3104403,Argirita,0.1328,55.1,89.33,59.26,-30.07,0
MG,409,3148103,Patrocínio,0.1328,61.8,76.21,64.83,-11.38,0
MG,410,3149101,Pedralva,0.1323,50.1,85.5,55.01,-30.49,0
MG,411,3129657,Ibiracatu,0.132,64.3,37.74,66.87,29.13,1
MG,412,3107208,Bocaina de Minas,0.1315,50.0,73.33,54.93,-18.4,0
MG,413,3112703,Capitão Enéas,0.1313,61.9,63.8,64.86,1.06,1
MG,414,3113701,Carlos Chagas,0.1311,56.5,55.83,60.36,4.53,1
MG,415,3139102,Madre de Deus de Minas,0.1307,69.5,71.05,71.14,0.09,1
MG,416,3167707,Sobrália,0.1292,66.5,75.93,68.72,-7.21,0
MG,417,3118502,Consolação,0.1291,62.5,38.89,65.38,26.49,1
MG,418,3109402,Buritizeiro,0.1283,37.7,62.63,44.21,-18.42,0
MG,419,3135001,Jaguaraçu,0.1277,62.4,84.51,65.26,-19.25,0
MG,420,3170529,Urucuia,0.1269,56.9,67.15,60.76,-6.39,0
MG,421,3138682,Luislândia,0.1268,50.0,85.0,54.93,-30.07,0
MG,422,3131000,Inhaúma,0.1267,47.0,77.62,52.36,-25.26,0
MG,423,3120706,Cruzeiro da Fortaleza,0.1267,62.4,80.92,65.32,-15.6,0
MG,424,3140506,Martinho Campos,0.1263,56.0,70.72,60.0,-10.72,0
MG,425,3163003,São José da Safira,0.1256,72.5,52.73,73.69,20.96,1
MG,426,3161809,São Gonçalo do Pará,0.1247,61.1,78.82,64.24,-14.58,0
MG,427,3104452,Aricanduva,0.1246,56.5,84.87,60.38,-24.49,0
MG,428,3161056,São Félix de Minas,0.1245,68.1,67.09,70.01,2.92,1
MG,429,3155900,Rio Preto,0.1228,71.2,62.04,72.56,10.52,1
MG,430,3103900,Araújos,0.1221,74.0,88.5,74.92,-13.58,0
MG,431,3164209,São Romão,0.1219,50.9,77.76,55.73,-22.03,0
MG,432,3162252,São João da Lagoa,0.1217,50.0,77.83,54.91,-22.92,0
MG,433,3106903,Bicas,0.1213,45.2,70.71,50.81,-19.9,0
MG,434,3139607,Mantena,0.1202,49.9,71.17,54.88,-16.29,0
MG,435,3109907,Caetanópolis,0.1202,55.1,72.48,59.24,-13.24,0
MG,436,3146503,Pains,0.1201,67.5,86.83,69.54,-17.29,0
MG,437,3159605,Santa Rita do Sapucaí,0.1196,49.7,72.16,54.67,-17.49,0
MG,438,3172202,Wenceslau Braz,0.1192,48.7,70.34,53.79,-16.55,0
MG,439,3164407,São Sebastião da Bela Vista,0.119,67.0,90.92,69.08,-21.84,0
MG,440,3107901,Bom Repouso,0.1188,56.6,68.27,60.44,-7.83,0
MG,441,3152170,Ponto dos Volantes,0.1168,72.6,67.71,73.78,6.07,1
MG,442,3108909,Brazópolis,0.1155,50.9,79.14,55.66,-23.48,0
MG,443,3144805,Nova Lima,0.1148,56.8,79.6,60.62,-18.98,0
MG,444,3122504,Dom Cavati,0.1146,74.7,73.35,75.54,2.19,1
MG,445,3147204,Paraguaçu,0.1124,62.5,69.21,65.34,-3.87,0
MG,446,3116605,Cláudio,0.1114,61.1,82.99,64.18,-18.81,0
MG,447,3122009,Divino,0.1105,49.2,67.15,54.23,-12.92,0
MG,448,3123403,Doresópolis,0.1102,38.5,66.67,44.9,-21.77,0
MG,449,3159308,Santa Rita de Jacutinga,0.1102,41.6,77.68,47.7,-29.98,0
MG,450,3138708,Luminárias,0.1084,67.3,97.5,69.32,-28.18,0
MG,451,3105004,Baldim,0.1076,74.3,89.89,75.13,-14.76,0
MG,452,3145877,Orizânia,0.1069,62.8,75.97,65.59,-10.38,0
MG,453,3115300,Cataguases,0.1065,36.0,60.22,42.67,-17.55,0
MG,454,3129608,Ibiaí,0.1061,57.0,76.41,60.78,-15.63,0
MG,455,3151107,Pirapetinga,0.1061,62.7,66.15,65.52,-0.63,0
MG,456,3169802,Turvolândia,0.1054,61.7,67.31,64.7,-2.61,0
MG,457,3152402,Poté,0.1051,41.7,79.91,47.81,-32.1,0
MG,458,3162450,São João das Missões,0.1048,40.9,33.42,47.08,13.66,1
MG,459,3157336,Santa Cruz de Minas,0.1047,63.9,43.82,66.51,22.69,1
MG,460,3116803,Coluna,0.1047,64.1,91.21,66.67,-24.54,0
MG,461,3169604,Tupaciguara,0.1046,39.0,58.34,45.41,-12.93,0
MG,462,3137304,Lagoa dos Patos,0.1043,41.0,69.48,47.19,-22.29,0
MG,463,3143153,Monte Formoso,0.1041,49.9,82.61,54.82,-27.79,0
MG,464,3171303,Viçosa,0.1041,62.7,72.11,65.52,-6.59,0
MG,465,3149002,Pedra Dourada,0.1037,53.7,80.0,58.09,-21.91,0
MG,466,3132107,Itacarambi,0.1033,49.5,72.78,54.5,-18.28,0
MG,467,3115359,Catas Altas,0.1033,67.4,71.35,69.4,-1.95,0
MG,468,3121308,Descoberto,0.103,62.7,73.05,65.54,-7.51,0
MG,469,3119104,Corinto,0.1013,40.0,85.75,46.3,-39.45,0
MG,470,3159704,Santa Rosa da Serra,0.0995,73.0,79.88,74.06,-5.82,0
MG,471,3148707,Pedra Azul,0.0989,57.0,60.74,60.83,0.09,1
MG,472,3149150,Pedras de Maria da Cruz,0.0987,28.7,46.09,35.81,-10.28,0
MG,473,3102001,Alterosa,0.0987,61.6,85.54,64.6,-20.94,0
MG,474,3109451,Cabeceira Grande,0.0986,40.5,54.59,46.7,-7.89,0
MG,475,3135902,Jesuânia,0.0984,62.1,81.14,65.01,-16.13,0
MG,476,3106309,Belo Oriente,0.0982,57.1,65.94,60.9,-5.04,0
MG,477,3143104,Monte Carmelo,0.0973,63.6,84.51,66.33,-18.18,0
MG,478,3158706,Santana do Garambéu,0.0969,47.3,87.26,52.65,-34.61,0
MG,479,3145604,Oliveira,0.0967,49.7,80.67,54.71,-25.96,0
MG,480,3149952,Periquito,0.0963,45.3,44.47,50.92,6.45,1
MG,481,3172004,Visconde do Rio Branco,0.0963,56.3,65.77,60.26,-5.51,0
MG,482,3142601,Monsenhor Paulo,0.0963,62.7,78.89,65.54,-13.35,0
MG,483,3120003,Córrego Novo,0.0958,46.7,62.81,52.11,-10.7,0
MG,484,3163607,São José do Mantimento,0.0958,47.7,87.17,53.01,-34.16,0
MG,485,3150208,Piedade de Ponte Nova,0.0952,35.2,80.01,41.95,-38.06,0
MG,486,3140803,Matias Barbosa,0.0952,58.8,78.82,62.35,-16.47,0
MG,487,3101201,Aiuruoca,0.0951,55.3,85.71,59.4,-26.31,0
MG,488,3116902,Comendador Gomes,0.0948,35.7,74.3,42.41,-31.89,0
MG,489,3149309,Pedro Leopoldo,0.0943,59.0,69.22,62.5,-6.72,0
MG,490,3169505,Tumiritinga,0.0942,45.4,74.58,50.96,-23.62,0
MG,491,3109303,Buritis,0.0937,52.1,62.9,56.75,-6.15,0
MG,492,3129509,Ibiá,0.0937,52.5,78.1,57.07,-21.03,0
MG,493,3105400,Barão de Cocais,0.0937,58.8,62.71,62.28,-0.43,0
MG,494,3125903,Ferros,0.0936,38.1,70.78,44.57,-26.21,0
MG,495,3138906,Machacalis,0.0936,62.0,65.94,64.98,-0.96,0
MG,496,3103751,Araporã,0.0929,62.7,73.61,65.56,-8.05,0
MG,497,3116159,Chapada Gaúcha,0.0927,49.2,69.39,54.23,-15.16,0
MG,498,3135100,Janaúba,0.0926,49.6,61.68,54.63,-7.05,0
MG,499,3120102,Couto de Magalhães de Minas,0.0925,48.5,77.52,53.63,-23.89,0
MG,500,3143401,Monte Sião,0.0917,53.9,74.18,58.25,-15.93,0
MG,501,3154507,Riacho dos Machados,0.0901,67.5,70.0,69.55,-0.45,0
MG,502,3110509,Camanducaia,0.089,54.6,58.56,58.85,0.29,1
MG,503,3170800,Várzea da Palma,0.0889,61.7,70.34,64.73,-5.61,0
MG,504,3144706,Nova Era,0.0888,60.3,72.22,63.58,-8.64,0
MG,505,3112653,Capitão Andrade,0.0881,40.5,77.02,46.67,-30.35,0
MG,506,3168804,Tiradentes,0.0876,62.3,68.34,65.18,-3.16,0
MG,507,3171600,Virgem da Lapa,0.0875,50.1,85.1,55.04,-30.06,0
MG,508,3132701,Itambacuri,0.0867,51.6,56.95,56.29,-0.66,0
MG,509,3158201,Santa Maria do Suaçuí,0.0866,61.6,66.73,64.62,-2.11,0
MG,510,3101102,Aimorés,0.0863,48.8,57.63,53.9,-3.73,0
MG,511,3143203,Monte Santo de Minas,0.0858,42.2,61.59,48.17,-13.42,0
MG,512,3167004,Serranos,0.0857,38.5,82.14,44.9,-37.24,0
MG,513,3127404,Gonçalves,0.0842,62.2,77.02,65.09,-11.93,0
MG,514,3140605,Materlândia,0.0834,37.1,28.57,43.68,15.11,1
MG,515,3127057,Fronteira dos Vales,0.0834,37.3,58.66,43.82,-14.84,0
MG,516,3130804,Ingaí,0.0827,52.3,87.27,56.85,-30.42,0
MG,517,3126901,Frei Inocêncio,0.0826,53.1,64.71,57.56,-7.15,0
MG,518,3162500,São João del Rei,0.0825,55.6,74.0,59.67,-14.33,0
MG,519,3138203,Lavras,0.0821,56.2,67.11,60.18,-6.93,0
MG,520,3150539,Pingo-d'Água,0.0816,34.7,81.43,41.49,-39.94,0
MG,521,3134103,Itueta,0.0816,55.5,79.92,59.6,-20.32,0
MG,522,3134004,Itinga,0.0815,52.3,64.84,56.85,-7.99,0
MG,523,3154903,Rio Casca,0.0812,59.6,62.76,63.0,0.24,1
MG,524,3171071,Veredinha,0.0805,62.1,77.02,65.08,-11.94,0
MG,525,3170404,Unaí,0.0804,56.4,59.06,60.33,1.27,1
MG,526,3169703,Turmalina,0.0797,53.9,73.78,58.26,-15.52,0
MG,527,3150307,Piedade do Rio Grande,0.0782,29.4,63.16,36.5,-26.66,0
MG,528,3102209,Alvarenga,0.078,39.5,87.5,45.84,-41.66,0
MG,529,3130655,Indaiabira,0.0776,56.1,89.58,60.09,-29.49,0
MG,530,3138609,Lima Duarte,0.0775,46.5,69.51,51.94,-17.57,0
MG,531,3146909,Papagaios,0.0771,47.1,88.48,52.46,-36.02,0
MG,532,3136652,Juatuba,0.077,47.6,68.53,52.87,-15.66,0
MG,533,3118007,Congonhas,0.0762,56.2,74.01,60.11,-13.9,0
MG,534,3115904,Chácara,0.0758,28.8,44.9,35.95,-8.95,0
MG,535,3128808,Guidoval,0.0757,61.8,58.58,64.83,6.25,1
MG,536,3151206,Pirapora,0.0755,49.5,69.81,54.52,-15.29,0
MG,537,3168101,Tapira,0.0752,56.1,79.68,60.07,-19.61,0
MG,538,3119302,Coromandel,0.0746,41.9,63.22,47.93,-15.29,0
MG,539,3147808,Passa Vinte,0.0741,61.1,77.27,64.23,-13.04,0
MG,540,3102852,Angelândia,0.074,59.7,84.97,63.08,-21.89,0
MG,541,3139300,Manga,0.073,24.0,41.04,31.24,-9.8,0
MG,542,3129202,Heliodora,0.0726,48.4,67.59,53.53,-14.06,0
MG,543,3150802,Piranga,0.0723,60.1,75.27,63.43,-11.84,0
MG,544,3171006,Vazante,0.072,43.8,71.85,49.64,-22.21,0
MG,545,3101003,Águas Vermelhas,0.0719,42.8,74.46,48.71,-25.75,0
MG,546,3138807,Luz,0.0719,54.4,87.21,58.68,-28.53,0
MG,547,3127354,Glaucilândia,0.0719,57.1,71.43,60.93,-10.5,0
MG,548,3171501,Mathias Lobato,0.0717,51.6,67.61,56.26,-11.35,0
MG,549,3115458,Catuji,0.0716,35.9,66.72,42.58,-24.14,0
MG,550,3138351,Leme do Prado,0.0713,52.9,92.39,57.42,-34.97,0
MG,551,3170651,Vargem Grande do Rio Pardo,0.0713,61.6,89.89,64.67,-25.22,0
MG,552,3125309,Faria Lemos,0.0708,14.7,69.23,21.31,-47.92,0
MG,553,3100203,Abaeté,0.0707,52.3,73.11,56.9,-16.21,0
MG,554,3163508,São José do Jacuri,0.0705,55.3,81.45,59.37,-22.08,0
MG,555,3154408,Ressaquinha,0.0704,55.6,82.0,59.64,-22.36,0
MG,556,3111903,Cana Verde,0.0701,50.8,93.33,55.6,-37.73,0
MG,557,3129707,Ibiraci,0.0698,32.8,73.86,39.73,-34.13,0
MG,558,3146206,Ouro Verde de Minas,0.0698,51.3,78.41,55.99,-22.42,0
MG,559,3117207,Conceição das Pedras,0.0694,57.9,76.67,61.58,-15.09,0
MG,560,3137007,Ladainha,0.0691,23.8,54.47,31.02,-23.45,0
MG,561,3157302,Santa Bárbara do Tugúrio,0.069,50.6,90.92,55.44,-35.48,0
MG,562,3124807,Estrela do Sul,0.0688,46.8,69.36,52.24,-17.12,0
MG,563,3111507,Campos Altos,0.0682,58.3,65.27,61.87,-3.4,0
MG,564,3169000,Tocantins,0.0682,58.4,71.46,61.96,-9.5,0
MG,565,3117504,Conceição do Mato Dentro,0.0681,58.7,82.33,62.26,-20.07,0
MG,566,3112604,Capinópolis,0.068,51.2,73.04,55.94,-17.1,0
MG,567,3122454,Divisópolis,0.0676,42.5,72.43,48.44,-23.99,0
MG,568,3144102,Muzambinho,0.0671,43.4,75.51,49.23,-26.28,0
MG,569,3124906,Eugenópolis,0.0667,56.5,68.59,60.4,-8.19,0
MG,570,3109709,Cachoeira de Minas,0.0665,61.7,81.11,64.71,-16.4,0
MG,571,3166808,Serra do Salitre,0.0664,59.9,72.87,63.21,-9.66,0
MG,572,3117876,Confins,0.0663,52.5,69.15,57.07,-12.08,0
MG,573,3158102,Santa Maria do Salto,0.066,47.3,60.65,52.64,-8.01,0
MG,574,3141900,Minduri,0.066,51.9,76.32,56.53,-19.79,0
MG,575,3131703,Itabira,0.0657,57.2,68.15,60.96,-7.19,0
MG,576,3170909,Varzelândia,0.0652,46.8,73.78,52.18,-21.6,0
MG,577,3127206,Funilândia,0.0647,51.4,69.2,56.12,-13.08,0
MG,578,3136405,Joaquim Felício,0.0647,52.4,71.38,56.95,-14.43,0
MG,579,3127008,Fronteira,0.0647,52.9,76.16,57.36,-18.8,0
MG,580,3152808,Prata,0.0647,55.4,50.5,59.46,8.96,1
MG,581,3117306,Conceição das Alagoas,0.0647,55.4,58.64,59.46,0.82,1
MG,582,3132404,Itajubá,0.0643,59.8,79.1,63.11,-15.99,0
MG,583,3113008,Caraí,0.0639,42.0,71.52,48.07,-23.45,0
MG,584,3126703,Francisco Sá,0.0635,41.6,35.05,47.71,12.66,1
MG,585,3139904,Maria da Fé,0.0634,61.0,78.16,64.13,-14.03,0
MG,586,3147303,Paraisópolis,0.0632,60.8,81.68,63.95,-17.73,0
MG,587,3120300,Cristália,0.0631,26.4,54.17,33.57,-20.6,0
MG,588,3133006,Itamonte,0.063,57.6,81.86,61.31,-20.55,0
MG,589,3136009,Joaíma,0.0627,43.0,64.1,48.92,-15.18,0
MG,590,3144607,Nepomuceno,0.0627,53.7,77.99,58.03,-19.96,0
MG,591,3170750,Varjão de Minas,0.0622,57.2,93.29,61.0,-32.29,0
MG,592,3129905,Ibitiúra de Minas,0.062,38.1,78.04,44.57,-33.47,0
MG,593,3133303,Itaobim,0.0618,49.7,49.62,54.67,5.05,1
MG,594,3137502,Lagoa Formosa,0.0618,60.5,82.01,63.75,-18.26,0
MG,595,3134509,Itutinga,0.0617,51.4,76.33,56.09,-20.24,0
MG,596,3156007,Rio Vermelho,0.0614,43.9,59.95,49.66,-10.29,0
MG,597,3138005,Laranjal,0.0611,40.3,82.11,46.49,-35.62,0
MG,598,3170479,Uruana de Minas,0.061,54.3,80.0,58.52,-21.48,0
MG,599,3155405,Rio Novo,0.0609,39.0,65.4,45.41,-19.99,0
MG,600,3135605,Jequitaí,0.0609,39.9,70.71,46.21,-24.5,0
MG,601,3114550,Carneirinho,0.0608,52.2,64.51,56.8,-7.71,0
MG,602,3135704,Jequitibá,0.0605,52.4,65.96,57.0,-8.96,0
MG,603,3158003,Santa Maria de Itabira,0.0603,54.6,77.79,58.85,-18.94,0
MG,604,3160702,Santos Dumont,0.0602,56.0,69.94,59.95,-9.99,0
MG,605,3153905,Raposos,0.0598,48.4,69.66,53.57,-16.09,0
MG,606,3101904,Alpinópolis,0.0596,42.3,78.56,48.26,-30.3,0
MG,607,3141702,Mesquita,0.0592,53.2,63.47,57.61,-5.86,0
MG,608,3135209,Januária,0.059,20.1,47.12,27.24,-19.88,0
MG,609,3128105,Guapé,0.0589,58.6,80.4,62.11,-18.29,0
MG,610,3147402,Paraopeba,0.0587,48.8,71.27,53.95,-17.32,0
MG,611,3134707,Jacinto,0.0581,45.4,55.44,50.97,-4.47,0
MG,612,3151503,Piumhi,0.058,57.3,73.46,61.04,-12.42,0
MG,613,3149200,Pedrinópolis,0.058,59.7,79.95,63.06,-16.89,0
MG,614,3146305,Padre Paraíso,0.0565,49.0,48.96,54.04,5.08,1
MG,615,3148301,Paula Cândido,0.0565,53.8,89.89,58.13,-31.76,0
MG,616,3110301,Caldas,0.0561,51.4,72.95,56.1,-16.85,0
MG,617,3125705,Felixlândia,0.0561,52.0,75.1,56.65,-18.45,0
MG,618,3135803,Jequitinhonha,0.0559,44.0,55.65,49.76,-5.89,0
MG,619,3142007,Mirabela,0.0559,59.0,48.06,62.46,14.4,1
MG,620,3153707,Quartel Geral,0.0558,42.5,63.55,48.47,-15.08,0
MG,621,3139409,Manhuaçu,0.0558,48.4,71.73,53.58,-18.15,0
MG,622,3138500,Liberdade,0.0556,56.2,71.21,60.12,-11.09,0
MG,623,3168705,Timóteo,0.0555,55.9,70.28,59.91,-10.37,0
MG,624,3121605,Diamantina,0.0555,59.5,70.61,62.93,-7.68,0
MG,625,3154705,Ribeirão Vermelho,0.0554,42.8,80.2,48.75,-31.45,0
MG,626,3154200,Resende Costa,0.0554,57.9,82.11,61.52,-20.59,0
MG,627,3111804,Canápolis,0.0553,45.5,76.49,51.07,-25.42,0
MG,628,3164431,São Sebastião da Vargem Alegre,0.055,53.4,93.1,57.79,-35.31,0
MG,629,3134905,Jacutinga,0.0546,59.8,79.14,63.18,-15.96,0
MG,630,3167509,Simão Pereira,0.0545,8.8,48.25,14.14,-34.11,0
MG,631,3142700,Montalvânia,0.0544,48.5,60.75,53.65,-7.1,0
MG,632,3102308,Alvinópolis,0.0544,49.0,72.33,54.12,-18.21,0
MG,633,3112307,Capelinha,0.0542,56.4,80.94,60.28,-20.66,0
MG,634,3156700,Sabará,0.0542,57.2,71.68,60.94,-10.74,0
MG,635,3170206,Uberlândia,0.0541,50.9,62.63,55.71,-6.92,0
MG,636,3170503,Urucânia,0.0541,55.6,81.15,59.62,-21.53,0
MG,637,3120508,Cristina,0.0541,55.8,81.73,59.84,-21.89,0
MG,638,3123700,Engenheiro Caldas,0.0541,58.2,63.03,61.83,-1.2,0
MG,639,3169406,Três Pontas,0.0538,61.2,81.66,64.27,-17.39,0
MG,640,3112901,Caputira,0.0537,59.4,83.3,62.8,-20.5,0
MG,641,3143302,Montes Claros,0.053,61.6,75.18,64.62,-10.56,0
MG,642,3132503,Itamarandiba,0.0529,59.1,81.25,62.57,-18.68,0
MG,643,3143450,Montezuma,0.0527,54.2,88.98,58.49,-30.49,0
MG,644,3172103,Volta Grande,0.0526,50.8,76.28,55.59,-20.69,0
MG,645,3156403,Romaria,0.0526,57.7,70.69,61.43,-9.26,0
MG,646,3122470,Dom Bosco,0.052,55.6,84.62,59.62,-25.0,0
MG,647,3132909,Itamogi,0.0517,61.1,80.11,64.25,-15.86,0
MG,648,3162104,São Gotardo,0.0514,53.0,75.49,57.5,-17.99,0
MG,649,3151602,Planura,0.0513,45.9,65.98,51.44,-14.54,0
MG,650,3127305,Galiléia,0.0511,47.3,62.07,52.6,-9.47,0
MG,651,3106606,Bertópolis,0.0511,59.5,85.02,62.87,-22.15,0
MG,652,3122355,Divisa Alegre,0.0507,50.9,62.69,55.72,-6.97,0
MG,653,3130507,Ilicínea,0.0504,46.0,65.15,51.49,-13.66,0
MG,654,3160603,Santo Hipólito,0.0504,58.8,93.33,62.33,-31.0,0
MG,655,3167400,Silvianópolis,0.0501,54.1,87.91,58.35,-29.56,0
MG,656,3168903,Tiros,0.0497,59.3,81.76,62.7,-19.06,0
MG,657,3125002,Ewbank da Câmara,0.0488,35.7,64.41,42.36,-22.05,0
MG,658,3166105,Senhora do Porto,0.0487,46.6,56.52,52.0,-4.52,0
MG,659,3160207,Santo Antônio do Itambé,0.0487,47.0,47.84,52.34,4.5,1
MG,660,3119005,Cordislândia,0.0487,47.1,73.53,52.49,-21.04,0
MG,661,3119401,Coronel Fabriciano,0.0487,47.4,64.1,52.71,-11.39,0
MG,662,3157500,Santa Efigênia de Minas,0.0486,43.3,75.81,49.21,-26.6,0
MG,663,3139250,Mamonas,0.0484,40.1,65.94,46.38,-19.56,0
MG,664,3147105,Pará de Minas,0.0483,53.5,69.52,57.9,-11.62,0
MG,665,3167202,Sete Lagoas,0.0483,53.6,60.35,57.97,-2.38,0
MG,666,3106705,Betim,0.0483,53.9,66.62,58.25,-8.37,0
MG,667,3127107,Frutal,0.0482,53.9,73.59,58.24,-15.35,0
MG,668,3171808,Virginópolis,0.048,44.1,65.62,49.9,-15.72,0
MG,669,3128006,Guanhães,0.0478,57.6,68.68,61.34,-7.34,0
MG,670,3165552,Setubinha,0.0477,48.7,60.0,53.85,-6.15,0
MG,671,3146107,Ouro Preto,0.0477,55.5,71.36,59.55,-11.81,0
MG,672,3153509,Alto Jequitibá,0.0474,50.8,78.73,55.63,-23.1,0
MG,673,3131604,Iraí de Minas,0.0473,38.4,77.81,44.85,-32.96,0
MG,674,3107505,Bom Jardim de Minas,0.0473,47.7,60.13,52.98,-7.15,0
MG,675,3110806,Campanário,0.0471,61.5,47.62,64.52,16.9,1
MG,676,3103702,Araponga,0.0468,47.1,91.67,52.43,-39.24,0
MG,677,3169307,Três Corações,0.0468,50.7,70.26,55.52,-14.74,0
MG,678,3134400,Iturama,0.0468,55.8,69.61,59.85,-9.76,0
MG,679,3119203,Coroaci,0.0468,56.2,73.42,60.17,-13.25,0
MG,680,3102605,Andradas,0.0468,56.3,75.04,60.22,-14.82,0
MG,681,3170701,Varginha,0.0465,50.7,71.53,55.51,-16.02,0
MG,682,3155108,Rio do Prado,0.0464,52.9,76.19,57.42,-18.77,0
MG,683,3168051,Taparuba,0.0456,44.1,80.0,49.89,-30.11,0
MG,684,3163300,São José do Divino,0.0455,45.4,54.62,50.96,-3.66,0
MG,685,3102407,Alvorada de Minas,0.0453,41.8,83.33,47.88,-35.45,0
MG,686,3139003,Machado,0.0452,59.9,87.02,63.26,-23.76,0
MG,687,3124104,Esmeraldas,0.0449,50.7,67.38,55.55,-11.83,0
MG,688,3108701,Brás Pires,0.0449,53.7,81.16,58.04,-23.12,0
MG,689,3145356,Novo Oriente de Minas,0.0444,45.0,62.37,50.62,-11.75,0
MG,690,3157609,Santa Fé de Minas,0.0443,33.4,72.51,40.26,-32.25,0
MG,691,3168606,Teófilo Otoni,0.0443,50.8,67.28,55.57,-11.71,0
MG,692,3153608,Prudente de Morais,0.0442,52.9,60.98,57.41,-3.57,0
MG,693,3157278,Santa Bárbara do Monte Verde,0.0441,52.0,67.82,56.62,-11.2,0
MG,694,3121902,Divinésia,0.044,43.0,75.0,48.91,-26.09,0
MG,695,3144656,Ninheira,0.044,49.3,77.17,54.31,-22.86,0
MG,696,3136207,João Monlevade,0.0438,60.9,79.74,64.07,-15.67,0
MG,697,3131505,Ipuiúna,0.0436,52.9,63.82,57.35,-6.47,0
MG,698,3144201,Nacip Raydan,0.0434,58.7,62.86,62.21,-0.65,0
MG,699,3144375,Natalândia,0.0433,49.2,64.21,54.28,-9.93,0
MG,700,3144672,Nova Belém,0.0433,50.0,48.0,54.93,6.93,1
MG,701,3171402,Vieiras,0.0433,50.4,74.62,55.31,-19.31,0
MG,702,3148756,Pedra Bonita,0.0431,61.4,91.18,64.45,-26.73,0
MG,703,3150158,Piedade de Caratinga,0.0425,52.8,74.09,57.33,-16.76,0
MG,704,3165503,Sardoá,0.0421,45.8,85.12,51.34,-33.78,0
MG,705,3146255,Padre Carvalho,0.0421,47.1,64.75,52.45,-12.3,0
MG,706,3128709,Guaxupé,0.0419,53.5,66.93,57.85,-9.08,0
MG,707,3144300,Nanuque,0.0418,52.0,57.67,56.6,-1.07,0
MG,708,3101805,Alpercata,0.0414,46.1,70.83,51.63,-19.2,0
MG,709,3106200,Belo Horizonte,0.0405,57.6,68.58,61.33,-7.25,0
MG,710,3126406,Fortuna de Minas,0.0405,59.3,90.83,62.69,-28.14,0
MG,711,3107604,Bom Jesus da Penha,0.0404,51.3,87.21,55.99,-31.22,0
MG,712,3136306,João Pinheiro,0.0401,60.1,69.87,63.39,-6.48,0
MG,713,3154150,Reduto,0.04,39.4,83.87,45.77,-38.1,0
MG,714,3130705,Indianópolis,0.0398,43.1,53.9,49.02,-4.88,0
MG,715,3129004,Guiricema,0.0398,44.7,82.89,50.41,-32.48,0
MG,716,3125101,Extrema,0.0396,57.7,69.33,61.38,-7.95,0
MG,717,3149507,Pequeri,0.0393,32.0,69.05,39.0,-30.05,0
MG,718,3150570,Pintópolis,0.0393,48.0,64.82,53.21,-11.61,0
MG,719,3142106,Miradouro,0.039,47.3,75.29,52.6,-22.69,0
MG,720,3165404,Sapucaí-Mirim,0.039,52.9,75.07,57.41,-17.66,0
MG,721,3171709,Virgínia,0.0385,57.9,74.66,61.6,-13.06,0
MG,722,3146701,Palma,0.0384,27.0,75.61,34.19,-41.42,0
MG,723,3126604,Francisco Dumont,0.0384,31.5,37.5,38.49,0.99,1
MG,724,3137601,Lagoa Santa,0.0382,61.7,72.24,64.72,-7.52,0
MG,725,3126802,Frei Gaspar,0.0378,51.8,69.89,56.48,-13.41,0
MG,726,3128253,Guaraciama,0.0377,42.0,80.7,48.04,-32.66,0
MG,727,3150109,Piau,0.0375,29.6,75.58,36.74,-38.84,0
MG,728,3113800,Carmésia,0.0375,29.8,62.5,36.86,-25.64,0
MG,729,3123809,Engenheiro Navarro,0.0375,44.7,76.22,50.36,-25.86,0
MG,730,3132602,Itamarati de Minas,0.0374,48.0,73.68,53.26,-20.42,0
MG,731,3104809,Augusto de Lima,0.0374,48.2,48.8,53.39,4.59,1
MG,732,3113404,Caratinga,0.0374,50.3,67.42,55.16,-12.26,0
MG,733,3156205,Rochedo de Minas,0.0374,56.6,58.33,60.44,2.11,1
MG,734,3130002,Ibituruna,0.0374,60.6,83.33,63.8,-19.53,0
MG,735,3160504,Santo Antônio do Rio Abaixo,0.0372,60.0,91.67,63.31,-28.36,0
MG,736,3151800,Poços de Caldas,0.0371,58.1,79.39,61.73,-17.66,0
MG,737,3152501,Pouso Alegre,0.0371,58.9,70.53,62.41,-8.12,0
MG,738,3105608,Barbacena,0.0371,59.3,81.97,62.71,-19.26,0
MG,739,3123106,Dores de Guanhães,0.0369,42.6,72.49,48.52,-23.97,0
MG,740,3110905,Campanha,0.0362,42.0,64.8,48.0,-16.8,0
MG,741,3107406,Bom Despacho,0.0361,42.9,65.88,48.79,-17.09,0
MG,742,3103405,Araçuaí,0.0361,44.3,50.75,50.02,-0.73,0
MG,743,3130051,Icaraí de Minas,0.0358,54.0,77.42,58.3,-19.12,0
MG,744,3116100,Chapada do Norte,0.0357,41.1,66.15,47.26,-18.89,0
MG,745,3161403,São Francisco do Glória,0.0353,59.4,78.59,62.82,-15.77,0
MG,746,3130101,Igarapé,0.0352,51.9,73.84,56.52,-17.32,0
MG,747,3152105,Ponte Nova,0.0352,52.7,81.27,57.17,-24.1,0
MG,748,3161106,São Francisco,0.0351,46.2,58.24,51.71,-6.53,0
MG,749,3122900,Dona Euzébia,0.0351,47.1,95.71,52.47,-43.24,0
MG,750,3136603,Nova União,0.0351,48.0,92.79,53.22,-39.57,0
MG,751,3134301,Itumirim,0.0351,59.2,73.75,62.66,-11.09,0
MG,752,3112059,Cantagalo,0.0351,60.2,65.99,63.46,-2.53,0
MG,753,3127701,Governador Valadares,0.0349,52.1,68.07,56.68,-11.39,0
MG,754,3101607,Alfenas,0.0349,59.1,76.61,62.52,-14.09,0
MG,755,3170107,Uberaba,0.0348,45.8,57.68,51.32,-6.36,0
MG,756,3157104,Salto da Divisa,0.0345,43.8,59.15,49.57,-9.58,0
MG,757,3117009,Comercinho,0.0345,58.3,68.38,61.87,-6.51,0
MG,758,3110103,Caiana,0.0345,58.5,76.5,62.1,-14.4,0
MG,759,3157658,Santa Helena de Minas,0.0345,59.3,90.81,62.75,-28.06,0
MG,760,3164472,São Sebastião do Anta,0.0343,58.2,81.32,61.81,-19.51,0
MG,761,3165305,São Vicente de Minas,0.0335,60.1,81.64,63.39,-18.25,0
MG,762,3102704,Cachoeira de Pajeú,0.0335,60.3,77.96,63.57,-14.39,0
MG,763,3126208,Formoso,0.0335,61.1,74.9,64.21,-10.69,0
MG,764,3159001,Santana do Riacho,0.0332,60.9,80.15,64.05,-16.1,0
MG,765,3171204,Vespasiano,0.0325,54.1,70.35,58.37,-11.98,0
MG,766,3126000,Florestal,0.0324,57.2,85.73,60.94,-24.79,0
MG,767,3140001,Mariana,0.0321,53.8,65.6,58.12,-7.48,0
MG,768,3107109,Boa Esperança,0.0321,53.8,74.5,58.17,-16.33,0
MG,769,3169208,Tombos,0.0321,56.8,80.55,60.67,-19.88,0
MG,770,3157807,Santa Luzia,0.0318,51.5,72.16,56.2,-15.96,0
MG,771,3118601,Contagem,0.0318,53.7,69.05,58.08,-10.97,0
MG,772,3156452,Rosário da Limeira,0.0318,55.9,78.18,59.92,-18.26,0
MG,773,3153103,Presidente Bernardes,0.0316,57.1,88.0,60.93,-27.07,0
MG,774,3159357,Santa Rita de Minas,0.0314,61.3,58.94,64.4,5.46,1
MG,775,3128907,Guimarânia,0.0311,60.6,85.1,63.8,-21.3,0
MG,776,3112109,Caparaó,0.0304,60.2,67.92,63.44,-4.48,0
MG,777,3163102,São José da Varginha,0.0303,55.1,82.68,59.26,-23.42,0
MG,778,3136702,Juiz de Fora,0.0301,43.6,49.55,49.46,-0.09,0
MG,779,3121258,Delta,0.0296,51.0,47.77,55.77,8.0,1
MG,780,3125606,Felisburgo,0.0296,52.2,70.2,56.8,-13.4,0
MG,781,3101706,Almenara,0.0282,39.2,55.06,45.59,-9.47,0
MG,782,3146750,Palmópolis,0.028,38.7,69.41,45.12,-24.29,0
MG,783,3142254,Miravânia,0.028,40.7,41.67,46.9,5.23,1
MG,784,3131901,Itabirito,0.0268,60.0,80.44,63.29,-17.15,0
MG,785,3143906,Muriaé,0.0267,58.5,73.13,62.06,-11.07,0
MG,786,3138401,Leopoldina,0.0267,58.7,65.18,62.21,-2.97,0
MG,787,3140852,Matias Cardoso,0.0249,37.7,31.08,44.2,13.12,1
MG,788,3158607,Santana do Deserto,0.0239,58.3,80.09,61.92,-18.17,0
MG,789,3160801,São Bento Abade,0.0238,58.2,76.67,61.84,-14.83,0
MG,790,3158508,Santana de Pirapama,0.0214,44.6,64.47,50.29,-14.18,0
MG,791,3156304,Rodeiro,0.0214,44.7,81.95,50.42,-31.53,0
MG,792,3113305,Carangola,0.0205,50.8,52.42,55.64,3.22,1
MG,793,3154804,Rio Acima,0.0199,40.7,72.91,46.93,-25.98,0
MG,794,3141108,Matozinhos,0.0194,47.5,57.88,52.79,-5.09,0
MG,795,3103504,Araguari,0.0194,47.9,64.76,53.17,-11.59,0
MG,796,3135050,Jaíba,0.0192,42.8,63.5,48.75,-14.75,0
MG,797,3129806,Ibirité,0.017,51.6,63.66,56.29,-7.37,0
MG,798,3166709,Serra dos Aimorés,0.0165,51.8,65.83,56.46,-9.37,0
MG,799,3133600,Itapeva,0.0165,52.0,67.89,56.63,-11.26,0
MG,800,3109600,Cachoeira da Prata,0.0162,52.4,80.0,56.96,-23.04,0
MG,801,3120151,Crisólita,0.0158,53.0,48.66,57.46,8.8,1
MT,1,5104542,Itanhangá,0.9426,89.0,77.99,80.0,2.01,1
MT,2,5103601,Dom Aquino,0.9385,88.3,71.45,80.0,8.55,1
MT,3,5104203,Guiratinga,0.9253,86.4,84.49,80.0,-4.49,0
MT,4,5103908,General Carneiro,0.9015,89.1,71.41,80.0,8.59,1
MT,5,5103106,Cocalinho,0.8552,78.7,52.39,78.9,26.51,1
MT,6,5105234,Lambari D'Oeste,0.8155,87.1,51.5,80.0,28.5,1
MT,7,5106109,Nossa Senhora do Livramento,0.8121,68.5,82.05,70.38,-11.67,0
MT,8,5108956,Nova Monte Verde,0.7877,77.2,92.37,77.58,-14.79,0
MT,9,5100508,Alto Paraguai,0.7807,67.6,52.43,69.57,17.14,1
MT,10,5107875,Sapezal,0.7464,69.8,84.38,71.39,-12.99,0
MT,11,5107297,São José do Povo,0.7376,80.7,74.75,80.0,5.25,1
MT,12,5102850,Castanheira,0.7137,63.1,64.87,65.88,1.01,1
MT,13,5105309,Luciara,0.6951,37.7,46.43,44.17,-2.26,0
MT,14,5107248,Santa Carmem,0.6752,71.5,93.91,72.84,-21.07,0
MT,15,5108808,Nova Guarita,0.6743,68.0,67.3,69.95,2.65,1
MT,16,5103353,Confresa,0.6681,35.6,54.24,42.31,-11.93,0
MT,17,5107883,Serra Nova Dourada,0.6574,65.3,94.74,67.73,-27.01,0
MT,18,5106190,Nova Santa Helena,0.6566,79.2,75.07,79.33,4.26,1
MT,19,5107404,São Pedro da Cipa,0.6321,72.9,76.26,74.0,-2.26,0
MT,20,5104526,Ipiranga do Norte,0.6233,61.8,59.46,64.83,5.37,1
MT,21,5108402,Várzea Grande,0.6151,47.9,61.76,53.18,-8.58,0
MT,22,5106299,Paranaíta,0.603,60.7,79.7,63.88,-15.82,0
MT,23,5103700,Feliz Natal,0.602,65.2,51.15,67.6,16.45,1
MT,24,5107602,Rondonópolis,0.5941,52.8,60.49,57.26,-3.23,0
MT,25,5106653,Pontal do Araguaia,0.5915,69.7,51.2,71.32,20.12,1
MT,26,5103809,Figueirópolis D'Oeste,0.5769,86.0,58.78,80.0,21.22,1
MT,27,5106158,Nova Bandeirantes,0.5723,73.3,76.59,74.34,-2.25,0
MT,28,5102603,Campinápolis,0.5705,38.8,44.13,45.19,1.06,1
MT,29,5107958,Tangará da Serra,0.559,48.7,58.95,53.83,-5.12,0
MT,30,5106273,Novo Horizonte do Norte,0.5569,63.0,69.12,65.77,-3.35,0
MT,31,5101308,Arenápolis,0.5531,62.3,58.62,65.24,6.62,1
MT,32,5108907,Nova Maringá,0.5452,61.8,62.38,64.76,2.38,1
MT,33,5101605,Barão de Melgaço,0.5448,60.0,41.67,63.34,21.67,1
MT,34,5106240,Nova Ubiratã,0.5427,73.2,58.41,74.28,15.87,1
MT,35,5105606,Matupá,0.5398,65.6,52.57,67.95,15.38,1
MT,36,5100359,Alto Boa Vista,0.5376,93.7,48.84,80.0,31.16,1
MT,37,5107792,Santo Antônio do Leste,0.536,61.0,75.82,64.12,-11.7,0
MT,38,5107065,Querência,0.5307,57.8,74.18,61.52,-12.66,0
MT,39,5107909,Sinop,0.5253,57.0,54.33,60.84,6.51,1
MT,40,5106851,Porto Estrela,0.5239,89.1,77.75,80.0,2.25,1
MT,41,5106257,Nova Xavantina,0.5072,71.6,45.12,72.93,27.81,1
MT,42,5103452,Denise,0.4863,58.2,83.58,61.8,-21.78,0
MT,43,5108501,Vera,0.4788,34.8,52.77,41.54,-11.23,0
MT,44,5106224,Nova Mutum,0.478,64.2,74.86,66.79,-8.07,0
MT,45,5100607,Alto Taquari,0.4721,72.3,70.01,73.52,3.51,1
MT,46,5107305,São José do Rio Claro,0.4696,73.2,60.28,74.23,13.95,1
MT,47,5106000,Nortelândia,0.4654,47.5,65.5,52.79,-12.71,0
MT,48,5107180,Ribeirão Cascalheira,0.4651,63.4,70.87,66.14,-4.73,0
MT,49,5103957,Glória D'Oeste,0.4534,90.6,83.78,80.0,-3.78,0
MT,50,5101803,Barra do Garças,0.449,61.2,68.34,64.28,-4.06,0
MT,51,5100300,Alto Araguaia,0.4486,73.8,75.59,74.79,-0.8,0
MT,52,5103403,Cuiabá,0.4411,53.9,46.56,58.26,11.7,1
MT,53,5106372,Pedra Preta,0.439,56.7,65.1,60.59,-4.51,0
MT,54,5106182,Nova Lacerda,0.4365,55.2,67.64,59.29,-8.35,0
MT,55,5105580,Marcelândia,0.426,62.3,65.36,65.23,-0.13,0
MT,56,5106703,Ponte Branca,0.4242,76.8,96.88,77.25,-19.63,0
MT,57,5103056,Cláudia,0.4235,58.4,66.28,61.97,-4.31,0
MT,58,5105259,Lucas do Rio Verde,0.4235,64.0,73.53,66.59,-6.94,0
MT,59,5104807,Jaciara,0.4218,57.0,55.26,60.83,5.57,1
MT,60,5103379,Cotriguaçu,0.4201,58.4,62.71,61.94,-0.77,0
MT,61,5107107,São José dos Quatro Marcos,0.4176,90.1,68.7,80.0,11.3,1
MT,62,5107925,Sorriso,0.3956,79.1,81.05,79.21,-1.84,0
MT,63,5108006,Tapurah,0.3946,55.9,68.81,59.92,-8.89,0
MT,64,5100201,Água Boa,0.39,59.1,79.49,62.56,-16.93,0
MT,65,5106422,Peixoto de Azevedo,0.3887,36.1,41.77,42.73,0.96,1
MT,66,5101407,Aripuanã,0.3698,60.2,61.83,63.44,1.61,1
MT,67,5107941,Tabaporã,0.3647,51.4,62.36,56.15,-6.21,0
MT,68,5106265,Novo Mundo,0.3615,53.6,67.67,57.99,-9.68,0
MT,69,5108303,União do Sul,0.3537,60.4,68.93,63.63,-5.3,0
MT,70,5105176,Juruena,0.3381,59.7,73.66,63.07,-10.59,0
MT,71,5107768,Santa Rita do Trivelato,0.3351,64.8,62.63,67.26,4.63,1
MT,72,5106752,Pontes e Lacerda,0.3347,68.0,66.49,69.94,3.45,1
MT,73,5102678,Campo Verde,0.3341,56.2,65.32,60.16,-5.16,0
MT,74,5106802,Porto dos Gaúchos,0.3333,75.6,74.29,76.25,1.96,1
MT,75,5103007,Chapada dos Guimarães,0.3295,47.7,69.0,52.97,-16.03,0
MT,76,5107743,Santa Cruz do Xingu,0.3208,53.5,73.81,57.91,-15.9,0
MT,77,5106216,Nova Canaã do Norte,0.3196,56.6,68.51,60.45,-8.06,0
MT,78,5106455,Planalto da Serra,0.3185,58.6,90.32,62.17,-28.15,0
MT,79,5108204,Torixoréu,0.3177,95.1,88.61,80.0,-8.61,0
MT,80,5105903,Nobres,0.3068,56.9,60.61,60.77,0.16,1
MT,81,5107750,Salto do Céu,0.3031,95.2,97.49,80.0,-17.49,0
MT,82,5101852,Bom Jesus do Araguaia,0.2902,31.3,82.63,38.34,-44.29,0
MT,83,5106208,Nova Brasilândia,0.2717,55.7,81.37,59.69,-21.68,0
MT,84,5100102,Acorizal,0.2616,38.0,40.41,44.52,4.11,1
MT,85,5106778,Porto Alegre do Norte,0.2576,31.1,53.25,38.13,-15.12,0
MT,86,5102637,Campo Novo do Parecis,0.2546,62.2,69.9,65.16,-4.74,0
MT,87,5107156,Reserva do Cabaçal,0.2501,76.3,83.86,76.82,-7.04,0
MT,88,5104104,Guarantã do Norte,0.2462,60.8,54.22,63.98,9.76,1
MT,89,5105507,Vila Bela da Santíssima Trindade,0.24,46.8,52.38,52.17,-0.21,0
MT,90,5100409,Alto Garças,0.2371,40.7,52.91,46.93,-5.98,0
MT,91,5101001,Araguaiana,0.2256,100.0,91.53,80.0,-11.53,0
MT,92,5107206,Rio Branco,0.2016,48.2,81.6,53.36,-28.24,0
MT,93,5108055,Terra Nova do Norte,0.1862,58.7,61.14,62.25,1.11,1
MT,94,5105002,Jauru,0.1767,46.7,74.68,52.12,-22.56,0
MT,95,5107859,São Félix do Araguaia,0.1755,34.8,33.38,41.62,8.24,1
MT,96,5106232,Nova Olímpia,0.1722,50.7,57.29,55.56,-1.73,0
MT,97,5102694,Canabrava do Norte,0.1643,34.7,78.89,41.47,-37.42,0
MT,98,5103437,Curvelândia,0.1577,33.2,92.97,40.14,-52.83,0
MT,99,5107776,Santa Terezinha,0.1565,39.8,40.74,46.1,5.36,1
MT,100,5105150,Juína,0.1521,45.5,56.58,51.09,-5.49,0
MT,101,5107040,Primavera do Leste,0.1485,49.2,58.79,54.21,-4.58,0
MT,102,5103304,Comodoro,0.1454,57.8,47.59,61.46,13.87,1
MT,103,5106281,Novo São Joaquim,0.1441,58.8,94.16,62.33,-31.83,0
MT,104,5102686,Campos de Júlio,0.1387,48.2,65.76,53.38,-12.38,0
MT,105,5100805,Apiacás,0.138,48.7,74.17,53.82,-20.35,0
MT,106,5100250,Alta Floresta,0.137,53.5,71.46,57.91,-13.55,0
MT,107,5104559,Itaúba,0.1359,58.0,67.42,61.64,-5.78,0
MT,108,5105200,Juscimeira,0.1321,48.7,67.06,53.79,-13.27,0
MT,109,5106505,Poconé,0.1307,31.4,38.36,38.45,0.09,1
MT,110,5106315,Novo Santo Antônio,0.1305,71.2,58.27,72.61,14.34,1
MT,111,5102702,Canarana,0.1243,32.5,42.06,39.4,-2.66,0
MT,112,5101704,Barra do Bugres,0.1152,50.9,72.78,55.71,-17.07,0
MT,113,5104500,Indiavaí,0.0975,44.7,67.61,50.4,-17.21,0
MT,114,5101258,Araputanga,0.0954,48.5,60.47,53.64,-6.83,0
MT,115,5108857,Nova Marilândia,0.0944,44.1,80.62,49.91,-30.71,0
MT,116,5101209,Araguainha,0.0933,22.2,100.0,29.4,-70.6,0
MT,117,5106307,Paranatinga,0.0904,45.4,60.98,50.99,-9.99,0
MT,118,5103254,Colniza,0.0832,41.7,69.19,47.78,-21.41,0
MT,119,5104906,Jangada,0.0812,55.9,54.87,59.89,5.02,1
MT,120,5108600,Vila Rica,0.0731,47.9,55.24,53.14,-2.1,0
MT,121,5103361,Conquista D'Oeste,0.0667,40.9,69.46,47.02,-22.44,0
MT,122,5101902,Brasnorte,0.0626,51.9,69.06,56.56,-12.5,0
MT,123,5104609,Itiquira,0.0624,42.6,58.16,48.53,-9.63,0
MT,124,5103502,Diamantino,0.062,52.1,65.08,56.72,-8.36,0
MT,125,5103858,Gaúcha do Norte,0.0596,45.0,59.6,50.68,-8.92,0
MT,126,5102793,Carlinda,0.0529,42.5,98.95,48.49,-50.46,0
MT,127,5107008,Poxoréu,0.0452,47.1,46.03,52.47,6.44,1
MT,128,5102504,Cáceres,0.0315,47.5,51.27,52.83,1.56,1
MT,129,5107701,Rosário Oeste,0.028,53.7,56.37,58.02,1.65,1
MT,130,5106828,Porto Esperidião,0.0151,44.0,49.8,49.74,-0.06,0
MT,131,5106174,Nova Nazaré,0.0147,45.8,85.25,51.34,-33.91,0
MT,132,5105101,Juara,0.0138,53.3,64.06,57.76,-6.3,0
MT,133,5105622,Mirassol d'Oeste,0.0131,51.7,60.12,56.36,-3.76,0
MT,134,5103205,Colíder,0.0081,49.3,64.22,54.3,-9.92,0
MT,135,5107578,Rondolândia,0.0057,29.0,71.43,36.18,-35.25,0
MT,136,5108352,Vale de São Domingos,0.0004,48.8,23.86,53.92,30.06,1
MT,137,5107198,Ribeirãozinho,0.0004,49.0,52.72,54.05,1.33,1
MT,138,5107354,São José do Xingu,0.0004,51.3,35.26,56.04,20.78,1
MT,139,5107263,Santo Afonso,0.0004,52.1,76.83,56.69,-20.14,0
PA,1,1506708,Santana do Araguaia,0.9932,54.5,58.51,58.75,0.24,1
PA,2,1505064,Novo Repartimento,0.9932,55.6,47.88,59.65,11.77,1
PA,3,1505536,Parauapebas,0.9841,54.3,49.49,58.58,9.09,1
PA,4,1506807,Santarém,0.9823,54.9,51.29,59.08,7.79,1
PA,5,1504208,Marabá,0.9732,51.5,50.68,56.17,5.49,1
PA,6,1506138,Redenção,0.9642,55.1,58.25,59.2,0.95,1
PA,7,1506005,Prainha,0.9603,57.3,43.28,61.1,17.82,1
PA,8,1502103,Cametá,0.9585,40.4,39.08,46.63,7.55,1
PA,9,1501402,Belém,0.95,48.2,46.08,53.42,7.34,1
PA,10,1501808,Breves,0.9481,44.0,55.58,49.78,-5.8,0
PA,11,1501006,Aveiro,0.9392,57.2,64.37,61.01,-3.36,0
PA,12,1505106,Óbidos,0.936,48.8,53.98,53.94,-0.04,0
PA,13,1501907,Bujaru,0.9349,51.4,51.61,56.12,4.51,1
PA,14,1506302,Salvaterra,0.931,52.0,49.47,56.58,7.11,1
PA,15,1505437,Ourilândia do Norte,0.9291,48.7,53.11,53.81,0.7,1
PA,16,1504422,Marituba,0.9264,57.3,48.97,61.1,12.13,1
PA,17,1502152,Canaã dos Carajás,0.9205,62.1,65.12,65.05,-0.07,0
PA,18,1504802,Monte Alegre,0.9022,54.0,46.69,58.27,11.58,1
PA,19,1506104,Primavera,0.9002,49.0,49.94,54.05,4.11,1
PA,20,1505007,Nova Timboteua,0.8983,50.3,51.68,55.21,3.53,1
PA,21,1502772,Curionópolis,0.8967,50.8,72.88,55.58,-17.3,0
PA,22,1502954,Eldorado do Carajás,0.8967,52.9,50.59,57.37,6.78,1
PA,23,1500800,Ananindeua,0.895,59.0,52.74,62.51,9.77,1
PA,24,1502764,Cumaru do Norte,0.8811,50.1,45.2,55.05,9.85,1
PA,25,1502301,Capitão Poço,0.8736,51.0,48.98,55.77,6.79,1
PA,26,1503903,Juruti,0.8729,49.2,51.0,54.21,3.21,1
PA,27,1508407,Xinguara,0.8563,49.9,49.27,54.82,5.55,1
PA,28,1508100,Tucuruí,0.8558,37.3,44.7,43.83,-0.87,0
PA,29,1501782,Breu Branco,0.8532,31.2,50.55,38.27,-12.28,0
PA,30,1504455,Medicilândia,0.8521,49.0,48.44,54.08,5.64,1
PA,31,1506195,Rurópolis,0.8516,58.0,54.76,61.62,6.86,1
PA,32,1508001,Tomé-Açu,0.8483,48.0,49.49,53.23,3.74,1
PA,33,1508050,Trairão,0.8406,70.8,62.19,72.29,10.1,1
PA,34,1503309,Igarapé-Miri,0.8391,36.7,41.34,43.33,1.99,1
PA,35,1507706,São Sebastião da Boa Vista,0.8389,48.1,47.41,53.3,5.89,1
PA,36,1505304,Oriximiná,0.8319,34.5,30.61,41.32,10.71,1
PA,37,1506401,Santa Cruz do Arari,0.8302,49.9,52.31,54.82,2.51,1
PA,38,1502004,Cachoeira do Arari,0.8275,52.1,33.12,56.72,23.6,1
PA,39,1500107,Abaetetuba,0.8189,39.7,35.85,46.03,10.18,1
PA,40,1501709,Bragança,0.7971,42.7,37.0,48.67,11.67,1
PA,41,1508084,Tucumã,0.7949,58.8,48.54,62.31,13.77,1
PA,42,1506203,Salinópolis,0.786,43.3,50.44,49.14,-1.3,0
PA,43,1507607,São Miguel do Guamá,0.7853,38.7,49.59,45.1,-4.49,0
PA,44,1504307,Maracanã,0.7848,68.1,47.51,69.99,22.48,1
PA,45,1501303,Barcarena,0.7845,46.6,39.5,51.99,12.49,1
PA,46,1505403,Ourém,0.7779,48.5,56.24,53.68,-2.56,0
PA,47,1503457,Ipixuna do Pará,0.7757,39.7,42.95,46.0,3.05,1
PA,48,1504000,Limoeiro do Ajuru,0.7757,47.6,47.82,52.92,5.1,1
PA,49,1507979,Terra Santa,0.7707,70.7,65.58,72.19,6.61,1
PA,50,1508357,Vitória do Xingu,0.7634,60.6,70.18,63.83,-6.35,0
PA,51,1501105,Bagre,0.7614,46.7,53.31,52.12,-1.19,0
PA,52,1506500,Santa Izabel do Pará,0.759,40.8,34.18,46.98,12.8,1
PA,53,1503507,Irituia,0.7471,45.3,49.64,50.89,1.25,1
PA,54,1508035,Tracuateua,0.7439,48.5,37.16,53.63,16.47,1
PA,55,1506906,Santarém Novo,0.7404,52.2,78.25,56.76,-21.49,0
PA,56,1508308,Viseu,0.7402,34.3,38.21,41.1,2.89,1
PA,57,1500602,Altamira,0.7402,46.7,45.32,52.09,6.77,1
PA,58,1506583,Santa Maria das Barreiras,0.7397,53.6,42.45,58.01,15.56,1
PA,59,1500404,Alenquer,0.7302,36.4,34.75,43.05,8.3,1
PA,60,1502939,Dom Eliseu,0.7301,59.3,69.24,62.75,-6.49,0
PA,61,1506112,Quatipuru,0.7216,48.9,47.3,53.99,6.69,1
PA,62,1505502,Paragominas,0.7163,62.5,56.72,65.34,8.62,1
PA,63,1500305,Afuá,0.7119,30.8,38.18,37.86,-0.32,0
PA,64,1505908,Porto de Moz,0.7116,72.5,81.16,73.69,-7.47,0
PA,65,1507003,Santo Antônio do Tauá,0.7083,25.7,31.66,32.94,1.28,1
PA,66,1508126,Ulianópolis,0.708,61.8,61.52,64.77,3.25,1
PA,67,1500206,Acará,0.7047,39.0,41.73,45.4,3.67,1
PA,68,1506559,Santa Luzia do Pará,0.7011,56.5,39.77,60.36,20.59,1
PA,69,1500859,Anapu,0.696,48.8,48.45,53.88,5.43,1
PA,70,1504752,Mojuí dos Campos,0.6926,55.2,43.72,59.31,15.59,1
PA,71,1502202,Capanema,0.6899,62.0,59.49,64.97,5.48,1
PA,72,1502806,Curralinho,0.6885,25.1,24.03,32.28,8.25,1
PA,73,1502756,Concórdia do Pará,0.6846,40.6,54.24,46.82,-7.42,0
PA,74,1503200,Igarapé-Açu,0.6819,32.8,40.43,39.7,-0.73,0
PA,75,1502855,Curuá,0.6761,37.5,42.47,44.07,1.6,1
PA,76,1504059,Mãe do Rio,0.6732,45.5,46.97,51.07,4.1,1
PA,77,1504505,Melgaço,0.6696,38.0,28.64,44.48,15.84,1
PA,78,1503408,Inhangapi,0.6655,21.8,45.41,29.0,-16.41,0
PA,79,1503077,Garrafão do Norte,0.6655,38.0,32.89,44.45,11.56,1
PA,80,1501758,Brejo Grande do Araguaia,0.6647,61.6,75.7,64.62,-11.08,0
PA,81,1507102,São Caetano de Odivelas,0.6639,33.4,69.85,40.26,-29.59,0
PA,82,1503804,Jacundá,0.6634,40.5,37.87,46.69,8.82,1
PA,83,1504950,Nova Esperança do Piriá,0.6587,35.6,50.02,42.35,-7.67,0
PA,84,1504604,Mocajuba,0.6557,32.0,37.29,38.95,1.66,1
PA,85,1500958,Aurora do Pará,0.6389,34.0,55.54,40.81,-14.73,0
PA,86,1507904,Soure,0.6356,62.8,52.41,65.61,13.2,1
PA,87,1501956,Cachoeira do Piriá,0.6244,47.7,52.04,53.0,0.96,1
PA,88,1505551,Pau D'Arco,0.6218,50.7,48.91,55.49,6.58,1
PA,89,1503093,Goianésia do Pará,0.6026,46.1,42.29,51.56,9.27,1
PA,90,1507458,São Geraldo do Araguaia,0.6,46.5,52.06,51.94,-0.12,0
PA,91,1504901,Muaná,0.5969,36.2,33.63,42.83,9.2,1
PA,92,1501501,Benevides,0.5954,60.6,65.29,63.8,-1.49,0
PA,93,1507151,São Domingos do Araguaia,0.5895,46.1,40.37,51.56,11.19,1
PA,94,1506351,Santa Bárbara do Pará,0.5787,37.6,46.35,44.15,-2.2,0
PA,95,1505486,Pacajá,0.5736,37.3,45.49,43.87,-1.62,0
PA,96,1507953,Tailândia,0.57,37.7,37.9,44.19,6.29,1
PA,97,1505205,Oeiras do Pará,0.5657,18.5,31.03,25.53,-5.5,0
PA,98,1505601,Peixe-Boi,0.5565,53.8,84.31,58.11,-26.2,0
PA,99,1503606,Itaituba,0.5419,61.0,59.22,64.14,4.92,1
PA,100,1503705,Itupiranga,0.5394,42.7,44.08,48.62,4.54,1
PA,101,1503044,Floresta do Araguaia,0.5372,47.8,67.37,53.03,-14.34,0
PA,102,1508159,Uruará,0.5367,65.5,60.84,67.88,7.04,1
PA,103,1501725,Brasil Novo,0.5249,73.2,87.6,74.26,-13.34,0
PA,104,1501576,Bom Jesus do Tocantins,0.5233,58.1,51.82,61.74,9.92,1
PA,105,1503002,Faro,0.5113,51.1,51.79,55.82,4.03,1
PA,106,1505635,Piçarra,0.4931,58.3,57.18,61.89,4.71,1
PA,107,1506187,Rondon do Pará,0.4855,60.2,68.8,63.45,-5.35,0
PA,108,1505809,Portel,0.4848,43.7,40.72,49.51,8.79,1
PA,109,1504703,Moju,0.4668,32.1,34.29,39.09,4.8,1
PA,110,1500909,Augusto Corrêa,0.4494,38.6,43.99,44.99,1.0,1
PA,111,1505031,Novo Progresso,0.4454,61.4,56.8,64.5,7.7,1
PA,112,1502707,Conceição do Araguaia,0.4401,38.7,50.69,45.08,-5.61,0
PA,113,1500503,Almeirim,0.434,30.7,38.92,37.74,-1.18,0
PA,114,1507409,São Francisco do Pará,0.4082,37.0,37.44,43.6,6.16,1
PA,115,1505700,Ponta de Pedras,0.406,38.7,57.13,45.11,-12.02,0
PA,116,1500701,Anajás,0.4031,26.8,33.83,34.01,0.18,1
PA,117,1502509,Chaves,0.3941,44.8,74.09,50.48,-23.61,0
PA,118,1501600,Bonito,0.389,37.0,32.2,43.59,11.39,1
PA,119,1507961,Terra Alta,0.3751,42.0,49.88,48.0,-1.88,0
PA,120,1502608,Colares,0.3689,54.4,37.22,58.64,21.42,1
PA,121,1507201,São Domingos do Capim,0.3201,30.8,32.97,37.87,4.9,1
PA,122,1504109,Magalhães Barata,0.3197,54.0,60.05,58.32,-1.73,0
PA,123,1501451,Belterra,0.3017,60.6,57.61,63.83,6.22,1
PA,124,1504976,Nova Ipixuna,0.2857,44.4,52.55,50.09,-2.46,0
PA,125,1501204,Baião,0.2741,27.5,38.16,34.71,-3.45,0
PA,126,1508209,Vigia,0.2605,29.8,37.71,36.87,-0.84,0
PA,127,1506161,Rio Maria,0.2532,41.8,56.31,47.85,-8.46,0
PA,128,1500131,Abel Figueiredo,0.2284,59.8,54.88,63.15,8.27,1
PA,129,1502905,Curuçá,0.2145,30.8,33.48,37.86,4.38,1
PA,130,1500347,Água Azul do Norte,0.2,27.8,51.4,34.94,-16.46,0
PA,131,1507474,São João de Pirabas,0.1763,29.8,40.76,36.94,-3.82,0
PA,132,1507508,São João do Araguaia,0.1725,33.6,35.42,40.49,5.07,1
PA,133,1507755,Sapucaia,0.1651,79.9,71.84,79.9,8.06,1
PA,134,1504406,Marapanim,0.1567,28.7,45.42,35.89,-9.53,0
PA,135,1505494,Palestina do Pará,0.1375,33.8,44.75,40.66,-4.09,0
PA,136,1507805,Senador José Porfírio,0.13,33.2,35.9,40.12,4.22,1
PB,1,2515500,Serra Branca,0.9702,57.6,54.35,61.29,6.94,1
PB,2,2506707,Imaculada,0.97,67.1,39.64,69.22,29.58,1
PB,3,2501609,Barra de Santa Rosa,0.952,56.4,45.83,60.31,14.48,1
PB,4,2510105,Nova Floresta,0.944,66.1,67.53,68.38,0.85,1
PB,5,2504801,Coremas,0.9355,67.1,48.71,69.16,20.45,1
PB,6,2508000,Juru,0.935,66.0,47.76,68.31,20.55,1
PB,7,2500502,Alagoinha,0.9324,57.3,53.1,61.06,7.96,1
PB,8,2509909,Natuba,0.9133,58.8,47.23,62.3,15.07,1
PB,9,2513109,Salgado de São Félix,0.913,87.4,40.52,80.0,39.48,1
PB,10,2506806,Ingá,0.9082,57.3,37.97,61.08,23.11,1
PB,11,2512705,Remígio,0.8952,58.8,49.27,62.28,13.01,1
PB,12,2504900,Cruz do Espírito Santo,0.8867,56.4,47.63,60.34,12.71,1
PB,13,2501906,Belém,0.8821,56.8,34.72,60.65,25.93,1
PB,14,2512101,Pombal,0.8697,58.7,65.57,62.19,-3.38,0
PB,15,2516508,Taperoá,0.8695,78.3,90.59,78.57,-12.02,0
PB,16,2515401,São Vicente do Seridó,0.8555,55.9,54.16,59.88,5.72,1
PB,17,2516409,Tacima,0.8555,55.9,77.72,59.92,-17.8,0
PB,18,2509701,Monteiro,0.8536,55.0,61.09,59.17,-1.92,0
PB,19,2504306,Catolé do Rocha,0.8536,55.2,45.82,59.32,13.5,1
PB,20,2500601,Alhandra,0.8481,57.3,30.75,61.09,30.34,1
PB,21,2510907,Paulista,0.8473,61.9,40.28,64.86,24.58,1
PB,22,2509008,Manaíra,0.8429,91.1,50.66,80.0,29.34,1
PB,23,2504603,Conde,0.8356,62.4,69.48,65.28,-4.2,0
PB,24,2509156,Marizópolis,0.8324,100.0,98.16,80.0,-18.16,0
PB,25,2509057,Marcação,0.8298,68.9,24.23,70.7,46.47,1
PB,26,2508208,Lagoa de Dentro,0.8256,67.6,42.8,69.61,26.81,1
PB,27,2504405,Conceição,0.823,77.8,96.17,78.15,-18.02,0
PB,28,2515104,São Sebastião de Lagoa de Roça,0.8199,64.4,57.17,66.95,9.78,1
PB,29,2502805,Brejo do Cruz,0.8186,53.6,51.6,57.95,6.35,1
PB,30,2513406,Santa Luzia,0.8133,54.8,54.05,59.0,4.95,1
PB,31,2506251,Gado Bravo,0.8109,78.3,70.71,78.52,7.81,1
PB,32,2509503,Montadas,0.8103,65.9,82.33,68.18,-14.15,0
PB,33,2512804,Riacho dos Cavalos,0.8094,69.2,44.22,70.92,26.7,1
PB,34,2509305,Mataraca,0.7954,85.9,50.43,80.0,29.57,1
PB,35,2508307,Lagoa Seca,0.7947,66.5,46.71,68.72,22.01,1
PB,36,2512762,Riachão do Poço,0.7869,68.2,75.0,70.13,-4.87,0
PB,37,2500809,Araçagi,0.7844,64.0,47.88,66.65,18.77,1
PB,38,2510600,Ouro Velho,0.7636,89.8,100.0,80.0,-20.0,0
PB,39,2506103,Fagundes,0.7634,60.7,41.67,63.9,22.23,1
PB,40,2501203,Areial,0.7617,92.9,70.75,80.0,9.25,1
PB,41,2511103,Pedra Lavrada,0.7539,75.6,83.68,76.28,-7.4,0
PB,42,2508703,Mãe d'Água,0.7519,70.0,63.64,71.59,7.95,1
PB,43,2500205,Aguiar,0.7485,68.7,61.96,70.54,8.58,1
PB,44,2506004,Esperança,0.7469,61.5,64.21,64.55,0.34,1
PB,45,2504108,Carrapateira,0.7416,69.0,91.67,70.72,-20.95,0
PB,46,2513943,São Domingos do Cariri,0.7402,95.5,100.0,80.0,-20.0,0
PB,47,2516904,Uiraúna,0.7378,98.1,44.45,80.0,35.55,1
PB,48,2507804,Junco do Seridó,0.7292,56.2,76.21,60.17,-16.04,0
PB,49,2517407,Zabelê,0.7248,91.2,64.73,80.0,15.27,1
PB,50,2509602,Monte Horebe,0.7232,84.3,93.4,80.0,-13.4,0
PB,51,2513984,São Francisco,0.7085,56.6,97.5,60.48,-37.02,0
PB,52,2501302,Aroeiras,0.7015,68.0,44.46,69.89,25.43,1
PB,53,2509404,Mogeiro,0.7009,73.2,60.61,74.26,13.65,1
PB,54,2509800,Mulungu,0.6889,56.3,54.12,60.21,6.09,1
PB,55,2502904,Brejo dos Santos,0.6876,45.5,64.03,51.07,-12.96,0
PB,56,2504850,Coxixola,0.6832,75.0,93.33,75.76,-17.57,0
PB,57,2511400,Picuí,0.6746,52.5,42.85,57.06,14.21,1
PB,58,2511509,Pilar,0.6744,73.4,38.07,74.43,36.36,1
PB,59,2512200,Prata,0.6735,47.5,63.28,52.77,-10.51,0
PB,60,2503407,Cacimba de Areia,0.6723,63.9,52.5,66.53,14.03,1
PB,61,2511905,Pitimbu,0.6682,76.0,51.59,76.57,24.98,1
PB,62,2516706,Teixeira,0.6666,72.9,81.85,73.96,-7.89,0
PB,63,2514206,São José da Lagoa Tapada,0.6477,85.7,59.52,80.0,20.48,1
PB,64,2505709,Dona Inês,0.6432,48.9,96.29,53.98,-42.31,0
PB,65,2505402,Desterro,0.6407,55.9,45.8,59.88,14.08,1
PB,66,2512408,Puxinanã,0.6345,75.6,62.11,76.24,14.13,1
PB,67,2516607,Tavares,0.6337,75.3,67.47,75.99,8.52,1
PB,68,2505279,Curral de Cima,0.63,57.1,55.56,60.93,5.37,1
PB,69,2505907,Emas,0.6244,65.4,38.1,67.81,29.71,1
PB,70,2508604,Lucena,0.6197,47.2,44.96,52.54,7.58,1
PB,71,2505105,Cuité,0.6154,50.7,62.2,55.49,-6.71,0
PB,72,2502300,Bom Sucesso,0.605,65.4,45.24,67.77,22.53,1
PB,73,2510402,Olho d'Água,0.6042,64.2,89.36,66.76,-22.6,0
PB,74,2512309,Princesa Isabel,0.6014,97.5,86.29,80.0,-6.29,0
PB,75,2502052,Bernardino Batista,0.5973,61.4,93.94,64.46,-29.48,0
PB,76,2511301,Piancó,0.5845,48.8,38.92,53.95,15.03,1
PB,77,2507705,Juazeirinho,0.5844,51.0,45.45,55.74,10.29,1
PB,78,2506301,Guarabira,0.5825,36.1,59.62,42.78,-16.84,0
PB,79,2512747,Riachão,0.5757,52.4,70.37,56.97,-13.4,0
PB,80,2505006,Cubati,0.5734,71.8,97.47,73.11,-24.36,0
PB,81,2502003,Belém do Brejo do Cruz,0.5726,57.5,40.07,61.23,21.16,1
PB,82,2513927,São Bentinho,0.5688,66.0,60.02,68.26,8.24,1
PB,83,2504157,Casserengue,0.5569,48.0,58.51,53.21,-5.3,0
PB,84,2509339,Matinhas,0.5549,79.3,72.67,79.38,6.71,1
PB,85,2502151,Boa Vista,0.5533,68.6,49.49,70.41,20.92,1
PB,86,2514552,São José de Princesa,0.5489,82.4,81.82,80.0,-1.82,0
PB,87,2500908,Arara,0.5443,35.4,52.9,42.08,-10.82,0
PB,88,2501104,Areia,0.5428,85.1,90.53,80.0,-10.53,0
PB,89,2503605,Caiçara,0.5364,53.8,72.22,58.17,-14.05,0
PB,90,2500734,Amparo,0.523,85.3,41.89,80.0,38.11,1
PB,91,2512606,Quixaba,0.5188,69.2,45.45,70.95,25.5,1
PB,92,2510709,Passagem,0.5185,79.5,66.67,79.59,12.92,1
PB,93,2515971,Sobrado,0.5167,60.0,40.74,63.31,22.57,1
PB,94,2512788,Riacho de Santo Antônio,0.5167,78.6,55.56,78.78,23.22,1
PB,95,2501708,Barra de São Miguel,0.5165,60.5,78.61,63.73,-14.88,0
PB,96,2502409,Bonito de Santa Fé,0.5158,40.9,60.93,47.04,-13.89,0
PB,97,2514503,São José de Piranhas,0.5101,34.1,55.77,40.93,-14.84,0
PB,98,2503506,Cacimba de Dentro,0.5007,79.5,63.3,79.56,16.26,1
PB,99,2508802,Malta,0.4991,68.4,48.74,70.29,21.55,1
PB,100,2516805,Triunfo,0.4939,50.1,63.35,55.0,-8.35,0
PB,101,2500700,São João do Rio do Peixe,0.491,42.1,72.85,48.11,-24.74,0
PB,102,2511707,Pilõezinhos,0.4861,98.6,56.06,80.0,23.94,1
PB,103,2507408,Jericó,0.4825,53.5,23.83,57.85,34.02,1
PB,104,2504355,Caturité,0.4824,53.0,76.68,57.47,-19.21,0
PB,105,2510501,Olivedos,0.4817,54.3,41.57,58.53,16.96,1
PB,106,2500577,Algodão de Jandaíra,0.4794,44.3,50.16,50.06,-0.1,0
PB,107,2503100,Cabaceiras,0.4789,60.9,89.73,64.02,-25.71,0
PB,108,2501500,Bananeiras,0.4766,51.0,54.93,55.82,0.89,1
PB,109,2502102,Boa Ventura,0.475,28.6,47.71,35.73,-11.98,0
PB,110,2504009,Campina Grande,0.4743,42.4,47.92,48.39,0.47,1
PB,111,2514008,São João do Cariri,0.474,29.6,60.71,36.7,-24.01,0
PB,112,2503803,Caldas Brandão,0.473,54.9,32.4,59.08,26.68,1
PB,113,2511202,Pedras de Fogo,0.4682,37.3,48.58,43.85,-4.73,0
PB,114,2511004,Pedra Branca,0.4641,95.6,69.89,80.0,10.11,1
PB,115,2504074,Caraúbas,0.4638,48.4,87.82,53.58,-34.24,0
PB,116,2500403,Alagoa Nova,0.4626,38.9,89.39,45.33,-44.06,0
PB,117,2507903,Juripiranga,0.4607,50.4,46.57,55.28,8.71,1
PB,118,2513505,Santana de Mangueira,0.457,81.6,100.0,80.0,-20.0,0
PB,119,2506509,Gurjão,0.4539,73.3,100.0,74.35,-25.65,0
PB,120,2515906,Serraria,0.453,83.6,74.71,80.0,5.29,1
PB,121,2507101,Itapororoca,0.4485,71.8,84.21,73.05,-11.16,0
PB,122,2501534,Baraúna,0.4481,59.4,89.76,62.78,-26.98,0
PB,123,2515203,São Sebastião do Umbuzeiro,0.4467,95.0,69.29,80.0,10.71,1
PB,124,2509396,Maturéia,0.4442,50.6,60.76,55.48,-5.28,0
PB,125,2512754,Riachão do Bacamarte,0.4428,44.6,46.23,50.27,4.04,1
PB,126,2507309,Jacaraú,0.4403,34.8,51.18,41.56,-9.62,0
PB,127,2516003,Solânea,0.4386,78.6,45.73,78.77,33.04,1
PB,128,2514800,São José dos Cordeiros,0.4386,80.3,95.24,80.0,-15.24,0
PB,129,2502706,Borborema,0.4374,82.7,67.57,80.0,12.43,1
PB,130,2513901,São Bento,0.433,42.5,46.87,48.44,1.57,1
PB,131,2513307,Santa Helena,0.4328,52.8,96.58,57.33,-39.25,0
PB,132,2510808,Patos,0.4323,43.6,67.47,49.44,-18.03,0
PB,133,2504702,Congo,0.4281,49.3,40.66,54.36,13.7,1
PB,134,2512507,Queimadas,0.4262,85.0,92.65,80.0,-12.65,0
PB,135,2514453,São José dos Ramos,0.426,58.9,27.36,62.36,35.0,1
PB,136,2510303,Nova Palmeira,0.4257,59.4,76.75,62.84,-13.91,0
PB,137,2512903,Rio Tinto,0.4147,77.8,60.02,78.16,18.14,1
PB,138,2510204,Nova Olinda,0.4127,46.0,38.04,51.47,13.43,1
PB,139,2513208,Santa Cruz,0.4013,52.8,86.28,57.29,-28.99,0
PB,140,2503209,Cabedelo,0.4,48.9,57.26,54.02,-3.24,0
PB,141,2514651,São José do Brejo do Cruz,0.3938,40.0,30.0,46.27,16.27,1
PB,142,2504504,Condado,0.3929,56.2,46.13,60.18,14.05,1
PB,143,2513802,Santa Teresinha,0.3911,40.4,42.77,46.65,3.88,1
PB,144,2508554,Logradouro,0.3897,80.8,94.6,80.0,-14.6,0
PB,145,2500775,Aparecida,0.3869,42.5,62.41,48.47,-13.94,0
PB,146,2516755,Tenório,0.3866,62.2,48.73,65.1,16.37,1
PB,147,2509206,Massaranduba,0.3826,44.3,40.69,50.02,9.33,1
PB,148,2515930,Sertãozinho,0.3805,52.0,75.35,56.63,-18.72,0
PB,149,2504033,Capim,0.3722,56.0,60.4,60.01,-0.39,0
PB,150,2505501,Vista Serrana,0.3714,44.1,58.31,49.87,-8.44,0
PB,151,2516201,Sousa,0.3697,44.1,66.52,49.9,-16.62,0
PB,152,2512721,Pedro Régis,0.3564,47.4,23.99,52.73,28.74,1
PB,153,2513000,Salgadinho,0.3553,72.7,83.93,73.86,-10.07,0
PB,154,2507507,João Pessoa,0.3534,46.7,55.87,52.13,-3.74,0
PB,155,2508901,Mamanguape,0.3521,46.2,68.65,51.66,-16.99,0
PB,156,2500304,Alagoa Grande,0.348,31.3,28.48,38.31,9.83,1
PB,157,2517100,Várzea,0.3466,52.0,62.96,56.63,-6.33,0
PB,158,2501005,Araruna,0.342,35.2,40.53,41.93,1.4,1
PB,159,2514404,São José de Espinharas,0.3353,56.3,44.79,60.23,15.44,1
PB,160,2501351,Assunção,0.3299,48.4,93.96,53.55,-40.41,0
PB,161,2509107,Mari,0.3236,38.0,70.06,44.47,-25.59,0
PB,162,2513653,Joca Claudino,0.3188,39.7,90.09,46.0,-44.09,0
PB,163,2515708,Serra Grande,0.3157,40.0,70.82,46.27,-24.55,0
PB,164,2509370,Mato Grosso,0.3157,40.0,18.18,46.27,28.09,1
PB,165,2503704,Cajazeiras,0.3143,51.7,50.91,56.36,5.45,1
PB,166,2500106,Água Branca,0.3136,47.6,52.67,52.91,0.24,1
PB,167,2513851,Santo André,0.3054,45.1,35.81,50.76,14.95,1
PB,168,2508505,Livramento,0.2976,43.8,55.32,49.62,-5.7,0
PB,169,2514701,São José do Sabugi,0.2932,51.5,48.54,56.21,7.67,1
PB,170,2513968,São Domingos,0.2602,83.3,54.55,80.0,25.45,1
PB,171,2511608,Pilões,0.257,41.8,61.18,47.82,-13.36,0
PB,172,2513703,Santa Rita,0.2559,40.8,35.79,47.0,11.21,1
PB,173,2515302,Sapé,0.2506,33.9,39.0,40.74,1.74,1
PB,174,2501807,Bayeux,0.2506,33.9,36.71,40.74,4.03,1
PB,175,2516102,Soledade,0.2448,33.5,47.26,40.39,-6.87,0
PB,176,2500536,Alcantil,0.24,42.6,45.86,48.58,2.72,1
PB,177,2506400,Gurinhém,0.2335,35.1,27.02,41.85,14.83,1
PB,178,2513356,Santa Inês,0.2312,52.7,39.01,57.18,18.17,1
PB,179,2517209,Vieirópolis,0.2121,28.2,64.36,35.36,-29.0,0
PB,180,2505303,Curral Velho,0.2116,38.1,62.5,44.57,-17.93,0
PB,181,2514305,São José de Caiana,0.2115,48.2,52.39,53.39,1.0,1
PB,182,2514909,São Mamede,0.2063,37.7,49.02,44.17,-4.85,0
PB,183,2503001,Caaporã,0.2027,37.8,29.81,44.29,14.48,1
PB,184,2501575,Barra de Santana,0.1992,28.0,49.18,35.21,-13.97,0
PB,185,2512002,Pocinhos,0.1941,42.2,54.09,48.17,-5.92,0
PB,186,2505352,Damião,0.1767,37.7,50.86,44.24,-6.62,0
PB,187,2503308,Cachoeira dos Índios,0.1639,42.1,52.23,48.08,-4.15,0
PB,188,2516300,Sumé,0.1568,33.2,64.53,40.1,-24.43,0
PB,189,2506905,Itabaiana,0.1489,25.3,54.38,32.55,-21.83,0
PB,190,2511806,Pirpirituba,0.1471,34.6,41.49,41.41,-0.08,0
PB,191,2502508,Boqueirão,0.1416,38.0,37.65,44.48,6.83,1
PB,192,2506202,Frei Martinho,0.1342,38.7,71.43,45.11,-26.32,0
PB,193,2517001,Umbuzeiro,0.1112,38.3,79.38,44.74,-34.64,0
PB,194,2503555,Cacimbas,0.0951,32.5,47.9,39.49,-8.41,0
PB,195,2510006,Nazarezinho,0.0938,36.5,63.86,43.11,-20.75,0
PB,196,2501153,Areia de Baraúnas,0.09,25.0,36.36,32.22,-4.14,0
PB,197,2514107,São João do Tigre,0.0803,36.7,48.38,43.34,-5.04,0
PB,198,2513604,Santana dos Garrotes,0.0649,32.7,52.77,39.63,-13.14,0
PB,199,2507002,Itaporanga,0.0608,18.0,48.7,24.9,-23.8,0
PB,200,2504207,Catingueira,0.0591,32.8,96.08,39.72,-56.36,0
PB,201,2503902,Camalaú,0.0478,36.3,68.64,42.98,-25.66,0
PB,202,2507200,Itatuba,0.0274,23.3,36.64,30.53,-6.11,0
PB,203,2501401,Baía da Traição,0.0202,21.7,44.76,28.9,-15.86,0
PB,204,2515005,São Miguel de Taipu,0.0075,10.1,100.0,15.73,-84.27,0
PB,205,2515807,Serra Redonda,0.0075,14.6,85.71,21.09,-64.62,0
PB,206,2513158,Santa Cecília,0.006,13.4,48.11,19.74,-28.37,0
PB,207,2505600,Diamante,0.0052,25.0,72.15,32.22,-39.93,0
PB,208,2508406,Lastro,0.001,20.8,82.76,27.9,-54.86,0
PB,209,2514602,São José do Bonfim,0.0002,12.0,29.62,18.06,-11.56,0
PB,210,2512036,Poço Dantas,0.0002,23.2,81.67,30.45,-51.22,0
PB,211,2502201,Bom Jesus,0.0002,25.6,68.42,32.78,-35.64,0
PB,212,2505238,Cuité de Mamanguape,0.0,10.3,22.16,16.05,-6.11,0
PB,213,2505808,Duas Estradas,0.0,11.1,60.0,16.94,-43.06,0
PB,214,2506608,Ibiara,0.0,13.1,58.62,19.37,-39.25,0
PB,215,2515609,Serra da Raiz,0.0,17.4,48.92,24.28,-24.64,0
PB,216,2516151,Sossêgo,0.0,18.5,66.62,25.43,-41.19,0
PB,217,2508109,Lagoa,0.0,25.0,59.38,32.22,-27.16,0
PB,218,2507606,Juarez Távora,0.0,28.9,35.79,36.0,0.21,1
PB,219,2502607,Igaracy,0.0,29.0,79.06,36.1,-42.96,0
PB,220,2505204,Cuitegi,0.0,29.3,24.78,36.38,11.6,1
PE,1,2612505,Santa Cruz do Capibaribe,0.9578,52.8,55.94,57.31,1.37,1
PE,2,2606002,Garanhuns,0.9433,52.3,69.75,56.86,-12.89,0
PE,3,2606200,Goiana,0.901,53.1,45.89,57.59,11.7,1
PE,4,2613701,São Lourenço da Mata,0.8973,44.1,53.32,49.84,-3.48,0
PE,5,2604106,Caruaru,0.8839,55.0,58.37,59.11,0.74,1
PE,6,2606804,Igarassu,0.8471,62.6,66.97,65.47,-1.5,0
PE,7,2601201,Arcoverde,0.8348,59.5,70.04,62.92,-7.12,0
PE,8,2613909,Serra Talhada,0.834,76.1,77.92,76.71,-1.21,0
PE,9,2602902,Cabo de Santo Agostinho,0.8231,55.1,50.72,59.25,8.53,1
PE,10,2613008,São Bento do Una,0.8212,55.9,64.03,59.89,-4.14,0
PE,11,2609402,Moreno,0.7592,53.4,43.93,57.79,13.86,1
PE,12,2612604,Santa Maria da Boa Vista,0.7527,45.6,64.37,51.17,-13.2,0
PE,13,2615300,Timbaúba,0.7517,74.1,77.57,75.02,-2.55,0
PE,14,2614501,Surubim,0.7397,55.4,58.71,59.49,0.78,1
PE,15,2615201,Terra Nova,0.7153,62.0,71.07,64.99,-6.08,0
PE,16,2605202,Escada,0.7073,54.5,30.48,58.74,28.26,1
PE,17,2611101,Petrolina,0.7052,66.2,70.25,68.42,-1.83,0
PE,18,2606309,Granito,0.6717,52.5,68.11,57.04,-11.07,0
PE,19,2600054,Abreu e Lima,0.6579,47.4,46.4,52.75,6.35,1
PE,20,2610905,Pesqueira,0.6536,59.7,64.38,63.02,-1.36,0
PE,21,2601904,Bezerros,0.6507,51.5,56.84,56.18,-0.66,0
PE,22,2605905,Gameleira,0.6365,58.5,77.37,62.1,-15.27,0
PE,23,2602308,Bonito,0.6298,56.7,79.75,60.58,-19.17,0
PE,24,2600708,Aliança,0.6291,55.2,39.22,59.27,20.05,1
PE,25,2610707,Paulista,0.6259,51.2,55.54,55.98,0.44,1
PE,26,2606408,Gravatá,0.6128,42.3,43.1,48.26,5.16,1
PE,27,2609006,Macaparana,0.6103,72.6,81.95,73.76,-8.19,0
PE,28,2616308,Vicência,0.6099,57.5,68.15,61.19,-6.96,0
PE,29,2608909,Limoeiro,0.6067,72.2,67.03,73.45,6.42,1
PE,30,2613602,São José do Egito,0.6061,67.5,73.38,69.54,-3.84,0
PE,31,2600906,Amaraji,0.6042,68.7,55.29,70.55,15.26,1
PE,32,2615607,Trindade,0.5921,59.7,69.13,63.05,-6.08,0
PE,33,2607208,Ipojuca,0.5854,68.4,64.15,70.24,6.09,1
PE,34,2607901,Jaboatão dos Guararapes,0.5822,57.3,54.98,61.03,6.05,1
PE,35,2608107,João Alfredo,0.5763,57.0,75.79,60.81,-14.98,0
PE,36,2601102,Araripina,0.5748,56.9,52.06,60.73,8.67,1
PE,37,2603454,Camaragibe,0.5748,58.7,57.57,62.2,4.63,1
PE,38,2603603,Camutanga,0.5699,56.1,66.81,60.07,-6.74,0
PE,39,2606101,Glória do Goitá,0.565,70.6,66.22,72.07,5.85,1
PE,40,2616407,Vitória de Santo Antão,0.5547,46.1,50.66,51.59,0.93,1
PE,41,2600104,Afogados da Ingazeira,0.5458,66.6,70.19,68.77,-1.42,0
PE,42,2600807,Altinho,0.5425,58.4,68.08,61.99,-6.09,0
PE,43,2613107,São Caitano,0.5338,45.1,53.17,50.74,-2.43,0
PE,44,2601706,Belo Jardim,0.5303,49.7,43.93,54.67,10.74,1
PE,45,2609709,Orobó,0.5298,61.2,91.54,64.34,-27.2,0
PE,46,2615409,Toritama,0.527,50.2,63.95,55.11,-8.84,0
PE,47,2614808,Tacaratu,0.525,56.0,73.8,60.02,-13.78,0
PE,48,2609600,Olinda,0.521,59.6,62.29,62.95,0.66,1
PE,49,2614600,Tabira,0.5161,72.9,69.1,74.03,4.93,1
PE,50,2608503,Lagoa de Itaenga,0.5127,70.3,79.42,71.87,-7.55,0
PE,51,2609501,Nazaré da Mata,0.5124,54.7,56.96,58.93,1.97,1
PE,52,2613305,São Joaquim do Monte,0.5114,68.5,72.13,70.35,-1.78,0
PE,53,2612406,Sanharó,0.4949,41.8,65.85,47.86,-17.99,0
PE,54,2602209,Bom Jardim,0.4925,60.9,69.15,64.09,-5.06,0
PE,55,2608305,Jupi,0.491,60.7,68.61,63.87,-4.74,0
PE,56,2610004,Palmares,0.4889,43.0,64.85,48.92,-15.93,0
PE,57,2604304,Cedro,0.4782,46.9,63.12,52.32,-10.8,0
PE,58,2612471,Santa Cruz da Baixa Verde,0.4734,75.4,87.09,76.08,-11.01,0
PE,59,2616506,Xexéu,0.4678,62.7,81.33,65.51,-15.82,0
PE,60,2610509,Passira,0.4571,74.9,76.23,75.67,-0.56,0
PE,61,2611606,Recife,0.4535,62.4,54.36,65.29,10.93,1
PE,62,2616100,Verdejante,0.451,53.4,68.84,57.8,-11.04,0
PE,63,2614105,Sertânia,0.449,59.1,56.65,62.6,5.95,1
PE,64,2614204,Sirinhaém,0.4402,60.3,74.49,63.56,-10.93,0
PE,65,2612455,Santa Cruz,0.4401,69.3,69.1,70.98,1.88,1
PE,66,2607000,Inajá,0.4377,54.4,79.7,58.6,-21.1,0
PE,67,2602100,Bom Conselho,0.4319,60.0,60.74,63.29,2.55,1
PE,68,2608750,Lagoa Grande,0.4276,54.7,67.55,58.93,-8.62,0
PE,69,2612802,Santa Terezinha,0.4237,68.3,79.68,70.19,-9.49,0
PE,70,2608800,Lajedo,0.423,47.7,57.42,52.98,-4.44,0
PE,71,2607950,Jaqueira,0.4225,57.7,81.67,61.36,-20.31,0
PE,72,2615508,Tracunhaém,0.42,59.3,73.31,62.75,-10.56,0
PE,73,2604502,Chã Grande,0.4193,55.3,58.51,59.42,0.91,1
PE,74,2603009,Cabrobó,0.4187,68.3,61.21,70.14,8.93,1
PE,75,2607505,Itaíba,0.4165,59.5,58.6,62.9,4.3,1
PE,76,2602605,Brejo da Madre de Deus,0.4146,53.0,48.73,57.44,8.71,1
PE,77,2607307,Ipubi,0.4103,72.0,70.08,73.25,3.17,1
PE,78,2615706,Triunfo,0.4017,82.7,80.64,80.0,-0.64,0
PE,79,2601052,Araçoiaba,0.3972,45.7,53.49,51.26,-2.23,0
PE,80,2603207,Caetés,0.3951,45.8,57.25,51.32,-5.93,0
PE,81,2609808,Orocó,0.3934,45.9,50.86,51.44,0.58,1
PE,82,2612554,Santa Filomena,0.3929,58.9,53.14,62.41,9.27,1
PE,83,2614709,Tacaimbó,0.3888,45.9,43.99,51.45,7.46,1
PE,84,2602704,Buenos Aires,0.3873,63.0,85.53,65.79,-19.74,0
PE,85,2613503,São José do Belmonte,0.3793,46.7,60.42,52.12,-8.3,0
PE,86,2609204,Maraial,0.3734,69.2,58.48,70.93,12.45,1
PE,87,2615805,Tupanatinga,0.3677,68.6,68.38,70.41,2.03,1
PE,88,2608701,Lagoa dos Gatos,0.3669,70.9,86.35,72.37,-13.98,0
PE,89,2612307,Saloá,0.3648,58.1,78.66,61.72,-16.94,0
PE,90,2610608,Paudalho,0.3629,63.0,66.03,65.79,-0.24,0
PE,91,2610400,Parnamirim,0.354,48.7,58.91,53.79,-5.12,0
PE,92,2606606,Ibimirim,0.3527,50.8,61.76,55.58,-6.18,0
PE,93,2607802,Itaquitinga,0.3515,48.3,57.35,53.48,-3.87,0
PE,94,2603926,Carnaubeira da Penha,0.351,84.3,100.0,80.0,-20.0,0
PE,95,2615003,Taquaritinga do Norte,0.35,59.7,59.64,63.02,3.38,1
PE,96,2616209,Vertentes,0.3485,55.1,56.85,59.19,2.34,1
PE,97,2609907,Ouricuri,0.3434,36.2,30.78,42.82,12.04,1
PE,98,2609154,Manari,0.3431,56.9,52.89,60.73,7.84,1
PE,99,2600500,Águas Belas,0.3312,57.6,59.77,61.28,1.51,1
PE,100,2602803,Buíque,0.331,52.5,55.5,57.08,1.58,1
PE,101,2605707,Floresta,0.3218,33.4,51.67,40.31,-11.36,0
PE,102,2601805,Betânia,0.3194,70.5,76.97,71.97,-5.0,0
PE,103,2607703,Itapetim,0.3188,65.3,89.12,67.68,-21.44,0
PE,104,2607752,Itapissuma,0.3115,77.7,82.95,78.03,-4.92,0
PE,105,2613206,São João,0.3091,60.8,54.47,63.98,9.51,1
PE,106,2600203,Afrânio,0.3059,54.6,59.87,58.8,-1.07,0
PE,107,2610806,Pedra,0.303,47.0,54.87,52.41,-2.46,0
PE,108,2611002,Petrolândia,0.3024,51.9,66.17,56.52,-9.65,0
PE,109,2603108,Cachoeirinha,0.291,56.7,63.59,60.56,-3.03,0
PE,110,2604403,Chã de Alegria,0.2907,63.0,63.28,65.79,2.51,1
PE,111,2607604,Ilha de Itamaracá,0.2824,53.2,50.6,57.61,7.01,1
PE,112,2601300,Barra de Guabiraba,0.2805,80.8,86.54,80.0,-6.54,0
PE,113,2606705,Ibirajuba,0.2793,39.3,62.42,45.68,-16.74,0
PE,114,2614857,Tamandaré,0.2788,44.9,57.18,50.56,-6.62,0
PE,115,2607653,Itambé,0.2707,48.6,43.31,53.71,10.4,1
PE,116,2601003,Angelim,0.2706,62.1,62.41,65.01,2.6,1
PE,117,2616001,Venturosa,0.2702,53.3,59.29,57.68,-1.61,0
PE,118,2611200,Poção,0.2692,62.6,64.18,65.42,1.24,1
PE,119,2608404,Jurema,0.2685,53.5,60.64,57.86,-2.78,0
PE,120,2600302,Agrestina,0.268,71.7,64.09,73.01,8.92,1
PE,121,2612109,Salgadinho,0.2674,93.4,92.16,80.0,-12.16,0
PE,122,2611309,Pombos,0.2645,47.0,40.45,52.33,11.88,1
PE,123,2604155,Casinhas,0.2612,79.5,84.85,79.54,-5.31,0
PE,124,2600401,Água Preta,0.26,61.1,55.57,64.26,8.69,1
PE,125,2612208,Salgueiro,0.2594,75.9,75.13,76.55,1.42,1
PE,126,2608206,Joaquim Nabuco,0.259,49.6,47.34,54.58,7.24,1
PE,127,2603306,Calçado,0.2586,57.4,40.68,61.11,20.43,1
PE,128,2604700,Correntes,0.2584,51.8,71.97,56.47,-15.5,0
PE,129,2601607,Belém do São Francisco,0.2577,51.6,62.62,56.25,-6.37,0
PE,130,2601409,Barreiros,0.2575,61.8,53.05,64.79,11.74,1
PE,131,2603405,Calumbi,0.2505,74.4,86.03,75.27,-10.76,0
PE,132,2608453,Lagoa do Carro,0.2503,48.4,59.78,53.55,-6.23,0
PE,133,2605806,Frei Miguelinho,0.2502,68.0,70.68,69.96,-0.72,0
PE,134,2602001,Bodocó,0.2498,45.2,47.32,50.85,3.53,1
PE,135,2611705,Riacho das Almas,0.2447,64.0,68.11,66.6,-1.51,0
PE,136,2605152,Dormentes,0.2419,64.9,83.37,67.39,-15.98,0
PE,137,2608602,Lagoa do Ouro,0.238,72.6,85.39,73.78,-11.61,0
PE,138,2611804,Ribeirão,0.2379,61.6,65.68,64.61,-1.07,0
PE,139,2609303,Mirandiba,0.2377,35.5,57.83,42.17,-15.66,0
PE,140,2604809,Cortês,0.2349,61.8,70.4,64.81,-5.59,0
PE,141,2605301,Exu,0.2344,56.7,55.21,60.53,5.32,1
PE,142,2614402,Solidão,0.2309,74.6,93.99,75.45,-18.54,0
PE,143,2604601,Condado,0.2289,45.6,43.24,51.14,7.9,1
PE,144,2601508,Belém de Maria,0.2278,71.2,79.67,72.62,-7.05,0
PE,145,2603801,Capoeiras,0.2223,51.0,69.34,55.74,-13.6,0
PE,146,2602506,Brejinho,0.2216,71.5,79.05,72.8,-6.25,0
PE,147,2616183,Vertente do Lério,0.2215,83.7,82.94,80.0,-2.94,0
PE,148,2605509,Ferreiros,0.2209,58.2,41.36,61.78,20.42,1
PE,149,2610202,Panelas,0.2195,76.8,94.53,77.3,-17.23,0
PE,150,2602407,Brejão,0.2167,67.0,86.18,69.12,-17.06,0
PE,151,2612000,Sairé,0.2147,67.7,81.01,69.69,-11.32,0
PE,152,2603504,Camocim de São Félix,0.2128,55.7,68.51,59.74,-8.77,0
PE,153,2611507,Quipapá,0.2116,48.1,58.1,53.33,-4.77,0
PE,154,2613800,São Vicente Férrer,0.2079,48.6,42.6,53.76,11.16,1
PE,155,2608255,Jucati,0.2076,44.1,68.81,49.83,-18.98,0
PE,156,2603702,Canhotinho,0.2065,48.3,65.49,53.45,-12.04,0
PE,157,2615102,Terezinha,0.2038,68.3,76.08,70.15,-5.93,0
PE,158,2614006,Serrita,0.1995,53.7,59.7,58.07,-1.63,0
PE,159,2604007,Carpina,0.1931,65.3,59.18,67.68,8.5,1
PE,160,2612901,São Benedito do Sul,0.1832,34.6,71.07,41.36,-29.71,0
PE,161,2610103,Palmeirina,0.1799,60.6,59.45,63.78,4.33,1
PE,162,2606903,Iguaracy,0.1778,72.6,83.67,73.75,-9.92,0
PE,163,2609105,Machados,0.1759,86.9,96.75,80.0,-16.75,0
PE,164,2604205,Catende,0.1753,44.6,21.83,50.3,28.47,1
PE,165,2605103,Custódia,0.166,82.1,84.57,80.0,-4.57,0
PE,166,2608057,Jatobá,0.1594,76.1,68.05,76.72,8.67,1
PE,167,2614303,Moreilândia,0.157,44.2,56.94,49.94,-7.0,0
PE,168,2606507,Iati,0.1567,66.3,82.26,68.56,-13.7,0
PE,169,2608008,Jataúba,0.1548,51.9,37.15,56.54,19.39,1
PE,170,2605004,Cupira,0.1433,78.0,88.96,78.27,-10.69,0
PE,171,2607406,Itacuruba,0.1355,64.8,48.57,67.28,18.71,1
PE,172,2605608,Flores,0.129,74.3,68.28,75.14,6.86,1
PE,173,2605400,Feira Nova,0.1145,85.7,83.27,80.0,-3.27,0
PE,174,2613404,São José da Coroa Grande,0.1006,41.8,39.24,47.83,8.59,1
PE,175,2611408,Primavera,0.0956,77.5,50.41,77.9,27.49,1
PE,176,2600609,Alagoinha,0.0952,42.9,53.87,48.79,-5.08,0
PE,177,2607109,Ingazeira,0.0842,78.6,89.89,78.78,-11.11,0
PE,178,2603900,Carnaíba,0.0839,91.8,92.5,80.0,-12.5,0
PE,179,2604908,Cumaru,0.0822,76.4,95.06,76.97,-18.09,0
PE,180,2610301,Paranatama,0.0383,74.1,66.67,75.04,8.37,1
PE,181,2615904,Tuparetama,0.0353,77.1,82.52,77.54,-4.98,0
PE,182,2612703,Santa Maria do Cambucá,0.0108,83.2,70.05,80.0,9.95,1
PE,183,2611903,Rio Formoso,0.0066,93.3,90.91,80.0,-10.91,0
PE,184,2611533,Quixaba,0.0029,80.3,87.04,80.0,-7.04,0
PI,1,2200608,Angical do Piauí,0.8215,61.5,95.88,64.55,-31.33,0
PI,2,2205854,Madeiro,0.8185,62.1,55.88,65.01,9.13,1
PI,3,2211001,Teresina,0.8107,48.2,57.25,53.41,-3.84,0
PI,4,2201572,Belém do Piauí,0.8021,100.0,100.0,80.0,-20.0,0
PI,5,2211605,Vila Nova do Piauí,0.7698,100.0,100.0,80.0,-20.0,0
PI,6,2208650,Queimada Nova,0.7639,60.2,67.42,63.49,-3.93,0
PI,7,2208858,Riacho Frio,0.7313,98.4,92.42,80.0,-12.42,0
PI,8,2202505,Caracol,0.728,61.0,49.31,64.12,14.81,1
PI,9,2209757,São Gonçalo do Gurguéia,0.7122,76.5,60.71,77.0,16.29,1
PI,10,2202711,Cocal de Telha,0.7106,67.5,59.56,69.55,9.99,1
PI,11,2209450,Santo Antônio dos Milagres,0.7046,96.2,78.26,80.0,1.74,1
PI,12,2208106,Pimenteiras,0.6948,60.5,61.41,63.73,2.32,1
PI,13,2206696,Murici dos Portelas,0.6871,66.9,65.17,69.05,3.88,1
PI,14,2203420,Domingos Mourão,0.6827,91.4,82.22,80.0,-2.22,0
PI,15,2209401,Santo Antônio de Lisboa,0.678,61.2,55.71,64.31,8.6,1
PI,16,2205805,Luzilândia,0.6718,51.7,54.9,56.4,1.5,1
PI,17,2203206,Curimatá,0.6638,68.2,81.77,70.09,-11.68,0
PI,18,2202208,Campo Maior,0.6619,52.2,54.48,56.83,2.35,1
PI,19,2206670,Morro do Chapéu do Piauí,0.6596,28.8,40.04,35.98,-4.06,0
PI,20,2211308,Valença do Piauí,0.6578,51.9,42.13,56.58,14.45,1
PI,21,2209377,Santa Rosa do Piauí,0.6512,61.0,51.64,64.16,12.52,1
PI,22,2209955,São João da Varjota,0.6465,53.6,86.96,58.01,-28.95,0
PI,23,2202554,Caridade do Piauí,0.6456,61.4,58.14,64.49,6.35,1
PI,24,2207751,Passagem Franca do Piauí,0.6442,100.0,64.51,80.0,15.49,1
PI,25,2205250,Jardim do Mulato,0.6415,58.3,77.0,61.92,-15.08,0
PI,26,2202737,Coivaras,0.6388,78.1,94.47,78.41,-16.06,0
PI,27,2206605,Monte Alegre do Piauí,0.6378,67.2,57.85,69.24,11.39,1
PI,28,2201101,Avelino Lopes,0.6375,41.0,44.97,47.14,2.17,1
PI,29,2206803,Nossa Senhora dos Remédios,0.6335,64.2,45.57,66.78,21.21,1
PI,30,2203107,Cristino Castro,0.6278,50.6,85.0,55.47,-29.53,0
PI,31,2207553,Paquetá,0.6272,100.0,49.8,80.0,30.2,1
PI,32,2200905,Aroazes,0.6268,57.7,30.0,61.39,31.39,1
PI,33,2211506,Vera Mendes,0.626,94.4,48.57,80.0,31.43,1
PI,34,2200806,Antônio Almeida,0.6233,95.6,73.81,80.0,6.19,1
PI,35,2201606,Beneditinos,0.6197,77.6,68.49,77.94,9.45,1
PI,36,2209500,Santo Inácio do Piauí,0.6119,73.4,85.37,74.44,-10.93,0
PI,37,2206407,Monsenhor Gil,0.6093,60.3,42.48,63.58,21.1,1
PI,38,2206720,Nazária,0.6083,77.7,52.15,78.0,25.85,1
PI,39,2209906,São João da Serra,0.6032,49.3,93.97,54.3,-39.67,0
PI,40,2208502,Porto,0.5997,40.1,36.04,46.38,10.34,1
PI,41,2202778,Colônia do Piauí,0.5984,59.9,42.87,63.22,20.35,1
PI,42,2202752,Colônia do Gurguéia,0.5975,54.4,89.29,58.67,-30.62,0
PI,43,2205706,Luís Correia,0.5968,62.1,51.6,65.03,13.43,1
PI,44,2201705,Bertolínia,0.5934,59.5,43.42,62.88,19.46,1
PI,45,2205300,Jerumenha,0.5908,26.3,75.31,33.53,-41.78,0
PI,46,2210003,São João do Piauí,0.5902,44.4,65.25,50.09,-15.16,0
PI,47,2208551,Porto Alegre do Piauí,0.5811,73.9,64.29,74.81,10.52,1
PI,48,2205524,Júlio Borges,0.5771,43.3,100.0,49.16,-50.84,0
PI,49,2207850,Pavussu,0.5763,66.3,90.0,68.54,-21.46,0
PI,50,2205516,Juazeiro do Piauí,0.5762,68.7,71.43,70.51,-0.92,0
PI,51,2209708,São Francisco do Piauí,0.5734,58.1,64.27,61.76,-2.51,0
PI,52,2203701,Esperantina,0.5716,57.0,73.13,60.81,-12.32,0
PI,53,2202851,Coronel José Dias,0.5662,61.1,61.36,64.26,2.9,1
PI,54,2200459,Alvorada do Gurguéia,0.5655,68.4,41.74,70.23,28.49,1
PI,55,2210359,São Lourenço do Piauí,0.5637,100.0,73.08,80.0,6.92,1
PI,56,2203230,Currais,0.5626,93.2,92.5,80.0,-12.5,0
PI,57,2201200,Barras,0.5614,55.7,60.13,59.72,-0.41,0
PI,58,2207603,Parnaguá,0.5594,67.7,47.35,69.66,22.31,1
PI,59,2207009,Oeiras,0.5564,65.9,72.5,68.21,-4.29,0
PI,60,2204154,Francisco Macedo,0.5559,59.4,95.24,62.8,-32.44,0
PI,61,2209971,São João do Arraial,0.554,33.6,87.8,40.46,-47.34,0
PI,62,2203404,Dom Expedito Lopes,0.5534,77.1,76.45,77.56,1.11,1
PI,63,2202729,Cocal dos Alves,0.5514,80.3,87.68,80.0,-7.68,0
PI,64,2201770,Boa Hora,0.5491,58.7,47.16,62.26,15.1,1
PI,65,2211704,Wall Ferraz,0.5477,37.6,54.29,44.12,-10.17,0
PI,66,2202455,Capitão Gervásio Oliveira,0.5414,65.3,77.36,67.7,-9.66,0
PI,67,2206902,Novo Oriente do Piauí,0.5402,69.0,89.56,70.76,-18.8,0
PI,68,2207504,Palmeirais,0.5378,50.9,46.19,55.7,9.51,1
PI,69,2204501,Guadalupe,0.5317,48.9,68.54,54.0,-14.54,0
PI,70,2200707,Anísio de Abreu,0.5289,46.6,57.02,51.99,-5.03,0
PI,71,2207793,Pau D'Arco do Piauí,0.5212,100.0,51.85,80.0,28.15,1
PI,72,2204006,Francinópolis,0.5199,78.0,84.21,78.27,-5.94,0
PI,73,2204550,Guaribas,0.5195,58.1,75.0,61.72,-13.28,0
PI,74,2210953,Tamboril do Piauí,0.5186,68.8,65.11,70.55,5.44,1
PI,75,2203503,Elesbão Veloso,0.5159,50.1,51.08,55.01,3.93,1
PI,76,2205003,Itainópolis,0.5062,74.2,73.67,75.05,1.38,1
PI,77,2208809,Regeneração,0.4996,40.9,31.32,47.06,15.74,1
PI,78,2205573,Lagoa de São Francisco,0.4952,41.4,76.74,47.49,-29.25,0
PI,79,2210904,Socorro do Piauí,0.4948,68.4,30.86,70.3,39.44,1
PI,80,2202075,Cajazeiras do Piauí,0.494,100.0,75.0,80.0,5.0,1
PI,81,2204659,Ilha Grande,0.4889,39.9,34.84,46.17,11.33,1
PI,82,2205532,Jurema,0.4872,96.4,98.36,80.0,-18.36,0
PI,83,2201556,Bela Vista do Piauí,0.4867,61.1,89.26,64.18,-25.08,0
PI,84,2200251,Alagoinha do Piauí,0.485,44.4,74.63,50.17,-24.46,0
PI,85,2208205,Pio IX,0.4801,35.3,58.16,42.01,-16.15,0
PI,86,2204600,Hugo Napoleão,0.4779,82.4,81.47,80.0,-1.47,0
PI,87,2201960,Brasileira,0.4738,33.2,42.58,40.07,-2.51,0
PI,88,2205276,Jatobá do Piauí,0.4738,73.8,95.24,74.79,-20.45,0
PI,89,2202026,Buriti dos Montes,0.473,84.9,98.33,80.0,-18.33,0
PI,90,2205540,Lagoinha do Piauí,0.4714,81.9,87.79,80.0,-7.79,0
PI,91,2202091,Caldeirão Grande do Piauí,0.4686,100.0,100.0,80.0,-20.0,0
PI,92,2206050,Massapê do Piauí,0.4657,45.9,60.66,51.46,-9.2,0
PI,93,2210623,Sebastião Barros,0.4651,26.0,50.0,33.21,-16.79,0
PI,94,2209351,Santana do Piauí,0.4637,33.1,68.1,40.02,-28.08,0
PI,95,2204105,Francisco Ayres,0.4619,47.3,32.38,52.61,20.23,1
PI,96,2202901,Corrente,0.4611,47.8,37.78,53.03,15.25,1
PI,97,2203859,Floresta do Piauí,0.4609,100.0,54.55,80.0,25.45,1
PI,98,2204709,Inhuma,0.4605,55.4,67.52,59.47,-8.05,0
PI,99,2208007,Picos,0.4598,53.0,54.93,57.43,2.5,1
PI,100,2202083,Cajueiro da Praia,0.4595,47.4,62.75,52.75,-10.0,0
PI,101,2205508,José de Freitas,0.4584,49.8,42.98,54.78,11.8,1
PI,102,2210102,São José do Peixe,0.4578,76.0,75.0,76.6,1.6,1
PI,103,2209856,São João da Canabrava,0.4485,82.0,96.34,80.0,-16.34,0
PI,104,2202604,Castelo do Piauí,0.4469,75.1,82.63,75.84,-6.79,0
PI,105,2208874,Ribeira do Piauí,0.4423,57.8,54.84,61.44,6.6,1
PI,106,2206209,Miguel Alves,0.4416,39.0,60.79,45.41,-15.38,0
PI,107,2200103,Agricolândia,0.4401,32.6,60.23,39.55,-20.68,0
PI,108,2210375,São Luis do Piauí,0.4391,58.5,61.11,62.07,0.96,1
PI,109,2203800,Flores do Piauí,0.436,46.8,43.3,52.23,8.93,1
PI,110,2202000,Buriti dos Lopes,0.4358,41.5,61.68,47.6,-14.08,0
PI,111,2201176,Barra D'Alcântara,0.4339,61.1,93.18,64.23,-28.95,0
PI,112,2200400,Altos,0.4318,61.9,61.82,64.89,3.07,1
PI,113,2210508,São Pedro do Piauí,0.4278,49.3,67.14,54.3,-12.84,0
PI,114,2203008,Cristalândia do Piauí,0.4273,79.9,79.55,79.94,0.39,1
PI,115,2207108,Olho D'Água do Piauí,0.4254,62.5,85.71,65.38,-20.33,0
PI,116,2208403,Piripiri,0.4201,33.2,54.59,40.06,-14.53,0
PI,117,2200053,Acauã,0.4199,81.7,81.89,80.0,-1.89,0
PI,118,2202117,Campo Alegre do Fidalgo,0.4192,38.5,59.33,44.96,-14.37,0
PI,119,2202802,Conceição do Canindé,0.4127,47.3,70.98,52.61,-18.37,0
PI,120,2210300,São Julião,0.4126,94.8,87.93,80.0,-7.93,0
PI,121,2202109,Campinas do Piauí,0.4088,90.6,100.0,80.0,-20.0,0
PI,122,2208304,Piracuruca,0.4073,75.6,82.48,76.3,-6.18,0
PI,123,2209153,Santa Cruz dos Milagres,0.4063,52.4,68.18,57.0,-11.18,0
PI,124,2202406,Capitão de Campos,0.4028,53.7,54.01,58.04,4.03,1
PI,125,2200277,Alegrete do Piauí,0.4017,53.9,55.26,58.22,2.96,1
PI,126,2210706,Simões,0.386,68.5,86.03,70.36,-15.67,0
PI,127,2210391,São Miguel do Fidalgo,0.3854,55.8,64.42,59.81,-4.61,0
PI,128,2207959,Nova Santa Rita,0.3853,48.0,49.11,53.26,4.15,1
PI,129,2205201,Jaicós,0.384,79.0,58.67,79.14,20.47,1
PI,130,2203750,Fartura do Piauí,0.3821,36.7,52.0,43.27,-8.73,0
PI,131,2210052,São José do Divino,0.38,100.0,92.65,80.0,-12.65,0
PI,132,2205565,Lagoa do Barro do Piauí,0.3796,55.7,59.52,59.71,0.19,1
PI,133,2210656,Sigefredo Pacheco,0.379,45.2,75.67,50.79,-24.88,0
PI,134,2201150,Baixa Grande do Ribeiro,0.3769,48.6,81.06,53.75,-27.31,0
PI,135,2201002,Arraial,0.3733,83.8,98.15,80.0,-18.15,0
PI,136,2201507,Batalha,0.3728,43.7,46.97,49.49,2.52,1
PI,137,2207801,Paulistana,0.3713,45.1,50.47,50.71,0.24,1
PI,138,2210607,São Raimundo Nonato,0.3663,68.2,73.25,70.08,-3.17,0
PI,139,2201739,Betânia do Piauí,0.3657,42.5,82.76,48.5,-34.26,0
PI,140,2207355,Pajeú do Piauí,0.365,66.0,64.0,68.29,4.29,1
PI,141,2205409,Joaquim Pires,0.3559,55.5,81.27,59.6,-21.67,0
PI,142,2206357,Milton Brandão,0.3518,37.5,33.33,44.03,10.7,1
PI,143,2201919,Bom Princípio do Piauí,0.3514,87.9,75.94,80.0,4.06,1
PI,144,2201309,Barreiras do Piauí,0.3502,38.4,50.77,44.83,-5.94,0
PI,145,2203305,Demerval Lobão,0.3481,70.2,73.33,71.72,-1.61,0
PI,146,2209203,Santa Filomena,0.348,27.7,62.47,34.92,-27.55,0
PI,147,2201929,Bonfim do Piauí,0.3477,50.6,35.96,55.47,19.51,1
PI,148,2205151,Jacobina do Piauí,0.3455,88.5,84.31,80.0,-4.31,0
PI,149,2204907,Isaías Coelho,0.3451,27.9,34.44,35.03,0.59,1
PI,150,2202133,Campo Grande do Piauí,0.3435,85.6,95.8,80.0,-15.8,0
PI,151,2209559,São Braz do Piauí,0.3383,87.8,66.39,80.0,13.61,1
PI,152,2210979,Tanque do Piauí,0.3376,58.3,50.0,61.92,11.92,1
PI,153,2207207,Padre Marcos,0.3338,86.4,100.0,80.0,-20.0,0
PI,154,2200202,Água Branca,0.3215,90.6,91.98,80.0,-11.98,0
PI,155,2205904,Manoel Emídio,0.3209,100.0,82.38,80.0,-2.38,0
PI,156,2206704,Nazaré do Piauí,0.3195,46.9,39.0,52.31,13.31,1
PI,157,2200301,Alto Longá,0.3195,90.9,82.41,80.0,-2.41,0
PI,158,2202703,Cocal,0.3191,73.2,83.93,74.22,-9.71,0
PI,159,2203602,Eliseu Martins,0.3147,82.9,65.85,80.0,14.15,1
PI,160,2203909,Floriano,0.312,49.2,53.36,54.22,0.86,1
PI,161,2206506,Monsenhor Hipólito,0.3041,100.0,97.7,80.0,-17.7,0
PI,162,2200954,Aroeiras do Itaim,0.3024,53.3,80.95,57.75,-23.2,0
PI,163,2210201,São José do Piauí,0.2916,93.8,97.06,80.0,-17.06,0
PI,164,2202251,Canavieira,0.2904,50.7,86.82,55.53,-31.29,0
PI,165,2211407,Várzea Grande,0.2898,93.7,76.19,80.0,3.81,1
PI,166,2204204,Francisco Santos,0.2881,43.9,48.78,49.73,0.95,1
PI,167,2209005,Rio Grande do Piauí,0.2855,48.6,41.79,53.74,11.95,1
PI,168,2202539,Caraúbas do Piauí,0.2844,38.5,68.17,44.94,-23.23,0
PI,169,2210631,Sebastião Leal,0.2835,93.5,76.86,80.0,3.14,1
PI,170,2207405,Palmeira do Piauí,0.283,70.8,72.22,72.28,0.06,1
PI,171,2207777,Patos do Piauí,0.2744,81.6,63.04,80.0,16.96,1
PI,172,2201804,Bocaina,0.2725,90.8,55.0,80.0,25.0,1
PI,173,2201988,Brejo do Piauí,0.2682,50.3,95.35,55.21,-40.14,0
PI,174,2209609,São Félix do Piauí,0.2637,35.6,64.29,42.27,-22.02,0
PI,175,2207306,Paes Landim,0.2625,51.8,45.31,56.42,11.11,1
PI,176,2205458,Joca Marques,0.2549,38.3,43.83,44.75,0.92,1
PI,177,2203453,Dom Inocêncio,0.2512,97.4,87.27,80.0,-7.27,0
PI,178,2208908,Ribeiro Gonçalves,0.2511,88.8,85.26,80.0,-5.26,0
PI,179,2201408,Barro Duro,0.2493,38.3,40.17,44.76,4.59,1
PI,180,2206951,Novo Santo Antônio,0.2422,48.5,82.08,53.65,-28.43,0
PI,181,2211209,Uruçuí,0.2421,27.8,31.55,34.96,3.41,1
PI,182,2207934,Pedro Laurentino,0.2416,37.8,47.35,44.28,-3.07,0
PI,183,2201051,Assunção do Piauí,0.2375,84.5,69.88,80.0,10.12,1
PI,184,2208700,Redenção do Gurguéia,0.2371,99.0,80.52,80.0,-0.52,0
PI,185,2206308,Miguel Leão,0.2334,47.3,84.62,52.65,-31.97,0
PI,186,2204808,Ipiranga do Piauí,0.2323,85.4,95.83,80.0,-15.83,0
PI,187,2210805,Simplício Mendes,0.2186,88.7,67.45,80.0,12.55,1
PI,188,2204303,Fronteiras,0.2177,98.3,96.63,80.0,-16.63,0
PI,189,2205607,Landri Sales,0.2138,97.9,100.0,80.0,-20.0,0
PI,190,2204402,Gilbués,0.2129,31.3,39.2,38.32,-0.88,0
PI,191,2209807,São Gonçalo do Piauí,0.2117,94.2,64.04,80.0,15.96,1
PI,192,2203354,Dirceu Arcoverde,0.2034,33.2,11.96,40.14,28.18,1
PI,193,2206001,Marcos Parente,0.2015,22.2,80.95,29.37,-51.58,0
PI,194,2207900,Pedro II,0.1966,25.1,41.98,32.31,-9.67,0
PI,195,2207702,Parnaíba,0.1888,31.0,38.42,38.04,-0.38,0
PI,196,2205359,João Costa,0.1868,51.1,97.14,55.82,-41.32,0
PI,197,2210409,São Miguel do Tapuio,0.1648,29.9,45.19,36.96,-8.23,0
PI,198,2209104,Santa Cruz do Piauí,0.1591,95.6,98.15,80.0,-18.15,0
PI,199,2201945,Boqueirão do Piauí,0.1562,96.5,77.1,80.0,2.9,1
PI,200,2211100,União,0.1561,26.8,35.21,34.02,-1.19,0
PI,201,2209302,Santa Luz,0.1534,100.0,55.68,80.0,24.32,1
PI,202,2206100,Matias Olímpio,0.1514,24.4,52.06,31.65,-20.41,0
PI,203,2209658,São Francisco de Assis do Piauí,0.1392,33.6,36.86,40.51,3.65,1
PI,204,2201903,Bom Jesus,0.1306,99.1,98.95,80.0,-18.95,0
PI,205,2206753,Nossa Senhora de Nazaré,0.1283,21.7,95.24,28.91,-66.33,0
PI,206,2203255,Curralinhos,0.1233,32.6,27.56,39.57,12.01,1
PI,207,2205953,Marcolândia,0.1085,98.9,89.66,80.0,-9.66,0
PI,208,2205102,Itaueira,0.0931,25.2,85.9,32.37,-53.53,0
PI,209,2210938,Sussuapara,0.0916,27.1,55.84,34.28,-21.56,0
PI,210,2205581,Lagoa do Piauí,0.09,7.2,44.87,11.95,-32.92,0
PI,211,2208601,Prata do Piauí,0.0477,14.3,47.93,20.78,-27.15,0
PI,212,2209872,São João da Fronteira,0.0196,26.9,43.37,34.14,-9.23,0
PI,213,2202307,Canto do Buriti,0.0171,13.7,36.45,20.06,-16.39,0
PI,214,2200509,Amarante,0.0164,22.3,32.94,29.44,-3.5,0
PI,215,2205557,Lagoa Alegre,0.015,21.7,58.86,28.81,-30.05,0
PI,216,2204352,Geminiano,0.0114,19.5,53.59,26.56,-27.03,0
PI,217,2202653,Caxingó,0.0104,20.4,46.21,27.47,-18.74,0
PI,218,2202174,Campo Largo do Piauí,0.0031,17.7,64.31,24.57,-39.74,0
PI,219,2205599,Lagoa do Sítio,0.0024,12.7,62.96,18.93,-44.03,0
PI,220,2203271,Curral Novo do Piauí,0.0008,16.1,48.34,22.86,-25.48,0
PI,221,2202059,Cabeceiras do Piauí,0.0008,19.9,52.34,26.93,-25.41,0
PI,222,2206654,Morro Cabeça no Tempo,0.0,23.7,19.39,30.91,11.52,1
PI,223,2210383,São Miguel da Baixa Grande,0.0,24.1,80.0,31.36,-48.64,0
PI,224,2211357,Várzea Branca,0.0,26.0,31.25,33.18,1.93,1
PR,1,4119152,Pinhais,0.9841,62.7,57.37,65.58,8.21,1
PR,2,4126256,Sarandi,0.981,58.0,56.55,61.63,5.08,1
PR,3,4118204,Paranaguá,0.9742,61.9,61.71,64.89,3.18,1
PR,4,4104204,Campo Largo,0.9721,73.3,69.19,74.37,5.18,1
PR,5,4104907,Castro,0.971,74.3,74.56,75.14,0.58,1
PR,6,4101507,Arapongas,0.9669,76.0,70.97,76.59,5.62,1
PR,7,4128104,Umuarama,0.9667,64.1,63.1,66.74,3.64,1
PR,8,4119509,Piraquara,0.9646,58.3,50.54,61.92,11.38,1
PR,9,4127700,Toledo,0.9628,79.6,81.69,79.64,-2.05,0
PR,10,4114609,Marechal Cândido Rondon,0.9525,75.3,76.44,76.01,-0.43,0
PR,11,4106902,Curitiba,0.9511,70.4,65.96,71.93,5.97,1
PR,12,4124103,Santo Antônio da Platina,0.948,60.4,55.04,63.64,8.6,1
PR,13,4113700,Londrina,0.9454,73.9,72.99,74.82,1.83,1
PR,14,4104303,Campo Mourão,0.9401,77.6,76.77,77.95,1.18,1
PR,15,4122404,Rolândia,0.9351,73.4,71.84,74.42,2.58,1
PR,16,4109401,Guarapuava,0.9307,74.4,67.0,75.27,8.27,1
PR,17,4101804,Araucária,0.9283,69.5,69.02,71.19,2.17,1
PR,18,4104006,Campina Grande do Sul,0.928,70.4,66.84,71.94,5.1,1
PR,19,4108304,Foz do Iguaçu,0.9217,73.0,72.01,74.1,2.09,1
PR,20,4117602,Palmas,0.9202,55.7,54.27,59.7,5.43,1
PR,21,4118501,Pato Branco,0.9195,78.2,71.14,78.48,7.34,1
PR,22,4111803,Jacarezinho,0.9146,55.1,47.68,59.25,11.57,1
PR,23,4115705,Matinhos,0.9131,70.4,63.15,71.91,8.76,1
PR,24,4114807,Marialva,0.9127,73.2,73.09,74.29,1.2,1
PR,25,4103701,Cambé,0.9096,79.1,76.35,79.24,2.89,1
PR,26,4108809,Guaíra,0.8995,63.2,69.53,65.99,-3.54,0
PR,27,4125506,São José dos Pinhais,0.8962,67.2,64.3,69.26,4.96,1
PR,28,4125704,São Miguel do Iguaçu,0.8932,73.6,77.84,74.57,-3.27,0
PR,29,4117701,Palmeira,0.8862,71.6,65.93,72.95,7.02,1
PR,30,4109807,Ibiporã,0.8836,73.4,64.9,74.39,9.49,1
PR,31,4106407,Cornélio Procópio,0.8755,76.8,73.21,77.26,4.05,1
PR,32,4104253,Campo Magro,0.8721,59.8,57.97,63.18,5.21,1
PR,33,4107520,Esperança Nova,0.8667,42.1,71.04,48.13,-22.91,0
PR,34,4119905,Ponta Grossa,0.8629,75.8,75.9,76.43,0.53,1
PR,35,4109609,Guaratuba,0.8583,67.4,66.9,69.4,2.5,1
PR,36,4120903,Quedas do Iguaçu,0.8527,71.7,62.11,73.0,10.89,1
PR,37,4127106,Telêmaco Borba,0.8519,63.2,61.71,65.96,4.25,1
PR,38,4121752,Reserva do Iguaçu,0.85,77.9,83.13,78.22,-4.91,0
PR,39,4117503,Paiçandu,0.8453,68.5,62.96,70.33,7.37,1
PR,40,4119301,Pinhão,0.8422,61.9,61.33,64.88,3.55,1
PR,41,4122206,Rio Branco do Sul,0.8344,62.3,61.35,65.21,3.86,1
PR,42,4105805,Colombo,0.8316,64.9,60.67,67.38,6.71,1
PR,43,4124400,Santo Antônio do Sudoeste,0.8256,79.5,81.43,79.58,-1.85,0
PR,44,4107652,Fazenda Rio Grande,0.8242,68.9,64.69,70.65,5.96,1
PR,45,4100400,Almirante Tamandaré,0.823,52.4,45.12,57.0,11.88,1
PR,46,4102000,Assis Chateaubriand,0.8212,80.2,80.31,80.0,-0.31,0
PR,47,4102406,Bandeirantes,0.821,75.4,72.78,76.11,3.33,1
PR,48,4117057,Nova Laranjeiras,0.8171,77.5,68.33,77.85,9.52,1
PR,49,4103602,Cambará,0.8165,62.5,58.04,65.41,7.37,1
PR,50,4101606,Arapoti,0.8126,75.4,67.63,76.12,8.49,1
PR,51,4123501,Santa Helena,0.812,79.2,79.37,79.32,-0.05,0
PR,52,4111506,Ivaiporã,0.8099,66.6,72.39,68.76,-3.63,0
PR,53,4114104,Mandaguaçu,0.8073,60.2,62.29,63.44,1.15,1
PR,54,4115408,Marmeleiro,0.8045,78.3,85.08,78.57,-6.51,0
PR,55,4111258,Itaperuçu,0.8001,56.4,52.37,60.35,7.98,1
PR,56,4119954,Pontal do Paraná,0.7994,71.2,61.28,72.58,11.3,1
PR,57,4118402,Paranavaí,0.7967,80.5,74.3,80.0,5.7,1
PR,58,4105508,Cianorte,0.7891,79.6,74.95,79.62,4.67,1
PR,59,4120804,Quatro Barras,0.7823,66.8,67.24,68.92,1.68,1
PR,60,4128609,Verê,0.7809,81.0,67.29,80.0,12.71,1
PR,61,4123857,Santa Maria do Oeste,0.7761,76.3,70.26,76.81,6.55,1
PR,62,4112009,Jaguariaíva,0.7746,80.9,79.14,80.0,0.86,1
PR,63,4101002,Ampére,0.7724,65.5,70.06,67.87,-2.19,0
PR,64,4104105,Campo do Tenente,0.7705,80.4,80.98,80.0,-0.98,0
PR,65,4117305,Ortigueira,0.7654,62.6,58.43,65.49,7.06,1
PR,66,4100509,Altônia,0.7642,70.4,78.17,71.92,-6.25,0
PR,67,4113205,Lapa,0.7629,81.1,74.83,80.0,5.17,1
PR,68,4106506,Coronel Vivida,0.7629,80.5,74.6,80.0,5.4,1
PR,69,4106605,Cruzeiro do Oeste,0.7578,74.1,73.47,74.97,1.5,1
PR,70,4106308,Corbélia,0.7561,74.6,85.26,75.44,-9.82,0
PR,71,4115804,Medianeira,0.7556,79.2,79.1,79.33,0.23,1
PR,72,4113502,Loanda,0.7522,72.4,73.8,73.6,-0.2,0
PR,73,4124053,Santa Terezinha de Itaipu,0.7517,81.3,79.46,80.0,0.54,1
PR,74,4125407,São José da Boa Vista,0.7516,80.7,76.15,80.0,3.85,1
PR,75,4128633,Doutor Ulysses,0.7489,76.3,69.45,76.87,7.42,1
PR,76,4107900,Floresta,0.7458,76.4,74.01,76.93,2.92,1
PR,77,4104808,Cascavel,0.7411,80.1,74.34,80.0,5.66,1
PR,78,4115200,Maringá,0.7393,80.5,78.37,80.0,1.63,1
PR,79,4115754,Mauá da Serra,0.739,81.1,80.48,80.0,-0.48,0
PR,80,4126306,Sengés,0.7364,80.7,81.96,80.0,-1.96,0
PR,81,4108452,Foz do Jordão,0.7357,83.2,78.1,80.0,1.9,1
PR,82,4118600,Paula Freitas,0.7346,77.6,74.56,77.91,3.35,1
PR,83,4115309,Mariópolis,0.7342,76.4,66.98,76.94,9.96,1
PR,84,4100301,Agudos do Sul,0.7323,75.8,87.51,76.47,-11.04,0
PR,85,4107751,Figueira,0.7318,82.1,77.82,80.0,2.18,1
PR,86,4110409,Indianópolis,0.7308,80.0,69.81,80.0,10.19,1
PR,87,4104501,Capanema,0.7297,78.5,79.5,78.69,-0.81,0
PR,88,4117909,Palotina,0.7288,69.0,74.33,70.79,-3.54,0
PR,89,4116901,Nova Esperança,0.7253,74.1,74.65,75.03,0.38,1
PR,90,4125308,São Jorge do Ivaí,0.7218,83.0,70.73,80.0,9.27,1
PR,91,4121000,Querência do Norte,0.7116,45.3,50.32,50.89,0.57,1
PR,92,4106456,Coronel Domingos Soares,0.7104,78.3,62.47,78.53,16.06,1
PR,93,4124301,Santo Antônio do Paraíso,0.7098,82.3,81.17,80.0,-1.17,0
PR,94,4103354,Braganey,0.7095,84.9,85.11,80.0,-5.11,0
PR,95,4102307,Balsa Nova,0.7082,75.8,75.18,76.46,1.28,1
PR,96,4127007,Teixeira Soares,0.7081,77.3,88.2,77.71,-10.49,0
PR,97,4128401,Uraí,0.7039,76.6,66.07,77.07,11.0,1
PR,98,4106803,Cruz Machado,0.7018,80.7,84.49,80.0,-4.49,0
PR,99,4111902,Jaguapitã,0.6978,76.3,62.26,76.81,14.55,1
PR,100,4124608,São Carlos do Ivaí,0.6927,78.3,73.36,78.54,5.18,1
PR,101,4127502,Tibagi,0.6923,77.8,77.79,78.09,0.3,1
PR,102,4120408,Presidente Castelo Branco,0.6908,76.2,62.98,76.81,13.83,1
PR,103,4107736,Fernandes Pinheiro,0.6904,80.9,79.81,80.0,0.19,1
PR,104,4105409,Chopinzinho,0.6883,80.7,70.85,80.0,9.15,1
PR,105,4104659,Carambeí,0.6792,75.1,69.2,75.84,6.64,1
PR,106,4117222,Nova Santa Rosa,0.6698,77.8,72.16,78.12,5.96,1
PR,107,4107405,Enéas Marques,0.6694,83.6,85.24,80.0,-5.24,0
PR,108,4115358,Maripá,0.6684,81.0,76.69,80.0,3.31,1
PR,109,4116802,Nova Cantu,0.6668,79.5,88.03,79.57,-8.46,0
PR,110,4106852,Cruzmaltina,0.6667,95.7,94.52,80.0,-14.52,0
PR,111,4113304,Laranjeiras do Sul,0.6633,72.1,68.0,73.37,5.37,1
PR,112,4111209,Itapejara d'Oeste,0.6607,75.5,75.37,76.17,0.8,1
PR,113,4111001,Itambaracá,0.6603,79.1,80.58,79.25,-1.33,0
PR,114,4107801,Floraí,0.6601,77.3,85.2,77.73,-7.47,0
PR,115,4110102,Imbituva,0.66,80.4,78.04,80.0,1.96,1
PR,116,4112108,Jandaia do Sul,0.6591,77.0,68.64,77.44,8.8,1
PR,117,4126504,Sertanópolis,0.6575,66.8,61.98,68.91,6.93,1
PR,118,4120358,Pranchita,0.6575,84.3,79.55,80.0,0.45,1
PR,119,4102901,Bituruna,0.6554,80.8,70.06,80.0,9.94,1
PR,120,4124004,Santana do Itararé,0.6537,78.3,54.43,78.52,24.09,1
PR,121,4101705,Araruna,0.6534,76.1,77.54,76.65,-0.89,0
PR,122,4119707,Planaltina do Paraná,0.6513,79.8,80.42,79.82,-0.6,0
PR,123,4128203,União da Vitória,0.6496,74.9,73.17,75.71,2.54,1
PR,124,4121703,Reserva,0.6483,72.9,81.08,73.98,-7.1,0
PR,125,4122701,Sabáudia,0.6474,81.5,78.98,80.0,1.02,1
PR,126,4125100,São João do Triunfo,0.6417,78.6,79.45,78.79,-0.66,0
PR,127,4112306,Japira,0.6405,75.7,64.46,76.34,11.88,1
PR,128,4117107,Nova Londrina,0.6383,77.7,74.05,78.01,3.96,1
PR,129,4105300,Céu Azul,0.6379,81.6,84.56,80.0,-4.56,0
PR,130,4105201,Cerro Azul,0.6377,54.8,49.89,58.95,9.06,1
PR,131,4115002,Marilena,0.6358,84.5,75.36,80.0,4.64,1
PR,132,4117255,Nova Prata do Iguaçu,0.6342,80.8,72.83,80.0,7.17,1
PR,133,4123709,Santa Isabel do Ivaí,0.6336,84.2,75.13,80.0,4.87,1
PR,134,4108601,Goioerê,0.6299,70.5,63.77,72.0,8.23,1
PR,135,4103503,Califórnia,0.6291,81.9,69.28,80.0,10.72,1
PR,136,4111704,Jaboti,0.6261,82.7,73.86,80.0,6.14,1
PR,137,4121208,Quitandinha,0.6256,71.8,75.8,73.05,-2.75,0
PR,138,4127858,Três Barras do Paraná,0.6249,79.4,75.42,79.46,4.04,1
PR,139,4112207,Janiópolis,0.6249,82.6,77.3,80.0,2.7,1
PR,140,4127205,Terra Boa,0.6213,86.0,89.1,80.0,-9.1,0
PR,141,4125753,São Pedro do Iguaçu,0.6182,74.7,80.66,75.54,-5.12,0
PR,142,4124707,São Jerônimo da Serra,0.6162,81.2,71.33,80.0,8.67,1
PR,143,4106571,Cruzeiro do Iguaçu,0.6156,81.7,86.52,80.0,-6.52,0
PR,144,4111555,Ivaté,0.6145,84.3,77.24,80.0,2.76,1
PR,145,4102752,Bela Vista da Caroba,0.6135,76.8,88.13,77.31,-10.82,0
PR,146,4117008,Nova Fátima,0.6119,81.7,79.65,80.0,0.35,1
PR,147,4103909,Campina da Lagoa,0.6115,80.2,77.67,80.0,2.33,1
PR,148,4116109,Moreira Sales,0.6051,79.3,78.01,79.43,1.42,1
PR,149,4117206,Nova Olímpia,0.6043,79.2,91.63,79.33,-12.3,0
PR,150,4123600,Santa Inês,0.6033,96.8,100.0,80.0,-20.0,0
PR,151,4128500,Wenceslau Braz,0.5951,81.1,74.37,80.0,5.63,1
PR,152,4111308,Itaúna do Sul,0.5939,77.4,40.32,77.77,37.45,1
PR,153,4107850,Flor da Serra do Sul,0.5939,85.7,85.55,80.0,-5.55,0
PR,154,4114302,Mandirituba,0.5933,79.4,64.48,79.47,14.99,1
PR,155,4100608,Alto Paraná,0.5931,65.0,70.12,67.45,-2.67,0
PR,156,4103024,Boa Esperança do Iguaçu,0.5917,75.0,93.1,75.76,-17.34,0
PR,157,4108502,General Carneiro,0.5889,79.1,55.52,79.19,23.67,1
PR,158,4122156,Rio Bonito do Iguaçu,0.5889,81.4,80.25,80.0,-0.25,0
PR,159,4119608,Pitanga,0.5879,73.0,73.42,74.08,0.66,1
PR,160,4109302,Guaraniaçu,0.5845,80.0,71.17,80.0,8.83,1
PR,161,4124202,Santo Antônio do Caiuá,0.5843,82.8,88.04,80.0,-8.04,0
PR,162,4123808,Santa Izabel do Oeste,0.5839,82.4,82.63,80.0,-2.63,0
PR,163,4102109,Astorga,0.5807,79.6,75.21,79.63,4.42,1
PR,164,4121307,Rancho Alegre,0.578,77.0,86.02,77.46,-8.56,0
PR,165,4120309,Porto Vitória,0.5778,84.6,75.0,80.0,5.0,1
PR,166,4120606,Prudentópolis,0.574,82.7,82.91,80.0,-2.91,0
PR,167,4126009,São Sebastião da Amoreira,0.5738,82.8,87.77,80.0,-7.77,0
PR,168,4107009,Curiúva,0.5734,80.2,68.88,80.0,11.12,1
PR,169,4103958,Campina do Simão,0.5723,85.5,84.25,80.0,-4.25,0
PR,170,4104451,Cantagalo,0.5716,65.7,71.81,68.01,-3.8,0
PR,171,4104600,Capitão Leônidas Marques,0.5697,73.0,78.04,74.06,-3.98,0
PR,172,4107553,Farol,0.5688,76.0,96.3,76.57,-19.73,0
PR,173,4122503,Roncador,0.5686,83.7,76.32,80.0,3.68,1
PR,174,4127403,Terra Roxa,0.5658,68.6,76.19,70.39,-5.8,0
PR,175,4103404,Cafeara,0.5656,80.1,63.42,80.0,16.58,1
PR,176,4107157,Diamante D'Oeste,0.5651,67.2,74.32,69.28,-5.04,0
PR,177,4114203,Mandaguari,0.5643,85.1,81.53,80.0,-1.53,0
PR,178,4108403,Francisco Beltrão,0.5629,79.7,76.41,79.72,3.31,1
PR,179,4116208,Morretes,0.5627,68.4,59.7,70.28,10.58,1
PR,180,4120655,Quarto Centenário,0.5611,79.9,61.75,79.9,18.15,1
PR,181,4109104,Guaporema,0.5562,84.4,66.67,80.0,13.33,1
PR,182,4104709,Carlópolis,0.5554,73.7,66.18,74.67,8.49,1
PR,183,4122305,Rio Negro,0.5534,85.2,88.56,80.0,-8.56,0
PR,184,4108957,Guamiranga,0.5515,79.5,71.55,79.6,8.05,1
PR,185,4101408,Apucarana,0.5433,82.1,78.78,80.0,1.22,1
PR,186,4118907,Pérola,0.5426,78.4,62.28,78.63,16.35,1
PR,187,4127304,Terra Rica,0.5422,69.0,81.46,70.78,-10.68,0
PR,188,4122909,Salto do Itararé,0.5414,64.5,73.64,67.05,-6.59,0
PR,189,4110706,Irati,0.5363,82.7,88.31,80.0,-8.31,0
PR,190,4112405,Japurá,0.5349,73.4,80.87,74.44,-6.43,0
PR,191,4114401,Mangueirinha,0.5335,72.2,66.1,73.44,7.34,1
PR,192,4115101,Mariluz,0.5316,62.4,52.21,65.33,13.12,1
PR,193,4109708,Ibaiti,0.5309,72.9,71.64,73.99,2.35,1
PR,194,4110656,Iracema do Oeste,0.5302,92.9,85.71,80.0,-5.71,0
PR,195,4125803,São Pedro do Ivaí,0.528,83.6,85.66,80.0,-5.66,0
PR,196,4126678,Tamarana,0.5274,73.9,65.46,74.8,9.34,1
PR,197,4128534,Ventania,0.5261,74.1,77.17,75.01,-2.16,0
PR,198,4103057,Boa Vista da Aparecida,0.5256,72.4,53.35,73.58,20.23,1
PR,199,4105706,Clevelândia,0.5242,73.1,74.84,74.18,-0.66,0
PR,200,4127601,Tijucas do Sul,0.5234,78.8,68.4,78.94,10.54,1
PR,201,4128708,Vitorino,0.5211,71.4,70.19,72.74,2.55,1
PR,202,4114500,Manoel Ribas,0.5185,67.7,71.98,69.69,-2.29,0
PR,203,4128807,Xambrê,0.5151,73.8,55.19,74.79,19.6,1
PR,204,4119202,Pinhalão,0.5128,74.0,76.88,74.89,-1.99,0
PR,205,4105003,Catanduvas,0.5108,66.1,56.16,68.32,12.16,1
PR,206,4118006,Paraíso do Norte,0.5098,74.9,67.76,75.67,7.91,1
PR,207,4123402,Santa Fé,0.5071,58.7,64.71,62.22,-2.49,0
PR,208,4114906,Marilândia do Sul,0.507,72.1,84.99,73.34,-11.65,0
PR,209,4123907,Santa Mariana,0.5069,73.7,83.73,74.63,-9.1,0
PR,210,4127882,Tunas do Paraná,0.5051,63.5,75.01,66.18,-8.83,0
PR,211,4116703,Nova Aurora,0.5038,82.3,74.99,80.0,5.01,1
PR,212,4103222,Bom Sucesso do Sul,0.5038,82.0,71.33,80.0,8.67,1
PR,213,4111605,Ivatuba,0.5034,78.8,86.72,78.99,-7.73,0
PR,214,4102802,Bela Vista do Paraíso,0.503,61.1,54.88,64.18,9.3,1
PR,215,4121356,Rancho Alegre D'Oeste,0.5027,78.0,56.92,78.33,21.41,1
PR,216,4107306,Doutor Camargo,0.5016,79.1,60.84,79.25,18.41,1
PR,217,4110508,Ipiranga,0.5004,88.2,82.28,80.0,-2.28,0
PR,218,4111407,Ivaí,0.5003,84.6,82.65,80.0,-2.65,0
PR,219,4125902,São Pedro do Paraná,0.4996,71.9,75.0,73.2,-1.8,0
PR,220,4112751,Jesuítas,0.4996,85.8,89.98,80.0,-9.98,0
PR,221,4125001,São João do Ivaí,0.4984,61.5,73.17,64.52,-8.65,0
PR,222,4104428,Candói,0.4979,73.4,64.69,74.4,9.71,1
PR,223,4127965,Turvo,0.4963,82.6,84.81,80.0,-4.81,0
PR,224,4116000,Miraselva,0.4958,77.1,51.38,77.49,26.11,1
PR,225,4128005,Ubiratã,0.4951,85.6,77.6,80.0,2.4,1
PR,226,4121109,Quinta do Sol,0.4943,76.8,74.15,77.24,3.09,1
PR,227,4113106,Kaloré,0.4938,83.4,77.98,80.0,2.02,1
PR,228,4121604,Renascença,0.4917,70.8,82.55,72.28,-10.27,0
PR,229,4112702,Jataizinho,0.4916,62.4,60.93,65.3,4.37,1
PR,230,4118808,Peabiru,0.4911,69.5,74.24,71.16,-3.08,0
PR,231,4102604,Barracão,0.4904,72.6,73.99,73.73,-0.26,0
PR,232,4125456,São José das Palmeiras,0.4903,83.2,74.36,80.0,5.64,1
PR,233,4115606,Matelândia,0.4891,73.5,71.4,74.52,3.12,1
PR,234,4126603,Siqueira Campos,0.4869,85.7,82.88,80.0,-2.88,0
PR,235,4109658,Honório Serpa,0.4866,56.0,73.2,59.97,-13.23,0
PR,236,4109203,Guaraci,0.4843,72.8,72.67,73.88,1.21,1
PR,237,4118105,Paranacity,0.4818,83.3,80.03,80.0,-0.03,0
PR,238,4113007,Jussara,0.4809,72.3,66.03,73.48,7.45,1
PR,239,4108700,Grandes Rios,0.48,65.0,61.6,67.46,5.86,1
PR,240,4103040,Boa Ventura de São Roque,0.4786,74.8,60.49,75.58,15.09,1
PR,241,4106209,Contenda,0.4762,78.4,77.37,78.62,1.25,1
PR,242,4126207,Sapopema,0.4756,73.3,83.01,74.36,-8.65,0
PR,243,4100905,Amaporã,0.475,71.9,76.71,73.16,-3.55,0
PR,244,4105607,Cidade Gaúcha,0.466,64.7,63.42,67.22,3.8,1
PR,245,4121802,Ribeirão Claro,0.465,74.6,85.68,75.41,-10.27,0
PR,246,4112504,Jardim Alegre,0.4635,61.2,77.74,64.31,-13.43,0
PR,247,4113908,Mallet,0.4631,82.6,87.79,80.0,-7.79,0
PR,248,4119103,Piên,0.4627,85.9,83.34,80.0,-3.34,0
PR,249,4100806,Alvorada do Sul,0.4613,69.4,72.48,71.09,-1.39,0
PR,250,4118857,Perobal,0.461,57.6,70.19,61.32,-8.87,0
PR,251,4107207,Dois Vizinhos,0.4598,83.8,82.56,80.0,-2.56,0
PR,252,4101903,Assaí,0.4597,88.7,80.24,80.0,-0.24,0
PR,253,4101200,Antonina,0.4589,66.3,63.75,68.53,4.78,1
PR,254,4110201,Inácio Martins,0.4588,73.4,70.03,74.45,4.42,1
PR,255,4127908,Tuneiras do Oeste,0.4578,71.5,68.12,72.81,4.69,1
PR,256,4107538,Entre Rios do Oeste,0.4573,88.8,96.25,80.0,-16.25,0
PR,257,4127957,Tupãssi,0.457,70.7,79.06,72.18,-6.88,0
PR,258,4103479,Cafezal do Sul,0.4562,55.7,64.76,59.73,-5.03,0
PR,259,4105904,Colorado,0.4515,84.0,78.22,80.0,1.78,1
PR,260,4119400,Piraí do Sul,0.4513,73.0,74.06,74.08,0.02,1
PR,261,4124020,Santa Tereza do Oeste,0.4508,73.3,77.75,74.35,-3.4,0
PR,262,4101101,Andirá,0.45,65.0,64.82,67.47,2.65,1
PR,263,4117800,Palmital,0.446,74.3,69.5,75.15,5.65,1
PR,264,4125357,São Jorge do Patrocínio,0.4457,74.3,90.23,75.2,-15.03,0
PR,265,4114708,Maria Helena,0.4445,64.7,49.96,67.2,17.24,1
PR,266,4109500,Guaraqueçaba,0.4389,70.1,57.18,71.7,14.52,1
PR,267,4112959,Juranda,0.4388,59.8,63.48,63.12,-0.36,0
PR,268,4120002,Porecatu,0.4346,74.3,87.25,75.21,-12.04,0
PR,269,4122800,Salgado Filho,0.4299,89.4,93.11,80.0,-13.11,0
PR,270,4110607,Iporã,0.429,64.2,68.95,66.75,-2.2,0
PR,271,4121901,Ribeirão do Pinhal,0.4288,86.7,84.51,80.0,-4.51,0
PR,272,4117271,Nova Tebas,0.4285,89.2,84.88,80.0,-4.88,0
PR,273,4104402,Cândido de Abreu,0.4274,83.3,85.54,80.0,-5.54,0
PR,274,4108320,Francisco Alves,0.4236,68.7,80.22,70.52,-9.7,0
PR,275,4109906,Icaraíma,0.4229,73.3,51.76,74.31,22.55,1
PR,276,4107702,Fênix,0.4215,65.2,61.86,67.58,5.72,1
PR,277,4103156,Bom Jesus do Sul,0.4214,87.4,93.48,80.0,-13.48,0
PR,278,4107603,Faxinal,0.419,83.4,71.76,80.0,8.24,1
PR,279,4100707,Alto Piquiri,0.4169,74.7,64.66,75.54,10.88,1
PR,280,4100459,Altamira do Paraná,0.4148,79.1,74.47,79.21,4.74,1
PR,281,4113452,Lindoeste,0.4147,86.5,72.9,80.0,7.1,1
PR,282,4106001,Congonhinhas,0.4139,68.8,41.19,70.6,29.41,1
PR,283,4119657,Pitangueiras,0.4131,94.1,83.19,80.0,-3.19,0
PR,284,4100202,Adrianópolis,0.4127,60.1,60.95,63.38,2.43,1
PR,285,4117297,Novo Itacolomi,0.4116,87.4,97.3,80.0,-17.3,0
PR,286,4104055,Campo Bonito,0.4105,72.9,78.31,73.98,-4.33,0
PR,287,4110078,Imbaú,0.408,71.9,70.26,73.19,2.93,1
PR,288,4107108,Diamante do Norte,0.4065,73.0,78.26,74.08,-4.18,0
PR,289,4103453,Cafelândia,0.4059,87.0,78.14,80.0,1.86,1
PR,290,4101150,Ângulo,0.3999,90.1,86.15,80.0,-6.15,0
PR,291,4120101,Porto Amazonas,0.3995,69.8,76.84,71.41,-5.43,0
PR,292,4117214,Nova Santa Bárbara,0.3992,84.9,79.18,80.0,0.82,1
PR,293,4126801,Tapejara,0.3988,69.4,61.07,71.09,10.02,1
PR,294,4108908,Guairaçá,0.3982,72.6,80.71,73.72,-6.99,0
PR,295,4122651,Rosário do Ivaí,0.3966,69.4,77.0,71.09,-5.91,0
PR,296,4103800,Cambira,0.3965,86.2,83.63,80.0,-3.63,0
PR,297,4115457,Marquinho,0.3963,74.0,82.18,74.92,-7.26,0
PR,298,4103107,Bocaiúva do Sul,0.3958,49.1,57.37,54.2,-3.17,0
PR,299,4122602,Rondon,0.3956,68.4,41.63,70.28,28.65,1
PR,300,4110904,Itaguajé,0.3931,59.3,76.11,62.76,-13.35,0
PR,301,4109757,Ibema,0.3883,72.8,70.35,73.95,3.6,1
PR,302,4101853,Ariranha do Ivaí,0.3814,75.6,69.82,76.27,6.45,1
PR,303,4108205,Formosa do Oeste,0.3797,88.2,85.18,80.0,-5.18,0
PR,304,4125605,São Mateus do Sul,0.3731,83.1,70.57,80.0,9.43,1
PR,305,4119004,Pérola d'Oeste,0.3721,88.9,88.78,80.0,-8.78,0
PR,306,4113809,Lupionópolis,0.3671,87.0,77.71,80.0,2.29,1
PR,307,4116604,Nova América da Colina,0.3648,62.5,78.8,65.42,-13.38,0
PR,308,4123956,Santa Mônica,0.3614,78.7,80.22,78.86,-1.36,0
PR,309,4106555,Corumbataí do Sul,0.3597,87.3,87.98,80.0,-7.98,0
PR,310,4123824,Santa Lúcia,0.3594,79.5,85.71,79.57,-6.14,0
PR,311,4128658,Virmond,0.3547,78.7,81.54,78.88,-2.66,0
PR,312,4121257,Ramilândia,0.3543,88.1,77.23,80.0,2.77,1
PR,313,4122172,Rio Branco do Ivaí,0.3459,69.8,73.84,71.38,-2.46,0
PR,314,4128302,Uniflor,0.3455,60.2,73.33,63.5,-9.83,0
PR,315,4118451,Pato Bragado,0.3442,90.5,90.41,80.0,-10.41,0
PR,316,4126652,Sulina,0.3401,64.4,74.93,66.92,-8.01,0
PR,317,4116406,Nossa Senhora das Graças,0.3395,79.2,94.81,79.27,-15.54,0
PR,318,4108551,Godoy Moreira,0.3328,94.6,74.07,80.0,5.93,1
PR,319,4110300,Inajá,0.3301,73.7,69.71,74.7,4.99,1
PR,320,4122008,Rio Azul,0.3283,89.6,89.22,80.0,-9.22,0
PR,321,4115507,Marumbi,0.3248,57.7,75.85,61.37,-14.48,0
PR,322,4102703,Barra do Jacaré,0.3228,63.0,72.41,65.76,-6.65,0
PR,323,4119251,Pinhal de São Bento,0.3217,91.1,97.14,80.0,-17.14,0
PR,324,4113759,Lunardelli,0.3132,57.5,70.4,61.2,-9.2,0
PR,325,4105102,Centenário do Sul,0.3078,54.3,74.15,58.53,-15.62,0
PR,326,4107504,Engenheiro Beltrão,0.3076,87.3,82.06,80.0,-2.06,0
PR,327,4106704,Cruzeiro do Sul,0.3051,71.4,71.42,72.78,1.36,1
PR,328,4121406,Realeza,0.3019,88.3,79.84,80.0,0.16,1
PR,329,4108007,Florestópolis,0.2945,64.4,63.48,66.94,3.46,1
PR,330,4121505,Rebouças,0.2906,86.3,77.0,80.0,3.0,1
PR,331,4122107,Rio Bom,0.2887,94.5,69.55,80.0,10.45,1
PR,332,4113734,Luiziana,0.2882,85.3,86.61,80.0,-6.61,0
PR,333,4112801,Joaquim Távora,0.2875,85.5,85.12,80.0,-5.12,0
PR,334,4125555,São Manoel do Paraná,0.2867,95.4,73.08,80.0,6.92,1
PR,335,4109005,Guapirama,0.2862,87.9,75.09,80.0,4.91,1
PR,336,4114005,Mamborê,0.2855,94.0,74.68,80.0,5.32,1
PR,337,4117453,Ouro Verde do Oeste,0.2855,86.7,90.05,80.0,-10.05,0
PR,338,4107124,Diamante do Sul,0.2804,69.4,83.28,71.09,-12.19,0
PR,339,4120333,Prado Ferreira,0.2765,76.6,73.85,77.14,3.29,1
PR,340,4123204,Santa Cecília do Pavão,0.2704,87.4,80.09,80.0,-0.09,0
PR,341,4118709,Paulo Frontin,0.2652,90.7,84.51,80.0,-4.51,0
PR,342,4124509,Santo Inácio,0.2637,91.1,80.07,80.0,-0.07,0
PR,343,4124806,São João,0.2636,87.0,87.16,80.0,-7.16,0
PR,344,4103305,Borrazópolis,0.2597,87.2,75.03,80.0,4.97,1
PR,345,4116505,Nova Aliança do Ivaí,0.2589,38.1,43.75,44.57,0.82,1
PR,346,4123006,Salto do Lontra,0.2578,85.5,76.46,80.0,3.54,1
PR,347,4111100,Itambé,0.2569,89.7,86.9,80.0,-6.9,0
PR,348,4107546,Espigão Alto do Iguaçu,0.2492,72.0,81.78,73.21,-8.57,0
PR,349,4114351,Manfrinópolis,0.247,91.0,70.91,80.0,9.09,1
PR,350,4102505,Barbosa Ferraz,0.2431,91.0,77.65,80.0,2.35,1
PR,351,4113429,Lidianópolis,0.2431,92.6,83.47,80.0,-3.47,0
PR,352,4103370,Brasilândia do Sul,0.2426,74.3,77.7,75.19,-2.51,0
PR,353,4113601,Lobato,0.2301,61.9,54.92,64.86,9.94,1
PR,354,4108106,Flórida,0.2289,62.8,78.57,65.64,-12.93,0
PR,355,4116950,Nova Esperança do Sudoeste,0.2219,97.4,88.59,80.0,-8.59,0
PR,356,4120507,Primeiro de Maio,0.2191,51.4,62.66,56.15,-6.51,0
PR,357,4126355,Serranópolis do Iguaçu,0.2184,100.0,82.66,80.0,-2.66,0
PR,358,4110953,Itaipulândia,0.2176,86.9,84.64,80.0,-4.64,0
PR,359,4128559,Vera Cruz do Oeste,0.2158,52.4,76.11,56.94,-19.17,0
PR,360,4126702,Tamboara,0.2071,47.6,46.83,52.89,6.06,1
PR,361,4103008,Boa Esperança,0.2053,93.8,92.95,80.0,-12.95,0
PR,362,4123303,Santa Cruz de Monte Castelo,0.2045,85.8,59.1,80.0,20.9,1
PR,363,4116059,Missal,0.2033,88.7,83.28,80.0,-3.28,0
PR,364,4117404,Ourizona,0.19,88.8,57.5,80.0,22.5,1
PR,365,4115903,Mirador,0.1793,70.4,56.0,71.89,15.89,1
PR,366,4110805,Iretama,0.1783,87.6,80.07,80.0,-0.07,0
PR,367,4120200,Porto Rico,0.1747,60.4,71.94,63.64,-8.3,0
PR,368,4107256,Douradina,0.1738,50.3,68.96,55.19,-13.77,0
PR,369,4119806,Planalto,0.1737,87.6,78.93,80.0,1.07,1
PR,370,4101051,Anahy,0.1687,62.4,69.97,65.3,-4.67,0
PR,371,4103206,Bom Sucesso,0.1682,53.5,72.9,57.91,-14.99,0
PR,372,4101655,Arapuã,0.1658,54.4,76.31,58.64,-17.67,0
PR,373,4125209,São Jorge d'Oeste,0.1657,88.3,84.59,80.0,-4.59,0
PR,374,4113403,Leópolis,0.1517,91.1,89.7,80.0,-9.7,0
PR,375,4124905,São João do Caiuá,0.1299,93.3,93.06,80.0,-13.06,0
PR,376,4115853,Mercedes,0.1227,91.3,93.06,80.0,-13.06,0
PR,377,4112603,Jardim Olinda,0.1208,50.0,92.31,54.93,-37.38,0
PR,378,4126108,São Tomé,0.1185,89.0,69.88,80.0,10.12,1
PR,379,4110003,Iguaraçu,0.1081,50.9,58.96,55.71,-3.25,0
PR,380,4120853,Quatro Pontes,0.1026,91.8,89.52,80.0,-9.52,0
PR,381,4102208,Atalaia,0.0975,91.9,88.32,80.0,-8.32,0
PR,382,4126405,Sertaneja,0.0914,92.0,90.98,80.0,-10.98,0
PR,383,4101309,Antônio Olinto,0.0887,91.4,88.26,80.0,-8.26,0
PR,384,4120150,Porto Barreiro,0.0854,100.0,86.29,80.0,-6.29,0
PR,385,4123105,Santa Amélia,0.0854,100.0,91.5,80.0,-11.5,0
PR,386,4120705,Quatiguá,0.0818,91.6,90.26,80.0,-10.26,0
PR,387,4108650,Goioxim,0.08,92.6,90.42,80.0,-10.42,0
PR,388,4126900,Tapira,0.0775,90.5,77.42,80.0,2.58,1
PR,389,4100103,Abatiá,0.0694,56.1,57.74,60.05,2.31,1
PR,390,4118303,Paranapoema,0.0469,59.2,61.71,62.63,0.92,1
PR,391,4112900,Jundiaí do Sul,0.0465,56.8,55.42,60.68,5.26,1
PR,392,4126272,Saudade do Iguaçu,0.0427,92.5,85.49,80.0,-5.49,0
PR,393,4127809,Tomazina,0.0413,91.7,83.7,80.0,-3.7,0
PR,394,4116307,Munhoz de Melo,0.0148,53.2,80.0,57.66,-22.34,0
PR,395,4106100,Conselheiro Mairinck,0.0138,51.5,69.16,56.22,-12.94,0
RN,1,2414803,Vera Cruz,1.0,58.7,43.56,62.26,18.7,1
RN,2,2402709,Cerro Corá,1.0,60.4,40.95,63.66,22.71,1
RN,3,2401651,Bodó,1.0,65.0,60.0,67.45,7.45,1
RN,4,2407708,Montanhas,0.9964,58.7,44.2,62.22,18.02,1
RN,5,2407807,Monte Alegre,0.9964,59.2,50.97,62.63,11.66,1
RN,6,2411502,Santo Antônio,0.9964,66.5,23.56,68.69,45.13,1
RN,7,2413003,São Vicente,0.9929,63.0,47.83,65.76,17.93,1
RN,8,2402402,Carnaúba dos Dantas,0.99,65.5,29.88,67.88,38.0,1
RN,9,2410256,Porto do Mangue,0.9893,58.4,42.47,61.94,19.47,1
RN,10,2413607,Severiano Melo,0.9893,71.6,47.88,72.95,25.07,1
RN,11,2404309,Governador Dix-Sept Rosado,0.987,57.9,48.2,61.52,13.32,1
RN,12,2411106,Ruy Barbosa,0.9635,58.2,35.0,61.84,26.84,1
RN,13,2414902,Viçosa,0.962,58.9,61.9,62.42,0.52,1
RN,14,2413557,Serrinha dos Pintos,0.9485,57.4,62.68,61.18,-1.5,0
RN,15,2403301,Encanto,0.9157,47.5,67.02,52.83,-14.19,0
RN,16,2405603,Jardim de Piranhas,0.8655,30.4,63.05,37.47,-25.58,0
RN,17,2408904,Parelhas,0.8546,43.3,50.73,49.2,-1.53,0
RN,18,2404606,Ielmo Marinho,0.8521,41.3,30.13,47.4,17.27,1
RN,19,2410009,Pilões,0.851,64.7,63.16,67.21,4.05,1
RN,20,2401107,Areia Branca,0.8392,52.2,39.95,56.82,16.87,1
RN,21,2404903,Itaú,0.8372,52.9,51.63,57.42,5.79,1
RN,22,2407401,Martins,0.8278,41.6,53.91,47.7,-6.21,0
RN,23,2411601,São Bento do Norte,0.784,57.8,32.17,61.45,29.28,1
RN,24,2408003,Mossoró,0.7715,38.1,45.41,44.54,-0.87,0
RN,25,2412005,São Gonçalo do Amarante,0.7683,52.3,32.48,56.91,24.43,1
RN,26,2403103,Currais Novos,0.7675,41.2,46.77,47.33,0.56,1
RN,27,2400208,Assú,0.7647,42.2,40.86,48.18,7.32,1
RN,28,2402006,Caicó,0.764,35.6,44.58,42.3,-2.28,0
RN,29,2409902,Pendências,0.7487,40.9,33.3,47.04,13.74,1
RN,30,2413706,Sítio Novo,0.7385,28.7,48.74,35.88,-12.86,0
RN,31,2404853,Itajá,0.7258,57.0,40.01,60.78,20.77,1
RN,32,2410801,Riacho de Santana,0.7162,47.5,53.36,52.8,-0.56,0
RN,33,2414100,Tenente Ananias,0.7038,42.9,52.25,48.81,-3.44,0
RN,34,2403608,Extremoz,0.691,48.0,34.55,53.23,18.68,1
RN,35,2401404,Baía Formosa,0.6892,26.0,35.36,33.22,-2.14,0
RN,36,2410504,Rafael Fernandes,0.6864,55.6,41.81,59.65,17.84,1
RN,37,2401305,Campo Grande,0.6848,36.1,43.77,42.79,-0.98,0
RN,38,2400703,Alto do Rodrigues,0.6746,48.4,52.52,53.58,1.06,1
RN,39,2403806,Florânia,0.6731,36.3,43.75,42.91,-0.84,0
RN,40,2413805,Taboleiro Grande,0.6703,45.5,73.08,51.04,-22.04,0
RN,41,2405900,João Dias,0.6698,46.2,38.89,51.64,12.75,1
RN,42,2413508,Serrinha,0.661,56.2,48.08,60.14,12.06,1
RN,43,2407906,Monte das Gameleiras,0.6608,33.4,32.92,40.25,7.33,1
RN,44,2403004,Cruzeta,0.6529,51.8,60.81,56.46,-4.35,0
RN,45,2403905,Francisco Dantas,0.6525,45.0,78.95,50.65,-28.3,0
RN,46,2403756,Fernando Pedroza,0.6514,32.8,58.82,39.77,-19.05,0
RN,47,2410603,Rafael Godeiro,0.6436,29.9,67.22,37.03,-30.19,0
RN,48,2403202,Doutor Severiano,0.6405,53.9,53.06,58.21,5.15,1
RN,49,2411429,Santana do Seridó,0.6371,52.3,40.91,56.91,16.0,1
RN,50,2412500,São Miguel,0.6323,39.8,44.85,46.13,1.28,1
RN,51,2406502,Lagoa Nova,0.6228,34.7,35.61,41.52,5.91,1
RN,52,2407104,Macaíba,0.61,29.2,30.13,36.28,6.15,1
RN,53,2405702,Jardim do Seridó,0.6089,26.8,56.51,33.95,-22.56,0
RN,54,2409407,Pau dos Ferros,0.6045,38.9,38.9,45.25,6.35,1
RN,55,2411007,Rodolfo Fernandes,0.6033,31.2,41.06,38.22,-2.84,0
RN,56,2412203,São José de Mipibu,0.6021,34.6,34.77,41.43,6.66,1
RN,57,2413359,Serra do Mel,0.5916,32.7,27.68,39.61,11.93,1
RN,58,2409308,Patu,0.5842,32.2,32.76,39.13,6.37,1
RN,59,2401453,Baraúna,0.5812,32.0,44.48,38.99,-5.49,0
RN,60,2404101,Galinhos,0.58,38.3,55.2,44.78,-10.42,0
RN,61,2401503,Barcelona,0.5758,55.3,74.35,59.37,-14.98,0
RN,62,2401008,Apodi,0.5692,36.9,48.86,43.46,-5.4,0
RN,63,2406403,Lagoa de Velhos,0.5669,41.7,29.67,47.75,18.08,1
RN,64,2408508,Ouro Branco,0.5597,40.7,73.61,46.85,-26.76,0
RN,65,2405009,Jaçanã,0.5513,47.0,39.09,52.38,13.29,1
RN,66,2400109,Acari,0.5481,44.1,38.21,49.84,11.63,1
RN,67,2402105,Campo Redondo,0.5444,24.0,39.72,31.26,-8.46,0
RN,68,2409605,Pedra Preta,0.5294,42.1,37.5,48.13,10.63,1
RN,69,2414407,Touros,0.5285,24.7,38.35,31.91,-6.44,0
RN,70,2413300,Serra de São Bento,0.5253,26.9,42.09,34.12,-7.97,0
RN,71,2403251,Parnamirim,0.524,44.3,35.27,50.04,14.77,1
RN,72,2408805,Parazinho,0.5196,47.0,28.27,52.37,24.1,1
RN,73,2410702,Riacho da Cruz,0.5185,25.0,37.5,32.22,-5.28,0
RN,74,2403707,Felipe Guerra,0.5136,54.4,51.71,58.61,6.9,1
RN,75,2404408,Grossos,0.5115,40.4,65.35,46.65,-18.7,0
RN,76,2414159,Tenente Laurentino Cruz,0.5112,44.6,37.18,50.34,13.16,1
RN,77,2412104,São João do Sabugi,0.5109,49.5,71.7,54.48,-17.22,0
RN,78,2408300,Nova Cruz,0.5093,30.5,28.42,37.61,9.19,1
RN,79,2406106,Jucurutu,0.5057,27.6,43.69,34.74,-8.95,0
RN,80,2411700,São Bento do Trairí,0.4944,33.4,33.62,40.24,6.62,1
RN,81,2402501,Carnaubais,0.4909,27.4,42.31,34.58,-7.73,0
RN,82,2410207,Portalegre,0.4909,50.9,65.36,55.67,-9.69,0
RN,83,2409506,Pedra Grande,0.483,45.5,44.5,51.07,6.57,1
RN,84,2402808,Coronel Ezequiel,0.4783,40.7,32.68,46.85,14.17,1
RN,85,2400406,Água Nova,0.4706,33.3,39.66,40.19,0.53,1
RN,86,2406304,Lagoa de Pedras,0.465,47.7,28.89,52.99,24.1,1
RN,87,2402204,Canguaretama,0.4631,37.7,32.26,44.21,11.95,1
RN,88,2402907,Coronel João Pessoa,0.4627,23.9,47.83,31.08,-16.75,0
RN,89,2414001,Tangará,0.4578,42.9,36.85,48.84,11.99,1
RN,90,2413904,Taipu,0.4529,36.5,17.68,43.17,25.49,1
RN,91,2409209,Passagem,0.443,47.4,50.69,52.73,2.04,1
RN,92,2410900,Riachuelo,0.4385,41.0,27.78,47.19,19.41,1
RN,93,2401859,Caiçara do Norte,0.4335,31.2,26.47,38.23,11.76,1
RN,94,2414753,Venha-Ver,0.4288,41.2,53.85,47.31,-6.54,0
RN,95,2408201,Nísia Floresta,0.4264,32.2,49.76,39.14,-10.62,0
RN,96,2407302,Marcelino Vieira,0.4139,26.9,22.73,34.1,11.37,1
RN,97,2411908,São Francisco do Oeste,0.4023,56.9,68.97,60.69,-8.28,0
RN,98,2409100,Passa e Fica,0.3941,24.6,41.07,31.79,-9.28,0
RN,99,2404705,Ipanguaçu,0.3787,13.7,43.03,20.1,-22.93,0
RN,100,2407252,Major Sales,0.3695,31.4,60.04,38.44,-21.6,0
RN,101,2405108,Jandaíra,0.3674,30.4,29.91,37.5,7.59,1
RN,102,2406700,Lajes,0.3626,29.1,36.01,36.25,0.24,1
RN,103,2414209,Tibau do Sul,0.3445,17.6,24.98,24.51,-0.47,0
RN,104,2412401,São José do Seridó,0.339,36.3,56.41,42.95,-13.46,0
RN,105,2408409,Olho d'Água do Borges,0.3328,24.2,30.77,31.39,0.62,1
RN,106,2400802,Angicos,0.3292,19.3,51.81,26.39,-25.42,0
RN,107,2404002,Frutuoso Gomes,0.2956,20.0,47.06,27.09,-19.97,0
RN,108,2412807,São Rafael,0.2855,19.8,25.47,26.88,1.41,1
RN,109,2401909,Caiçara do Rio do Vento,0.2855,38.0,32.54,44.52,11.98,1
RN,110,2402303,Caraúbas,0.2816,25.2,39.56,32.45,-7.11,0
RN,111,2412906,São Tomé,0.2807,20.1,37.72,27.18,-10.54,0
RN,112,2405207,Janduís,0.2769,23.5,37.93,30.69,-7.24,0
RN,113,2410405,Pureza,0.2733,35.9,36.22,42.59,6.37,1
RN,114,2400901,Antônio Martins,0.2657,25.2,37.67,32.45,-5.22,0
RN,115,2405504,Jardim de Angicos,0.2352,16.6,31.58,23.43,-8.15,0
RN,116,2407203,Macau,0.2175,27.3,32.32,34.46,2.14,1
RN,117,2415008,Vila Flor,0.2159,19.4,39.06,26.43,-12.63,0
RN,118,2409704,Pedro Avelino,0.2121,19.5,21.89,26.54,4.65,1
RN,119,2413409,Serra Negra do Norte,0.19,25.8,31.59,33.05,1.46,1
RN,120,2406601,Lagoa Salgada,0.1879,22.8,64.22,30.02,-34.2,0
RN,121,2413201,Senador Georgino Avelino,0.1592,23.9,27.46,31.11,3.65,1
RN,122,2403400,Equador,0.1572,20.5,59.19,27.64,-31.55,0
RN,123,2407005,Luís Gomes,0.156,26.2,26.6,33.44,6.84,1
RN,124,2407609,Messias Targino,0.1367,17.1,26.32,23.97,-2.35,0
RN,125,2408953,Rio do Fogo,0.1319,14.9,31.56,21.44,-10.12,0
RN,126,2411205,Santa Cruz,0.1256,21.4,32.73,28.5,-4.23,0
RN,127,2414308,Timbaúba dos Batistas,0.111,20.8,40.0,27.96,-12.04,0
RN,128,2414704,Várzea,0.095,17.3,45.68,24.12,-21.56,0
RN,129,2412302,São José do Campestre,0.0774,18.1,49.42,25.0,-24.42,0
RN,130,2400505,Alexandria,0.0657,17.8,58.98,24.68,-34.3,0
RN,131,2411403,Santana do Matos,0.0586,21.7,51.92,28.87,-23.05,0
RN,132,2404200,Goianinha,0.0484,22.5,35.33,29.73,-5.6,0
RN,133,2401206,Arez,0.0448,24.8,31.22,31.97,0.75,1
RN,134,2401602,Bento Fernandes,0.0183,14.9,29.29,21.48,-7.81,0
RN,135,2405801,João Câmara,0.0126,22.6,35.88,29.74,-6.14,0
RN,136,2400604,Almino Afonso,0.0068,11.1,21.43,17.02,-4.41,0
RN,137,2405405,Japi,0.0064,15.3,31.34,21.97,-9.37,0
RN,138,2406908,Lucrécia,0.0059,4.4,42.86,7.94,-34.92,0
RN,139,2409803,Pedro Velho,0.0025,17.0,23.56,23.8,0.24,1
RS,1,4314506,Pinheiro Machado,0.998,67.1,50.2,69.19,18.99,1
RS,2,4304804,Carlos Barbosa,0.998,67.4,64.9,69.44,4.54,1
RS,3,4301909,Barra do Ribeiro,0.998,68.6,43.6,70.43,26.83,1
RS,4,4309605,Horizontina,0.998,71.2,57.2,72.61,15.41,1
RS,5,4319901,Sapiranga,0.998,72.8,41.1,73.9,32.8,1
RS,6,4322004,Triunfo,0.9979,66.8,68.5,68.96,0.46,1
RS,7,4307807,Estrela,0.9979,67.6,49.4,69.6,20.2,1
RS,8,4321402,Tenente Portela,0.9979,67.6,65.0,69.61,4.61,1
RS,9,4313508,Osório,0.9979,67.8,44.5,69.76,25.26,1
RS,10,4302808,Caçapava do Sul,0.9978,54.8,43.8,58.95,15.15,1
RS,11,4314803,Portão,0.9978,56.0,39.7,60.02,20.32,1
RS,12,4313375,Nova Santa Rita,0.9978,57.3,64.9,61.05,-3.85,0
RS,13,4306106,Cruz Alta,0.9978,57.4,50.9,61.17,10.27,1
RS,14,4303004,Cachoeira do Sul,0.9978,57.5,40.2,61.21,21.01,1
RS,15,4305173,Cerro Grande do Sul,0.9978,57.5,41.7,61.22,19.52,1
RS,16,4314050,Parobé,0.9978,57.8,37.8,61.51,23.71,1
RS,17,4316907,Santa Maria,0.9977,65.3,39.7,67.72,28.02,1
RS,18,4311809,Marau,0.9977,66.6,43.6,68.78,25.18,1
RS,19,4306205,Cruzeiro do Sul,0.9977,68.2,35.2,70.11,34.91,1
RS,20,4322509,Vacaria,0.9967,66.0,38.1,68.24,30.14,1
RS,21,4307609,Estância Velha,0.9964,67.3,44.4,69.31,24.91,1
RS,22,4320107,Sarandi,0.9963,71.5,47.7,72.81,25.11,1
RS,23,4308102,Feliz,0.9963,72.8,51.1,73.9,22.8,1
RS,24,4308201,Flores da Cunha,0.9963,79.0,59.6,79.15,19.55,1
RS,25,4317202,Santa Rosa,0.9961,72.4,58.8,73.6,14.8,1
RS,26,4317400,Santiago,0.9961,72.8,61.2,73.95,12.75,1
RS,27,4318903,São Luiz Gonzaga,0.9961,80.3,42.3,80.0,37.7,1
RS,28,4318408,São Jerônimo,0.9961,81.8,71.9,80.0,8.1,1
RS,29,4307906,Farroupilha,0.996,83.0,56.7,80.0,23.3,1
RS,30,4320909,Tapejara,0.9958,69.7,46.2,71.34,25.14,1
RS,31,4322202,Tupanciretã,0.9958,71.9,44.4,73.19,28.79,1
RS,32,4313060,Nova Hartz,0.9958,72.1,45.3,73.32,28.02,1
RS,33,4321204,Taquara,0.9957,63.9,44.6,66.57,21.97,1
RS,34,4317509,Santo Ângelo,0.9957,64.4,41.5,66.92,25.42,1
RS,35,4305207,Cerro Largo,0.9952,75.1,54.0,75.82,21.82,1
RS,36,4317905,Santo Cristo,0.9952,76.0,60.5,76.62,16.12,1
RS,37,4309001,Giruá,0.9952,76.3,46.3,76.85,30.55,1
RS,38,4310207,Ijuí,0.9952,76.5,61.9,77.0,15.1,1
RS,39,4319406,São Pedro do Sul,0.9952,77.1,61.6,77.57,15.97,1
RS,40,4317608,Santo Antônio da Patrulha,0.9952,77.3,61.7,77.72,16.02,1
RS,41,4322608,Venâncio Aires,0.9952,78.1,59.2,78.41,19.21,1
RS,42,4313300,Nova Prata,0.9951,78.8,61.1,78.96,17.86,1
RS,43,4311403,Lajeado,0.995,74.7,47.5,75.49,27.99,1
RS,44,4321451,Teutônia,0.9947,83.4,62.9,80.0,17.1,1
RS,45,4304689,Capela de Santana,0.9942,67.7,54.3,69.65,15.35,1
RS,46,4307500,Espumoso,0.9942,81.3,39.1,80.0,40.9,1
RS,47,4320701,Sobradinho,0.9942,82.3,70.8,80.0,9.2,1
RS,48,4321501,Torres,0.9939,62.9,44.0,65.68,21.68,1
RS,49,4301602,Bagé,0.9937,62.0,46.6,64.98,18.38,1
RS,50,4316808,Santa Cruz do Sul,0.9937,64.8,43.8,67.32,23.52,1
RS,51,4318002,São Borja,0.9937,65.4,46.4,67.78,21.38,1
RS,52,4306056,Cristal,0.9932,66.3,78.4,68.53,-9.87,0
RS,53,4306908,Encruzilhada do Sul,0.993,63.9,39.4,66.52,27.12,1
RS,54,4322806,Veranópolis,0.9929,77.1,57.0,77.57,20.57,1
RS,55,4306809,Encantado,0.9929,80.8,53.2,80.0,26.8,1
RS,56,4316451,Salto do Jacuí,0.9929,81.5,50.9,80.0,29.1,1
RS,57,4323002,Viamão,0.9922,58.9,38.9,62.36,23.46,1
RS,58,4306403,Dois Irmãos,0.9921,78.5,56.9,78.68,21.78,1
RS,59,4319000,São Marcos,0.9919,83.8,38.3,80.0,41.7,1
RS,60,4318101,São Francisco de Assis,0.9918,58.2,45.6,61.82,16.22,1
RS,61,4304705,Carazinho,0.9917,63.9,42.0,66.52,24.52,1
RS,62,4301008,Arroio do Meio,0.9911,82.6,63.6,80.0,16.4,1
RS,63,4321907,Três Passos,0.9911,82.9,57.0,80.0,23.0,1
RS,64,4320404,Serafina Corrêa,0.9911,83.2,50.7,80.0,29.3,1
RS,65,4303103,Cachoeirinha,0.991,58.0,40.6,61.68,21.08,1
RS,66,4314100,Passo Fundo,0.991,58.5,38.5,62.1,23.6,1
RS,67,4315701,Rio Pardo,0.9907,73.4,63.4,74.39,10.99,1
RS,68,4315404,Redentora,0.9907,81.4,60.0,80.0,20.0,1
RS,69,4313201,Nova Petrópolis,0.9905,91.7,52.3,80.0,27.7,1
RS,70,4302105,Bento Gonçalves,0.9902,77.4,50.8,77.77,26.97,1
RS,71,4317806,Santo Augusto,0.9902,77.7,69.9,78.05,8.15,1
RS,72,4302402,Bom Retiro do Sul,0.9902,78.2,64.6,78.46,13.86,1
RS,73,4321006,Tapera,0.99,61.4,68.4,64.43,-3.97,0
RS,74,4310009,Ibirubá,0.9895,60.0,55.7,63.28,7.58,1
RS,75,4308904,Getúlio Vargas,0.9894,73.5,52.3,74.54,22.24,1
RS,76,4302352,Bom Princípio,0.9894,73.7,55.3,74.68,19.38,1
RS,77,4321808,Três de Maio,0.9894,79.0,51.2,79.17,27.97,1
RS,78,4309100,Gramado,0.9894,79.1,55.3,79.21,23.91,1
RS,79,4318804,São Lourenço do Sul,0.9894,79.1,58.7,79.22,20.52,1
RS,80,4313904,Panambi,0.9892,75.3,51.2,76.0,24.8,1
RS,81,4304200,Candelária,0.9892,75.4,53.2,76.07,22.87,1
RS,82,4319604,São Sepé,0.9891,82.3,49.7,80.0,30.3,1
RS,83,4302303,Bom Jesus,0.9888,72.6,40.2,73.75,33.55,1
RS,84,4321105,Tapes,0.9886,58.6,59.3,62.14,2.84,1
RS,85,4312401,Montenegro,0.9886,65.9,39.8,68.22,28.42,1
RS,86,4315305,Quaraí,0.9885,54.8,36.3,58.95,22.65,1
RS,87,4312906,Nova Bassano,0.9884,77.9,51.8,78.22,26.42,1
RS,88,4321436,Terra de Areia,0.9883,66.9,60.3,69.02,8.72,1
RS,89,4320206,Seberi,0.988,83.7,68.0,80.0,12.0,1
RS,90,4305009,Catuípe,0.988,83.6,77.1,80.0,2.9,1
RS,91,4311627,Lindolfo Collor,0.9877,67.6,36.1,69.56,33.46,1
RS,92,4300802,Antônio Prado,0.9876,65.9,46.6,68.22,21.62,1
RS,93,4312658,Não-Me-Toque,0.9876,66.1,58.2,68.38,10.18,1
RS,94,4305355,Charqueadas,0.9869,63.8,51.3,66.43,15.13,1
RS,95,4315800,Roca Sales,0.9868,75.6,45.0,76.28,31.28,1
RS,96,4313409,Novo Hamburgo,0.9858,62.4,36.0,65.27,29.27,1
RS,97,4305306,Chapada,0.9858,75.3,47.5,76.02,28.52,1
RS,98,4314704,Planalto,0.9855,72.5,54.1,73.65,19.55,1
RS,99,4307302,Erval Seco,0.9834,67.4,50.4,69.44,19.04,1
RS,100,4321709,Três Coroas,0.9832,55.5,42.2,59.55,17.35,1
RS,101,4300638,Amaral Ferrador,0.9828,70.6,57.2,72.06,14.86,1
RS,102,4314209,Pedro Osório,0.9814,67.7,22.3,69.69,47.39,1
RS,103,4304713,Caraá,0.9812,90.8,62.4,80.0,17.6,1
RS,104,4304507,Canguçu,0.9802,79.7,51.7,79.74,28.04,1
RS,105,4300208,Ajuricaba,0.9794,80.1,81.9,80.0,-1.9,0
RS,106,4300109,Agudo,0.9791,56.1,56.9,60.08,3.18,1
RS,107,4321600,Tramandaí,0.9788,54.4,36.7,58.64,21.94,1
RS,108,4303509,Camaquã,0.9788,58.6,56.4,62.16,5.76,1
RS,109,4320008,Sapucaia do Sul,0.9788,59.1,48.0,62.6,14.6,1
RS,110,4312450,Morro Redondo,0.9781,73.0,47.4,74.06,26.66,1
RS,111,4300901,Aratiba,0.9778,85.0,39.2,80.0,40.8,1
RS,112,4319505,São Sebastião do Caí,0.9775,57.7,37.1,61.4,24.3,1
RS,113,4301636,Balneário Pinhal,0.9775,58.4,43.6,61.97,18.37,1
RS,114,4316006,Rolante,0.9771,88.6,66.6,80.0,13.4,1
RS,115,4320263,Segredo,0.9767,75.0,84.9,75.76,-9.14,0
RS,116,4310801,Ivoti,0.9767,77.4,56.9,77.79,20.89,1
RS,117,4322541,Vale Real,0.9753,76.3,35.0,76.86,41.86,1
RS,118,4316303,Roque Gonzales,0.9743,75.7,76.0,76.36,0.36,1
RS,119,4316600,Sananduva,0.9742,74.4,43.2,75.28,32.08,1
RS,120,4309209,Gravataí,0.9737,63.6,41.0,66.33,25.33,1
RS,121,4316956,Santa Maria do Herval,0.9736,78.3,59.3,78.55,19.25,1
RS,122,4322707,Vera Cruz,0.9728,66.5,41.9,68.66,26.76,1
RS,123,4308508,Frederico Westphalen,0.9727,63.2,53.8,65.99,12.19,1
RS,124,4318606,São José do Ouro,0.9724,62.5,37.2,65.42,28.22,1
RS,125,4315602,Rio Grande,0.9718,54.2,43.2,58.45,15.25,1
RS,126,4317707,Santo Antônio das Missões,0.9711,73.5,53.0,74.48,21.48,1
RS,127,4320677,Sinimbu,0.9693,69.6,36.3,71.29,34.99,1
RS,128,4317301,Santa Vitória do Palmar,0.9685,56.0,45.4,59.99,14.59,1
RS,129,4316105,Ronda Alta,0.9685,75.3,53.7,76.01,22.31,1
RS,130,4311700,Machadinho,0.9684,67.8,64.3,69.73,5.43,1
RS,131,4302006,Barros Cassal,0.9682,51.1,46.9,55.82,8.92,1
RS,132,4306502,Dom Feliciano,0.9676,59.6,35.0,63.01,28.01,1
RS,133,4322251,Tupandi,0.9676,82.0,55.1,80.0,24.9,1
RS,134,4303905,Campo Bom,0.9672,77.3,45.4,77.73,32.33,1
RS,135,4315107,Porto Xavier,0.9671,71.8,52.9,73.05,20.15,1
RS,136,4313953,Pantano Grande,0.9671,72.5,25.7,73.69,47.99,1
RS,137,4320651,Silveira Martins,0.9669,66.7,35.7,68.83,33.13,1
RS,138,4317558,Santo Antônio do Palma,0.9669,72.2,34.6,73.44,38.84,1
RS,139,4312807,Nova Araçá,0.9667,82.3,60.6,80.0,19.4,1
RS,140,4306601,Dom Pedrito,0.9666,57.5,43.7,61.19,17.49,1
RS,141,4319109,São Martinho,0.9664,83.6,64.5,80.0,15.5,1
RS,142,4315354,Quinze de Novembro,0.9657,68.9,85.1,70.67,-14.43,0
RS,143,4316501,Salvador do Sul,0.9652,88.1,70.4,80.0,9.6,1
RS,144,4305900,Coronel Bicaco,0.9648,79.2,36.0,79.32,43.32,1
RS,145,4302907,Cacequi,0.9643,50.8,49.0,55.58,6.58,1
RS,146,4307708,Esteio,0.9637,63.4,47.0,66.11,19.11,1
RS,147,4311007,Jaguarão,0.9624,48.2,33.6,53.41,19.81,1
RS,148,4301206,Arroio do Tigre,0.962,80.4,64.7,80.0,15.3,1
RS,149,4304903,Casca,0.9604,83.0,76.0,80.0,4.0,1
RS,150,4311718,Maçambará,0.9598,67.0,42.4,69.08,26.68,1
RS,151,4319711,São Valentim do Sul,0.9598,94.1,73.3,80.0,6.7,1
RS,152,4311791,Maratá,0.9591,67.8,59.8,69.78,9.98,1
RS,153,4303202,Cacique Doble,0.9591,88.6,58.2,80.0,21.8,1
RS,154,4308003,Faxinal do Soturno,0.9587,79.1,66.7,79.26,12.56,1
RS,155,4313037,Nova Esperança do Sul,0.9575,86.2,80.7,80.0,-0.7,0
RS,156,4314068,Passa Sete,0.9575,85.3,75.0,80.0,5.0,1
RS,157,4310413,Inhacorá,0.9563,62.7,35.3,65.51,30.21,1
RS,158,4312302,Miraguaí,0.9557,79.0,51.7,79.13,27.43,1
RS,159,4301503,Augusto Pestana,0.9556,82.8,63.2,80.0,16.8,1
RS,160,4314472,Pinhal Grande,0.9555,63.6,47.5,66.33,18.83,1
RS,161,4300034,Aceguá,0.9555,70.0,52.5,71.55,19.05,1
RS,162,4305132,Cerro Branco,0.9555,71.9,66.7,73.15,6.45,1
RS,163,4318424,São João da Urtiga,0.9548,76.5,70.3,77.05,6.75,1
RS,164,4316758,Santa Clara do Sul,0.9544,91.1,54.2,80.0,25.8,1
RS,165,4308607,Garibaldi,0.9531,74.4,54.4,75.26,20.86,1
RS,166,4318481,São José do Hortêncio,0.9529,78.8,43.8,78.94,35.14,1
RS,167,4311254,Lagoão,0.9525,84.6,42.9,80.0,37.1,1
RS,168,4310439,Ipê,0.952,81.6,60.7,80.0,19.3,1
RS,169,4305702,Condor,0.952,81.2,58.0,80.0,22.0,1
RS,170,4314076,Passo do Sobrado,0.9516,88.5,50.2,80.0,29.8,1
RS,171,4322533,Vale do Sol,0.9513,86.1,51.6,80.0,28.4,1
RS,172,4304309,Cândido Godói,0.951,75.5,48.4,76.2,27.8,1
RS,173,4321667,Três Cachoeiras,0.9506,87.9,53.5,80.0,26.5,1
RS,174,4310538,Itaara,0.95,58.9,38.5,62.43,23.93,1
RS,175,4323358,Vila Lângaro,0.9499,71.2,52.9,72.6,19.7,1
RS,176,4307203,Erval Grande,0.9499,92.0,38.8,80.0,41.2,1
RS,177,4309555,Harmonia,0.9492,85.5,71.4,80.0,8.6,1
RS,178,4314498,Pinheirinho do Vale,0.9492,85.1,76.9,80.0,3.1,1
RS,179,4304606,Canoas,0.9485,53.2,41.4,57.6,16.2,1
RS,180,4314001,Paraí,0.9479,93.0,60.0,80.0,20.0,1
RS,181,4308409,Formigueiro,0.9477,89.5,40.0,80.0,40.0,1
RS,182,4304408,Canela,0.9475,78.7,42.2,78.87,36.67,1
RS,183,4321956,Trindade do Sul,0.947,82.5,62.9,80.0,17.1,1
RS,184,4305108,Caxias do Sul,0.9468,69.2,43.2,70.89,27.69,1
RS,185,4319208,São Nicolau,0.9466,57.9,7.1,61.56,54.46,1
RS,186,4314423,Picada Café,0.9466,85.9,57.1,80.0,22.9,1
RS,187,4309050,Glorinha,0.9465,65.1,34.3,67.53,33.23,1
RS,188,4300877,Araricá,0.9465,75.7,43.5,76.34,32.84,1
RS,189,4307450,Esperança do Sul,0.9465,97.2,80.1,80.0,-0.1,0
RS,190,4305447,Chuvisca,0.9461,71.1,69.0,72.46,3.46,1
RS,191,4310462,Ipiranga do Sul,0.9456,82.4,44.4,80.0,35.6,1
RS,192,4311304,Lagoa Vermelha,0.9451,61.0,54.6,64.16,9.56,1
RS,193,4302659,Brochier,0.9442,64.8,57.5,67.29,9.79,1
RS,194,4312104,Mata,0.9442,65.6,45.5,67.91,22.41,1
RS,195,4316204,Rondinha,0.9441,87.5,75.3,80.0,4.7,1
RS,196,4319307,São Paulo das Missões,0.9438,77.7,61.1,78.07,16.97,1
RS,197,4310504,Iraí,0.943,67.2,59.4,69.28,9.88,1
RS,198,4302204,Boa Vista do Buricá,0.9421,81.9,74.0,80.0,6.0,1
RS,199,4313102,Nova Palma,0.9421,81.1,35.9,80.0,44.1,1
RS,200,4308433,Forquetinha,0.942,60.8,55.2,63.97,8.77,1
RS,201,4311106,Jaguari,0.9419,64.9,53.4,67.37,13.97,1
RS,202,4321352,Tavares,0.9415,65.7,37.0,68.03,31.03,1
RS,203,4313359,Nova Roma do Sul,0.9406,82.6,83.3,80.0,-3.3,0
RS,204,4322301,Tuparendi,0.9404,88.1,52.7,80.0,27.3,1
RS,205,4315156,Progresso,0.9402,78.4,64.8,78.65,13.85,1
RS,206,4322558,Vanini,0.9402,83.7,69.2,80.0,10.8,1
RS,207,4310579,Itapuca,0.9394,80.6,76.5,80.0,3.5,1
RS,208,4319737,São Valério do Sul,0.9392,71.4,46.2,72.78,26.58,1
RS,209,4307559,Estação,0.9392,73.4,45.4,74.46,29.06,1
RS,210,4312385,Monte Belo do Sul,0.9392,81.0,76.9,80.0,3.1,1
RS,211,4309753,Ibarama,0.9388,71.0,41.4,72.44,31.04,1
RS,212,4301701,Barão de Cotegipe,0.9387,92.2,76.6,80.0,3.4,1
RS,213,4318499,São José do Inhacorá,0.9383,82.5,49.7,80.0,30.3,1
RS,214,4309654,Hulha Negra,0.9382,70.2,42.8,71.75,28.95,1
RS,215,4315073,Porto Vera Cruz,0.9377,63.2,88.2,65.93,-22.27,0
RS,216,4302378,Bom Progresso,0.9369,56.3,71.4,60.19,-11.21,0
RS,217,4306957,Entre Rios do Sul,0.9369,79.5,60.0,79.55,19.55,1
RS,218,4312955,Nova Boa Vista,0.9368,100.0,66.7,80.0,13.3,1
RS,219,4306379,Dilermando de Aguiar,0.9367,67.3,53.6,69.35,15.75,1
RS,220,4318614,São José do Sul,0.9367,85.0,37.5,80.0,42.5,1
RS,221,4320321,Senador Salgado Filho,0.9367,84.0,50.0,80.0,30.0,1
RS,222,4312708,Nonoai,0.9366,42.1,52.4,48.14,-4.26,0
RS,223,4323101,Vicente Dutra,0.9364,72.3,70.1,73.49,3.39,1
RS,224,4314456,Pinhal,0.9353,56.5,33.2,60.36,27.16,1
RS,225,4322152,Tunas,0.9347,68.2,41.1,70.11,29.01,1
RS,226,4310108,Igrejinha,0.9347,80.1,49.6,80.0,30.4,1
RS,227,4303608,Cambará do Sul,0.9342,60.0,63.6,63.31,-0.29,0
RS,228,4303806,Campinas do Sul,0.9341,91.5,68.0,80.0,12.0,1
RS,229,4300570,Alto Feliz,0.9338,72.7,58.3,73.84,15.54,1
RS,230,4318309,São Gabriel,0.9334,61.1,35.6,64.25,28.65,1
RS,231,4309308,Guaíba,0.9331,49.7,31.5,54.7,23.2,1
RS,232,4320453,Sério,0.9329,85.4,11.1,80.0,68.9,1
RS,233,4315552,Rio dos Índios,0.9329,88.9,85.7,80.0,-5.7,0
RS,234,4318440,São Jorge,0.9326,76.7,66.7,77.17,10.47,1
RS,235,4303558,Camargo,0.9325,80.0,55.6,80.0,24.4,1
RS,236,4319372,São Pedro do Butiá,0.9321,85.7,64.3,80.0,15.7,1
RS,237,4305871,Coronel Barros,0.9321,84.8,67.8,80.0,12.2,1
RS,238,4314753,Poço das Antas,0.9317,85.5,66.3,80.0,13.7,1
RS,239,4304002,Campo Novo,0.9316,62.9,46.8,65.72,18.92,1
RS,240,4305603,Colorado,0.9315,63.6,90.0,66.33,-23.67,0
RS,241,4317103,Sant'Ana do Livramento,0.9298,49.8,44.5,54.72,10.22,1
RS,242,4314134,Paulo Bento,0.9298,62.5,50.0,65.38,15.38,1
RS,243,4320552,Sertão Santana,0.9293,74.8,46.2,75.57,29.37,1
RS,244,4312203,Maximiliano de Almeida,0.9275,93.8,33.3,80.0,46.7,1
RS,245,4321329,Taquaruçu do Sul,0.9271,84.0,81.5,80.0,-1.5,0
RS,246,4318507,São José do Norte,0.9267,53.9,38.2,58.23,20.03,1
RS,247,4303707,Campina das Missões,0.9266,92.0,50.3,80.0,29.7,1
RS,248,4322327,Turuçu,0.9266,82.8,61.7,80.0,18.3,1
RS,249,4306007,Crissiumal,0.926,73.2,57.4,74.23,16.83,1
RS,250,4319752,São Vendelino,0.9251,100.0,25.0,80.0,55.0,1
RS,251,4320354,Sentinela do Sul,0.9242,73.8,23.5,74.77,51.27,1
RS,252,4310405,Independência,0.9237,66.6,57.7,68.77,11.07,1
RS,253,4314175,Pedras Altas,0.9235,64.7,55.9,67.21,11.31,1
RS,254,4312138,Mato Castelhano,0.9226,76.5,38.7,77.01,38.31,1
RS,255,4319802,São Vicente do Sul,0.9225,77.3,45.7,77.73,32.03,1
RS,256,4309704,Humaitá,0.9225,90.7,60.8,80.0,19.2,1
RS,257,4302220,Boa Vista do Cadeado,0.9221,71.4,66.7,72.77,6.07,1
RS,258,4313441,Novo Tiradentes,0.9221,71.4,47.4,72.78,25.38,1
RS,259,4315206,Putinga,0.9212,87.7,82.8,80.0,-2.8,0
RS,260,4314027,Paraíso do Sul,0.921,82.3,52.6,80.0,27.4,1
RS,261,4308250,Floriano Peixoto,0.9201,85.7,71.4,80.0,8.6,1
RS,262,4307005,Erechim,0.9196,61.2,45.9,64.31,18.41,1
RS,263,4322855,Vespasiano Corrêa,0.9185,81.3,46.7,80.0,33.3,1
RS,264,4302238,Boa Vista do Incra,0.9184,71.3,26.6,72.67,46.07,1
RS,265,4308458,Fortaleza dos Valos,0.9183,100.0,72.7,80.0,7.3,1
RS,266,4311239,Lagoa Bonita do Sul,0.9172,70.8,54.2,72.28,18.08,1
RS,267,4308706,Gaurama,0.9168,78.8,74.7,78.98,4.28,1
RS,268,4320503,Sertão,0.9163,59.8,47.2,63.15,15.95,1
RS,269,4314035,Pareci Novo,0.9155,73.0,54.0,74.1,20.1,1
RS,270,4316428,Sagrada Família,0.9145,78.8,43.8,78.98,35.18,1
RS,271,4318200,São Francisco de Paula,0.9142,56.8,37.7,60.65,22.95,1
RS,272,4317954,Santo Expedito do Sul,0.9137,100.0,66.7,80.0,13.3,1
RS,273,4314605,Piratini,0.9135,60.0,42.8,63.34,20.54,1
RS,274,4312443,Morrinhos do Sul,0.9132,80.0,75.0,80.0,5.0,1
RS,275,4311601,Liberato Salzano,0.9124,73.3,73.9,74.33,0.43,1
RS,276,4312500,Mostardas,0.912,51.4,40.8,56.1,15.3,1
RS,277,4303301,Caibaté,0.912,89.4,63.1,80.0,16.9,1
RS,278,4313490,Novo Barreiro,0.9119,62.1,37.0,65.03,28.03,1
RS,279,4315909,Rodeio Bonito,0.9112,88.6,48.8,80.0,31.2,1
RS,280,4309902,Ibiraiaras,0.9111,78.5,49.1,78.69,29.59,1
RS,281,4313086,Nova Pádua,0.911,84.6,57.9,80.0,22.1,1
RS,282,4317756,Santo Antônio do Planalto,0.9109,77.1,77.2,77.57,0.37,1
RS,283,4311908,Marcelino Ramos,0.9104,73.2,77.7,74.28,-3.42,0
RS,284,4303673,Campestre da Serra,0.9101,90.0,80.8,80.0,-0.8,0
RS,285,4319158,São Miguel das Missões,0.9093,76.3,47.5,76.86,29.36,1
RS,286,4313805,Palmitinho,0.9088,84.1,68.4,80.0,11.6,1
RS,287,4305801,Constantina,0.9074,80.0,45.7,80.0,34.3,1
RS,288,4305504,Ciríaco,0.9073,86.7,85.7,80.0,-5.7,0
RS,289,4322905,Viadutos,0.9073,86.7,86.9,80.0,-6.9,0
RS,290,4301958,Barra Funda,0.9061,68.8,53.9,70.55,16.65,1
RS,291,4306700,Dona Francisca,0.9049,81.3,26.7,80.0,53.3,1
RS,292,4312153,Mato Leitão,0.9045,89.0,58.4,80.0,21.6,1
RS,293,4315172,Protásio Alves,0.9034,80.0,75.0,79.98,4.98,1
RS,294,4307864,Fagundes Varela,0.9031,92.9,69.2,80.0,10.8,1
RS,295,4322376,Unistalda,0.9028,58.8,38.1,62.33,24.23,1
RS,296,4314159,Paverama,0.9,63.6,40.7,66.28,25.58,1
RS,297,4311122,Jaquirana,0.8995,68.5,25.6,70.35,44.75,1
RS,298,4320230,Sede Nova,0.8989,85.3,36.1,80.0,43.9,1
RS,299,4306130,Cruzaltense,0.8984,77.8,64.3,78.11,13.81,1
RS,300,4319364,São Pedro das Missões,0.8977,90.0,90.0,80.0,-10.0,0
RS,301,4304697,Capitão,0.8974,87.1,58.6,80.0,21.4,1
RS,302,4316402,Rosário do Sul,0.8972,35.2,34.1,41.94,7.84,1
RS,303,4309506,Guarani das Missões,0.8968,70.4,67.5,71.9,4.4,1
RS,304,4321626,Travesseiro,0.8968,87.7,67.8,80.0,12.2,1
RS,305,4315149,Presidente Lucena,0.8964,87.0,56.3,80.0,23.7,1
RS,306,4307054,Ernestina,0.8959,61.9,64.7,64.9,0.2,1
RS,307,4313334,Nova Ramada,0.8946,87.0,28.0,80.0,52.0,1
RS,308,4308052,Faxinalzinho,0.8937,78.2,51.9,78.45,26.55,1
RS,309,4304952,Caseiros,0.8933,86.1,40.0,80.0,40.0,1
RS,310,4311270,Lagoa dos Três Cantos,0.8924,61.9,36.0,64.89,28.89,1
RS,311,4301800,Barracão,0.892,73.3,56.4,74.37,17.97,1
RS,312,4313003,Nova Bréscia,0.892,77.3,94.4,77.71,-16.69,0
RS,313,4315008,Porto Lucena,0.8916,78.6,100.0,78.78,-21.22,0
RS,314,4301651,Barão,0.8905,86.4,53.5,80.0,26.5,1
RS,315,4301875,Barra do Quaraí,0.8897,61.0,25.5,64.15,38.65,1
RS,316,4322525,Vale Verde,0.8895,85.5,47.1,80.0,32.9,1
RS,317,4320800,Soledade,0.8893,66.3,61.9,68.48,6.58,1
RS,318,4323705,Vista Gaúcha,0.8877,74.3,100.0,75.14,-24.86,0
RS,319,4309803,Ibiaçá,0.8864,70.3,61.8,71.87,10.07,1
RS,320,4323770,Westfália,0.8864,82.9,61.5,80.0,18.5,1
RS,321,4321634,Três Arroios,0.8838,100.0,40.0,80.0,40.0,1
RS,322,4305124,Cerrito,0.8837,75.1,39.8,75.82,36.02,1
RS,323,4306973,Erebango,0.8833,73.3,38.5,74.36,35.86,1
RS,324,4316477,Salvador das Missões,0.8821,100.0,44.4,80.0,35.6,1
RS,325,4321493,Toropi,0.8821,100.0,38.7,80.0,41.3,1
RS,326,4306734,Doutor Maurício Cardoso,0.8813,76.9,63.3,77.35,14.05,1
RS,327,4322343,Ubiretama,0.8803,100.0,55.6,80.0,24.4,1
RS,328,4302253,Boa Vista do Sul,0.8801,73.3,75.0,74.36,-0.64,0
RS,329,4313011,Nova Candelária,0.8801,90.9,60.0,80.0,20.0,1
RS,330,4302584,Bozano,0.8798,100.0,27.3,80.0,52.7,1
RS,331,4305587,Colinas,0.8794,86.9,39.9,80.0,40.1,1
RS,332,4320859,Tabaí,0.8784,59.7,24.7,63.05,38.35,1
RS,333,4302709,Butiá,0.8776,51.3,44.8,55.99,11.19,1
RS,334,4318457,São José das Missões,0.8776,78.4,60.4,78.67,18.27,1
RS,335,4312377,Monte Alegre dos Campos,0.8759,63.3,36.2,66.01,29.81,1
RS,336,4316709,Santa Bárbara do Sul,0.8752,66.0,37.9,68.31,30.41,1
RS,337,4311502,Lavras do Sul,0.8739,57.9,45.7,61.56,15.86,1
RS,338,4315503,Restinga Sêca,0.8735,45.5,33.0,51.07,18.07,1
RS,339,4312054,Marques de Souza,0.8727,75.9,47.8,76.49,28.69,1
RS,340,4313391,Novo Cabrais,0.8717,86.1,77.0,80.0,3.0,1
RS,341,4312617,Muitos Capões,0.8686,68.8,29.4,70.55,41.15,1
RS,342,4307401,Esmeralda,0.8673,84.4,48.4,80.0,31.6,1
RS,343,4306452,Dois Lajeados,0.8663,91.2,53.0,80.0,27.0,1
RS,344,4310900,Jacutinga,0.866,84.6,61.9,80.0,18.1,1
RS,345,4308300,Fontoura Xavier,0.8652,62.1,60.0,65.01,5.01,1
RS,346,4300059,Água Santa,0.8641,64.6,55.1,67.13,12.03,1
RS,347,4319125,São Martinho da Serra,0.8638,76.5,46.2,77.0,30.8,1
RS,348,4300851,Arambaré,0.8632,57.5,55.0,61.27,6.27,1
RS,349,4310363,Imigrante,0.8622,78.2,50.0,78.5,28.5,1
RS,350,4322400,Uruguaiana,0.8598,61.3,47.3,64.39,17.09,1
RS,351,4305975,Coxilha,0.8581,63.4,52.3,66.14,13.84,1
RS,352,4311643,Linha Nova,0.8559,100.0,41.2,80.0,38.8,1
RS,353,4323309,Vila Flores,0.8555,90.5,68.8,80.0,11.2,1
RS,354,4305850,Coqueiros do Sul,0.8527,86.6,41.7,80.0,38.3,1
RS,355,4304663,Capão do Leão,0.8516,48.7,28.2,53.81,25.61,1
RS,356,4313706,Palmeira das Missões,0.8516,48.7,49.5,53.85,4.35,1
RS,357,4300646,Ametista do Sul,0.8508,49.0,70.8,54.07,-16.73,0
RS,358,4320578,Sete de Setembro,0.8452,78.6,66.7,78.78,12.08,1
RS,359,4323408,Vila Maria,0.844,94.4,66.7,80.0,13.3,1
RS,360,4315750,Riozinho,0.8438,76.0,42.1,76.61,34.51,1
RS,361,4321469,Tio Hugo,0.843,87.5,69.1,80.0,10.9,1
RS,362,4319703,São Valentim,0.8409,91.8,48.5,80.0,31.5,1
RS,363,4310850,Jaboticaba,0.8368,85.5,25.0,80.0,55.0,1
RS,364,4310702,Itatiba do Sul,0.8353,88.9,36.8,80.0,43.2,1
RS,365,4300455,Alegria,0.831,100.0,55.6,80.0,24.4,1
RS,366,4311734,Mampituba,0.8299,66.2,55.2,68.47,13.27,1
RS,367,4312757,Nova Alvorada,0.8276,90.0,71.4,80.0,8.6,1
RS,368,4308078,Fazenda Vilanova,0.825,80.0,65.0,80.0,15.0,1
RS,369,4301073,Arroio do Padre,0.8235,94.6,18.2,80.0,61.8,1
RS,370,4323804,Xangri-lá,0.823,56.8,37.9,60.68,22.78,1
RS,371,4300604,Alvorada,0.8174,46.6,37.0,52.0,15.0,1
RS,372,4305405,Chiapetta,0.8172,78.6,84.6,78.78,-5.82,0
RS,373,4301057,Arroio do Sal,0.8162,67.5,46.5,69.49,22.99,1
RS,374,4304101,Campos Borges,0.8142,26.5,33.9,33.67,-0.23,0
RS,375,4306551,Dom Pedro de Alcântara,0.8078,95.5,57.1,80.0,22.9,1
RS,376,4315057,Porto Mauá,0.8066,41.1,95.2,47.22,-47.98,0
RS,377,4323507,Vista Alegre,0.8046,90.0,33.3,80.0,46.7,1
RS,378,4321303,Taquari,0.8037,49.6,13.2,54.6,41.4,1
RS,379,4305439,Chuí,0.8016,50.0,21.1,54.93,33.83,1
RS,380,4312476,Morro Reuter,0.7997,51.5,76.9,56.24,-20.66,0
RS,381,4311759,Manoel Viana,0.7986,28.6,50.0,35.72,-14.28,0
RS,382,4321857,Três Palmeiras,0.7978,81.0,62.5,80.0,17.5,1
RS,383,4312005,Mariano Moro,0.7903,94.1,58.3,80.0,21.7,1
RS,384,4313607,Paim Filho,0.7888,79.0,53.1,79.11,26.01,1
RS,385,4318705,São Leopoldo,0.7886,57.0,37.2,60.83,23.63,1
RS,386,4301107,Arroio dos Ratos,0.7863,40.5,43.2,46.7,3.5,1
RS,387,4313656,Palmares do Sul,0.7848,53.5,45.2,57.88,12.68,1
RS,388,4319356,São Pedro da Serra,0.7831,80.7,58.8,80.0,21.2,1
RS,389,4307815,Estrela Velha,0.773,96.8,60.0,80.0,20.0,1
RS,390,4300505,Alpestre,0.7701,74.9,66.5,75.71,9.21,1
RS,391,4323200,Victor Graeff,0.767,88.9,56.3,80.0,23.7,1
RS,392,4312252,Minas do Leão,0.7651,73.3,69.6,74.31,4.71,1
RS,393,4314787,Ponte Preta,0.765,60.0,57.9,63.31,5.41,1
RS,394,4302501,Bossoroca,0.742,50.0,38.4,54.93,16.53,1
RS,395,4314308,Pejuçara,0.7415,61.5,62.5,64.52,2.02,1
RS,396,4307104,Herval,0.7393,52.8,64.4,57.32,-7.08,0
RS,397,4304655,Capão do Cipó,0.7347,88.7,71.8,80.0,8.2,1
RS,398,4306320,Derrubadas,0.731,49.7,80.0,54.69,-25.31,0
RS,399,4308854,Gentil,0.7305,94.4,85.7,80.0,-5.7,0
RS,400,4312609,Muçum,0.7289,50.9,53.6,55.68,2.08,1
RS,401,4316733,Santa Cecília do Sul,0.718,75.0,40.9,75.76,34.86,1
RS,402,4314464,Pinhal da Serra,0.7177,74.1,35.3,75.04,39.74,1
RS,403,4301552,Áurea,0.7158,86.7,37.5,80.0,42.5,1
RS,404,4315131,Pouso Novo,0.7022,92.3,94.1,80.0,-14.1,0
RS,405,4310306,Ilópolis,0.6992,87.4,48.3,80.0,31.7,1
RS,406,4312179,Mato Queimado,0.6856,88.2,58.3,80.0,21.7,1
RS,407,4305959,Cotiporã,0.6449,74.0,44.2,74.92,30.72,1
RS,408,4300661,André da Rocha,0.6346,68.8,33.3,70.55,37.25,1
RS,409,4316436,Saldanha Marinho,0.6289,42.9,69.6,48.79,-20.81,0
RS,410,4304622,Capão Bonito do Sul,0.6086,53.9,60.0,58.18,-1.82,0
RS,411,4310652,Itati,0.5505,47.4,71.4,52.69,-18.71,0
RS,412,4317004,Santana da Boa Vista,0.542,48.8,13.1,53.93,40.83,1
RS,413,4304853,Carlos Gomes,0.5295,54.6,50.0,58.77,8.77,1
RS,414,4306924,Engenho Velho,0.5093,76.9,41.2,77.38,36.18,1
RS,415,4323606,Vista Alegre do Prata,0.4942,95.0,85.7,80.0,-5.7,0
RS,416,4323457,Vila Nova do Sul,0.3723,49.0,44.0,54.11,10.11,1
RS,417,4312351,Montauri,0.3463,100.0,75.0,80.0,5.0,1
RS,418,4302600,Braga,0.3336,40.0,20.0,46.27,26.27,1
RS,419,4315313,Quatro Irmãos,0.2786,52.9,40.0,57.42,17.42,1
RS,420,4304671,Capivari do Sul,0.2729,41.3,43.9,47.38,3.48,1
RS,421,4316972,Santa Margarida do Sul,0.1057,42.4,25.7,48.4,22.7,1
SC,1,4216701,São José do Cedro,0.9409,76.4,82.26,76.92,-5.34,0
SC,2,4215307,Salete,0.9265,78.0,68.23,78.29,10.06,1
SC,3,4213104,Piratuba,0.9158,81.4,83.99,80.0,-3.99,0
SC,4,4212007,Palma Sola,0.9151,80.1,79.92,80.0,0.08,1
SC,5,4200804,Anchieta,0.9088,77.5,91.81,77.89,-13.92,0
SC,6,4205357,Flor do Sertão,0.8756,81.4,58.33,80.0,21.67,1
SC,7,4205605,Galvão,0.872,80.8,70.47,80.0,9.53,1
SC,8,4216107,São Domingos,0.8532,78.5,76.94,78.68,1.74,1
SC,9,4207601,Ipira,0.8322,83.2,84.43,80.0,-4.43,0
SC,10,4209300,Lages,0.8135,48.6,55.85,53.71,-2.14,0
SC,11,4203105,Caibi,0.8128,75.5,27.3,76.16,48.86,1
SC,12,4204400,Coronel Freitas,0.7893,74.3,86.74,75.16,-11.58,0
SC,13,4207577,Iomerê,0.7853,74.5,97.09,75.31,-21.78,0
SC,14,4210902,Modelo,0.7802,81.6,94.86,80.0,-14.86,0
SC,15,4212908,Pinhalzinho,0.7699,78.3,78.35,78.51,0.16,1
SC,16,4217956,Tigrinhos,0.7671,79.1,91.64,79.2,-12.44,0
SC,17,4210001,Luiz Alves,0.7659,80.4,76.19,80.0,3.81,1
SC,18,4218954,Urupema,0.7587,80.2,36.34,80.0,43.66,1
SC,19,4216800,São José do Cerrito,0.7479,76.5,65.03,77.0,11.97,1
SC,20,4201703,Ascurra,0.7469,82.0,94.83,80.0,-14.83,0
SC,21,4204905,Descanso,0.7401,80.4,70.31,80.0,9.69,1
SC,22,4210506,Maravilha,0.7383,84.4,76.03,80.0,3.97,1
SC,23,4218202,Timbó,0.7373,69.9,77.99,71.48,-6.51,0
SC,24,4201208,Antônio Carlos,0.7361,74.5,74.89,75.32,0.43,1
SC,25,4206306,Guabiruba,0.7215,70.2,73.93,71.73,-2.2,0
SC,26,4210050,Macieira,0.7031,80.0,56.25,80.0,23.75,1
SC,27,4201653,Arvoredo,0.7028,75.7,77.94,76.36,-1.58,0
SC,28,4209102,Joinville,0.6887,65.9,68.79,68.23,-0.56,0
SC,29,4206405,Guaraciaba,0.6784,83.3,83.69,80.0,-3.69,0
SC,30,4217501,Seara,0.6755,83.6,70.92,80.0,9.08,1
SC,31,4214904,Rio Fortuna,0.6748,78.4,68.78,78.6,9.82,1
SC,32,4200200,Agrolândia,0.6728,81.2,76.03,80.0,3.97,1
SC,33,4213153,Planalto Alegre,0.6689,79.6,90.38,79.63,-10.75,0
SC,34,4216255,São João do Oeste,0.6642,96.0,92.42,80.0,-12.42,0
SC,35,4217303,Saudades,0.6637,81.6,80.9,80.0,-0.9,0
SC,36,4202438,Bocaina do Sul,0.6618,39.1,28.06,45.49,17.43,1
SC,37,4215679,Santa Terezinha,0.6535,83.6,69.26,80.0,10.74,1
SC,38,4211603,Nova Veneza,0.6423,69.6,79.48,71.23,-8.25,0
SC,39,4218707,Tubarão,0.6417,70.3,68.26,71.86,3.6,1
SC,40,4210852,Mirim Doce,0.6358,39.2,74.06,45.55,-28.51,0
SC,41,4217204,São Miguel do Oeste,0.6345,68.6,75.64,70.46,-5.18,0
SC,42,4200606,Águas Mornas,0.6319,81.3,79.3,80.0,0.7,1
SC,43,4208955,Jardinópolis,0.6316,81.8,77.08,80.0,2.92,1
SC,44,4217758,Sul Brasil,0.6248,76.2,73.21,76.76,3.55,1
SC,45,4205704,Garopaba,0.6235,70.6,75.75,72.08,-3.67,0
SC,46,4213609,Porto União,0.6143,70.5,59.53,72.02,12.49,1
SC,47,4203808,Canoinhas,0.6131,73.9,71.93,74.87,2.94,1
SC,48,4209201,Lacerdópolis,0.6106,70.0,75.0,71.59,-3.41,0
SC,49,4219101,Vargeão,0.6105,80.9,52.72,80.0,27.28,1
SC,50,4209151,José Boiteux,0.6102,37.1,52.77,43.68,-9.09,0
SC,51,4205506,Fraiburgo,0.6096,66.6,77.72,68.73,-8.99,0
SC,52,4204301,Concórdia,0.6084,76.4,75.26,76.94,1.68,1
SC,53,4217550,Serra Alta,0.6058,92.2,97.43,80.0,-17.43,0
SC,54,4217105,São Martinho,0.5956,68.0,70.0,69.93,-0.07,0
SC,55,4219002,Urussanga,0.5952,68.9,71.86,70.65,-1.21,0
SC,56,4214607,Rio do Oeste,0.5915,81.4,70.6,80.0,9.4,1
SC,57,4209854,Lindóia do Sul,0.5775,87.4,84.61,80.0,-4.61,0
SC,58,4206801,Ibicaré,0.5727,75.7,54.41,76.34,21.93,1
SC,59,4201901,Aurora,0.5631,62.6,77.09,65.45,-11.64,0
SC,60,4209805,Leoberto Leal,0.5618,75.0,62.5,75.76,13.26,1
SC,61,4215000,Rio Negrinho,0.5603,60.1,66.96,63.42,-3.54,0
SC,62,4204103,Caxambu do Sul,0.5521,69.5,60.13,71.21,11.08,1
SC,63,4209458,Lajeado Grande,0.552,78.6,66.07,78.78,12.71,1
SC,64,4200408,Água Doce,0.551,64.8,72.41,67.24,-5.17,0
SC,65,4210605,Massaranduba,0.5481,71.0,77.07,72.41,-4.66,0
SC,66,4217709,Sombrio,0.546,64.9,49.72,67.39,17.67,1
SC,67,4215554,Santa Helena,0.5409,78.3,66.67,78.58,11.91,1
SC,68,4201505,Armazém,0.5389,70.5,79.08,72.02,-7.06,0
SC,69,4219309,Videira,0.5387,57.3,64.11,61.06,-3.05,0
SC,70,4217402,Schroeder,0.5375,63.1,75.91,65.84,-10.07,0
SC,71,4219507,Xanxerê,0.5355,66.6,72.14,68.79,-3.35,0
SC,72,4209607,Lauro Müller,0.5345,63.3,72.59,66.04,-6.55,0
SC,73,4218905,Urubici,0.5318,60.2,76.9,63.46,-13.44,0
SC,74,4202909,Brusque,0.531,68.7,67.18,70.5,3.32,1
SC,75,4207502,Indaial,0.5287,55.2,67.83,59.31,-8.52,0
SC,76,4209706,Lebon Régis,0.5253,40.9,56.41,47.04,-9.37,0
SC,77,4207684,Ipuaçu,0.5244,59.5,77.74,62.89,-14.85,0
SC,78,4204509,Corupá,0.5241,61.2,79.7,64.27,-15.43,0
SC,79,4214003,Presidente Getúlio,0.5241,62.2,55.72,65.13,9.41,1
SC,80,4204152,Celso Ramos,0.52,77.4,75.67,77.74,2.07,1
SC,81,4212205,Papanduva,0.5148,70.5,64.15,72.03,7.88,1
SC,82,4209003,Joaçaba,0.5129,59.2,70.42,62.61,-7.81,0
SC,83,4218806,Turvo,0.5117,59.3,69.98,62.69,-7.29,0
SC,84,4204608,Criciúma,0.5099,59.1,59.75,62.54,2.79,1
SC,85,4219408,Witmarsum,0.5094,80.0,77.27,79.97,2.7,1
SC,86,4204558,Correia Pinto,0.5023,59.6,56.53,63.0,6.47,1
SC,87,4207908,Irineópolis,0.5022,71.8,79.25,73.1,-6.15,0
SC,88,4200101,Abelardo Luz,0.5005,64.8,59.88,67.3,7.42,1
SC,89,4207809,Irani,0.4972,73.9,71.4,74.83,3.43,1
SC,90,4213708,Pouso Redondo,0.4962,66.5,60.13,68.69,8.56,1
SC,91,4202131,Bela Vista do Toldo,0.4923,86.2,81.95,80.0,-1.95,0
SC,92,4211454,Nova Itaberaba,0.4912,67.4,71.17,69.44,-1.73,0
SC,93,4212809,Balneário Piçarras,0.4896,61.5,53.84,64.55,10.71,1
SC,94,4208401,Itapiranga,0.489,71.6,78.16,72.9,-5.26,0
SC,95,4205100,Dona Emma,0.485,87.2,88.51,80.0,-8.51,0
SC,96,4206504,Guaramirim,0.4805,70.3,64.09,71.87,7.78,1
SC,97,4201273,Arabutã,0.4791,79.4,96.31,79.48,-16.83,0
SC,98,4202206,Benedito Novo,0.4783,61.4,71.71,64.47,-7.24,0
SC,99,4202404,Blumenau,0.4769,63.9,64.77,66.53,1.76,1
SC,100,4204707,Cunha Porã,0.4748,93.9,77.07,80.0,2.93,1
SC,101,4212056,Palmeira,0.4739,67.2,57.22,69.23,12.01,1
SC,102,4207759,Iraceminha,0.4733,60.5,70.07,63.74,-6.33,0
SC,103,4219176,Vargem Bonita,0.4732,64.2,67.69,66.82,-0.87,0
SC,104,4218509,Treze Tílias,0.4705,74.3,71.92,75.2,3.28,1
SC,105,4216503,São Joaquim,0.4685,34.5,43.26,41.26,-2.0,0
SC,106,4218855,União do Oeste,0.4663,67.4,65.0,69.44,4.44,1
SC,107,4208500,Ituporanga,0.4646,64.2,77.25,66.76,-10.49,0
SC,108,4213351,Ponte Alta do Norte,0.4638,64.1,70.19,66.7,-3.49,0
SC,109,4214706,Rio dos Cedros,0.4635,60.7,68.59,63.92,-4.67,0
SC,110,4203154,Calmon,0.4609,63.0,57.9,65.76,7.86,1
SC,111,4215356,Saltinho,0.4593,95.1,75.29,80.0,4.71,1
SC,112,4205001,Dionísio Cerqueira,0.4567,59.7,66.23,63.02,-3.21,0
SC,113,4213807,Praia Grande,0.4539,65.6,69.36,67.96,-1.4,0
SC,114,4201604,Arroio Trinta,0.4538,92.0,76.24,80.0,3.76,1
SC,115,4203006,Caçador,0.4529,69.9,65.51,71.48,5.97,1
SC,116,4219358,Vitor Meireles,0.4456,44.6,76.12,50.26,-25.86,0
SC,117,4202875,Brunópolis,0.4425,66.7,68.75,68.83,0.08,1
SC,118,4214508,Rio do Campo,0.4421,68.0,74.29,69.94,-4.35,0
SC,119,4217006,São Ludgero,0.4416,65.9,68.64,68.15,-0.49,0
SC,120,4213203,Pomerode,0.4409,63.2,70.85,65.94,-4.91,0
SC,121,4208609,Jaborá,0.4364,73.9,77.67,74.82,-2.85,0
SC,122,4218350,Treviso,0.4357,68.6,56.3,70.42,14.12,1
SC,123,4217600,Siderópolis,0.4356,61.7,53.57,64.7,11.13,1
SC,124,4206603,Guarujá do Sul,0.4354,88.6,59.9,80.0,20.1,1
SC,125,4207650,Iporã do Oeste,0.4333,86.7,92.28,80.0,-12.28,0
SC,126,4202602,Bom Retiro,0.4331,32.5,47.34,39.4,-7.94,0
SC,127,4207007,Içara,0.4307,69.8,69.72,71.39,1.67,1
SC,128,4210308,Major Vieira,0.4305,69.1,74.01,70.82,-3.19,0
SC,129,4214201,Quilombo,0.4292,67.1,70.08,69.21,-0.87,0
SC,130,4211702,Orleans,0.4287,65.8,68.14,68.14,0.0,0
SC,131,4203600,Campos Novos,0.427,64.3,64.77,66.86,2.09,1
SC,132,4215752,São Bernardino,0.4266,83.0,69.54,80.0,10.46,1
SC,133,4212601,Peritiba,0.426,85.8,87.5,80.0,-7.5,0
SC,134,4201257,Apiúna,0.4247,63.7,70.88,66.35,-4.53,0
SC,135,4204202,Chapecó,0.4245,56.2,56.25,60.17,3.92,1
SC,136,4215455,Sangão,0.4191,69.3,68.6,70.98,2.38,1
SC,137,4217253,São Pedro de Alcântara,0.4162,74.0,59.93,74.91,14.98,1
SC,138,4212304,Paulo Lopes,0.4134,63.1,40.02,65.85,25.83,1
SC,139,4208104,Itaiópolis,0.4123,65.5,57.23,67.88,10.65,1
SC,140,4211207,Morro da Fumaça,0.4101,68.0,68.09,69.95,1.86,1
SC,141,4206900,Ibirama,0.4098,67.5,71.81,69.5,-2.31,0
SC,142,4208807,Jaguaruna,0.409,42.4,56.28,48.39,-7.89,0
SC,143,4215075,Riqueza,0.4081,83.4,72.07,80.0,7.93,1
SC,144,4202800,Braço do Norte,0.4016,60.6,59.36,63.84,4.48,1
SC,145,4211009,Mondaí,0.399,68.6,56.85,70.43,13.58,1
SC,146,4211405,Nova Erechim,0.3984,69.2,72.86,70.89,-1.97,0
SC,147,4202537,Bom Jesus,0.3963,64.7,55.49,67.18,11.69,1
SC,148,4202859,Braço do Trombudo,0.3957,62.2,64.21,65.11,0.9,1
SC,149,4206751,Ibiam,0.3936,65.6,96.17,67.95,-28.22,0
SC,150,4212106,Palmitos,0.3929,58.2,64.41,61.82,-2.59,0
SC,151,4215695,Santiago do Sul,0.3888,73.7,81.82,74.66,-7.16,0
SC,152,4209904,Lontras,0.3879,59.8,58.41,63.17,4.76,1
SC,153,4204004,Catanduvas,0.3872,68.3,72.43,70.18,-2.25,0
SC,154,4205431,Formosa do Sul,0.3859,65.4,76.76,67.78,-8.98,0
SC,155,4203303,Campo Alegre,0.3831,66.5,59.82,68.68,8.86,1
SC,156,4203402,Campo Belo do Sul,0.3663,41.8,53.29,47.83,-5.46,0
SC,157,4203709,Canelinha,0.3646,59.3,41.37,62.71,21.34,1
SC,158,4215505,Santa Cecília,0.3641,66.4,57.41,68.59,11.18,1
SC,159,4211058,Monte Carlo,0.3637,63.8,52.67,66.43,13.76,1
SC,160,4215059,Rio Rufino,0.3616,65.7,76.32,68.06,-8.26,0
SC,161,4206108,Grão-Pará,0.361,65.2,70.23,67.57,-2.66,0
SC,162,4211876,Paial,0.3607,70.8,54.55,72.28,17.73,1
SC,163,4218608,Trombudo Central,0.3586,68.1,63.31,70.04,6.73,1
SC,164,4213005,Pinheiro Preto,0.3579,59.3,79.31,62.71,-16.6,0
SC,165,4202701,Botuverá,0.3554,69.3,65.2,71.04,5.84,1
SC,166,4205456,Forquilhinha,0.3547,58.7,63.94,62.24,-1.7,0
SC,167,4215802,São Bento do Sul,0.353,73.1,76.73,74.17,-2.56,0
SC,168,4211652,Novo Horizonte,0.3515,91.6,86.57,80.0,-6.57,0
SC,169,4202057,Balneário Barra do Sul,0.3502,60.3,51.19,63.53,12.34,1
SC,170,4209508,Laurentino,0.3484,64.3,60.32,66.86,6.54,1
SC,171,4200051,Abdon Batista,0.3484,72.1,77.08,73.3,-3.78,0
SC,172,4218301,Três Barras,0.3452,49.8,47.98,54.77,6.79,1
SC,173,4202081,Bandeirante,0.3412,70.1,56.89,71.69,14.8,1
SC,174,4215604,Santa Rosa de Lima,0.3404,92.8,86.49,80.0,-6.49,0
SC,175,4212403,Pedras Grandes,0.3376,81.7,69.2,80.0,10.8,1
SC,176,4205803,Garuva,0.3367,54.7,66.73,58.9,-7.83,0
SC,177,4212270,Passos Maia,0.3364,49.3,60.0,54.31,-5.69,0
SC,178,4219853,Zortéa,0.3363,65.1,57.58,67.5,9.92,1
SC,179,4219705,Xaxim,0.3353,66.6,59.5,68.78,9.28,1
SC,180,4208005,Itá,0.3297,69.1,77.62,70.81,-6.81,0
SC,181,4201802,Atalanta,0.3287,71.1,64.79,72.52,7.73,1
SC,182,4219150,Vargem,0.3248,89.0,69.58,80.0,10.42,1
SC,183,4213302,Ponte Alta,0.3235,41.0,60.53,47.14,-13.39,0
SC,184,4215406,Salto Veloso,0.3186,85.4,72.08,80.0,7.92,1
SC,185,4215109,Rodeio,0.3163,57.1,68.35,60.87,-7.48,0
SC,186,4211256,Morro Grande,0.3132,71.4,81.82,72.78,-9.04,0
SC,187,4201000,Anita Garibaldi,0.3122,66.1,77.33,68.32,-9.01,0
SC,188,4203501,Campo Erê,0.312,60.9,48.28,64.05,15.77,1
SC,189,4212239,Paraíso,0.3082,85.8,83.86,80.0,-3.86,0
SC,190,4207403,Imbuia,0.3079,64.8,79.52,67.27,-12.25,0
SC,191,4204178,Cerro Negro,0.3068,28.9,49.84,36.07,-13.77,0
SC,192,4216354,São João do Itaperiú,0.3024,55.1,64.01,59.22,-4.79,0
SC,193,4214151,Princesa,0.2966,89.3,64.05,80.0,15.95,1
SC,194,4210407,Maracajá,0.2897,58.5,61.81,62.07,0.26,1
SC,195,4202099,Barra Bonita,0.2861,50.0,66.67,54.93,-11.74,0
SC,196,4213906,Presidente Castello Branco,0.2851,47.1,61.9,52.43,-9.47,0
SC,197,4217154,São Miguel da Boa Vista,0.2843,87.5,84.21,80.0,-4.21,0
SC,198,4211751,Otacílio Costa,0.2823,55.1,70.95,59.2,-11.75,0
SC,199,4219606,Xavantina,0.2762,71.6,80.95,72.9,-8.05,0
SC,200,4211850,Ouro Verde,0.2688,44.6,66.67,50.27,-16.4,0
SC,201,4216909,São Lourenço do Oeste,0.2522,71.4,71.25,72.76,1.51,1
SC,202,4215703,Santo Amaro da Imperatriz,0.2494,58.2,60.42,61.81,1.39,1
SC,203,4218103,Timbé do Sul,0.2494,71.3,80.2,72.66,-7.54,0
SC,204,4204806,Curitibanos,0.2472,48.6,53.48,53.71,0.23,1
SC,205,4205209,Erval Velho,0.2412,56.5,58.15,60.39,2.24,1
SC,206,4200754,Alto Bela Vista,0.2378,87.4,85.18,80.0,-5.18,0
SC,207,4211801,Ouro,0.2309,72.6,82.18,73.74,-8.44,0
SC,208,4207858,Irati,0.2183,92.9,87.82,80.0,-7.82,0
SC,209,4208906,Jaraguá do Sul,0.2159,72.8,75.11,73.91,-1.2,0
SC,210,4219200,Vidal Ramos,0.214,73.3,83.76,74.32,-9.44,0
SC,211,4220000,Balneário Rincão,0.2139,50.3,54.65,55.22,0.57,1
SC,212,4215653,Santa Rosa do Sul,0.1923,55.5,74.56,59.55,-15.01,0
SC,213,4214300,Rancho Queimado,0.1773,72.7,80.38,73.86,-6.52,0
SC,214,4204459,Coronel Martins,0.1747,73.7,90.43,74.66,-15.77,0
SC,215,4215208,Romelândia,0.1671,52.1,78.04,56.69,-21.35,0
SC,216,4202503,Bom Jardim da Serra,0.1669,40.6,28.72,46.82,18.1,1
SC,217,4209409,Laguna,0.1666,33.3,34.29,40.16,5.87,1
SC,218,4200507,Águas de Chapecó,0.1629,72.3,75.76,73.48,-2.28,0
SC,219,4210100,Mafra,0.1579,73.0,77.41,74.07,-3.34,0
SC,220,4212650,Pescaria Brava,0.1576,40.4,45.95,46.6,0.65,1
SC,221,4203907,Capinzal,0.1507,72.3,69.54,73.49,3.95,1
SC,222,4210209,Major Gercino,0.1414,51.4,76.42,56.12,-20.3,0
SC,223,4200556,Águas Frias,0.1313,42.8,88.24,48.72,-39.52,0
SC,224,4206207,Gravatal,0.1268,52.6,76.93,57.16,-19.77,0
SC,225,4213401,Ponte Serrada,0.1268,53.1,66.76,57.53,-9.23,0
SC,226,4206702,Herval d'Oeste,0.1237,53.2,59.83,57.65,-2.18,0
SC,227,4205308,Faxinal dos Guedes,0.1218,52.7,66.52,57.2,-9.32,0
SC,228,4208708,Jacinto Machado,0.1141,53.0,70.16,57.49,-12.67,0
SC,229,4215687,Santa Terezinha do Progresso,0.0998,54.1,95.83,58.41,-37.42,0
SC,230,4218400,Treze de Maio,0.0942,71.9,62.38,73.15,10.77,1
SC,231,4202578,Bom Jesus do Oeste,0.0614,73.3,95.99,74.35,-21.64,0
SC,232,4214102,Presidente Nereu,0.0605,51.7,58.33,56.35,-1.98,0
SC,233,4202156,Belmonte,0.0601,72.9,80.41,74.01,-6.4,0
SC,234,4206652,Guatambú,0.0528,44.4,38.7,50.17,11.47,1
SC,235,4210035,Luzerna,0.0523,72.9,79.74,74.01,-5.73,0
SC,236,4207700,Ipumirim,0.0447,54.0,62.84,58.28,-4.56,0
SC,237,4210803,Meleiro,0.0427,54.8,48.04,58.99,10.95,1
SC,238,4204194,Chapadão do Lageado,0.0229,52.4,65.91,57.0,-8.91,0
SP,1,3552205,Sorocaba,0.8573,47.9,52.43,53.15,0.72,1
SP,2,3513801,Diadema,0.8467,40.9,48.02,47.05,-0.97,0
SP,3,3549904,São José dos Campos,0.8044,57.4,64.75,61.18,-3.57,0
SP,4,3549805,São José do Rio Preto,0.7885,52.1,56.85,56.68,-0.17,0
SP,5,3516200,Franca,0.7771,57.7,64.54,61.42,-3.12,0
SP,6,3548708,São Bernardo do Campo,0.7756,55.6,54.16,59.62,5.46,1
SP,7,3535705,Paraíso,0.7562,76.8,87.14,77.31,-9.83,0
SP,8,3530607,Mogi das Cruzes,0.7482,46.6,47.88,52.01,4.13,1
SP,9,3534401,Osasco,0.7469,46.0,49.13,51.47,2.34,1
SP,10,3517307,Guaimbê,0.745,82.7,83.39,80.0,-3.39,0
SP,11,3538709,Piracicaba,0.7445,54.7,55.08,58.93,3.85,1
SP,12,3504800,Bálsamo,0.7369,81.6,83.51,80.0,-3.51,0
SP,13,3526001,Junqueirópolis,0.7355,76.9,80.44,77.4,-3.04,0
SP,14,3539608,Planalto,0.7258,74.5,83.68,75.35,-8.33,0
SP,15,3536000,Parapuã,0.7227,75.6,73.38,76.25,2.87,1
SP,16,3524402,Jacareí,0.7203,45.6,51.48,51.14,-0.34,0
SP,17,3538204,Pinhalzinho,0.7177,78.1,78.79,78.39,-0.4,0
SP,18,3529401,Mauá,0.7175,45.7,46.04,51.29,5.25,1
SP,19,3521309,Ipuã,0.7169,77.1,63.8,77.52,13.72,1
SP,20,3516606,Gália,0.7165,78.9,66.68,79.07,12.39,1
SP,21,3541000,Praia Grande,0.7138,50.7,51.25,55.55,4.3,1
SP,22,3528106,Macaubal,0.7077,81.5,96.3,80.0,-16.3,0
SP,23,3514700,Echaporã,0.7038,77.9,95.07,78.18,-16.89,0
SP,24,3503356,Arco-Íris,0.7025,28.6,77.27,35.72,-41.55,0
SP,25,3503604,Areiópolis,0.702,72.3,75.02,73.52,-1.5,0
SP,26,3556909,Vista Alegre do Alto,0.7011,81.4,52.86,80.0,27.14,1
SP,27,3552908,Taciba,0.6998,79.9,67.0,79.94,12.94,1
SP,28,3542909,Ribeirão Bonito,0.6957,79.2,53.4,79.35,25.95,1
SP,29,3535101,Palmares Paulista,0.6948,82.7,77.46,80.0,2.54,1
SP,30,3505708,Barueri,0.6944,62.8,68.13,65.63,-2.5,0
SP,31,3518701,Guarujá,0.6931,48.2,44.13,53.43,9.3,1
SP,32,3519808,Icém,0.6902,73.4,81.32,74.38,-6.94,0
SP,33,3556008,Urupês,0.6856,80.6,65.68,80.0,14.32,1
SP,34,3542404,Regente Feijó,0.6799,77.7,61.09,78.07,16.98,1
SP,35,3545506,Sandovalina,0.6794,79.1,89.83,79.23,-10.6,0
SP,36,3503406,Arealva,0.6779,72.6,79.38,73.77,-5.61,0
SP,37,3527108,Lins,0.6769,74.3,92.23,75.13,-17.1,0
SP,38,3525904,Jundiaí,0.6766,69.2,70.49,70.94,0.45,1
SP,39,3512407,Cordeirópolis,0.674,74.4,69.6,75.28,5.68,1
SP,40,3500758,Alambari,0.6737,71.6,61.45,72.91,11.46,1
SP,41,3522505,Itapevi,0.6708,50.3,55.46,55.16,-0.3,0
SP,42,3548401,Santópolis do Aguapeí,0.6659,73.9,77.36,74.82,-2.54,0
SP,43,3519501,Ibirarema,0.6633,89.0,71.85,80.0,8.15,1
SP,44,3506508,Birigui,0.6627,71.1,78.13,72.5,-5.63,0
SP,45,3555901,Uru,0.6542,81.5,100.0,80.0,-20.0,0
SP,46,3543907,Rio Claro,0.6537,50.3,54.52,55.16,0.64,1
SP,47,3514304,Dourado,0.6515,71.5,71.85,72.84,0.99,1
SP,48,3523404,Itatiba,0.6505,65.1,73.47,67.53,-5.94,0
SP,49,3550506,São Pedro do Turvo,0.6471,69.2,71.42,70.94,-0.48,0
SP,50,3509502,Campinas,0.6459,41.7,41.49,47.76,6.27,1
SP,51,3532058,Motuca,0.6437,79.9,78.09,79.94,1.85,1
SP,52,3517901,Guaraci,0.6403,73.8,73.02,74.77,1.75,1
SP,53,3525508,Joanópolis,0.6388,71.9,57.3,73.15,15.85,1
SP,54,3521507,Irapuã,0.6375,69.6,76.62,71.24,-5.38,0
SP,55,3547601,Santa Rosa de Viterbo,0.6358,74.4,75.32,75.23,-0.09,0
SP,56,3532504,Neves Paulista,0.6333,90.6,74.47,80.0,5.53,1
SP,57,3548807,São Caetano do Sul,0.6328,61.0,66.12,64.1,-2.02,0
SP,58,3529500,Mendonça,0.6321,70.0,77.56,71.55,-6.01,0
SP,59,3553955,Tarumã,0.6316,83.1,91.72,80.0,-11.72,0
SP,60,3512506,Coroados,0.6302,69.4,72.95,71.12,-1.83,0
SP,61,3551108,Sarapuí,0.63,41.4,53.32,47.53,-5.79,0
SP,62,3531407,Monte Aprazível,0.6293,73.5,65.44,74.54,9.1,1
SP,63,3512100,Colômbia,0.6293,90.6,72.63,80.0,7.37,1
SP,64,3518909,Guzolândia,0.6289,88.6,79.92,80.0,0.08,1
SP,65,3547700,Santo Anastácio,0.6284,80.0,79.01,79.99,0.98,1
SP,66,3520608,Indiana,0.6277,81.6,70.59,80.0,9.41,1
SP,67,3551207,Sarutaiá,0.6266,79.0,79.97,79.11,-0.86,0
SP,68,3508702,Caconde,0.6259,70.2,75.94,71.78,-4.16,0
SP,69,3540903,Pradópolis,0.6256,74.2,62.53,75.13,12.6,1
SP,70,3540606,Porto Feliz,0.6245,73.6,70.08,74.61,4.53,1
SP,71,3553906,Tarabai,0.6242,78.5,67.98,78.69,10.71,1
SP,72,3536257,Parisi,0.6237,76.7,90.72,77.23,-13.49,0
SP,73,3523701,Itirapuã,0.6228,73.9,82.38,74.86,-7.52,0
SP,74,3509106,Caiuá,0.6227,54.7,81.48,58.9,-22.58,0
SP,75,3555356,Ubarana,0.6217,60.6,74.44,63.84,-10.6,0
SP,76,3537305,Penápolis,0.6212,60.6,61.01,63.79,2.78,1
SP,77,3522406,Itapeva,0.6202,53.4,56.2,57.76,1.56,1
SP,78,3557105,Votuporanga,0.6191,49.7,61.66,54.68,-6.98,0
SP,79,3528502,Mairiporã,0.616,55.0,63.31,59.15,-4.16,0
SP,80,3518800,Guarulhos,0.6152,39.4,44.19,45.75,1.56,1
SP,81,3542701,Restinga,0.6138,70.3,55.18,71.82,16.64,1
SP,82,3509403,Cajuru,0.6129,71.8,54.99,73.07,18.08,1
SP,83,3537701,Piacatu,0.6126,83.2,76.68,80.0,3.32,1
SP,84,3543105,Ribeirão Corrente,0.6124,71.9,74.51,73.16,-1.35,0
SP,85,3518859,Guatapará,0.6123,64.6,33.82,67.08,33.26,1
SP,86,3518602,Guariba,0.6119,69.7,78.67,71.35,-7.32,0
SP,87,3545704,Santa Albertina,0.6114,65.6,58.21,67.95,9.74,1
SP,88,3538006,Pindamonhangaba,0.611,54.5,63.8,58.74,-5.06,0
SP,89,3544806,Sales,0.6105,68.0,68.37,69.91,1.54,1
SP,90,3501509,Alvinlândia,0.6098,74.3,91.84,75.18,-16.66,0
SP,91,3530508,Mococa,0.6095,46.4,61.52,51.87,-9.65,0
SP,92,3532702,Nipoã,0.6083,93.8,80.24,80.0,-0.24,0
SP,93,3528700,Marabá Paulista,0.6069,71.4,48.33,72.78,24.45,1
SP,94,3543501,Riversul,0.6064,81.1,64.17,80.0,15.83,1
SP,95,3517109,Glicério,0.6059,70.6,86.84,72.12,-14.72,0
SP,96,3530805,Mogi Mirim,0.6047,53.8,57.7,58.13,0.43,1
SP,97,3519402,Ibirá,0.6031,71.2,61.64,72.56,10.92,1
SP,98,3553104,Taiaçu,0.6025,67.2,38.71,69.26,30.55,1
SP,99,3540507,Porangaba,0.6024,69.9,60.38,71.51,11.13,1
SP,100,3509304,Cajobi,0.6018,61.2,60.42,64.32,3.9,1
SP,101,3554953,Tuiuti,0.6013,65.7,55.64,68.04,12.4,1
SP,102,3503901,Arujá,0.6012,50.9,60.67,55.66,-5.01,0
SP,103,3551702,Sertãozinho,0.6006,53.7,54.16,58.07,3.91,1
SP,104,3500501,Águas de Lindóia,0.599,61.4,43.65,64.46,20.81,1
SP,105,3552403,Sumaré,0.5975,52.9,50.61,57.39,6.78,1
SP,106,3515350,Euclides da Cunha Paulista,0.5969,76.0,69.86,76.58,6.72,1
SP,107,3531506,Monte Azul Paulista,0.5961,72.9,55.38,74.01,18.63,1
SP,108,3550001,São Luiz do Paraitinga,0.596,73.4,59.66,74.44,14.78,1
SP,109,3529302,Matão,0.5956,64.4,62.33,66.95,4.62,1
SP,110,3504305,Avaí,0.5948,55.3,65.24,59.41,-5.83,0
SP,111,3539202,Pirapozinho,0.5947,75.1,69.44,75.83,6.39,1
SP,112,3527009,Lindóia,0.5945,77.1,61.13,77.54,16.41,1
SP,113,3500204,Adolfo,0.5942,63.6,85.8,66.25,-19.55,0
SP,114,3554904,Três Fronteiras,0.5938,89.5,69.58,80.0,10.42,1
SP,115,3535200,Palmeira d'Oeste,0.5931,67.6,83.91,69.6,-14.31,0
SP,116,3514502,Duartina,0.5926,81.8,77.0,80.0,3.0,1
SP,117,3519006,Herculândia,0.5926,85.2,81.08,80.0,-1.08,0
SP,118,3531902,Morro Agudo,0.5919,55.2,45.3,59.31,14.01,1
SP,119,3526704,Leme,0.5918,52.8,61.7,57.33,-4.37,0
SP,120,3505351,Barra do Chapéu,0.5916,65.1,65.29,67.5,2.21,1
SP,121,3545803,Santa Bárbara d'Oeste,0.5899,54.6,64.2,58.84,-5.36,0
SP,122,3533254,Novais,0.5895,68.6,63.99,70.41,6.42,1
SP,123,3507506,Botucatu,0.5891,59.1,57.09,62.56,5.47,1
SP,124,3540408,Populina,0.5889,77.9,79.69,78.22,-1.47,0
SP,125,3505104,Barbosa,0.5887,64.8,65.05,67.3,2.25,1
SP,126,3505906,Batatais,0.5883,60.9,55.68,64.07,8.39,1
SP,127,3516309,Francisco Morato,0.5869,50.6,50.49,55.48,4.99,1
SP,128,3520004,Igaraçu do Tietê,0.5868,68.6,77.29,70.4,-6.89,0
SP,129,3546801,Santa Isabel,0.5862,72.2,67.17,73.45,6.28,1
SP,130,3533908,Olímpia,0.5836,61.2,74.72,64.26,-10.46,0
SP,131,3503703,Ariranha,0.5824,63.8,87.22,66.43,-20.79,0
SP,132,3538501,Piquete,0.5821,65.5,69.56,67.86,-1.7,0
SP,133,3541406,Presidente Prudente,0.5808,54.1,61.12,58.37,-2.75,0
SP,134,3556354,Vargem,0.5795,74.5,65.34,75.3,9.96,1
SP,135,3546900,Santa Lúcia,0.5794,66.8,70.68,68.96,-1.72,0
SP,136,3523107,Itaquaquecetuba,0.5793,43.0,57.19,48.89,-8.3,0
SP,137,3541901,Queluz,0.5787,61.9,68.79,64.92,-3.87,0
SP,138,3544251,Rosana,0.5774,59.5,78.64,62.92,-15.72,0
SP,139,3525854,Jumirim,0.5773,76.4,50.81,76.93,26.12,1
SP,140,3508108,Buritama,0.5768,64.0,67.83,66.64,-1.19,0
SP,141,3541208,Presidente Bernardes,0.5765,64.2,79.72,66.81,-12.91,0
SP,142,3556206,Valinhos,0.5762,50.7,48.21,55.55,7.34,1
SP,143,3522208,Itapecerica da Serra,0.5756,53.4,54.9,57.76,2.86,1
SP,144,3520202,Igaratá,0.5735,61.5,50.61,64.51,13.9,1
SP,145,3511300,Cedral,0.5733,72.9,55.73,74.02,18.29,1
SP,146,3554409,Terra Roxa,0.5731,67.2,74.29,69.28,-5.01,0
SP,147,3552601,Tabapuã,0.5726,90.3,98.83,80.0,-18.83,0
SP,148,3516903,General Salgado,0.5719,60.8,67.35,63.97,-3.38,0
SP,149,3513702,Descalvado,0.5716,59.4,80.62,62.78,-17.84,0
SP,150,3546009,Santa Branca,0.5712,40.8,49.71,46.96,-2.75,0
SP,151,3546207,Santa Cruz da Conceição,0.5712,66.6,73.36,68.76,-4.6,0
SP,152,3546256,Santa Cruz da Esperança,0.5711,45.9,42.56,51.45,8.89,1
SP,153,3543204,Ribeirão do Sul,0.5711,74.1,58.93,75.04,16.11,1
SP,154,3556503,Várzea Paulista,0.571,48.7,53.24,53.85,0.61,1
SP,155,3514601,Dumont,0.571,76.8,64.5,77.25,12.75,1
SP,156,3557006,Votorantim,0.5702,48.9,54.69,53.97,-0.72,0
SP,157,3501806,Américo de Campos,0.5699,60.0,78.38,63.29,-15.09,0
SP,158,3516408,Franco da Rocha,0.5673,50.9,46.57,55.69,9.12,1
SP,159,3534807,Ouro Verde,0.567,82.0,76.07,80.0,3.93,1
SP,160,3530409,Mirassolândia,0.5669,59.2,55.96,62.66,6.7,1
SP,161,3548104,Santo Antônio do Jardim,0.5669,71.5,72.45,72.81,0.36,1
SP,162,3553856,Taquarivaí,0.5667,62.1,47.19,65.02,17.83,1
SP,163,3517703,Guará,0.5665,67.4,76.27,69.43,-6.84,0
SP,164,3527405,Lucélia,0.566,64.5,68.26,67.06,-1.2,0
SP,165,3534708,Ourinhos,0.5657,50.4,53.67,55.25,1.58,1
SP,166,3522604,Itapira,0.5651,60.5,62.18,63.71,1.53,1
SP,167,3510500,Caraguatatuba,0.5648,54.3,58.19,58.59,0.4,1
SP,168,3539301,Pirassununga,0.5639,45.9,56.4,51.43,-4.97,0
SP,169,3533304,Nova Luzitânia,0.5638,77.9,73.33,78.23,4.9,1
SP,170,3506102,Bebedouro,0.5637,48.7,55.75,53.82,-1.93,0
SP,171,3543253,Ribeirão Grande,0.5635,63.7,60.84,66.37,5.53,1
SP,172,3515707,Ferraz de Vasconcelos,0.5633,52.7,65.07,57.23,-7.84,0
SP,173,3511102,Catanduva,0.5632,54.4,70.27,58.62,-11.65,0
SP,174,3542107,Rafard,0.5616,84.1,70.8,80.0,9.2,1
SP,175,3524204,Jaborandi,0.5614,82.6,67.19,80.0,12.81,1
SP,176,3545001,Salesópolis,0.5611,64.6,65.52,67.15,1.63,1
SP,177,3500600,Águas de São Pedro,0.5611,81.9,80.89,80.0,-0.89,0
SP,178,3550803,São Sebastião da Grama,0.5609,64.8,68.66,67.26,-1.4,0
SP,179,3555000,Tupã,0.5598,50.2,51.23,55.08,3.85,1
SP,180,3515301,Estrela do Norte,0.5591,73.0,89.26,74.08,-15.18,0
SP,181,3523305,Itariri,0.5588,61.6,70.98,64.65,-6.33,0
SP,182,3545159,Saltinho,0.5586,65.6,64.45,67.95,3.5,1
SP,183,3508801,Cafelândia,0.5584,61.2,61.51,64.3,2.79,1
SP,184,3528809,Maracaí,0.5584,84.8,91.17,80.0,-11.17,0
SP,185,3537404,Pereira Barreto,0.5582,66.1,83.47,68.39,-15.08,0
SP,186,3533007,Nova Granada,0.5581,61.2,59.94,64.31,4.37,1
SP,187,3530904,Mombuca,0.5578,55.8,74.25,59.84,-14.41,0
SP,188,3509908,Cananéia,0.5577,64.9,59.72,67.33,7.61,1
SP,189,3553401,Tanabi,0.5575,65.2,74.07,67.59,-6.48,0
SP,190,3524303,Jaboticabal,0.5572,53.0,57.94,57.48,-0.46,0
SP,191,3501301,Álvares Machado,0.557,53.9,72.19,58.23,-13.96,0
SP,192,3510005,Cândido Mota,0.5566,72.7,65.51,73.87,8.36,1
SP,193,3501103,Alto Alegre,0.5564,59.6,71.82,63.01,-8.81,0
SP,194,3510708,Cardoso,0.5556,68.9,59.86,70.71,10.85,1
SP,195,3530706,Mogi Guaçu,0.5554,51.4,63.47,56.12,-7.35,0
SP,196,3534906,Pacaembu,0.5553,64.6,53.27,67.13,13.86,1
SP,197,3536406,Paulicéia,0.5552,67.2,75.86,69.3,-6.56,0
SP,198,3518206,Guararapes,0.5549,58.2,71.91,61.81,-10.1,0
SP,199,3545209,Salto,0.5546,56.2,60.52,60.17,-0.35,0
SP,200,3501202,Álvares Florence,0.5536,78.6,72.05,78.82,6.77,1
SP,201,3515186,Espírito Santo do Pinhal,0.553,65.4,61.16,67.8,6.64,1
SP,202,3546504,Santa Ernestina,0.5528,83.7,92.26,80.0,-12.26,0
SP,203,3537800,Piedade,0.5522,58.6,63.25,62.12,-1.13,0
SP,204,3528601,Manduri,0.5511,62.2,65.64,65.13,-0.51,0
SP,205,3540804,Potirendaba,0.5507,60.7,62.55,63.91,1.36,1
SP,206,3555307,Turmalina,0.5505,45.5,70.59,51.04,-19.55,0
SP,207,3523503,Itatinga,0.5505,61.7,54.18,64.72,10.54,1
SP,208,3531605,Monte Castelo,0.5505,66.5,94.29,68.66,-25.63,0
SP,209,3503802,Artur Nogueira,0.5503,50.1,54.41,55.03,0.62,1
SP,210,3551801,Sete Barras,0.55,66.8,52.1,68.93,16.83,1
SP,211,3540002,Pompéia,0.5492,62.1,60.32,65.04,4.72,1
SP,212,3506409,Bilac,0.5488,60.0,74.74,63.3,-11.44,0
SP,213,3526506,Lavínia,0.5487,62.0,59.08,64.99,5.91,1
SP,214,3538808,Piraju,0.5487,64.7,71.36,67.22,-4.14,0
SP,215,3549953,São Lourenço da Serra,0.5484,61.4,58.4,64.46,6.06,1
SP,216,3506300,Bernardino de Campos,0.548,68.3,47.5,70.21,22.71,1
SP,217,3519055,Holambra,0.5477,58.3,62.59,61.93,-0.66,0
SP,218,3503307,Araras,0.5462,58.1,59.68,61.73,2.05,1
SP,219,3526803,Lençóis Paulista,0.5462,61.3,63.65,64.4,0.75,1
SP,220,3507001,Boituva,0.5459,61.6,69.83,64.65,-5.18,0
SP,221,3553609,Tapiratiba,0.5427,53.5,79.51,57.9,-21.61,0
SP,222,3549102,São João da Boa Vista,0.5423,54.6,61.6,58.79,-2.81,0
SP,223,3553708,Taquaritinga,0.5422,62.1,72.83,65.07,-7.76,0
SP,224,3536505,Paulínia,0.5421,48.5,61.39,53.65,-7.74,0
SP,225,3504404,Avanhandava,0.5417,70.9,77.37,72.36,-5.01,0
SP,226,3554003,Tatuí,0.5412,51.1,53.92,55.87,1.95,1
SP,227,3528007,Macatuba,0.5412,65.0,62.4,67.48,5.08,1
SP,228,3547809,Santo André,0.541,52.8,56.5,57.33,0.83,1
SP,229,3545605,Santa Adélia,0.5409,60.7,64.33,63.89,-0.44,0
SP,230,3523602,Itirapina,0.5403,59.1,69.9,62.57,-7.33,0
SP,231,3538907,Pirajuí,0.5399,53.5,46.03,57.88,11.85,1
SP,232,3506359,Bertioga,0.5389,54.7,69.58,58.87,-10.71,0
SP,233,3510609,Carapicuíba,0.5385,45.2,44.8,50.83,6.03,1
SP,234,3556602,Vera Cruz,0.5367,62.7,50.96,65.56,14.6,1
SP,235,3537008,Pedregulho,0.5365,60.9,51.67,64.02,12.35,1
SP,236,3540200,Pontal,0.5363,60.0,64.47,63.34,-1.13,0
SP,237,3511508,Cerquilho,0.5362,60.9,69.15,64.08,-5.07,0
SP,238,3505203,Bariri,0.5346,64.8,72.3,67.3,-5.0,0
SP,239,3553500,Tapiraí,0.5335,53.7,57.45,58.05,0.6,1
SP,240,3518503,Guareí,0.5331,62.3,68.52,65.19,-3.33,0
SP,241,3545407,Salto Grande,0.5327,60.2,44.94,63.49,18.55,1
SP,242,3525607,João Ramalho,0.5324,81.8,65.42,80.0,14.58,1
SP,243,3509205,Cajamar,0.5319,50.9,53.17,55.71,2.54,1
SP,244,3507902,Brotas,0.5316,61.9,56.01,64.89,8.88,1
SP,245,3548609,São Bento do Sapucaí,0.5308,61.9,57.89,64.92,7.03,1
SP,246,3534104,Oriente,0.5306,59.5,39.53,62.91,23.38,1
SP,247,3554300,Teodoro Sampaio,0.5297,66.8,70.49,68.95,-1.54,0
SP,248,3544301,Roseira,0.5293,63.6,67.2,66.26,-0.94,0
SP,249,3552809,Taboão da Serra,0.5287,45.6,49.01,51.16,2.15,1
SP,250,3500402,Águas da Prata,0.5284,64.8,61.82,67.26,5.44,1
SP,251,3543709,Rincão,0.5282,58.9,74.83,62.42,-12.41,0
SP,252,3549706,São José do Rio Pardo,0.528,47.7,63.96,52.98,-10.98,0
SP,253,3542206,Rancharia,0.528,60.0,60.02,63.34,3.32,1
SP,254,3518107,Guarantã,0.5271,66.9,47.49,69.04,21.55,1
SP,255,3501905,Amparo,0.5266,52.4,59.94,56.97,-2.97,0
SP,256,3527504,Lucianópolis,0.5266,74.9,75.0,75.65,0.65,1
SP,257,3531209,Monte Alegre do Sul,0.5258,55.1,56.59,59.25,2.66,1
SP,258,3530300,Mirassol,0.5257,67.6,61.57,69.6,8.03,1
SP,259,3533809,Óleo,0.5246,57.1,70.0,60.93,-9.07,0
SP,260,3533601,Nuporanga,0.5246,69.5,64.88,71.14,6.26,1
SP,261,3541703,Quatá,0.5244,66.3,68.43,68.48,0.05,1
SP,262,3515400,Fartura,0.5243,62.7,82.78,65.56,-17.22,0
SP,263,3502101,Andradina,0.5242,57.0,65.48,60.79,-4.69,0
SP,264,3532207,Narandiba,0.5241,53.2,60.6,57.61,-2.99,0
SP,265,3517802,Guaraçaí,0.5237,54.4,60.72,58.6,-2.12,0
SP,266,3543006,Ribeirão Branco,0.5235,53.1,64.79,57.56,-7.23,0
SP,267,3522703,Itápolis,0.5235,66.7,77.38,68.83,-8.55,0
SP,268,3514809,Eldorado,0.5218,62.3,75.19,65.24,-9.95,0
SP,269,3524709,Jaguariúna,0.5203,62.8,70.22,65.65,-4.57,0
SP,270,3555109,Tupi Paulista,0.5203,93.5,93.46,80.0,-13.46,0
SP,271,3556305,Valparaíso,0.5202,64.4,70.44,66.97,-3.47,0
SP,272,3536901,Pedranópolis,0.5194,39.1,72.73,45.5,-27.23,0
SP,273,3507308,Boracéia,0.5193,71.2,66.62,72.55,5.93,1
SP,274,3535002,Palestina,0.5189,58.0,72.03,61.63,-10.4,0
SP,275,3539004,Pirangi,0.5188,83.7,75.61,80.0,4.39,1
SP,276,3547007,Santa Maria da Serra,0.5187,50.4,86.98,55.23,-31.75,0
SP,277,3526100,Juquiá,0.5186,54.9,55.18,59.04,3.86,1
SP,278,3524501,Jaci,0.5186,55.8,68.06,59.85,-8.21,0
SP,279,3551504,Serrana,0.518,46.0,43.97,51.47,7.5,1
SP,280,3548500,Santos,0.5179,55.9,52.77,59.92,7.15,1
SP,281,3514106,Dois Córregos,0.5179,61.4,57.41,64.5,7.09,1
SP,282,3517505,Guapiaçu,0.5177,56.3,70.54,60.24,-10.3,0
SP,283,3504107,Atibaia,0.5173,70.6,65.46,72.05,6.59,1
SP,284,3502705,Apiaí,0.5163,68.4,88.38,70.29,-18.09,0
SP,285,3507803,Brodowski,0.5159,53.7,54.27,58.03,3.76,1
SP,286,3504206,Auriflama,0.5158,68.6,77.87,70.43,-7.44,0
SP,287,3510401,Capivari,0.5143,64.5,66.48,67.01,0.53,1
SP,288,3530102,Mirandópolis,0.5141,53.4,54.13,57.82,3.69,1
SP,289,3525003,Jandira,0.5137,44.9,51.39,50.54,-0.85,0
SP,290,3512902,Cosmorama,0.5137,94.6,56.46,80.0,23.54,1
SP,291,3522158,Itaoca,0.5136,60.9,51.85,64.03,12.18,1
SP,292,3556701,Vinhedo,0.5128,51.4,56.12,56.12,0.0,0
SP,293,3546702,Santa Gertrudes,0.5126,59.7,64.05,63.03,-1.02,0
SP,294,3536208,Pariquera-Açu,0.5126,64.5,61.36,67.0,5.64,1
SP,295,3544509,Rubinéia,0.5123,60.5,75.0,63.75,-11.25,0
SP,296,3520905,Ipaussu,0.5118,55.8,54.96,59.79,4.83,1
SP,297,3529005,Marília,0.5112,59.2,64.28,62.61,-1.67,0
SP,298,3556107,Valentim Gentil,0.511,67.1,85.95,69.19,-16.76,0
SP,299,3504602,Bady Bassitt,0.5107,55.6,61.39,59.68,-1.71,0
SP,300,3516002,Flórida Paulista,0.5093,82.9,54.56,80.0,25.44,1
SP,301,3553658,Taquaral,0.5091,75.0,27.27,75.76,48.49,1
SP,302,3501004,Altinópolis,0.5089,68.5,67.78,70.36,2.58,1
SP,303,3535606,Paraibuna,0.5085,63.5,58.56,66.21,7.65,1
SP,304,3508306,Cabrália Paulista,0.5083,79.4,78.11,79.5,1.39,1
SP,305,3536604,Paulo de Faria,0.5081,50.4,80.89,55.24,-25.65,0
SP,306,3510203,Capão Bonito,0.5079,62.4,74.63,65.3,-9.33,0
SP,307,3524808,Jales,0.5078,55.3,70.53,59.42,-11.11,0
SP,308,3524600,Jacupiranga,0.5077,63.9,54.8,66.5,11.7,1
SP,309,3525300,Jaú,0.5076,59.8,54.89,63.12,8.23,1
SP,310,3533502,Novo Horizonte,0.5075,61.6,75.66,64.6,-11.06,0
SP,311,3513850,Dirce Reis,0.5072,46.7,84.62,52.09,-32.53,0
SP,312,3509957,Canas,0.5072,53.6,48.15,57.95,9.8,1
SP,313,3519303,Ibaté,0.5068,52.8,68.78,57.31,-11.47,0
SP,314,3524907,Jambeiro,0.5068,58.9,56.89,62.36,5.47,1
SP,315,3519071,Hortolândia,0.5052,58.0,55.05,61.65,6.6,1
SP,316,3526209,Juquitiba,0.5052,60.1,55.99,63.43,7.44,1
SP,317,3511607,Cesário Lange,0.5051,55.7,51.32,59.73,8.41,1
SP,318,3521408,Iracemápolis,0.505,59.6,62.26,62.96,0.7,1
SP,319,3515194,Espírito Santo do Turvo,0.5044,58.6,56.14,62.12,5.98,1
SP,320,3529807,Mineiros do Tietê,0.5033,45.8,68.18,51.31,-16.87,0
SP,321,3526902,Limeira,0.5033,62.4,62.75,65.28,2.53,1
SP,322,3517604,Guapiara,0.5026,66.9,60.31,69.06,8.75,1
SP,323,3501608,Americana,0.5023,58.6,64.36,62.11,-2.25,0
SP,324,3532801,Nova Aliança,0.502,57.7,73.75,61.36,-12.39,0
SP,325,3515152,Engenheiro Coelho,0.5015,53.3,47.86,57.75,9.89,1
SP,326,3514908,Elias Fausto,0.5003,55.1,56.28,59.26,2.98,1
SP,327,3533403,Nova Odessa,0.4997,54.9,57.96,59.09,1.13,1
SP,328,3535408,Panorama,0.4989,86.0,92.54,80.0,-12.54,0
SP,329,3512803,Cosmópolis,0.4983,53.0,59.61,57.43,-2.18,0
SP,330,3526407,Laranjal Paulista,0.4983,54.2,59.37,58.49,-0.88,0
SP,331,3517406,Guaíra,0.498,54.9,53.49,59.03,5.54,1
SP,332,3522109,Itanhaém,0.4978,54.3,48.05,58.59,10.54,1
SP,333,3537602,Peruíbe,0.4977,39.6,46.81,45.94,-0.87,0
SP,334,3534609,Osvaldo Cruz,0.4972,58.3,59.23,61.92,2.69,1
SP,335,3530003,Mira Estrela,0.4971,60.9,93.03,64.03,-29.0,0
SP,336,3556800,Viradouro,0.4967,63.6,60.23,66.25,6.02,1
SP,337,3548054,Santo Antônio do Aracanguá,0.4954,50.2,62.22,55.06,-7.16,0
SP,338,3552700,Tabatinga,0.4939,62.4,62.83,65.32,2.49,1
SP,339,3504909,Bananal,0.4937,47.8,58.62,53.04,-5.58,0
SP,340,3550902,São Simão,0.4933,62.8,65.55,65.66,0.11,1
SP,341,3505500,Barretos,0.4929,59.7,58.42,63.04,4.62,1
SP,342,3521101,Ipeúna,0.4913,44.0,62.62,49.81,-12.81,0
SP,343,3539509,Pitangueiras,0.4905,62.9,67.24,65.71,-1.53,0
SP,344,3511003,Castilho,0.4895,47.9,45.42,53.1,7.68,1
SP,345,3507605,Bragança Paulista,0.4895,52.0,53.36,56.64,3.28,1
SP,346,3513504,Cubatão,0.489,48.5,45.43,53.65,8.22,1
SP,347,3545100,Salmourão,0.4884,57.1,61.69,60.91,-0.78,0
SP,348,3514205,Dolcinópolis,0.4883,76.6,65.38,77.13,11.75,1
SP,349,3553302,Tambaú,0.4882,47.7,59.74,53.01,-6.73,0
SP,350,3501707,Américo Brasiliense,0.4881,66.4,71.18,68.63,-2.55,0
SP,351,3511201,Catiguá,0.4879,54.3,84.7,58.54,-26.16,0
SP,352,3503208,Araraquara,0.4874,55.9,62.01,59.9,-2.11,0
SP,353,3509254,Cajati,0.4874,58.9,57.52,62.43,4.91,1
SP,354,3527801,Lupércio,0.4873,55.6,60.96,59.68,-1.28,0
SP,355,3546603,Santa Fé do Sul,0.4873,59.2,54.03,62.66,8.63,1
SP,356,3513009,Cotia,0.4862,50.7,49.49,55.5,6.01,1
SP,357,3518305,Guararema,0.4856,64.8,76.97,67.24,-9.73,0
SP,358,3505609,Barrinha,0.4853,55.5,51.43,59.52,8.09,1
SP,359,3529658,Mesópolis,0.4848,34.8,56.25,41.56,-14.69,0
SP,360,3532603,Nhandeara,0.4848,66.5,67.47,68.69,1.22,1
SP,361,3537107,Pedreira,0.484,94.4,94.25,80.0,-14.25,0
SP,362,3520806,Inúbia Paulista,0.4838,89.2,94.72,80.0,-14.72,0
SP,363,3502606,Aparecida d'Oeste,0.4836,67.1,86.16,69.19,-16.97,0
SP,364,3550308,São Paulo,0.4835,37.9,48.25,44.37,-3.88,0
SP,365,3503109,Arandu,0.4834,54.2,56.61,58.49,1.88,1
SP,366,3516853,Gavião Peixoto,0.4823,66.9,73.65,68.99,-4.66,0
SP,367,3544004,Rio das Pedras,0.482,65.0,58.5,67.48,8.98,1
SP,368,3554607,Timburi,0.4815,39.2,58.99,45.52,-13.47,0
SP,369,3522307,Itapetininga,0.4812,42.2,50.81,48.17,-2.64,0
SP,370,3517000,Getulina,0.481,49.5,68.1,54.54,-13.56,0
SP,371,3529708,Miguelópolis,0.4805,64.3,29.09,66.88,37.79,1
SP,372,3501400,Álvaro de Carvalho,0.4791,54.8,58.33,58.95,0.62,1
SP,373,3544400,Rubiácea,0.479,53.4,82.14,57.81,-24.33,0
SP,374,3550100,São Manuel,0.4789,59.7,60.53,63.06,2.53,1
SP,375,3531704,Monteiro Lobato,0.4787,66.6,50.9,68.77,17.87,1
SP,376,3539707,Platina,0.4787,71.4,84.61,72.78,-11.83,0
SP,377,3515202,Estrela d'Oeste,0.4785,54.0,58.91,58.28,-0.63,0
SP,378,3543303,Ribeirão Pires,0.4781,64.4,66.4,66.91,0.51,1
SP,379,3514924,Elisiário,0.4781,72.4,85.34,73.56,-11.78,0
SP,380,3537503,Pereiras,0.478,51.4,66.7,56.11,-10.59,0
SP,381,3544202,Riolândia,0.478,85.7,84.72,80.0,-4.72,0
SP,382,3523909,Itu,0.4779,65.3,61.67,67.66,5.99,1
SP,383,3541505,Presidente Venceslau,0.4769,60.1,76.57,63.36,-13.21,0
SP,384,3507100,Bom Jesus dos Perdões,0.4766,69.9,53.92,71.48,17.56,1
SP,385,3502200,Angatuba,0.4761,48.3,59.71,53.44,-6.27,0
SP,386,3556958,Vitória Brasil,0.4756,66.7,100.0,68.83,-31.17,0
SP,387,3527702,Luiziânia,0.4749,54.6,54.95,58.85,3.9,1
SP,388,3547502,Santa Rita do Passa Quatro,0.4746,62.4,67.97,65.26,-2.71,0
SP,389,3516804,Gastão Vidigal,0.4741,53.1,54.3,57.58,3.28,1
SP,390,3515657,Fernão,0.4721,92.9,44.0,80.0,36.0,1
SP,391,3550605,São Roque,0.4708,52.3,51.51,56.9,5.39,1
SP,392,3556404,Vargem Grande do Sul,0.4696,69.5,61.51,71.16,9.65,1
SP,393,3500550,Águas de Santa Bárbara,0.4694,50.0,48.99,54.97,5.98,1
SP,394,3503505,Areias,0.4684,59.5,56.95,62.9,5.95,1
SP,395,3532108,Murutinga do Sul,0.4663,57.6,100.0,61.33,-38.67,0
SP,396,3502804,Araçatuba,0.4662,65.8,74.22,68.1,-6.12,0
SP,397,3512308,Conchas,0.464,47.3,69.48,52.67,-16.81,0
SP,398,3553005,Taguaí,0.4639,58.6,71.38,62.14,-9.24,0
SP,399,3521903,Itajobi,0.4637,85.1,82.74,80.0,-2.74,0
SP,400,3536109,Pardinho,0.4631,57.7,56.51,61.43,4.92,1
SP,401,3525102,Jardinópolis,0.4629,58.3,45.42,61.9,16.48,1
SP,402,3509452,Campina do Monte Alegre,0.4624,45.8,43.46,51.32,7.86,1
SP,403,3548005,Santo Antônio de Posse,0.4621,54.3,62.07,58.55,-3.52,0
SP,404,3505401,Barra do Turvo,0.4616,87.5,34.89,80.0,45.11,1
SP,405,3553203,Taiúva,0.4606,68.1,57.37,70.03,12.66,1
SP,406,3509601,Campo Limpo Paulista,0.4602,49.9,48.77,54.81,6.04,1
SP,407,3525706,José Bonifácio,0.4591,55.8,54.93,59.8,4.87,1
SP,408,3531001,Monções,0.4587,84.2,80.77,80.0,-0.77,0
SP,409,3506706,Boa Esperança do Sul,0.4583,42.1,55.34,48.12,-7.22,0
SP,410,3515129,Emilianópolis,0.4577,47.9,88.58,53.16,-35.42,0
SP,411,3508009,Buri,0.4571,48.9,63.24,53.99,-9.25,0
SP,412,3541059,Pratânia,0.4562,56.1,56.48,60.03,3.55,1
SP,413,3532405,Nazaré Paulista,0.4561,46.8,62.5,52.23,-10.27,0
SP,414,3542602,Registro,0.4551,52.3,63.81,56.89,-6.92,0
SP,415,3520426,Ilha Comprida,0.4543,52.0,67.6,56.64,-10.96,0
SP,416,3506607,Biritiba Mirim,0.4542,42.6,52.19,48.54,-3.65,0
SP,417,3502903,Araçoiaba da Serra,0.453,49.4,56.16,54.42,-1.74,0
SP,418,3552007,Silveiras,0.4523,45.9,47.27,51.4,4.13,1
SP,419,3520301,Iguape,0.4516,57.2,61.67,60.97,-0.7,0
SP,420,3549250,São João de Iracema,0.4509,44.0,44.44,49.78,5.34,1
SP,421,3555505,Ubirajara,0.4503,48.8,56.25,53.91,-2.34,0
SP,422,3548906,São Carlos,0.4501,51.6,50.27,56.26,5.99,1
SP,423,3500907,Altair,0.4499,55.8,62.85,59.85,-3.0,0
SP,424,3504503,Avaré,0.4498,57.5,52.47,61.23,8.76,1
SP,425,3531100,Mongaguá,0.449,48.6,41.39,53.74,12.35,1
SP,426,3544905,Sales Oliveira,0.4486,58.5,50.04,62.03,11.99,1
SP,427,3532900,Nova Europa,0.4485,50.6,68.76,55.45,-13.31,0
SP,428,3520442,Ilha Solteira,0.4478,66.5,80.76,68.72,-12.04,0
SP,429,3507456,Borebi,0.4471,61.1,53.42,64.23,10.81,1
SP,430,3527306,Louveira,0.4467,54.6,58.25,58.84,0.59,1
SP,431,3541653,Quadra,0.4441,50.7,65.39,55.49,-9.9,0
SP,432,3520707,Indiaporã,0.4418,67.6,78.96,69.58,-9.38,0
SP,433,3520103,Igarapava,0.4414,47.1,55.6,52.47,-3.13,0
SP,434,3539806,Poá,0.4413,54.5,51.72,58.69,6.97,1
SP,435,3522000,Itaju,0.441,53.8,44.34,58.17,13.83,1
SP,436,3520509,Indaiatuba,0.4403,58.5,62.82,62.07,-0.75,0
SP,437,3554201,Tejupá,0.44,73.4,59.38,74.41,15.03,1
SP,438,3555406,Ubatuba,0.4398,41.3,36.64,47.43,10.79,1
SP,439,3546306,Santa Cruz das Palmeiras,0.4396,49.5,59.69,54.47,-5.22,0
SP,440,3537909,Pilar do Sul,0.4385,56.7,63.33,60.55,-2.78,0
SP,441,3507704,Braúna,0.4375,93.9,73.18,80.0,6.82,1
SP,442,3513900,Divinolândia,0.4374,52.3,61.36,56.9,-4.46,0
SP,443,3523206,Itararé,0.4365,55.9,53.17,59.9,6.73,1
SP,444,3544608,Sabino,0.4359,54.4,46.98,58.64,11.66,1
SP,445,3513603,Cunha,0.4351,49.9,58.09,54.88,-3.21,0
SP,446,3523008,Itapura,0.4346,49.6,79.05,54.6,-24.45,0
SP,447,3509700,Campos do Jordão,0.4332,51.2,57.12,55.98,-1.14,0
SP,448,3531803,Monte Mor,0.4316,49.6,46.98,54.58,7.6,1
SP,449,3508603,Cachoeira Paulista,0.4315,50.1,41.8,55.01,13.21,1
SP,450,3556453,Vargem Grande Paulista,0.4308,56.1,64.59,60.02,-4.57,0
SP,451,3518404,Guaratinguetá,0.4306,56.8,55.83,60.67,4.84,1
SP,452,3519600,Ibitinga,0.4296,49.7,49.2,54.7,5.5,1
SP,453,3514403,Dracena,0.4291,63.1,62.74,65.9,3.16,1
SP,454,3546405,Santa Cruz do Rio Pardo,0.4283,52.7,72.25,57.25,-15.0,0
SP,455,3554508,Tietê,0.4282,48.4,62.5,53.53,-8.97,0
SP,456,3506904,Bofete,0.4277,45.8,69.75,51.32,-18.43,0
SP,457,3529203,Martinópolis,0.4265,53.0,63.56,57.49,-6.07,0
SP,458,3526308,Lagoinha,0.4254,48.7,65.02,53.85,-11.17,0
SP,459,3525201,Jarinu,0.4254,48.8,44.07,53.9,9.83,1
SP,460,3554102,Taubaté,0.4241,44.4,53.88,50.1,-3.78,0
SP,461,3540705,Porto Ferreira,0.4233,48.9,50.08,54.0,3.92,1
SP,462,3529104,Marinópolis,0.4233,93.3,100.0,80.0,-20.0,0
SP,463,3515509,Fernandópolis,0.4225,57.6,61.01,61.33,0.32,1
SP,464,3538600,Piracaia,0.4225,58.5,57.46,62.06,4.6,1
SP,465,3552106,Socorro,0.4223,50.8,59.71,55.63,-4.08,0
SP,466,3532843,Nova Canaã Paulista,0.4218,79.0,72.22,79.1,6.88,1
SP,467,3502754,Araçariguama,0.4215,50.1,54.04,55.05,1.01,1
SP,468,3535804,Paranapanema,0.421,49.3,42.59,54.37,11.78,1
SP,469,3521150,Ipiguá,0.4209,48.0,43.3,53.23,9.93,1
SP,470,3507159,Bom Sucesso de Itararé,0.4194,56.3,55.46,60.25,4.79,1
SP,471,3546108,Santa Clara d'Oeste,0.4184,90.0,100.0,80.0,-20.0,0
SP,472,3513207,Cristais Paulista,0.4183,50.0,49.46,54.91,5.45,1
SP,473,3500105,Adamantina,0.4173,67.4,66.06,69.44,3.38,1
SP,474,3508405,Cabreúva,0.4171,49.1,64.6,54.18,-10.42,0
SP,475,3512209,Conchal,0.4168,54.0,55.54,58.29,2.75,1
SP,476,3508504,Caçapava,0.4165,53.1,44.26,57.51,13.25,1
SP,477,3550209,São Miguel Arcanjo,0.4153,57.0,73.78,60.81,-12.97,0
SP,478,3531308,Monte Alto,0.4152,67.1,59.0,69.16,10.16,1
SP,479,3505302,Barra Bonita,0.4143,57.6,80.01,61.33,-18.68,0
SP,480,3541604,Promissão,0.4141,67.4,79.12,69.41,-9.71,0
SP,481,3532157,Nantes,0.4131,59.3,36.18,62.7,26.52,1
SP,482,3524105,Ituverava,0.4128,48.4,49.94,53.56,3.62,1
SP,483,3506003,Bauru,0.4126,43.8,50.56,49.57,-0.99,0
SP,484,3542800,Ribeira,0.4124,62.9,53.85,65.71,11.86,1
SP,485,3550407,São Pedro,0.4084,51.9,58.16,56.57,-1.59,0
SP,486,3552502,Suzano,0.4069,42.1,46.82,48.1,1.28,1
SP,487,3509007,Caieiras,0.4068,43.9,52.21,49.69,-2.52,0
SP,488,3521200,Iporanga,0.4063,52.3,65.63,56.89,-8.74,0
SP,489,3500709,Agudos,0.4056,57.2,64.6,61.01,-3.59,0
SP,490,3542008,Quintana,0.405,51.7,64.71,56.38,-8.33,0
SP,491,3539400,Piratininga,0.4049,48.9,44.37,54.01,9.64,1
SP,492,3505005,Barão de Antonina,0.4047,65.6,64.23,67.91,3.68,1
SP,493,3541307,Presidente Epitácio,0.4038,48.4,69.12,53.56,-15.56,0
SP,494,3526605,Lavrinhas,0.4014,52.7,46.14,57.18,11.04,1
SP,495,3517208,Guaiçara,0.4012,50.6,60.0,55.48,-4.52,0
SP,496,3552304,Sud Mennucci,0.4004,51.8,57.15,56.44,-0.71,0
SP,497,3525805,Júlio Mesquita,0.4004,66.8,55.26,68.91,13.65,1
SP,498,3516705,Garça,0.4,51.9,57.27,56.55,-0.72,0
SP,499,3505807,Bastos,0.3999,51.9,46.89,56.53,9.64,1
SP,500,3529906,Miracatu,0.3996,43.6,65.52,49.39,-16.13,0
SP,501,3534005,Onda Verde,0.3994,47.1,74.45,52.45,-22.0,0
SP,502,3501152,Alumínio,0.399,48.6,53.68,53.71,0.03,1
SP,503,3500303,Aguaí,0.3978,47.0,58.41,52.38,-6.03,0
SP,504,3540309,Pontes Gestal,0.3978,71.4,74.25,72.78,-1.47,0
SP,505,3535507,Paraguaçu Paulista,0.3963,48.2,56.93,53.39,-3.54,0
SP,506,3538303,Piquerobi,0.3951,56.3,45.2,60.19,14.99,1
SP,507,3533700,Ocauçu,0.3949,83.7,90.38,80.0,-10.38,0
SP,508,3534500,Oscar Bressane,0.3945,68.2,88.17,70.12,-18.05,0
SP,509,3540853,Pracinha,0.3938,94.4,80.0,80.0,0.0,0
SP,510,3512605,Coronel Macedo,0.3917,46.3,38.69,51.76,13.07,1
SP,511,3522653,Itapirapuã Paulista,0.3904,45.7,29.85,51.28,21.43,1
SP,512,3532306,Natividade da Serra,0.3899,40.3,57.89,46.55,-11.34,0
SP,513,3549508,São José da Bela Vista,0.3899,47.6,50.38,52.91,2.53,1
SP,514,3554805,Tremembé,0.3894,42.8,54.73,48.77,-5.96,0
SP,515,3528908,Mariápolis,0.3872,53.0,48.4,57.49,9.09,1
SP,516,3511904,Clementina,0.3869,51.1,54.12,55.83,1.71,1
SP,517,3519907,Iepê,0.3846,51.8,53.84,56.43,2.59,1
SP,518,3547908,Santo Antônio da Alegria,0.3803,49.7,67.18,54.65,-12.53,0
SP,519,3549300,São João do Pau d'Alho,0.3796,81.0,100.0,80.0,-20.0,0
SP,520,3549409,São Joaquim da Barra,0.3793,45.5,50.24,51.12,0.88,1
SP,521,3502408,Anhumas,0.3769,67.0,57.39,69.09,11.7,1
SP,522,3533205,Nova Independência,0.3761,49.8,88.79,54.76,-34.03,0
SP,523,3520400,Ilhabela,0.3674,44.2,43.27,49.92,6.65,1
SP,524,3527256,Lourdes,0.365,74.0,72.22,74.94,2.72,1
SP,525,3510807,Casa Branca,0.3646,45.0,61.98,50.63,-11.35,0
SP,526,3529609,Meridiano,0.3638,67.3,67.31,69.33,2.02,1
SP,527,3533106,Nova Guataporanga,0.3622,66.7,83.33,68.83,-14.5,0
SP,528,3515103,Embu-Guaçu,0.3616,46.5,45.34,51.94,6.6,1
SP,529,3545308,Salto de Pirapora,0.3607,44.1,45.12,49.9,4.78,1
SP,530,3547403,Santa Rita d'Oeste,0.3604,60.4,52.94,63.62,10.68,1
SP,531,3510906,Cássia dos Coqueiros,0.3579,67.2,75.0,69.29,-5.71,0
SP,532,3510302,Capela do Alto,0.3572,47.5,47.64,52.82,5.18,1
SP,533,3528205,Macedônia,0.3531,82.5,72.5,80.0,7.5,1
SP,534,3513108,Cravinhos,0.3507,41.9,59.0,47.95,-11.05,0
SP,535,3534302,Orlândia,0.3485,44.9,57.15,50.6,-6.55,0
SP,536,3532009,Morungaba,0.3476,47.0,47.32,52.33,5.01,1
SP,537,3510104,Cândido Rodrigues,0.3465,69.6,92.31,71.23,-21.08,0
SP,538,3516507,Gabriel Monteiro,0.3424,85.2,85.45,80.0,-5.45,0
SP,539,3527900,Lutécia,0.3423,71.6,78.67,72.92,-5.75,0
SP,540,3553807,Taquarituba,0.3386,52.5,56.67,57.07,0.4,1
SP,541,3535309,Palmital,0.3378,46.5,60.32,51.9,-8.42,0
SP,542,3504008,Assis,0.3358,43.4,54.85,49.23,-5.62,0
SP,543,3542305,Redenção da Serra,0.3336,83.3,84.33,80.0,-4.33,0
SP,544,3551900,Severínia,0.3328,42.1,61.65,48.16,-13.49,0
SP,545,3519709,Ibiúna,0.331,44.7,53.06,50.42,-2.64,0
SP,546,3515608,Fernando Prestes,0.3297,97.9,85.99,80.0,-5.99,0
SP,547,3538105,Pindorama,0.327,46.5,63.37,51.97,-11.4,0
SP,548,3532868,Nova Castilho,0.3261,40.0,25.0,46.27,21.27,1
SP,549,3518008,Guarani d'Oeste,0.3218,94.1,57.14,80.0,22.86,1
SP,550,3532827,Nova Campina,0.3196,45.1,61.55,50.74,-10.81,0
SP,551,3513405,Cruzeiro,0.3195,39.3,55.99,45.68,-10.31,0
SP,552,3554755,Trabiju,0.3178,100.0,47.37,80.0,32.63,1
SP,553,3503000,Aramina,0.3168,43.3,72.03,49.16,-22.87,0
SP,554,3548203,Santo Antônio do Pinhal,0.3164,42.9,73.68,48.8,-24.88,0
SP,555,3549201,São João das Duas Pontes,0.315,86.4,80.0,80.0,0.0,0
SP,556,3512704,Corumbataí,0.3136,43.6,84.16,49.46,-34.7,0
SP,557,3521804,Itaí,0.3135,47.4,46.71,52.73,6.02,1
SP,558,3540754,Potim,0.3099,40.9,46.58,47.02,0.44,1
SP,559,3503158,Arapeí,0.3096,48.0,37.41,53.27,15.86,1
SP,560,3557303,Estiva Gerbi,0.3092,45.1,51.48,50.77,-0.71,0
SP,561,3530201,Mirante do Paranapanema,0.307,98.0,87.52,80.0,-7.52,0
SP,562,3551009,São Vicente,0.3051,43.1,47.93,49.01,1.08,1
SP,563,3511409,Cerqueira César,0.3044,44.0,39.99,49.79,9.8,1
SP,564,3508900,Caiabu,0.3018,44.4,65.71,50.17,-15.54,0
SP,565,3521002,Iperó,0.3017,40.9,44.75,47.07,2.32,1
SP,566,3551405,Serra Azul,0.2985,23.9,44.65,31.16,-13.49,0
SP,567,3525409,Jeriquara,0.2953,45.2,49.55,50.82,1.27,1
SP,568,3555208,Turiúba,0.2944,100.0,93.33,80.0,-13.33,0
SP,569,3502507,Aparecida,0.2923,43.5,53.75,49.33,-4.42,0
SP,570,3502002,Analândia,0.2854,44.6,68.65,50.32,-18.33,0
SP,571,3528858,Marapoama,0.2819,94.7,100.0,80.0,-20.0,0
SP,572,3534757,Ouroeste,0.2796,99.3,89.21,80.0,-9.21,0
SP,573,3540101,Pongaí,0.2751,87.1,91.45,80.0,-11.45,0
SP,574,3519105,Iacanga,0.2715,100.0,97.67,80.0,-17.67,0
SP,575,3527603,Luís Antônio,0.2692,41.5,43.03,47.62,4.59,1
SP,576,3540259,Pontalinda,0.2692,44.6,51.66,50.33,-1.33,0
SP,577,3555604,Uchoa,0.261,44.8,87.56,50.47,-37.09,0
SP,578,3551306,Sebastianópolis do Sul,0.2598,83.8,75.86,80.0,4.14,1
SP,579,3543238,Ribeirão dos Índios,0.2562,70.6,91.67,72.08,-19.59,0
SP,580,3536570,Paulistânia,0.2529,38.3,73.68,44.71,-28.97,0
SP,581,3536307,Patrocínio Paulista,0.2481,44.7,67.0,50.36,-16.64,0
SP,582,3543402,Ribeirão Preto,0.2432,39.1,45.01,45.48,0.47,1
SP,583,3507407,Borborema,0.2398,93.2,70.83,80.0,9.17,1
SP,584,3507753,Brejo Alegre,0.2357,94.4,100.0,80.0,-20.0,0
SP,585,3544707,Sagres,0.2325,70.3,91.33,71.82,-19.51,0
SP,586,3513306,Cruzália,0.2288,85.2,47.06,80.0,32.94,1
SP,587,3539103,Pirapora do Bom Jesus,0.2269,43.5,40.79,49.33,8.54,1
SP,588,3548302,Santo Expedito,0.2213,91.4,100.0,80.0,-20.0,0
SP,589,3511706,Charqueada,0.2117,44.6,62.5,50.3,-12.2,0
SP,590,3514957,Embaúba,0.2109,88.9,73.08,80.0,6.92,1
SP,591,3504701,Balbinos,0.2049,100.0,100.0,80.0,-20.0,0
SP,592,3512001,Colina,0.1951,43.8,57.89,49.61,-8.28,0
SP,593,3527207,Lorena,0.1934,42.5,47.82,48.46,0.64,1
SP,594,3528304,Magda,0.1913,84.5,93.95,80.0,-13.95,0
SP,595,3534203,Orindiúva,0.1833,43.6,48.15,49.39,1.24,1
SP,596,3524006,Itupeva,0.1823,44.9,48.94,50.55,1.61,1
SP,597,3552551,Suzanápolis,0.179,97.1,90.85,80.0,-10.85,0
SP,598,3537156,Pedrinhas Paulista,0.171,69.7,67.92,71.34,3.42,1
SP,599,3550704,São Sebastião,0.1527,39.2,44.38,45.57,1.19,1
SP,600,3519253,Iaras,0.135,42.6,42.77,48.52,5.75,1
SP,601,3515004,Embu das Artes,0.1338,32.6,40.5,39.54,-0.96,0
SP,602,3542503,Reginópolis,0.1292,96.7,84.53,80.0,-4.53,0
SP,603,3521606,Irapuru,0.1285,97.2,96.0,80.0,-16.0,0
SP,604,3547106,Santa Mercedes,0.1272,95.6,81.08,80.0,-1.08,0
SP,605,3544103,Rio Grande da Serra,0.106,31.7,57.14,38.67,-18.47,0
SP,606,3515806,Flora Rica,0.104,30.0,27.27,37.09,9.82,1
SP,607,3506805,Bocaina,0.0798,32.8,49.59,39.68,-9.91,0
SP,608,3515905,Floreal,0.079,100.0,96.19,80.0,-16.19,0
SP,609,3508207,Buritizal,0.0652,96.1,56.29,80.0,23.71,1
SP,610,3509809,Campos Novos Paulista,0.0612,32.1,86.59,39.06,-47.53,0
SP,611,3506201,Bento de Abreu,0.0594,100.0,84.11,80.0,-4.11,0
SP,612,3502309,Anhembi,0.0588,38.6,45.69,44.99,-0.7,0
SP,613,3536703,Pederneiras,0.045,36.4,46.77,43.06,-3.71,0
SP,614,3522901,Itapuí,0.0404,35.0,53.04,41.78,-11.26,0
SP,615,3522802,Itaporanga,0.0402,36.4,70.1,43.0,-27.1,0
SP,616,3537206,Pedro de Toledo,0.0327,35.1,45.97,41.87,-4.1,0
SP,617,3557204,Chavantes,0.0307,38.0,51.58,44.52,-7.06,0
SP,618,3554656,Torre de Pedra,0.0205,33.3,30.77,40.22,9.45,1
SP,619,3549607,São José do Barreiro,0.011,37.9,52.78,44.38,-8.4,0
SP,620,3535903,Paranapuã,0.0104,32.4,82.89,39.38,-43.51,0
SP,621,3557154,Zacarias,0.0104,38.3,80.0,44.78,-35.22,0
TO,1,1700251,Abreulândia,1.0,62.1,75.0,65.03,-9.97,0
TO,2,1718899,Santa Rita do Tocantins,1.0,63.2,43.12,65.92,22.8,1
TO,3,1720853,Sucupira,1.0,77.6,58.97,77.95,18.98,1
TO,4,1700350,Aliança do Tocantins,0.9976,95.5,76.09,80.0,3.91,1
TO,5,1720002,Santa Terezinha do Tocantins,0.995,56.1,57.14,60.03,2.89,1
TO,6,1713601,Monte do Carmo,0.99,70.0,19.71,71.56,51.85,1
TO,7,1720150,São Félix do Tocantins,0.9883,83.3,61.9,80.0,18.1,1
TO,8,1712157,Lavandeira,0.9833,69.2,58.81,70.95,12.14,1
TO,9,1715150,Novo Alegre,0.9833,71.7,70.33,72.98,2.65,1
TO,10,1718402,Presidente Kennedy,0.9762,69.5,57.83,71.14,13.31,1
TO,11,1718204,Porto Nacional,0.9582,56.8,44.11,60.65,16.54,1
TO,12,1708205,Formoso do Araguaia,0.9545,63.7,45.42,66.36,20.94,1
TO,13,1703107,Barrolândia,0.948,59.5,49.74,62.85,13.11,1
TO,14,1720499,São Valério,0.9442,65.6,46.24,67.92,21.68,1
TO,15,1710508,Itacajá,0.9324,60.5,41.1,63.69,22.59,1
TO,16,1720937,Taipas do Tocantins,0.9055,55.9,55.56,59.86,4.3,1
TO,17,1711100,Itaporã do Tocantins,0.8992,64.2,24.0,66.76,42.76,1
TO,18,1721000,Palmas,0.8669,58.7,56.97,62.2,5.23,1
TO,19,1708304,Goianorte,0.8655,53.6,40.0,57.94,17.94,1
TO,20,1707652,Figueirópolis,0.8542,62.4,51.74,65.27,13.53,1
TO,21,1708254,Tabocão,0.8447,48.9,51.71,54.03,2.32,1
TO,22,1716109,Paraíso do Tocantins,0.8336,60.6,63.45,63.78,0.33,1
TO,23,1703206,Bernardo Sayão,0.8182,52.8,59.26,57.3,-1.96,0
TO,24,1711506,Jaú do Tocantins,0.8045,61.1,62.32,64.21,1.89,1
TO,25,1720259,São Salvador do Tocantins,0.7669,47.6,59.09,52.91,-6.18,0
TO,26,1705102,Chapada da Natividade,0.7479,49.0,52.38,54.09,1.71,1
TO,27,1715507,Oliveira de Fátima,0.7466,50.0,31.58,54.93,23.35,1
TO,28,1718451,Pugmil,0.7156,20.7,40.91,27.85,-13.06,0
TO,29,1704600,Chapada de Areia,0.7124,50.0,6.25,54.93,48.68,1
TO,30,1715002,Nova Rosalândia,0.7106,32.2,55.38,39.14,-16.24,0
TO,31,1716505,Pedro Afonso,0.704,53.1,56.7,57.52,0.82,1
TO,32,1716703,Colméia,0.7,48.5,60.62,53.62,-7.0,0
TO,33,1720101,São Bento do Tocantins,0.6626,44.0,52.93,49.76,-3.17,0
TO,34,1709500,Gurupi,0.6603,44.4,54.37,50.17,-4.2,0
TO,35,1701051,Angico,0.6587,40.2,59.12,46.41,-12.71,0
TO,36,1714302,Nazaré,0.6459,45.9,34.23,51.46,17.23,1
TO,37,1703701,Brejinho de Nazaré,0.6447,38.1,49.45,44.57,-4.88,0
TO,38,1718907,Santa Rosa do Tocantins,0.6293,20.9,36.92,27.99,-8.93,0
TO,39,1718840,Sandolândia,0.6127,45.7,53.5,51.26,-2.24,0
TO,40,1706001,Couto Magalhães,0.6012,48.2,49.04,53.39,4.35,1
TO,41,1719004,Santa Tereza do Tocantins,0.5861,48.1,24.65,53.31,28.66,1
TO,42,1705557,Combinado,0.5566,62.1,56.14,65.04,8.9,1
TO,43,1717008,Pindorama do Tocantins,0.55,47.4,33.88,52.73,18.85,1
TO,44,1709005,Goiatins,0.5337,12.5,38.49,18.74,-19.75,0
TO,45,1703826,Cachoeirinha,0.5241,27.5,64.0,34.72,-29.28,0
TO,46,1702208,Araguatins,0.5224,35.2,50.5,41.9,-8.6,0
TO,47,1702406,Arraias,0.5052,34.3,61.2,41.11,-20.09,0
TO,48,1720655,Silvanópolis,0.4738,34.7,37.39,41.52,4.13,1
TO,49,1702307,Arapoema,0.4652,37.3,68.32,43.86,-24.46,0
TO,50,1706506,Darcinópolis,0.4621,31.2,45.61,38.24,-7.37,0
TO,51,1721109,Tocantínia,0.4589,43.0,51.16,48.88,-2.28,0
TO,52,1720309,São Sebastião do Tocantins,0.4559,26.6,58.96,33.77,-25.19,0
TO,53,1706100,Cristalândia,0.4418,46.9,61.42,52.25,-9.17,0
TO,54,1713205,Miracema do Tocantins,0.4339,41.5,46.42,47.63,1.21,1
TO,55,1721257,Tupirama,0.4333,36.4,66.67,43.0,-23.67,0
TO,56,1710904,Itapiratins,0.4309,35.1,53.53,41.84,-11.69,0
TO,57,1702703,Aurora do Tocantins,0.4286,52.9,41.94,57.4,15.46,1
TO,58,1707306,Dueré,0.4179,35.0,68.54,41.72,-26.82,0
TO,59,1712405,Lizarda,0.4145,42.6,19.44,48.57,29.13,1
TO,60,1716604,Peixe,0.4116,46.5,42.93,51.92,8.99,1
TO,61,1718808,Sampaio,0.4035,43.6,43.25,49.44,6.19,1
TO,62,1716653,Pequizeiro,0.4006,35.2,61.79,41.97,-19.82,0
TO,63,1702109,Araguaína,0.3988,35.4,50.51,42.16,-8.35,0
TO,64,1717206,Piraquê,0.3801,26.1,54.55,33.29,-21.26,0
TO,65,1707207,Dois Irmãos do Tocantins,0.3736,48.7,52.81,53.8,0.99,1
TO,66,1706258,Crixás do Tocantins,0.3725,29.0,82.61,36.17,-46.44,0
TO,67,1715101,Novo Acordo,0.3672,39.2,36.09,45.59,9.5,1
TO,68,1703602,Brasilândia do Tocantins,0.3621,29.7,68.9,36.84,-32.06,0
TO,69,1707405,Esperantina,0.361,40.8,47.82,47.0,-0.82,0
TO,70,1716208,Paranã,0.3524,42.3,68.45,48.28,-20.17,0
TO,71,1714203,Natividade,0.343,28.2,43.89,35.38,-8.51,0
TO,72,1711803,Juarina,0.3208,35.4,49.1,42.09,-7.01,0
TO,73,1707108,Divinópolis do Tocantins,0.3094,39.1,60.78,45.46,-15.32,0
TO,74,1702158,Araguanã,0.307,37.7,37.81,44.23,6.42,1
TO,75,1712801,Maurilândia do Tocantins,0.3039,19.3,20.67,26.36,5.69,1
TO,76,1702554,Augustinópolis,0.2995,50.0,59.95,54.94,-5.01,0
TO,77,1701903,Araguacema,0.2956,38.6,49.27,45.04,-4.23,0
TO,78,1715754,Palmeirópolis,0.2858,47.8,77.41,53.03,-24.38,0
TO,79,1702000,Araguaçu,0.2842,44.5,40.54,50.21,9.67,1
TO,80,1707553,Fátima,0.2764,52.5,57.84,57.08,-0.76,0
TO,81,1709807,Ipueiras,0.2645,27.3,21.43,34.46,13.03,1
TO,82,1712009,Lajeado,0.2643,40.5,38.15,46.67,8.52,1
TO,83,1705508,Colinas do Tocantins,0.2608,51.0,55.82,55.79,-0.03,0
TO,84,1703073,Barra do Ouro,0.2569,11.9,18.26,18.0,-0.26,0
TO,85,1718709,Rio dos Bois,0.2553,17.5,46.58,24.42,-22.16,0
TO,86,1720200,São Miguel do Tocantins,0.2538,27.0,36.9,34.18,-2.72,0
TO,87,1700707,Alvorada,0.2503,47.9,72.02,53.11,-18.91,0
TO,88,1705607,Conceição do Tocantins,0.2294,27.6,35.8,34.78,-1.02,0
TO,89,1712702,Mateiros,0.2274,27.6,9.09,34.77,25.68,1
TO,90,1718303,Praia Norte,0.2255,18.1,38.49,25.02,-13.47,0
TO,91,1720804,Sítio Novo do Tocantins,0.2203,39.5,50.64,45.85,-4.79,0
TO,92,1713304,Miranorte,0.2189,52.6,63.01,57.09,-5.92,0
TO,93,1717909,Ponte Alta do Tocantins,0.2104,47.6,30.99,52.89,21.9,1
TO,94,1711902,Lagoa da Confusão,0.2081,26.0,35.66,33.23,-2.43,0
TO,95,1709302,Guaraí,0.2058,36.1,48.16,42.74,-5.42,0
TO,96,1718659,Rio da Conceição,0.2008,17.6,19.61,24.46,4.85,1
TO,97,1720903,Taguatinga,0.1963,38.3,42.45,44.76,2.31,1
TO,98,1722107,Xambioá,0.1961,22.0,42.82,29.18,-13.64,0
TO,99,1718758,Rio Sono,0.1899,27.8,26.8,35.01,8.21,1
TO,100,1703057,Bandeirantes do Tocantins,0.1844,35.6,36.96,42.34,5.38,1
TO,101,1703842,Campos Lindos,0.1807,16.2,38.52,22.91,-15.61,0
TO,102,1713700,Monte Santo do Tocantins,0.1759,29.3,44.77,36.45,-8.32,0
TO,103,1712454,Luzinópolis,0.1756,25.0,48.91,32.22,-16.69,0
TO,104,1701002,Ananás,0.1623,39.9,46.69,46.22,-0.47,0
TO,105,1721307,Tupiratins,0.1601,25.0,53.85,32.22,-21.63,0
TO,106,1718501,Recursolândia,0.1557,4.6,50.29,8.25,-42.04,0
TO,107,1703891,Carrasco Bonito,0.1512,34.1,23.86,40.93,17.07,1
TO,108,1721208,Tocantinópolis,0.1469,34.4,35.44,41.22,5.78,1
TO,109,1714880,Nova Olinda,0.1378,25.5,40.7,32.67,-8.03,0
TO,110,1718006,Porto Alegre do Tocantins,0.1295,7.6,37.89,12.49,-25.4,0
TO,111,1713957,Muricilândia,0.1286,17.9,49.28,24.82,-24.46,0
TO,112,1707009,Dianópolis,0.127,51.8,61.27,56.47,-4.8,0
TO,113,1710706,Itaguatins,0.1248,32.5,18.09,39.48,21.39,1
TO,114,1715705,Palmeirante,0.1187,9.0,31.27,14.38,-16.89,0
TO,115,1722081,Wanderlândia,0.1077,35.2,41.89,41.91,0.02,1
TO,116,1703867,Cariri do Tocantins,0.1032,15.8,52.01,22.48,-29.53,0
TO,117,1703305,Bom Jesus do Tocantins,0.1017,26.1,28.56,33.34,4.78,1
TO,118,1701101,Aparecida do Rio Negro,0.0962,30.1,35.78,37.16,1.38,1
TO,119,1703909,Caseara,0.0939,17.0,31.53,23.89,-7.64,0
TO,120,1703883,Carmolândia,0.0911,25.1,27.47,32.34,4.87,1
TO,121,1717503,Pium,0.09,21.9,43.07,29.05,-14.02,0
TO,122,1701309,Aragominas,0.0867,24.6,52.57,31.83,-20.74,0
TO,123,1713809,Palmeiras do Tocantins,0.0807,18.1,49.53,25.06,-24.47,0
TO,124,1715259,Novo Jardim,0.0793,22.3,61.24,29.51,-31.73,0
TO,125,1712504,Marianópolis do Tocantins,0.0764,24.2,36.72,31.37,-5.35,0
TO,126,1702901,Axixá do Tocantins,0.0739,30.3,40.2,37.42,-2.78,0
TO,127,1703008,Babaçulândia,0.0595,20.5,19.17,27.6,8.43,1
TO,128,1718865,Santa Fé do Araguaia,0.0587,16.7,31.33,23.48,-7.85,0
TO,129,1704105,Centenário,0.058,23.3,66.67,30.54,-36.13,0
TO,130,1718881,Santa Maria do Tocantins,0.0565,24.6,39.73,31.78,-7.95,0
TO,131,1711951,Lagoa do Tocantins,0.0458,20.8,15.09,27.88,12.79,1
TO,132,1718550,Riachinho,0.0458,21.3,54.32,28.46,-25.86,0
TO,133,1700400,Almas,0.0454,15.9,48.18,22.65,-25.53,0
TO,134,1700301,Aguiarnópolis,0.0264,25.2,40.89,32.42,-8.47,0
TO,135,1716307,Pau D'Arco,0.0021,6.5,37.96,11.05,-26.91,0
TO,136,1717800,Ponte Alta do Bom Jesus,0.0021,9.5,44.56,15.03,-29.53,0
TO,137,1707702,Filadélfia,0.0,12.0,12.63,18.04,5.41,1
